word,phonetic,translation,tag
a,ei,"第一个字母 A; 一个; 第一的\r\nart. [计] 累加器, 加法器, 地址, 振幅, 模拟, 区域, 面积, 汇编, 组件, 异步",zk gk
abandon,ә'bændәn,"vt. 放弃, 抛弃, 遗弃, 使屈从, 沉溺, 放纵\nn. 放任, 无拘束, 狂热",gk cet4 cet6 ky toefl gre
abandoned,ә'bændәnd,"a. 被抛弃的, 无约束的, 恣意放荡的",toefl
abandonment,ә'bændәmәnt,"n. 放弃, 抛弃, 放纵\n[经] 委付, 废弃, 放弃(采矿权)",toefl
abase,ә'beis,"vt. 降低...的地位, 降低...的品格, 贬抑, 使谦卑",gre
abash,ә'bæʃ,"vt. 使不安, 使羞愧, 使困窘",gre
abashed,ә'bæʃd,"a. 不安的, 窘迫的",toefl
abate,ә'beit,"vt. 减少, 减轻, 减弱, 废除, 打折扣\nvi. 减轻, 减弱, 减少, 失效, 被废除",toefl gre
abbreviate,ә'bri:vieit,"vt. 缩写, 使...简略, 缩短\nvi. 使用缩写词",toefl gre
abbreviation,ә.bri:vi'eiʃәn,"n. 缩写词, 缩写, 缩短, 节略",cet6 toefl ielts
abdicate,'æbdikeit,"vt. 正式放弃\nvi. 退位, 退出, 辞职",toefl gre
abdomen,'æbdәmen,n. 腹部\n[医] 腹[部],ky
abduct,æb'dʌkt,"vt. 诱拐, 绑架, 使外展\n[医] 外展, 展",toefl gre
aberrant,æ'berәnt,"a. 偏离正路的, 偏离常轨的, 畸变的\n[化] 异常的",gre
aberration,æbә'reiʃәn,"n. 离开正路, 偏离, 畸变, 光行差, 心理失常, 色差\n[化] 光行差; 像差",gre
abet,ә'bet,"vt. 教唆, 煽动, 怂恿, 帮助, 支持",gre
abeyance,ә'beiәns,"n. 中止, 暂搁, 停止, 归属待定\n[化] 潜态",gre
abhor,әb'hɒ:,"vt. 憎恶, 痛恨, 回避, 拒绝",toefl gre
abhorrent,әb'hɒrәnt,"a. 令人憎恨的, 可恶的, 厌恶的, 相抵触的, 不一致的",toefl gre
abide,ә'baid,"vi. 停留, 遵守, 居留, 继续下去\nvt. 忍受, 经受, 屈从于",cet6 ky toefl gre
abiding,ә'baidiŋ,"a. 永久的, 持久的, 不变的",toefl
ability,ә'biliti,"n. 能力, 才干\n[经] 能力, 才能",zk gk cet4 ky toefl ielts
abject,'æbdʒekt,"a. 绝望无助的, 可怜的, 糟透的, 卑鄙的, 自卑的\n[法] 卑鄙的, 卑下的, 可怜的",toefl gre
abjure,әb'dʒuә,"vt. 发誓断绝, 公开放弃\n[法] 誓绝, 弃绝, 公开放弃",gre
ablaze,ә'bleiz,"a. 着火的, 闪亮的, 激昂的\nadv. 着火, 闪耀",toefl
able,'eibl,"a. 能干的, 能够的",zk gk
ablution,ә'blu:ʃәn,"n. 洗澡, 洗礼, 斋戒沐浴\n[化] 洗净; 洗净液",toefl gre
abnegate,'æbnigeit,"vt. 放弃, 舍弃, 克制(欲望)",gre
abnegation,.æbni'geiʃәn,"n. 放弃, 舍弃, 克制",gre
abnormal,æb'nɒ:mәl,"a. 反常的, 不规则的, 变态的, 畸形的\nn. 畸形的人",gk cet4 cet6 ky toefl ielts
aboard,ә'bɒ:d,"adv. 在船上, 在火车上, 在飞机上\nprep. 在...之上",gk cet4 ky toefl
abolish,ә'bɒliʃ,"vt. 废止, 革除, 消灭\n[经] 废除, 取消, 裁撤",gk cet6 ky toefl ielts gre
abolition,.æbәu'liʃәn,"n. 废除, 废奴运动\n[医] 禁止, 消失",toefl gre
abolitionist,.æbәu'liʃәnist,"n. 废除主义者, 废奴主义者",toefl
abominate,ә'bɒmineit,"vt. 厌恶, 憎恶",gre
aboriginal,.æbә'ridʒәnәl,"a. 原始的, 土著的\nn. 土著居民, 土生生物",ielts gre
abort,ә'bɒ:t,"vi. 流产, 中途失败\nvt. 使流产, 使失败, 使中止",toefl ielts
abortion,ә'bɒ:ʃәn,"n. 流产, 堕胎, 失败, 夭折, 中止\n[医] 流产, 小产; 顿挫",gk ielts
abortive,ә'bɒ:tiv,"a. 流产的, 堕胎的, 失败的\n[医] 流产的; 顿挫的",toefl gre
abound,ә'baund,"vi. 大量存在, 富于, 充满",ky toefl ielts gre
about,ә'baut,"prep. 在...周围, 大约, 有关, 关于\nadv. 大约, 四处, 在附近, 周围",zk gk
above,ә'bʌv,"prep. 在上方, 超出\nadv. 在上面\na. 上述的, 上面的",zk gk
aboveboard,ә.bʌv'bɒ:d,"adv. 光明正大地, 率直地\na. 光明正大的, 率直的",gre
abrade,ә'breid,"vt. 擦伤, 磨损, 磨\n[医] 擦除, 擦破; 磨损, 磨除",gre
abrasion,ә'breiʒәn,"n. 磨擦, 磨损, 磨损处\n[化] 磨耗; 磨蚀",toefl ielts gre
abrasive,ә'breisiv,n. 研磨料\na. 有研磨作用的,toefl gre
abreast,ә'brest,"adv. 并肩地, 并列地",gre
abridge,ә'bridʒ,"vt. 缩短, 删节, 减少, 剥夺\n[法] 剥夺; 节略",toefl ielts gre
abroad,ә'brɒ:d,"adv. 往国外, 到室外, 到处\na. 往国外的, 在室外的, 广泛四散的",zk gk toefl
abrogate,'æbrәgeit,"vt. 废除, 取消\n[经] 取消, 废除, 不生效(的法令)",gre
abrupt,ә'brʌpt,"a. 突然的, 唐突的, 陡峭的, 不连贯的",gk cet6 ky toefl ielts gre
abscission,æb'siʒәn,"n. 切断, 除去\n[医] 切除",gre
abscond,әb'skɒnd,"vi. 潜逃, 逃匿\n[经] (为躲避罪责,债务等)潜逃",gre
absence,'æbsәns,"n. 缺席, 缺乏, 没有\n[医] 失神",gk cet4 cet6 ky toefl
absent,'æbsәnt,"a. 缺席的, 不在的, 缺乏的, 漫不经心的\nvt. 使缺席",zk gk cet4 cet6 ky toefl
absentee,.æbsәn'ti:,"n. 缺席者, 不在者\n[经] 缺勤者, 缺席者, 未到工者",toefl
absenteeism,æbsәn'ti:iz(ә)m,"n. 经常无故缺席, 旷职, 旷工, 旷课\n[经] 有计划的怠工, 旷工",toefl gre
absolute,'æbsәlu:t,"a. 绝对的, 专制的, 完全的, 独立的\nn. 绝对事物",gk cet4 cet6 ky toefl gre
absolutely,'æbsәlu:tli,"adv. 完全地, 绝对地, 确确实实地",cet4 toefl
absolve,әb'zɒlv,"vt. 宣告...无罪, 赦免, 免除\n[经] 免偿(债务), 解除",toefl gre
absorb,әb'sɒ:b,"vt. 吸收, 使全神贯注, 同化, 买进, 理解, 承受, 忍受, 承担\n[医] 吸收",gk cet4 cet6 ky toefl ielts gre
absorbing,әb'sɒ:biŋ,"a. 吸引人的, 非常有趣的\n[机] 吸收的",toefl
absorption,әb'sɒ:pʃәn,"n. 吸收, 专心, 全神贯注\n[化] 吸收; 吸收作用",cet6 toefl
abstain,әb'stein,"vi. 自制, 戒绝, 弃权, 回避",toefl gre
abstemious,æb'sti:mjәs,"a. 有节制的, 节约的",gre
abstention,әb'stenʃәn,"n. 戒绝, 回避, 弃权",gre
abstentious,æb'stenʃəs,a. 有节制的,gre
abstinence,'æbstinәns,"n. 节制, 禁欲, 戒酒\n[医] 节制, 禁戒(如禁酒,节欲)",toefl
abstinent,'æbstinәnt,"a. 有节制的, 禁欲的\nn. 禁欲者",gre
abstract,'æbstrækt,"a. 抽象的, 深奥的\nn. 摘要, 抽象概念\nvt. 摘要, 提炼, 使抽象化\n[计] 摘录; 摘要; 抽象",gk cet4 cet6 ky toefl ielts gre
abstraction,æb'strækʃәn,"n. 抽象化, 心不在焉, 空想, 提炼, 抽象派作品\n[化] 提取; 抽取; 夺取; 夺取反应; 除去",toefl
abstruse,æb'stru:s,"a. 难解的, 深奥的",toefl gre
absurd,әb'sә:d,"a. 荒谬的, 不合理的, 可笑的\nn. 荒诞",gk cet6 ky toefl ielts gre
abundance,ә'bʌndәns,"n. 丰富, 充足, 大量\n[经] 丰富, 充裕",cet6 ky toefl ielts gre
abundant,ә'bʌndәnt,"a. 丰富的, 充分的, 大量的",gk cet4 ky toefl gre
abundantly,ә'bʌndәntli,"adv. 大量地, 丰富地",toefl
abuse,ә'bju:s.ә'bju:z,"n. 滥用, 虐待, 恶习, 辱骂\nvt. 滥用, 辱骂, 虐待",gk cet4 cet6 ky toefl ielts gre
abusive,ә'bju:siv,"a. 恶言谩骂的, 被滥用的, 腐败的, 虐待的",gre
abut,ә'bʌt,"v. 邻接, 毗邻",toefl gre
abysmal,ә'bizmәl,"a. 深不可测的, 无底的",gre
abyss,ә'bis,"n. 深渊, 深邃, 地狱",toefl
academic,.ækә'demik,"a. 学院的, 学术的, 不切实际的\nn. 大学生, 大学教师, 学者, 学会会员",gk cet4 cet6 ky toefl ielts gre
academician,ә.kædә'miʃәn,"n. 学会会员, 院士, 学究, 大学生, 学者",toefl gre
academy,ә'kædәmi,"n. 学院, 院校, 学会",gk cet4 cet6 ky toefl
acarpous,ei'kɑ:pәs,"a. [植]不结果的,无果实的",gre
accede,æk'si:d,"vi. 同意, 正式加入, 就任, 继任",gre
accelerate,әk'selәreit,"v. 加速, 促进",gk cet4 cet6 ky toefl ielts gre
accelerated,әk'selәreitid,a. 加快的\n[医] 加速的,toefl
accelerating,æk'selәreitiŋ,[计] 加速,toefl
acceleration,әk.selә'reiʃәn,"n. 加速, 促进, 加速度\n[化] 加速度",cet4 toefl
accent,'æksәnt,"n. 重音, 口音, 特点, 注重点\nvt. 重读, 加重音号于, 强调",zk gk cet4 ky
accentuate,æk'sentjueit,"vt. 以重音念, 强调, 重读",toefl gre
accept,әk'sept,"vt. 接受, 承认, 同意, 相信, 赞成, 承担, 承兑, 采纳, 接纳, 容忍\nvi. 同意",zk gk cet4 ky
acceptable,әk'septәbl,"a. 可接受的, 合意的, 可忍受的",cet4
acceptance,әk'septәns,"n. 接受, 接纳, 承认, 同意, 赞同, 容忍, 相信\n[经] 承兑, 认付, (工程)验收",cet4 cet6 ky
access,'ækses,"n. 通路, 入口, 接近, 进入, 使用权, 发作\nvt. 访问, 存取, 接近, 使用\n[计] 访问, 存取",gk cet4 cet6 ky toefl ielts gre
accessary,әk'sesәri,"a. 附属的, 附带的, 从犯的\nn. 附件, 同谋, 从犯",cet6
accessibility,әk.sesә'biliti,"n. 易接近, 可进入\n[化] 可及性; 可达性; 可接近性; 吸湿性",toefl
accessible,әk'sesәbl,"a. 易接近的, 可进入的, 可使用的, 易受影响的, 可理解的",gk cet6 toefl ielts gre
accessory,әk'sesәri,"n. 附件, 零件, 附加物, 从犯, 同谋\na. 附属的, 补充的, 同谋的, 帮凶的, 非主要的, 副的\n[计] 附件",cet4 cet6 ky toefl ielts gre
accident,'æksidәnt,"n. 意外事件, 机遇, 事故, 次要方面\n[化] 意外事故; 事故",zk gk cet4 ky toefl
accidental,.æksi'dentl,"a. 意外的, 偶然的, 非主要的, 附属的\nn. 临时记号, 次要方面",cet4 cet6 ky toefl
accidentally,.æksi'dentli,"adv. 偶然地, 意外地",toefl
accidents,,n. 意外事故；事故（accident的复数）,ielts
acclaim,ә'kleim,"n. 喝彩, 欢呼, 赞同\nv. 欢呼, 喝彩, 称赞",ky toefl ielts gre
acclaimed,ə'kleɪmd,v. 欢呼（acclaim的过去式及过去分词）\na. 受到赞扬的,toefl
acclimate,ә'klaimit,"vt. 使适应, 使服水土\nvi. 服水土, 适应新环境",gre
accolade,.ækәu'leid,"n. 荣誉, 赞美, 骑士爵位的授予礼, 连谱号",gre
accommodate,ә'kɒmәdeit,"vt. 使适应, 调和, 通融, 容纳, 向...提供\nvi. 适应",cet4 cet6 ky toefl ielts gre
accommodating,ә'kɒmәdeitiŋ,"a. 与人方便的, 肯通融的",toefl gre
accommodation,ә.kɒmә'deiʃәn,"n. 膳宿, 预订铺位, 适应性调节, 调和, 贷款\n[医] 调节(眼); 适应",gk cet4 cet6 ky ielts
accommodations,,"n. 膳宿；住房, 住宿；居住设施（accommodation的复数）",ielts
accompaniment,ә'kʌmpәnimәnt,"n. 伴随物, 附加物, 伴奏",toefl
accompany,ә'kʌmpәni,"vt. 陪伴, 伴随, 补充, 为...伴奏\nvi. 伴奏, 伴唱",gk cet4 cet6 ky toefl ielts gre
accompanying,,"a. 随同的, 附见的",toefl
accomplice,ә'kʌmplis,"n. 共犯, 同谋\n[医] 协同菌",toefl gre
accomplish,ә'kʌmpliʃ,"vt. 完成, 达到, 实现, 使完美",gk cet4 ky toefl ielts gre
accomplished,ә'kʌmpliʃt,"a. 完成的, 实现的, 有造诣的, 熟练的, 善社交的",toefl gre
accomplishment,ә'kʌmpliʃmәnt,"n. 成就, 完成",cet6 toefl
accord,ә'kɒ:d,"n. 一致, 调和, 协定\nvt. 给与, 使一致\nvi. 相符合",cet4 cet6 ky toefl ielts gre
accordance,ә'kɒ:dәns,"n. 一致, 和谐",cet4 cet6 ky
accordingly,ә'kɒ:diŋli,"adv. 相应地, 因此, 于是",cet4 cet6 ky
accordion,ә'kɒ:djәn,n. 手风琴\na. 可折叠的,toefl
accost,ә'kɒst,"vt. 招呼, 搭讪, 勾引\n[法] 勾引, 引诱",toefl gre
account,ә'kaunt,"n. 报告, 解释, 估价, 理由, 利润, 算账, 帐目\nvi. 报帐, 解释, 导致, 报偿, 占, 杀死\nvt. 认为\n[计] 帐户, 帐号",gk cet4 ky toefl ielts
account for,,对…负有责任；对…做出解释；说明……的原因；导致；（比例）占,toefl ielts
accountability,ә.kauntә'biliti,"n. 负有责任, 可说明性\n[化] 衡算计量",gre
accountant,ә'kauntәnt,"n. 会计人员, 会计师\n[经] 会计师, 会计人员",gk ky toefl ielts
accountants,,会计人员,ielts
accounting,ә'kauntiŋ,"n. 会计学, 帐单, 清帐\n[计] 帐户处理, 记帐",toefl ielts
accredit,ә'kredit,"vt. 信托, 确认, 归结于, 委派\n[经] 发行信用证, 信托, 委托",toefl
accrete,æ'kri:t,"vi. 连生, 合生, 附依\nvt. 使依附, 使连接\na. 合生的",gre
accretion,æ'kri:ʃәn,"n. 自然增大, 添加, 添加物, 连生\n[化] 停滞堆积",gre
accrue,ә'kru:,"vi. 自然增加, 产生\n[经] 应计, 产生, 出现",gre
accumulate,ә'kju:mjuleit,"v. 积聚, 堆积",gk cet4 cet6 ky toefl ielts gre
accumulation,ә.kju:mju'leiʃәn,"n. 积聚, 累积, 积聚物\n[医] 蓄积, 累积",toefl
accuracy,'ækjurәsi,"n. 精确, 正确\n[计] 准确度",gk cet4 cet6 ky toefl ielts gre
accurate,'ækjurәt,"a. 正确的, 精确的\n[经] 准确的, 精确的",cet4 cet6 ky toefl ielts gre
accusation,ækju:'zeiʃәn,"n. 控告, 指控, 指责\n[法] 控告, 起诉, 告发",toefl
accuse,ә'kju:z,"vt. 指责, 控告, 归咎于\nvi. 指责, 控告",gk cet4 cet6 ky toefl ielts gre
accuser,ә'kju:zә,"n. 控诉者, 指责者\n[法] 原告, 指控人, 控告者",ielts
accustom,ә'kʌstәm,vt. 使习惯于,cet4 cet6 ky toefl
accustomed,ә'kʌstәmd,"a. 惯常的, 习惯了的",gk cet4 cet6 ky toefl
acerbic,ә'sә:bik,"a. 酸的, 尖刻的",gre
acerbity,ә'sә:biti,"n. 涩, 酸, 尖刻\n[化] 涩度",gre
ache,eik,"n. 疼痛\nvi. 痛, 哀怜, 渴望",zk gk cet4 ky
achieve,ә'tʃi:v,"vt. 完成, 达到\nvi. 如愿以偿",zk gk cet4 cet6 ky toefl ielts
achievement,ә'tʃi:vmәnt,"n. 完成, 成就, 功业",gk cet4 cet6 toefl ielts
achromatic,ækrәu'mætik,"a. 无色的, 不分光的, 消色差的, 非染色质的\n[化] 消色差的",gre
acid,'æsid,"n. 酸, 酸类物质, 尖刻, 迷幻药\na. 酸的, 酸性的, 尖刻的, 敏锐的\n[计] 自动文档互参与索引生成程序",gk cet4 cet6 ky toefl ielts
acidic,ә'sidik,"a. 成酸的, 尖刻的, 酸性的\n[机] 酸性",toefl
acidity,ә'siditi,n. 酸性\n[化] 酸度; 酸性; 酸性反应,toefl
acknowledge,әk'nɒlidʒ,"vt. 承认, 告知收悉, 答谢, 报偿\n[经] 承认, 答谢, 收到的通知",gk cet4 cet6 ky toefl ielts gre
acme,'ækmi,"n. 顶点, 极度, 最高点\n[医] 极期",toefl gre
acolyte,'ækәulait,"n. 侍僧, 助手",gre
acorn,'eikɒ:n,"n. 橡树果实\n[机] 浆栎, 浆栎果",gre
acoustic,ә'ku:stik,"a. 听觉的, 声学的, 音响的\n[医] 听的; 声学的",gre
acoustical,ә'ku:stikәl,"a. 听觉的, 声学的",toefl
acquaint,ә'kweint,"vt. 使认识, 介绍",cet6 ky toefl ielts gre
acquaintance,ә'kweintәns,"n. 认识, 相识者",gk cet4 cet6 ky toefl gre
acquainted,ә'kweintid,a. 知晓的；有知识的；熟识的,toefl gre
acquiesce,.ækwi'es,"vi. 默许, 默然同意",gre
acquire,ә'kwaiә,"vt. 获得, 学到\n[电] 目标锁定",gk cet4 cet6 ky toefl ielts
acquired,ә'kwaiәd,"a. 获得的, 后天的\n[医] 获得的, 后天的",gre
acquisition,.ækwi'ziʃәn,"n. 获得, 获得物\n[经] 收购, 招揽, 取得",gk cet4 cet6 ky toefl ielts
acquisitive,ә'kwizitiv,"a. 渴望获得的, 贪婪的\n[法] 取得的, 获得的, 贪得无厌的",cet6 toefl gre
acquit,ә'kwit,"vt. 无罪释放, 表现, 使履行\n[法] 开释, 释放, 免",toefl gre
acquittal,ә'kwitәl,"n. 履行, 无罪开释\n[经] (债务的)清偿",gre
acre,'eikә,n. 英亩,gk cet4 ky toefl
acrid,'ækrid,"a. 苦味的, 辛辣的, 讥讽的, 刻薄的\n[医] 辛辣的",toefl gre
acrimonious,ækri'mәunjәs,"a. 尖刻的, 讥讽的, 激烈的",toefl gre
acrimony,'ækrimәni,"n. 严厉, 尖刻\n[医] 辛辣",toefl gre
acrobat,'ækrәbæt,"n. 表演特技者, 杂技演员",ky gre
acronym,'ækrәunim,"n. 首字母缩拼词, 首字母组合词\n[计] 字首组合词",toefl gre
acrophobia,.ækrәu'fәubiә,n. 恐高症\n[医] 高处恐怖,gre
across,ә'krɒs,"prep. 越过, 穿过, 与...相交叉, 在...的对面\nadv. 交叉, 到另一边, 在对面, 成十字",zk gk
act,ækt,"n. 行动, 行为, 幕, 法案\nvi. 行动, 表演, 假装, 见效, 表现, 担当\nvt. 扮演, 装作\n[计] 先进通信技术, 先进计算机工艺, 自动代码翻译技术",zk gk cet4 ky
acting,'æktiŋ,"n. 演戏, 装腔作势\na. 代理的, 演出用的, 起作用的",toefl
action,'ækʃәn,"n. 行动, 活动, 动作, 作用, 战斗, 行为, 诉讼\nvt. 对...起诉\n[计] 方式",zk gk cet4 cet6 ky toefl ielts
actions,,n. 动作；行动（action的复数）,ielts
activate,'æktiveit,"vt. 使活动, 使激活, 正式建成\nvi. 有活力",ky toefl ielts
active,'æktiv,"a. 活跃的, 起作用的, 积极的, 有效的, 主动的, 活性的, 现行的, 现役的\nn. 主动语态, 积极分子",zk gk cet4 ky toefl
actively,'æktivli,"adv. 活跃地, 积极地",toefl
activities,,n. （activity复数形式）活动；活动区；活动性,ielts
activity,æk'tiviti,"n. 活动, 行动, 活跃, 活力\n[计] 活动",zk gk cet4 ky ielts
actor,'æktә,"n. 男演员, 行动者\n[医] 作用物, 反应物",gk cet4 ky ielts
actress,'æktris,n. 女演员,gk cet4 ky
actual,'æktʃuәl,"a. 真实的, 实际的, 现行的\n[医] 实际死亡率",gk cet4 ky toefl
actually,'æktʃuәli,"adv. 事实上, 竟然, 如今, 现在",cet4 cet6 toefl
actuarial,.æktju'єәriәl,"a. 保险计算员的, 保险计算的\n[经] 保险公司计算员的, 保险统计",gre
actuate,'æktʃueit,"vt. 开动, 驱使, 激励",toefl gre
acuity,ә'kju:әti,"n. 尖锐, (疾病的)剧烈, 敏锐\n[化] 锐度; 分辨能力",gre
acumen,ә'kju:men,"n. 敏锐, 聪明",toefl gre
acupuncture,'ækju.pʌŋktʃә,"n. 针刺, 针刺疗法\nvt. 施以针灸",toefl
acute,ә'kju:t,"a. 尖锐的, 敏锐的, 激烈的, 严重的, 急性的\n[医] 急性的; 尖锐的",gk cet4 cet6 ky toefl ielts gre
ad,æd,"n. 广告\n[计] 地址, 模拟-数字",cet4
adage,'ædidʒ,"n. 格言, 谚语",toefl gre
adamant,'ædәmәnt,"n. 坚硬的东西\na. 非常坚硬的, 坚强的, 固执的",toefl gre
adapt,ә'dæpt,"vt. 使适应, 改编\nvi. 适应",gk cet4 cet6 ky toefl ielts gre
adaptable,ә'dæptәbl,"a. 能适应的, 适合的, 可修改的",toefl gre
adaptation,.ædæp'teiʃәn,"n. 适应, 改编, 改编本\n[医] 适应[作用]",gk toefl
adaptive,ә'dæptiv,"a. 适应的, 能适应的",toefl
add,æd,"vt. 增加, 添加, 附带说明, 计算...总和\nvi. 做加法, 积累而成, 增添\n[计] 加法",zk gk cet4 ky
addendum,ә'dendәm,"n. 补遗, 附加物\n[化] 附加物; 齿顶",gre
addict,ә'dikt,"vt. 使沉溺, 使上瘾\nn. 入迷的人, 上瘾者",cet6 ky toefl ielts gre
addicted,ә'diktid,"a. 沉溺于...的, 无法摆脱(某种嗜好)的\n[法] 嗜, 好, 惯于",gk toefl
addictive,ә'diktiv,a. 上瘾的,toefl
addition,ә'diʃәn,"n. 加法, 增加的人(或物)\n[计] 加法",gk cet4 cet6 ky ielts gre
additional,ә'diʃәnәl,"a. 附加的, 另外的, 额外的\n[机] 加添的, 附加的",cet4 cet6 ky toefl ielts
additive,'æditiv,"a. 添加的, 附加的, 加法的, 累积的\nn. 添加物",toefl gre
addle,'ædl,"vt. 使昏乱, 使腐坏\nvi. 变质\na. 昏乱的, 腐坏的",toefl gre
address,ә'dres,"n. 住址, 演说, 举止, 灵巧, 求爱\nvt. 发表(演说或讲话), 对付, 写地址\n[计] 地址, 寻址",zk gk cet4 cet6 ky toefl ielts gre
adduce,ә'dju:s,"vt. 引证, 举出\n[法] 援引, 引证, 提出",gre
adept,ә'dept,"a. 熟练的, 老练的, 巧妙的\nn. 能手, 内行",toefl ielts gre
adequate,'ædikwәt,"a. 适当的, 足够的\n[法] 胜任的, 适当的, 充分的",gk cet4 cet6 ky toefl ielts gre
adhere,әd'hiә,"vi. 依附, 粘着, 坚持, 追随, 拥护\nvt. 使粘附",cet4 cet6 ky toefl ielts gre
adherence,әd'hiәrәns,"n. 依附, 固执, 坚持\n[化] 粘合",toefl
adherent,әd'hiәrәnt,"n. 信徒, 追随者\na. 附着的, 发生联系的",gre
adhesive,әd'hi:siv,"a. 粘着的, 涂有粘性物质的\nn. 粘合剂, 橡皮膏",toefl gre
adjacent,ә'dʒeisәnt,"a. 毗连的, 邻近的, 连接的\n[机] 相邻的, 邻位的, 交界的",cet6 ky toefl ielts gre
adjective,'ædʒiktiv,"n. 形容词\na. 形容词的, 从属的",cet4 ky
adjoin,ә'dʒɒin,"v. 邻接, 毗连",cet6 ky toefl ielts
adjoining,ә'dʒɒiniŋ,"a. 邻接的, 毗连的\n[机] 联接",toefl
adjourn,ә'dʒә:n,"vi. 休会, 换地方\nvt. 使中止, 推迟",toefl gre
adjudicate,ә'dʒu:dikeit,"v. 判决, 宣告, 裁定",gre
adjunct,'ædʒʌŋkt,"n. 附属物, 附件, 助手, 修饰语\na. 附属的",toefl gre
adjust,ә'dʒʌst,"vt. 调整, 使适应于, 校准\nvi. 适应于, 被调节, 相互熟悉而适应",gk cet4 cet6 ky toefl ielts gre
adjustable,ә'dʒʌstәbl,a. 可调节的\n[电] 可调整的,cet6
adjustment,ә'dʒʌstmәnt,"n. 调整, 调节, 校正\n[化] 调节",gk toefl
adlib,æd'lib,"v. 临时穿插, 信口说出, 即兴讲演\n[计] 状态说明设计语言",gre
administer,әd'ministә,"vt. 管理, 料理, 执行\nvi. 执行遗产管理人的职责, 给予帮助",ky toefl ielts
administrate,әd'ministreit,"vt. 管理, 支配",ky toefl
administration,әd.mini'streiʃәn,"n. 行政, 管理, 政府机关\n[化] 给药",gk cet4 cet6 ky toefl ielts
administrative,әd'ministrәtiv,"a. 管理的, 行政的\n[法] 行政的, 管理的, 遗产管理的",toefl
administrator,әd'ministreitә,"n. 管理人, 行政官\n[经] 遗产管理人员",toefl ielts
admirable,'ædmәrәbl,"a. 可钦佩的, 极好的, 令人惊奇的",gk toefl
admiration,.ædmә'reiʃәn,"n. 赞赏, 钦佩, 引人赞赏的对象",cet6 toefl
admire,әd'maiә,"vt. 赞美, 钦佩, 爱慕\nvi. 称赞, 惊奇",gk cet4 ky toefl gre
admission,әd'miʃәn,"n. 准许进入, 入场费, 录用, 承认\n[经] 加入, 入股",gk cet4 cet6 ky toefl ielts gre
admit,әd'mit,"vt. 承认, 接受, 允许进入, 容许\nvi. 开向, 容许, 承认",gk cet4 ky toefl
admittedly,әd'mitidli,"adv. 公认地, 诚然",toefl
admonish,әd'mɒniʃ,"vt. 警告, 劝告, 训诫, 告诫",toefl gre
adobe,ә'doubi,n. 风干土坯\n[化] 风干砖; 土砖; 灰质粘土; 多孔粘土,toefl gre
adolescence,.ædәu'lesәns,"n. 青春期\n[医] 青年期, 青春期",gk ielts
adolescent,.ædәu'lesәnt,"a. 青春期的, 青少年的\nn. 青少年",gk cet6 ky toefl gre
adopt,ә'dɒpt,"vt. 采用, 正式通过, 收养, 接受\n[医] 采取",gk cet4 cet6 ky toefl ielts gre
adoption,ә'dɒpʃәn,"n. 采用, 采纳, 收养\n[法] 收养, 采纳, 采用",cet6 toefl
adore,ә'dɒ:,"vt. 崇拜, 爱慕, 喜爱\nvi. 崇拜, 爱慕",gk cet6 ky toefl ielts gre
adorn,ә'dɒ:n,"vt. 装饰, 使生色",toefl gre
adornment,ә'dɒ:nmәnt,"n. 装饰, 装饰品",toefl
adroit,ә'drɒit,"a. 灵巧的, 敏捷的, 聪明的",toefl gre
adulate,'ædjuleit,"vt. 谄媚, 过分称赞",gre
adult,'ædʌlt,"n. 成人, 成虫\na. 成年的, 成熟的",gk cet4 ky ielts
adulterate,ә'dʌltәreit,"vt. 掺杂\na. 掺假的, 假的, 通奸的",gre
adulteration,ә.dʌltә'reiʃәn,"n. 掺杂, 掺假的东西\n[化] 掺杂; 掺加",toefl
adults,,n. 成年人（adult的复数形式）,ielts
adumbrate,'ædʌmbreit,"vt. 画...的轮廓, 预示",gre
advance,әd'vɑ:ns,"n. 前进, 进展, 行过的路程\nvi. 前进, 进展, 提高, 上涨\nvt. 使前进, 促进, 提出, 提高, 使提前, 预付\na. 前面的, 预先的",gk cet4 cet6 ky toefl
advanced,әd'vɑ:nst,"a. 在前的, 高级的, 先进的, 年老的\n[法] 预付的, 预支的, 垫付的",cet4 ky toefl ielts
advancement,әd'vɑ:nsmәnt,"n. 前进, 进步, 提升\n[医] 徙前术",toefl
advantage,әd'vɑ:ntidʒ,"n. 优点, 便利, 好处, 优势\nvt. 有助于",zk gk cet4 ky
advantageous,.ædvәn'teidʒәs,"a. 有利的, 有益的",cet6
advantages,,n. 优势；特点；有利；[经] 利益（advantage的复数）\nv. 促进（advantage的三单形式）；有利于,ielts
advent,'ædvәnt,"n. 来到, 来临",ky toefl ielts gre
adventitious,.ædven'tiʃәs,"a. 偶然的, 外来的\n[医] 偶生的, 偶发的; 异位的",toefl gre
adventure,әd'ventʃә,"n. 冒险, 冒险经历\nv. 冒险",gk cet4 ky toefl
adventurer,әd'ventʃәrә,"n. 冒险家, 投机者\n[法] 冒险者, 投机者",toefl
adventurous,әd'ventʃәrәs,"a. 喜欢冒险的, 有进取心的, 危险的",toefl
adverb,'ædvә:b,n. 副词,cet4 ky
adverse,'ædvә:s,"a. 不利的, 敌对的, 相反的, 逆的\n[法] 相反的, 敌对的, 逆的",cet6 ky toefl ielts gre
adversely,,"adv. 不利, 有害, 相反, 逆, 敌对, 逆向",toefl
adversity,әd'vә:sәti,"n. 逆境, 不幸, 灾祸, 灾难",toefl
advert,әd'vә:t,"vi. 提出看法, 引起注意, 留意\nn. 广告",gre
advertise,'ædvәtaiz,"vt. 做广告, 通知, 公布\nvi. 做广告",gk cet4 cet6 ky ielts gre
advertisement,.ædvә'taizmәnt,"n. 广告, 启事, 广告宣传\n[法] 广告, 公告, 告示",zk gk cet4 ielts
advertisements,,n. [经] 广告（advertisement的复数）；宣传,ielts
advertising,'ædvәtaiziŋ,"n. 广告业, 广告\na. 广告的\n[计] 发广告",ielts
advice,әd'vais,"n. 忠告, 劝告, 意见, 报道, 通知\n[经] 通知书, 通知, 建议",zk gk cet4 cet6 ky toefl ielts
advisable,әd'vaizәbl,"a. 适当的, 明智的",cet4 cet6 ky toefl gre
advise,әd'vaiz,"vt. 劝告, 给...出主意, 通知, 建议\nvi. 提意见, 商量",zk gk cet4 cet6 ky toefl
advocacy,'ædvәkәsi,"n. 拥护, 支持, 鼓吹, 辩护, 辩护术\n[法] 辩护, 拥护, 提倡",gre
advocate,'ædvәkeit,"n. 提倡者, 拥护者\nvt. 主张, 提倡",gk cet4 cet6 ky toefl ielts gre
aegis,'i:dʒis,"n. 羊皮盾, 保护, 庇护, 赞助, 支持\n[法] 庇护, 保护",gre
aerate,'eiәreit,"vt. 使暴露于空气中, 使充满气体\n[化] 曝气; 充气; 吹气",gre
aerial,'єәriәl,"a. 空中的, 航空的, 空气的, 空想的\nn. 天线",cet6 ky ielts gre
aerodynamics,.єәrәudai'næmiks,n. 空气动力学\n[化] 空气动力学,toefl
aeronautics,.єәrә'nɒ:tiks,"n. 航空学, 飞行术\n[机] 航空学",gre
aeroplane,'єәrәplein,n. 飞机\n[机] 飞机,gk cet4 cet6 ky
aerospace,'єәrәuspeis,"n. 航天空间, 航天技术",cet6
aesthete,'i:sθi:t,"n. 审美家, 唯美主义者",gre
aesthetic,i:s'θetik,"a. 美学的, 审美的, 有美感的",cet6 ky toefl ielts gre
aesthetical,i:s'θetikәl,"a. 美学的, 艺术的, 美的, 审美的",toefl
affable,'æfәbl,"a. 和蔼可亲的, 友善的, 亲切的, 慈祥的",toefl gre
affair,ә'fєә,"n. 事件, 事务, 恋爱事件",gk cet4 cet6 ky toefl
affairs,,"n. 事务, 事宜；风流韵事",ielts
affect,ә'fekt,"vt. 影响, 感动, 假装, 模仿, 爱好, 倾向于\nn. 自觉感情",gk cet4 cet6 ky toefl ielts
affectation,.æfek'teiʃәn,"n. 假装, 做作, 矫情\n[医] 矫饰, 矫情",gre
affected,ә'fektid,"a. 假装的, 做作的, 受影响的",toefl gre
affection,ә'fekʃәn,"n. 影响, 病, 喜爱, 情感, 倾向\n[医] 疾患, 病变, 病; 感情",gk cet4 cet6 ky toefl ielts gre
affectionate,ә'fekʃәnәt,"a. 深情的, 充满情爱的",toefl
affective,ә'fektiv,"a. 情感的, 表达感情的\n[医] 感情的, 情感的",cet6 toefl
affidavit,.æfi'deivit,"n. 宣誓书, 书面陈述\n[经] 宣誓, 声明",gre
affiliate,ә'filieit,"vt. 使紧密联系, 使附属, 接纳, 收养\nvi. 发生联系, 参加",cet6 ky toefl ielts gre
affiliation,ә.fili'eiʃәn,"n. 联系, 从属关系\n[医] 父权(判定私生儿的父亲)",ky gre
affinity,ә'finiti,"n. 吸引, 姻亲关系, 类同\n[化] 亲合力; 亲合能; 亲合势; 近似; 类似",toefl gre
affirm,ә'fә:m,"v. 断言, 确认",cet6 ky toefl ielts gre
affix,ә'fiks,"vt. 使附于, 署名, 粘贴, 盖印于\nn. 附加物, 词缀",ielts gre
afflict,ә'flikt,"vt. 使苦恼, 折磨",cet6 toefl ielts gre
affliction,ә'flikʃәn,"n. 苦恼, 折磨, 苦恼的事由",toefl gre
affluence,'æfluәns,"n. 富裕, 丰富, 流注\n[医] 丰富, 流入",cet6 toefl gre
affluent,'æfluәnt,"a. 丰富的, 富裕的\nn. 支流, 富人",cet4 ky toefl gre
afford,ә'fɒ:d,"vt. 买得起, 足以, 给予",zk gk cet4 cet6 ky toefl ielts
affordable,,[计] 普及型,toefl gre
affront,ә'frʌnt,"n. 公开侮辱, 轻蔑\nvt. 公开侮辱, 冒犯, 面对",gre
afraid,ә'freid,"a. 害怕的, 恐怕的, 遗憾的",zk gk
Africa,'æfrikә,n. 非洲,gk cet4 ielts
African,'æfrikәn,"n. 非洲人\na. 非洲的, 非洲人的",gk cet4 ielts
after,'ɑ:ftә,"prep. 在...之后, 由于\nconj. 在...之后\nadv. 后来",zk gk
aftermath,'ɑ:ftәmæθ,"n. 结果, 后果\n[法] 后果, 结果",gre
afternoon,'ɑ:ftә'nu:n,"n. 午后, 下午",zk gk
afterward,'ɑ:ftәwәd,"adv. 然后, 后来",gk cet4 cet6 ky
again,ә'gein,"adv. 再一次, 又, 到原处",zk gk
against,ә'geinst,"prep. 反对, 对着, 倚靠",zk gk cet4 ky
agape,ә'geip,"a. 张口发呆的, 目瞪口呆的\nadv. 张口发呆地, 目瞪口呆地",gre
age,eidʒ,"n. 年龄, 老年, 成年, 寿命, 时代, 时期\nv. 变老, 成熟",zk gk toefl ielts
aged,'eidʒid,"a. 老的, 陈的, 有...岁的\n[化] 老化的; 老化了的; 陈化的; 陈化了的",toefl
agencies,,n. 代理；代理处（agency的复数）,ielts
agency,'eidʒәnsi,"n. 代理机构, 经销商, 中介\n[化] 办事处",gk cet4 ky ielts
agenda,ә'dʒendә,"pl. 议程, 日常工作事项\n[计] 待议事件",gk ky toefl ielts gre
agent,'eidʒәnt,"n. 代理商, 政府代表, 动原, 媒介\n[计] 代理程序",gk cet4 ky toefl
agglomerate,ә'glɒmәreit,"n. 大团, 大块\na. 成块的, 聚结的\nvt. 使成团, 使成块, 使聚结\nvi. 成团, 成块, 聚结",gre
aggrandize,ә'grændaiz,"vt. 增加, 夸大",gre
aggravate,'ægrәveit,"vt. 使恶化, 使更严重, 加重",cet6 ky toefl ielts gre
aggravating,'ægrәveitiŋ,"a. 使恶化的, 加重的, 恼人的",toefl
aggregate,'ægrigәt,"n. 合计, 总计, 聚集体\na. 合计的, 聚集的\nv. 聚集, 集合, 合计达\n[计] 聚合体; 聚集",toefl ielts gre
aggregation,ægri'geiʃәn,"n. 集合, 聚合, 集合体\n[化] 聚集; 聚集作用",toefl
aggression,ә'greʃәn,"n. 侵犯, 侵略\n[医] 攻击",gk cet6 toefl gre
aggressive,ә'gresiv,"a. 侵略的, 挑畔的, 进取的\n[法] 侵略的, 爱挑衅的, 行为过火的",gk cet4 cet6 ky toefl ielts gre
aggressiveness,,"n. (贬)侵略, 侵犯, 寻衅, (褒)敢作敢为, 有进取心, (武器)攻击性, 过分, 放肆",toefl
aggressor,ә'gresә,"n. 侵略者, 挑畔者\n[法] 侵略者, 攻击者",gre
aggrieve,ә'gri:v,"vt. 使委屈, 使悲痛, 侵害\n[法] 侵害, 使悲痛, 使委屈",gre
aghast,ә'gɑ:st,"a. 惊骇的, 吓呆的",toefl gre
agile,'ædʒail,"a. 敏捷的, 灵活的, 机敏的",toefl gre
agility,ә'dʒiliti,"n. 敏捷, 灵活, 机敏",toefl gre
agitate,'ædʒiteit,"vt. 使摇动, 搅动, 使激动, 使不安\nvi. 鼓动, 煽动",ky toefl gre
agitated,'ædʒiteitid,"a. (表现出)不安/焦虑的, (被)激烈辩论的, (被)热烈讨论的, 颤抖的\n[医] 激越的",gre
agitation,.ædʒi'teiʃәn,"n. 激动, 焦虑, 煽动, 搅动, 摇动\n[化] 搅拌; 搅拌作用",cet6 toefl ielts
aglow,ә'glәu,"a. 发光的, 通红的\nadv. 发光地",toefl
agnostic,æg'nɒstik,n. 不可知论者,gre
ago,ә'gәu,adv. 以前,zk gk
agog,ә'gɒg,"a. 兴奋着的, 急切的\nadv. 急切地, 渴望",gre
agonize,'ægәnaiz,"vt. 使极度痛苦, 折磨\nvi. 感到痛苦",toefl
agony,'ægәni,"n. 极大的痛苦, 挣扎\n[医] 濒死苦闷; 剧痛",cet4 cet6 ky ielts gre
agrarian,ә'grєәriәn,"a. 土地的, 耕地的\n[法] 土地的, 土地所有制的",toefl gre
agree,ә'gri:,"vi. 同意, 赞成, 应允, 适合\nvt. 承认, 认定, 同意",zk gk
agreeable,ә'griәbl,"a. 令人愉快的, 同意的\n[医] 佳适的",cet6 ky toefl ielts gre
agreement,ә'gri:mәnt,"n. 同意, 合约, 协议\n[经] 契约, 协议, 协定",zk gk ielts
agricultural,.ægri'kʌltʃәrәl,"a. 农业的\n[法] 农业的, 耕作的",gk
agriculture,'ægrikʌltʃә,"n. 农业\n[机] 农业, 农学",gk cet4 cet6 ky toefl ielts
agronomy,ә'grɒnәmi,"n. 农艺学, 农学",gre
ahead,ә'hed,"a. 领先的, 预先的, 向前的\nadv. 领先, 预先, 向前, 胜于, 在前面, 在将来",gk
aid,eid,"n. 帮助, 外援, 助手\nvt. 援助, 帮助, 有助于\nvi. 帮助\n[计] 自动内部诊断",gk cet4 cet6 ky
AIDS,eidz,"n. 爱滋病(获得性免疫缺陷综合征)\n[计] 高级综合数据系统, 先进交互调试系统, 自动图解文档编制系统\n美国决策学学会, 信息自动显示系统, 自动综合调试系统",gk ielts
ail,eil,"vt. 使苦恼\nvi. 生病, 处境困难\n[计] 数组互联逻辑",gre
ailment,'eilmәnt,"n. 病痛, 疾病\n[医] 疾病",toefl gre
aim,eim,"n. 目标, 瞄准, 击中目标的能力\nvi. 对准目标, 致力, 打算\nvt. 瞄准\n[计] 医学文摘索引, 存取隔离机构, 高级信息管理程序, 先进接口模块\n应用接口模块, 医学人工智能, 相联索引法, 异步接口模块\n自动化信息管理, 自动化综合制造, 自动化库存管理",gk cet4 cet6 ky toefl ielts
air,єә,"n. 空气, 旋律, 态度\nvt. 晾, 使通风, 夸耀",zk gk toefl ielts
airborne,'єәbɒ:n,"a. 升空的, 空运的, 空中传播的, 空降的",toefl gre
aircraft,'єәkræft,"n. 航空器, 飞机\n[机] 航空器",gk cet4 ky toefl
airline,'єәlain,"n. 航线, 航线的设备, 航空公司",zk gk cet4 ky
airmail,'єәmeil,n. 航空邮件,gk
airplane,'єәplein,n. 飞机\n[机] 飞机,zk gk cet4
airport,'єәpɒ:t,"n. 飞机场\n[机] 航空站, 机场",zk gk ielts
airsickness,'єәsiknis,n. 晕机,toefl
airspace,'єәspeis,"n. 空域, 空间\n[机] 气隙",gk
airtight,'єәtait,"a. 气密的, 不透气的, 无懈可击的\n[机] 气密, 不透气",gre
aisle,ail,"n. 走廊, 侧廊, 过道\n[机] 走道",ky ielts
ajar,ә'dʒɑ:,"a. 微开的, 半开的, 不和谐的\nadv. 微开, 半开, 不协调地",toefl
akin,ә'kin,"a. 同类的, 同族的, 同源的",toefl
alabaster,'ælәbɑ:stә,n. 雪花石膏\na. 雪花石膏制的,gre
alacrity,ә'lækrәti,"n. 敏捷, 轻快, 乐意",gre
alarm,ә'lɑ:m,"n. 惊恐, 警报, 警钟\nvt. 使惊恐, 警告\n[计] 报警信号",gk cet4 ky toefl ielts
alas,ә'læs,interj. 唉,cet6
Alaska,ә'læskә,n. 阿拉斯加州,ielts
albeit,ɔ:l'bi:it,"conj. 尽管, 虽然",gre
albino,æl'bi:nәu,"n. 白化病者, 白化体\n[医] 白化病患者",gre
album,'ælbәm,"n. 粘贴簿, 唱片套\n[医] 白色物",gk cet6 ky ielts
alchemy,'ælkimi,"n. 炼金术, 魔力\n[化] 炼丹术; 炼金术; 金丹术",toefl gre
alcohol,'ælkәhɒl,"n. 酒精, 酒\n[化] 醇; 乙醇; 酒精",gk cet4 ky
alcoholic,.ælkә'hɒlik,"n. 酒鬼, 酒精中毒者\na. 酒精的",gk
alcove,'ælkәuv,"n. 凹室, 壁龛, 小亭",gre
alder,'ɒ:ldә,n. 桤木\n[机] 赤杨木,toefl
alert,ә'lә:t,"a. 警觉的, 灵敏的, 留心的\nn. 警报\nvt. 使警觉, 通知, 使意识到",cet4 cet6 ky toefl gre
algae,'ælgi:,"pl. 藻类, 海藻\n[化] 藻类",toefl
algebra,'ældʒibrә,n. 代数学,gk cet4 cet6 toefl
alias,'eiliæs,"n. 别名, 化名\nadv. 以化名为人所知\n[计] 别名; 替换入口",gre
alibi,'ælibai,"n. 不在犯罪现场, 托辞\nv. 为...辩解",gre
alien,'eiljәn,"n. 外国人, 外侨\na. 外国的, 相异的",cet6 ky toefl ielts
alienate,'eiljәneit,"vt. 使疏远, 离间, 转让\n[法] 转让, 让与, 疏远",toefl ielts gre
alight,ә'lait,"vi. 落下, 偶然发现\na. 点着的",toefl
align,ә'lain,"vi. 排列, 排成一行, 结盟\nvt. 使结盟, 使成一行, 校正",gre
alignment,ә'lainmәnt,"n. 队列, 结盟, 校正\n[计] 校准; 对齐; 对准",cet6 toefl
alike,ә'laik,"a. 相似的, 同样的\nadv. 一样, 以同样的方式",gk cet4 cet6 ky toefl
alimentary,.æli'mentәri,"a. 饮食的, 供养的\n[化] 营养的",gre
alive,ә'laiv,"a. 活着的, 活泼的, 敏感的, 热闹的",zk gk cet4 cet6 ky
alkali,'ælkәlai,n. 碱\na. 碱性的,toefl gre
all,ɒ:l,"a. 所有的, 全部的, 一切的\nadv. 全部, 全然\npron. 全部\nn. 全部",zk gk ielts
allay,ә'lei,"vt. 使平静, 使缓和",gre
allegation,.æli'geiʃәn,"n. 断言, 主张, 申辩\n[法] 声明, 事实陈述, 断言",cet6 toefl
allege,ә'ledʒ,"vt. 宣称, 主张, 提出, 断言\n[法] 断言, 指称, 指证",cet6 ky toefl ielts gre
allegiance,ә'li:dʒәns,"n. 忠贞, 效忠",cet6 toefl ielts gre
allegory,'æligәri,n. 寓言,toefl gre
allergic,ә'lә:dʒik,"a. 对...过敏的, 极反感的\n[医] 变应性的",gk ielts gre
allergy,'ælәdʒi,"n. 变应性, 反感, 厌恶\n[化] 变态反应; 变应性",ielts gre
alleviate,ә'li:vieit,"vt. 减轻, 使缓和",cet6 ky toefl ielts gre
alley,'æli,"n. 小路, 巷",gk ielts
alliance,ә'laiәns,"n. 联盟, 联合\n[法] 同盟, 联盟, 联姻",cet6 ky toefl ielts
allied,ә'laid,"a. 联盟的, 联姻的, 联系起来的",cet6 ky
alligator,'æligeitә,n. 短吻鳄\n[机] 两栖装甲车,toefl
alliterate,ә'litәreit,"v. 用头韵法, 押头韵",gre
alliteration,ә.litә'reiʃәn,n. 头韵\n[医] 同音韵错误症,toefl
allocate,'ælәukeit,"vt. 分派, 分配\n[计] 分配",gk cet6 ky toefl ielts gre
allot,ә'lɒt,"vt. 分配, 分摊指定\n[经] (按股或按规定)分配, 配(拨)给, 规(派)定",toefl ielts
allow,ә'lau,"vt. 允许, 同意给予, 承认\nvi. 容许, 猜想\n[计] 允许命令",zk gk cet4 ky
allowance,ә'lauәns,"n. 津贴, 零用钱, 限额, 折扣, 允许\nvt. 定量供应",gk cet6 ky ielts gre
alloy,'ælɒi. ә'lɒi,"n. 合金\nvt. 将...铸成合金, 减低成色\nvi. 合铸",cet4 cet6 ky toefl ielts
allude,ә'lu:d,"vi. 暗指, 提及",toefl gre
allure,ә'luә,"vt. 引诱, 吸引\nn. 魅力, 诱惑力",toefl
alluring,ә'luәriŋ,"a. 吸引人的, 诱人的, 迷人的",gre
allusion,ә'lu:ʒәn,"n. 提及, 暗指",toefl gre
ally,'ælai. ә'lai,"n. 同盟者, 同盟国, 助手\nvt. 使联盟, 使联合, 使有关系\nvi. 结盟",cet6 ky toefl ielts
almond,'ɑ:mәnd,n. 杏仁\n[化] 杏仁,gre
almost,'ɒ:lmәust,"adv. 几乎, 差不多",zk gk
alms,ɑ:mz,"n. 施舍, 救济金, 救济品",gre
aloft,ә'lɒft,"adv. 在高处, 在上",toefl gre
alone,ә'lәun,"a. 孤独的, 单独的, 独自的\nadv. 独自地",zk gk cet4 ky toefl ielts
along,ә'lɒŋ,"adv. 平行地, 向前\nprep. 沿着",zk gk
alongside,ә'lɒŋ'said,"adv. 在旁边, 靠拢着\nprep. 在...旁边, 与...在一起",gk cet6 ky ielts
aloof,ә'lu:f,"a. 远离的, 冷淡的\nadv. 远离, 冷漠超然地",toefl gre
aloud,ә'laud,"adv. 出声地, 大声地",zk gk cet4 ky
alphabet,'ælfәbit,n. 字母\n[计] 字母表,gk cet4 cet6 ky
alphabetical,.ælfә'betikәl,"a. 依字母顺序的, 字母的",ielts gre
already,ɒ:l'redi,"adv. 已经, 早已",zk gk
also,'ɒ:lsәu,"adv. 也, 并且, 同样地",zk gk
alter,'ɒ:ltә,v. 改变,cet4 cet6 ky toefl ielts gre
alteration,.ɒ:ltә'reiʃәn,"n. 变更, 改动\n[医] 变更",cet6 toefl
alternate,'ɒ:ltәnәt,"a. 交替的, 轮流的, 间隔的\nv. 轮流, (使)交替",cet6 ky toefl ielts gre
alternately,'ɒ:ltәnәtli,"adv. 交替地, 间隔地",toefl
alternation,.ɒ:ltә'neiʃәn,"n. 交互, 轮流, 间隔\n[计] 交替工作",toefl
alternative,ɒ:l'tә:nәtiv,"n. 两者择一, 供替代的选择\na. 两者择一的, 供选择的\n[计] 选择对象",gk cet4 cet6 ky toefl ielts
although,ɒ:l'ðou,"conj. 虽然, 尽管",zk gk cet4 ky
altitude,'æltitju:d,"n. 高度, 海拔, 高处\n[电] 高度",gk cet4 cet6 ky toefl ielts
altogether,.ɒ:ltә'geðә,"adv. 完全地, 总而言之",gk cet4 ky
altruism,'æltruizm,"n. 利他主义, 利他",toefl gre
altruistic,.æltru'istik,"a. 利他的, 无私心的",gre
aluminium,.ælju'miniәm,n. 铝\na. 铝的,gk cet4 cet6 toefl gre
aluminum,ә'lu:minәm,n. 铝\n[化] 铝Al,cet4 ky toefl
alumnus,ә'lʌmnәs,"n. 男毕业生, 男校友",toefl
always,'ɒ:lweiz,"adv. 总是, 始终",zk gk
AM,æm,"be的单数第一人称\n[计] 存取管理程序, 寻址方式, 地址标记, 变址数, 调幅, 辅助存储器",gk
amalgam,ә'mælgәm,"n. 汞合金, 汞齐\n[化] 汞齐; 汞合金",gre
amalgamate,ә'mælgәmeit,"v. 使汞齐化, 合并",toefl gre
amass,ә'mæs,"vt. 积聚, 堆积",toefl gre
amateur,'æmәtә,"n. 业余爱好者, 外行, 爱好者\n[电] 业余家",gk cet6 ky toefl ielts gre
amateurish,.æmә'tә:riʃ,"a. 业余的, 外行的, 不熟练的",gre
amaze,ә'meiz,vt. 使吃惊,gk cet4 cet6 ky toefl ielts
amazement,ә'meizmәnt,"n. 惊愕, 惊异",toefl
amazing,ә'meiziŋ,a. 令人惊异的,gk toefl ielts
ambassador,æm'bæsәdә,"n. 大使\n[法] 大使, 使节, 代理",gk cet6 ky ielts
ambidextrous,.æmbi'dekstrәs,"a. 两手俱利的, 搞两面派的\n[医] 两手同利的",gre
ambience,'æmbiәns,"n. 周围环境, 气氛",toefl gre
ambient,'æmbiәnt,a. 周围的\nn. 周围环境,cet6
ambiguity,.æmbi'gju:iti,"n. 不明确, 含糊\n[计] 二义性; 多义性",cet6 ielts
ambiguous,æm'bigjuәs,"a. 不明确的, 模棱两可的\n[法] 意思含糊的, 模棱两可的, 暧昧的",gk cet6 ky toefl ielts gre
ambition,æm'biʃәn,"n. 野心, 志向",gk cet4 cet6 ky toefl ielts
ambitious,æm'biʃәs,"a. 有野心的, 抱负不凡的, 雄心勃勃的",cet6 ky toefl ielts
ambivalence,æm'bivәlәns,n. 矛盾情绪\n[医] 矛盾情绪(两种情感互相冲突),toefl gre
ambivalent,æm'bivәlәnt,"a. 矛盾的, 模棱两可的\n[医] 矛盾情绪的",toefl gre
amble,'æmbl,"n. 马的缓行步态, 缓行漫步\nvi. 马缓行, 从容漫步",toefl gre
ambrosial,æm'brәuzjәl,a. 特别美味的,gre
ambulance,'æmbjulәns,n. 救护车\n[医] 救护车,gk cet4 ky ielts
ambulatory,'æmbjulәtәri,"a. 步行的, 走动的, 流动的, 非固定的\nn. 回廊",gre
ambush,'æmbuʃ,"n. 埋伏, 伏兵, 伏击\nvt. 埋伏, 伏击\nvi. 埋伏",toefl gre
ameliorate,ә'mi:ljәreit,"v. 改善, 改良, 改进",gre
amenable,ә'mi:nәbl,"a. 服从的, 会接纳的, 有义务的\n[法] 服从的, 有责任的, 有服从义务的",toefl gre
amend,ә'mend,"vt. 修改, 改善, 改良\nvi. 改过自新",ky toefl ielts gre
amendment,ә'mendmәnt,"n. 修订, 改善, 改良, 改正\n[化] 调理剂; 修正",toefl gre
amends,ә'mendz,n. 赔偿\n[经] 赔偿,cet6 ielts
amenity,ә'mi:niti,"n. 便利设施, 适意, 礼仪\n[法] 舒适, 方便, 优雅",toefl gre
America,ә'merikә,"n. 美洲, 美国",zk gk ielts
American,ә'merikәn,"n. 美国人\na. 美国的, 美洲的",zk gk ielts
amethyst,'æmiθist,"n. 紫水晶, 紫蓝色宝石\n[化] 紫石英; 紫水晶; 紫晶",gre
amiable,'eimjәbl,"a. 亲切的, 和蔼可亲的\n[法] 亲和的, 和蔼可亲的",ky toefl gre
amicable,'æmikәbl,"a. 友善的, 友好的\n[法] 友好的, 和睦的, 温和的",toefl gre
amid,ә'mid,"prep. 在其间, 在其中\n[经] 在...中",cet6 ky toefl ielts
amidst,ә'midst,prep. 在...当中,ielts
amiss,ә'mis,"a. 有毛病的, 出差错的\nadv. 错误地, 不顺当, 有缺陷地",gre
amity,'æmiti,"n. 友好, 亲善关系",gre
ammunition,.æmju'niʃәn,"n. 军火, 弹药\n[机] 弹药",ielts
amnesia,æm'ni:zjә,"n. 健忘症, 记忆缺失\n[医] 记忆缺失, 遗忘[症]",toefl gre
amnesty,'æmnisti,"n. 大赦, 赦免",toefl gre
among,ә'mʌŋ,prep. 在...之中,zk gk
amongst,ә'mʌŋst,"prep. 在...当中, 在...之间, 在...之中",cet4
amoral,ei'mɒrәl,"a. 不属于道德范畴的, 无从区分是非的",gre
amorphous,ә'mɒ:fәs,"a. 无定形的, 无组织的\n[化] 非晶形的; 无定形的",gre
amortize,ә'mɒ:taiz,"vt. 摊还, 摊销, 分期偿还\n[法] 把不动产让与, 转让, 分期偿还",gre
amount,ә'maunt,"n. 总数, 总额\nvi. 总计, 等同",gk cet4 ky toefl ielts
ampere,'æmpєә,n. 安培\n[化] 安培,cet4 cet6
amphibian,æm'fibiәn,"a. 两栖类的, 水陆两用的\nn. 两栖动物, 水旱两生植物, 水陆两用飞机",ielts gre
ample,'æmpl,"a. 大量的, 充足的, 丰富的",gk cet6 ky toefl ielts gre
amplification,.æmplifi'keiʃәn,"n. 扩大, 放大\n[化] 放大; 放大作用",toefl
amplifier,'æmplifaiә,"n. 扩大的人(物), 放大器, 扩音器\n[计] 放大器",ky
amplify,'æmplifai,"vt. 增强, 放大, 扩大, 详述\nvi. 引伸",cet4 cet6 ky toefl ielts gre
amplitude,'æmplitju:d,"n. 广阔, 充足, 幅度\n[化] 振幅",cet6 gre
amputate,'æmpjuteit,"vt. 切断, 删除",gre
amulet,'æmjulit,n. 护身符,gre
amuse,ә'mju:z,"vt. 消遣, 娱乐, 使发笑",gk cet4 cet6 ky ielts gre
amusement,ә'mju:zmәnt,"n. 兴味, 娱乐, 消遣\n[法] 娱乐, 娱乐活动",gk cet6
anachronistic,ә.nækrә'nistik,a. 时代错误的,gre
anaerobic,.ænєә'rәubik,"a. 厌氧的, 在缺氧情况下生活的\n[化] 厌氧的",gre
anagram,'ænәgræm,n. 回文构词法,gre
analgesia,.ænæl'dʒi:zjә,"n. 止痛, 痛觉缺失\n[医] 痛觉缺失, 无痛法, 止痛法",gre
analgesic,.ænæl'dʒi:zik,"a. 止痛的, 痛觉缺失的\nn. 止痛剂",gre
analogous,ә'nælәgәs,"a. 类似的, 相似的\n[医] 类似的, 类同的",cet6 toefl gre
analogue,'ænәlɒg,"n. 类似物, 相似情况\n[医] 类似物, 同型物, 相似器官, 同功异质体",cet6 ky
analogy,ә'nælәdʒi,"n. 相似, 类似\n[计] 模拟",cet6 ky toefl ielts gre
analyse,'ænәlaiz,"vt. 分析, 细察, 分解\n[经] 分析",cet4 cet6 ky
analysis,ә'nælәsis,n. 分析\n[计] 分析机; 分析员; 分析; 分析程序,gk cet4 cet6 ky toefl ielts
analyst,'ænәlist,"n. 分析者, 精神分析学家\n[化] 分析员; 化验员",cet6
analytic,.ænә'litik,"a. 分析的, 善于分析的, 解析的\n[医] 分析的",cet6 ky
analytical,.ænә'litikl,"a. 分析的, 善于分析的, 解析的\n[机] 分析的",cet6 ielts
analyze,'ænәlaiz,"vt. 分析, 细察, 分解\n[机] 分析",gk cet4 toefl gre
anarchist,'ænәkist,n. 无政府主义者\n[法] 无政府主义者,toefl gre
anarchy,'ænәki,"n. 无政府状态, 政治混乱\n[法] 混乱, 无秩序, 无政府状态",gre
anathema,ә'næθәmә,"n. 令人厌恶的人, 强烈的遣责, 诅咒, 咒逐, 革出教门",gre
anatomical,.ænә'tɒmikl,"a. 解剖的, 解剖学的, 构造上的\n[医] 解剖学的",gre
anatomy,ә'nætәmi,"n. 剖析, 解剖学, 骨骼, 结构\n[医] 解剖学, 解剖",toefl
ancestor,'ænsestә,"n. 祖先, 祖宗",gk cet4 cet6 ky toefl ielts gre
ancestral,æn'sestrәl,"a. 祖先的, 祖传的\n[法] 祖先的, 祖传的",toefl
ancestry,'ænsestri,"n. 祖先, 世系, 名门出身",toefl gre
anchor,'æŋkә,"n. 锚\nvt. 抛锚停泊, 使固定\n[计] 锚",cet4 cet6 ky ielts gre
ancient,'einʃәnt,"a. 古代的, 古老的, 年老的, 旧的",zk gk cet4 cet6 ky ielts
ancillary,æn'silәri,"a. 从属的, 辅助的, 副的\n[经] 辅助的, 附属的, 助手",gre
and,ænd,"conj. 和, 与\n[计] 与",zk gk
anecdotal,",ænek'dәutl","a. 轶事的, 爱谈奇闻轶事的, 多轶事的",toefl
anecdote,'ænikdәut,"n. 轶事, 奇闻",gk ky toefl ielts gre
anemia,ә'ni:miә,"n. 贫血, 贫血症, 无活力\n[医] 贫血",ky gre
anemic,ә'ni:mik,"a. 贫血的, 患贫血症的, 无活力的\n[医] 贫血的",gre
anesthesia,.ænis'θi:ziә,"n. 麻醉, 麻木\n[化] 麻醉; 失去知觉",toefl
anesthetic,.ænis'θetik,"n. 麻醉剂, 麻药\na. 麻醉的",toefl gre
angel,'eindʒәl,"n. 天使, 守护神, 善人",cet4 ky
anger,'æŋgә,"n. 忿怒\nvt. 激怒, 使发怒\nvi. 发怒",gk cet4 ky ielts
angle,'æŋgl,"n. 角, 角度, 角落\nvi. 钓鱼, 谋取, 博取, 斜向移动, 转变角度\nvt. 使转动角度, 在...钓鱼, 获取",gk cet4 ky toefl
angry,'æŋgri,"a. 生气的, 愤怒的",zk gk ielts
anguish,'æŋgwiʃ,"n. 剧痛, 痛苦\nvt. 使极痛苦\nvi. 感到痛苦",ky toefl gre
angular,'æŋgjulә,"a. 有角的, 消瘦的, 有尖角的, 生硬的\n[医] 角的, 角形的",toefl gre
anhydrous,æn'haidrәs,a. 无水的\n[医] 无水的,gre
animal,'ænimәl,n. 动物\n[医] 动物,zk gk ielts
animals,,"n. 动物, 动物世界；牲畜（animal的复数形式）",ielts
animate,'ænimeit,"vt. 使有生气, 赋予生命\na. 有生命的, 有生气的",gre
animated,'ænimeitid,"a. 活生生的, 能活动的, 活泼的, 欢快的",toefl gre
animation,.æni'meiʃәn,"n. 活泼, 生气, 激励, 卡通制作\n[计] 动画",gre
animosity,.æni'mɒsiti,"n. 仇恨, 憎恶, 敌意",toefl gre
animus,'ænimәs,"n. 基本态度, 敌意, 意向\n[医] 男性意象(精神分析用词)",gre
ankle,'æŋkl,"n. 踝\n[医] 踝, 踝关节",gk cet4 cet6 ky ielts
annals,'ænәlz,"n. 编年史, 活动年报, 历史",gre
annex,ә'neks,"n. 附加物, 附属建筑物\nvt. 附加, 盖(印), 并吞",toefl
annexation,ænek'seiʃәn,"n. 合并, 附加, 附加物\n[法] 兼并, 侵吞, 附加物",gre
annihilate,ә'naiәleit,"vt. 消灭, 废止",toefl ielts gre
anniversary,æni'vә:sәri,n. 周年纪念,gk cet6 ky ielts
annotate,'ænәuteit,"v. 作注解, 注释\n[计] 注释",toefl gre
announce,ә'nauns,"vt. 宣布, 声称, 显示, 预告\nvi. 当报幕员, 宣布参加竞选",gk cet4 cet6 ky toefl gre
announcement,ә'naunsmәnt,"n. 公告, 发表, 告知\n[经] 通告, 布告, 公告",gk toefl ielts
announcer,ә'naunsә,"n. 节目报告员, 宣告者",cet4 toefl
annoy,ә'nɒi,"vt. 使恼怒, 骚扰",gk toefl ielts gre
annoying,ә'nɒiiŋ,"a. 恼人的, 讨厌的",toefl
annual,'ænjuәl,"n. 年刊, 年报\na. 每年的, 一年一次的, 全年的, 一年生的",gk cet4 ky toefl ielts
annually,'ænjuәli,"adv. 一年一次, 每年\n[经] 年度的, 每年的",cet6 toefl
annuity,ә'nju:iti,"n. 年金, 年金保险, 年金领受权\n[医] 年金, 年俸",ielts
annul,ә'nʌl,"vt. 废除, 宣告无效, 取消\n[经] 撤销, 宣告无效",toefl gre
anode,'ænәud,n. 阳极\n[化] 阳极; 正极,cet6
anodyne,'ænәudain,"n. 止痛药, 镇痛剂\na. 止痛的",gre
anomalous,ә'nɒmәlәs,"a. 不规则的, 反常的\n[医] 异常的, 反常的",toefl gre
anomaly,ә'nɒmәli,"n. 不规则, 反常事物, 畸形\n[医] 异常, 反常",toefl gre
anonymity,.ænә'nimiti,"n. 匿名, 姓氏不明\n[计] 匿名信件",gre
anonymous,ә'nɒnimәs,"a. 姓氏不详的, 无名的, 无特色的\n[计] 无记录",cet6 ky toefl ielts gre
anorexia,.ænә'reksiә,"n. 食欲缺乏, 厌食\n[医] 食欲缺乏, 厌食",gre
another,ә'nʌðә,"a. 另外的, 再一的, 不同的\npron. 又一个, 另一个, 类似的另一个",zk gk
answer,'ɑ:nsә,"n. 答案, 回答, 回报, 答辩\nvt. 回答, 反驳, 适应, 响应, 符合\nvi. 回答, 答应, 负责, 符合, 成功\n[计] 用户问题及答案新闻组",zk gk
ant,ænt,n. 蚂蚁,zk gk cet4 ky
antagonism,æn'tægәnizm,"n. 对立, 敌对, 敌意\n[化] 拮抗作用; 消效作用",toefl ielts gre
antagonist,æn'tægәnist,"n. 敌手, 对手\n[化] 对抗物; 拮抗物; 反协同剂; 反协同试剂",toefl
antagonize,æn'tægәnaiz,"vt. 使对抗, 使敌对, 反对\nvi. 引起反抗",toefl gre
antarctic,ænt'ɑ:ktik,"a. 南极的, 南极地带的\nn. 南极地区",gk cet6 ielts gre
Antarctica,ænt'ɑ:ktikә,n. 南极洲,gk toefl
antecedence,ænti'si:dәns,"n. 先, 居先, 先行",gre
antecedent,.ænti'si:dnt,"n. 前情, 先行词\na. 先前的, 先行的",ielts gre
antedate,"'ænti,deit","vt. 先于, 前于\n[经] 提前日期(比实际毋早的日期)",toefl gre
antediluvian,.æntidi'lu:viәn,"a. 大洪水前的, 陈旧的, 过时的\nn. 大洪水以前的人, 老迈的人",gre
antenna,æn'tenә,"n. 天线, 触须, 触角\n[化] 天线",cet6 ky gre
anterior,æn'tiәriә,"a. 前面的, 先前的\n[医] 前的",gre
anthem,'ænθәm,"n. 圣歌, 赞美诗",toefl ielts gre
anthology,æn'θɒlәdʒi,"n. 选集, 诗选",toefl ielts gre
anthropoid,'ænθrәupɒid,n. 类人猿\na. 似人的,gre
anthropologist,.ænθrә'pɒlәdʒist,n. 人类学家,gre
anthropology,.ænθrә'pɒlәdʒi,n. 人类学\n[医] 人类学,toefl ielts
antibiotic,.æntibai'ɒtik,n. 抗生素\na. 抗生的,toefl ielts gre
antibiotics,,n. 抗生学；抗生素,ielts
antibody,'æntibɒdi,n. 抗体\n[化] 抗体,gre
antic,'æntik,n. 滑稽动作\na. 古怪的,gre
anticipate,æn'tisipeit,"vt. 预期, 占先, 加速, 提前使用\n[医] 提前出现, 先期发生",cet4 cet6 ky toefl ielts gre
anticipation,æn.tisi'peiʃәn,"n. 预期, 预料\n[医] 提前出现(如遗传病)",toefl ielts
anticipatory,æn'tisipeitәri,"a. 期待着的, 先行的, 提早发生的\n[计] 先行",gre
anticlimax,.ænti'klaimæks,"n. 突降法, 虎头蛇尾",gre
antidote,'æntidәut,"n. 解毒剂, 解毒药\n[化] 解毒药",gre
antihistamine,.ænti'histәmi:n,n. 抗组胺药,gre
antipathy,æn'tipәθi,"n. 厌恶, 反感\n[医] 反感, 厌恶; 相克疗法",toefl gre
antiquate,'æntikweit,"vt. 使古旧, 废弃",toefl
antiquated,'æntikweitid,"a. 陈旧的, 过时的, 年老的",toefl gre
antique,æn'ti:k,"n. 古董, 古物\na. 古老的, 古风的, 旧式的, 过时的",gk cet6 ky toefl ielts gre
antiquity,æn'tikwәti,"n. 古老, 古代, 古代人, 古物",toefl gre
antiseptic,.ænti'septik,"n. 抗菌剂, 防腐剂\na. 抗菌的, 防腐的",toefl gre
antisocial,.ænti'sәuʃәl,"不爱社交的, 反社会的, 有害于公众利益的\n[医] 不喜社交的",cet6
antithesis,æn'tiθisis,"n. 对偶, 对照, 对立面",gre
antonym,'æntәunim,n. 反义词,ielts
anvil,'ænvil,n. 铁砧\n[医] 砧骨; 铁砧,gre
anxiety,æŋ'zaiәti,"n. 焦虑, 忧虑, 令人焦虑的事\n[医] 焦虑",gk cet4 cet6 ky toefl ielts
anxious,'æŋʃәs,"a. 忧虑的, 发愁的, 渴望的",gk cet4 cet6 ky toefl
any,'eni,a. 任何的\npron. 任何,zk gk
anybody,'enibɒdi,pron. 任何人\nn. 重要人物,zk gk
anyhow,'enihau,"adv. 无论如何, 至少",gk cet4 ky ielts
anyone,'eniwʌn,pron. 任何人,zk gk cet4 ky
anything,'eniθiŋ,pron. 任何事,zk gk
anyway,'eniwei,"adv. 无论如何, 至少",zk cet4 ky
anywhere,'enihwєә,adv. 无论何处,zk gk cet4 ky
aorta,ei'ɒ:tә,n. 主动脉\n[医] 主动脉,gre
apart,ә'pɑ:t,"adv. 成零碎, 成距离, 分别地, 分离着\na. 分离的",gk cet4 ky
apartment,ә'pɑ:tmәnt,"n. 房间, 公寓",gk cet4 ky ielts
apathetic,.æpә'θetik,"a. 缺乏感情的, 无动于衷的, 缺乏兴趣的\n[医] 无情[感]的, 淡漠的",toefl
ape,eip,n. 无尾猿\n[计] 应用程序评价,toefl ielts
aperture,'æpә.tjuә,"n. 孔, 缝隙, 孔径\n[计] 窗孔; 小孔",toefl gre
apes,eips,n. 猿( ape的名词复数 )\nv. 模仿( ape的第三人称单数 ),ielts
apex,'eipeks,"n. 顶, 尖端, 最高潮\n[医] 尖, 尖端",toefl gre
aphorism,'æfәrizm,"n. 格言, 警语",gre
apiary,'eipjәri,n. 养蜂场,gre
aplomb,ә'plɒm,"n. 沉着, 泰然自若, 垂直",gre
apocalyptic,ә.pɒkә'liptik,"a. 天启的, <<启示录>>的",gre
apocrypha,ә'pɔkrifә,n. 作者（或真实性、权威性）可疑的著作；旁经,gre
apocryphal,ә'pɔkrif(ә)l,"a. 伪的, 不足凭信的",gre
apogee,'æpәudʒi:,"n. 远地点, 最高点, 极点\n[化] 远地点; 远核点",gre
apologetic,ә.pɒlә'dʒetik,"a. 道歉的, 急于认错的, 辩护的\n[法] 辩护的, 辩解的, 道歉的",ielts
apologise,ә'pɔlәdʒaiz,vi. 道歉（等于apologize）,ky
apologize,ә'pɒlәdʒaiz,"vi. 道歉, 辩解",gk cet4 toefl gre
apology,ә'pɒlәdʒi,"n. 道歉, 辩护\n[法] 道歉, 谢罪, 辩解者",gk cet4 ky toefl
apoplectic,.æpәu'plektik,"n. 中风病人\na. 中风的, 有中风迹象的",gre
apostasy,ә'pɒstәsi,"n. 叛教, 变节, 脱党\n[法] 叛教, 背教, 脱党",toefl gre
apostate,ә'pɒsteit,"n. 叛教者, 变节者, 脱党者\na. 叛教的, 变节的, 脱党的",gre
apostrophe,ә'pɒstrәfi,"n. 撇号, 呼语法",ielts gre
apothecary,ә'pɒθәkәri,"n. 药剂师, 药房\n[医] 药剂员; 药店",gre
apothegm,'æpәθem,"n. 格言, 箴言",gre
apotheosis,ә.pɒθi'әusis,"n. 尊崇为神, 神化, 美化",gre
appal,ә'pɒ:l,"vt. 使惊骇, 使吓坏",ky
appall,ә'pɒ:l,"vt. 使丧胆, 使惊骇",ky toefl gre
apparatus,.æpә'reitәs,"n. 装置, 器具, 器官\n[化] 仪器; 器械",cet4 cet6 ky ielts gre
apparel,ә'pærәl,"n. 衣服, 外表\nvt. 使穿衣, 装饰",toefl gre
apparent,ә'pærәnt,"a. 清晰可见的, 显然的, 表面上的\n[电] 外在的",gk cet4 cet6 ky ielts
apparition,.æpә'riʃәn,"n. 鬼, 幽灵, 幻影",gre
appeal,ә'pi:l,"n. 恳求, 诉请, 上诉, 吸引力\nvi. 呼吁, 诉请, 要求, 上诉, 有吸引力\nvt. 将...上诉",gk cet4 cet6 ky toefl ielts gre
appealing,ә'pi:liŋ,"a. 有感染力的, 动人的, 恳求的",cet6 toefl
appear,ә'piә,"vi. 出现, 显得, 来到\n[法] 出庭, 到案, 出现",zk gk cet4 ky toefl
appearance,ә'piәrәns,"n. 出现, 露面, 外观, 外表, 出版\n[计] 外观, 版面",gk cet4 ky ielts
appease,ә'pi:z,"vt. 抚慰, 缓解, 平息, 姑息\n[法] 使和缓, 使满足, 姑息",gre
appellation,.æpә'leiʃәn,"n. 名称, 称号\n[法] 称呼, 名称, 名目",gre
appendage,ә'pendidʒ,"n. 附加物, 附器\n[医] 附件, 附器",gre
appendix,ә'pendiks,"n. 附录, 附加物, 阑尾\n[化] 增补",gk cet6 ky ielts
appetite,'æpitait,"n. 食欲, 欲望, 爱好\n[医] 食欲",gk cet4 cet6 ky toefl ielts gre
appetizer,'æpitaizә,"n. 开胃食品, 吊胃口的东西\n[医] 开胃剂",gre
appetizing,'æpitaiziŋ,"a. 开胃的, 促进食欲的, 鲜美可口的",gre
applaud,ә'plɒ:d,"v. 拍手喝彩, 称赞, 赞同",gk cet6 ky toefl ielts gre
applause,ә'plɒ:z,"n. 鼓掌, 喝彩, 赞许",cet4 cet6 ky gre
apple,'æpl,"n. 苹果, 家伙\n[医] 苹果",zk gk
appliance,ә'plaiәns,"n. 器械, 用具, 应用\n[医] 矫正器; 器",cet4 cet6 ky toefl ielts
applicable,'æplikәbl,"a. 合适的, 可应用的\n[法] 适用的, 适应的",cet4 cet6 ky gre
applicant,'æplikәnt,"n. 申请者\n[经] 申请人, 请求人, 谋事人",gk cet4 toefl ielts gre
application,.æpli'keiʃәn,"n. 应用, 申请, 志愿书, 应用程序\n[计] 应用, 应用程序",gk cet4 cet6 ky toefl ielts gre
applied,ә'plaid,"a. 应用的\n[机] 应用的; 应用, 申请",ielts
apply,ә'plai,"vt. 涂, 应用\nvi. 申请, 适用",gk cet4 cet6 ky toefl ielts
appoint,ә'pɒint,"vt. 任命, 指定, 下令\n[法] 派, 派任, 任命",gk cet4 cet6 ky toefl gre
appointment,ә'pɒintmәnt,"n. 约会, 委任的职位, 委派\n[经] 任命, 派, 指定",gk cet4 cet6 ky toefl ielts
apportion,ә'pɒ:ʃәn,"vt. 分配, 分摊, 分派\n[法] 分派, 分摊, 分配",toefl
apposite,'æpәuzit,"a. 贴切的, 合适的",gre
appraisal,ә'preizәl,"n. 评价, 估价\n[经] 评价, 评估",cet6 ky toefl ielts
appraise,ә'preiz,"vt. 评价, 估价\n[经] 评价, 鉴定",cet6 ky toefl gre
appreciable,ә'pri:ʃiәbl,"a. 可感知的, 可评估的",cet6 toefl ielts gre
appreciate,ә'pri:ʃieit,"vt. 赏识, 鉴别, 为...而感激, 领会, 欣赏\nvi. 增值, 涨价",gk cet4 cet6 ky toefl ielts gre
appreciation,ә.pri:ʃi'eiʃәn,"n. 感激, 赏识, 鉴别\n[经] 涨价, 增值",gk cet6 toefl
apprehend,.æpri'hend,"vt. 理解, 忧虑, 逮捕\nvi. 担心, 理解",ky toefl gre
apprehension,.æpri'henʃәn,"n. 理解, 忧惧, 逮捕\n[医] 领会",toefl ielts
apprehensive,.æpri'hensiv,"a. 惴惴不安的, 敏悟的, 知晓的",ky gre
apprentice,ә'prentis,"n. 学徒, 生手\nvt. 使做学徒",toefl ielts gre
apprise,ә'prais,vt. 通知,gre
approach,ә'prәutʃ,"n. 接近, 入门\nvt. 接近, 近似, 找...商量\nvi. 靠近",gk cet4 cet6 ky toefl ielts gre
approaches,,处理,ielts
approaching,,v. 进场；侵入；接近（approach的ing形式）,toefl
approbation,æprәu'beiʃәn,"n. 认可, 满意\n[经] 许可, 认可, 批准",gre
appropriate,ә'prәupriәt,"a. 适当的\n[经] 适当的, 拨出, 占用",gk cet4 cet6 ky toefl ielts gre
appropriation,әprәupri'eiʃәn,"n. 拨用, 挪用, 拨款\n[经] 拨款, 挪用",toefl
approval,ә'pru:vl,"n. 赞成, 批准\n[化] 核准",cet4 cet6 ky toefl ielts
approve,ә'pru:v,"vt. 赞同, 核准, 为...提供证据\nvi. 赞许",gk cet4 cet6 ky toefl
approximate,ә'prɒksimәt,"a. 大约的, 接近的, 近似的\nvt. 接近, 使接近, 粗略估计\nvi. 接近于",cet4 cet6 ky toefl ielts gre
approximately,ә'prɒksimәtli,"adv. 大约, 大致, 近于\n[经] 大约, 近似",gk cet4 cet6 toefl
April,'eiprәl,n. 四月,zk gk ielts
apron,'eiprәn,n. 围裙\n[医] 围裙,gk gre
apropos,.æprә'pәu,"a. 适当的, 恰好的\nadv. 适当地, 恰好地",gre
apt,æpt,"a. 有...倾向的, 易于的, 恰当的, 聪明的\n[计] 自动数控语言, 自动图象传输, 自动程序控制, 自动程序设计工具",cet6 ky toefl ielts gre
aptitude,'æptitju:d,"n. 资质, 才能, 自然倾向\n[医] 资质, 才能",toefl ielts gre
aptly,'æptli,"adv. 适当地, 适宜地",toefl
aquamarine,.ækwәmә'ri:n,"n. 海蓝宝石, 浅绿色\n[化] 海蓝宝石",toefl
aquarium,ә'kwєәriәm,"n. 水族馆, 养鱼池, 水草缸\n[医] 培养缸",toefl ielts
aquatic,ә'kwætik,"n. 水生动物, 水生植物\na. 水生的, 水中的, 水上的",toefl ielts gre
aqueduct,'ækwidʌkt,"n. 水管, 沟渠, 导管\n[医] 水管",gre
aquifer,'ækwifә,[化] 含水层,gre
aquiline,'ækwәlain,"a. 鹰的, 似鹰的, 钩状的",gre
Arab,'ærәb,"n. 阿拉伯人, 阿拉伯马\na. 阿拉伯人的, 阿拉伯的",gk
arabesque,.ærә'besk,n. 阿拉伯式花饰,gre
Arabian,ә'reibiәn,"a. 阿拉伯的, 阿拉伯人的",cet4 cet6
Arabic,'ærәbik,"n. 阿拉伯语\na. 阿拉伯语的, 阿拉伯人的, 阿拉伯式的",gk
arable,'ærәbl,"a. 适于耕种的, 可耕的",toefl gre
arachnid,ә'ræknid,n. 蛛形纲动物\n[医] 蜘蛛,gre
arbiter,'ɑ:bitә,"n. 仲裁人, 裁决者, 公断人\n[计] 判优程序",gre
arbitrary,'ɑ:bitrәri,"a. 任意的, 武断的, 专治的, 霸道的",gk cet4 cet6 ky toefl ielts gre
arbitrate,'ɑ:bitreit,"vt. 仲裁, 公断\nvi. 进行仲裁",gre
arbitration,.ɑ:bi'treiʃәn,"n. 仲裁, 公断\n[计] 仲裁",toefl
arbitrator,'ɑ:bitreitә,"n. 仲裁人, 公断者\n[经] 公断人, 仲裁人",toefl
arboreal,ɑ:'bәuriәl,"a. 树的, 栖于树木的\n[医] 树的, 树上生活的",toefl gre
arboretum,.ɑ:bә'ri:tәm,"n. 树木园, 植物园",gre
arc,ɑ:k,"n. 弧, 弧形, 弓形, 弧光\n[化] 弧",cet6 toefl ielts
arcane,ɑ:'kein,"a. 神秘的, 晦涩难解的",gre
arch,ɑ:tʃ,"n. 拱门, 拱形, 足弓\nvt. 使成弓形\nvi. 拱起, 成弓形\na. 主要的, 调皮的, 傲慢无礼的, 狡猾的",gk cet6 ky toefl ielts gre
archaeological,.ɑ:kiә'lɒdʒikl,"a. 考古学的, 考古学上的",toefl ielts
archaeology,.ɑ:ki'ɒlәdʒi,n. 考古学,toefl gre
archaic,ɑ:'keiik,"a. 古体的, 过时的, 古老的, 古代的\n[医] 原始的, 古代的",toefl ielts
archer,'ɑ:tʃә,"n. 弓箭手, 射箭运动员",gre
archetype,'ɑ:tʃtaip,n. 原型,gre
archipelago,.ɑ:ki'pelәgәu,"n. 群岛, 多岛屿的海",toefl gre
architect,'ɑ:kitekt,"n. 建筑师, 设计者, 缔造者",gk cet4 cet6 ky toefl ielts gre
architectural,.ɑ:ki'tektʃәrәl,"a. 有关建筑的, 建筑学的",toefl
architecture,'ɑ:kitektʃә,"n. 建筑学, 建筑式样\n[计] 体系结构",gk cet4 cet6 ky toefl ielts
archive,'ɑ:kaiv,"vt. 把...存档\nn. 档案馆, 档案文件\n[计] 挡案库, 存档",ky gre
archives,'ɑ:kaivz,"n. 档案, 档案室\n[法] 公文档案, 案卷, 档案保管处",ielts
arctic,'ɑ:ktik,"a. 北极的, 极寒的\nn. 北极圈, 北极",gk cet6 toefl ielts gre
ardent,'ɑ:dnt,"a. 热心的, 激动的, 燃烧般的\n[医] 灼热的; 热心的",toefl ielts gre
ardor,'ɑ:dә,"n. 热忱, 热情, 情欲, 激情, 灼热\n[医] 灼热; 热心",toefl
arduous,'ɑ:djuәs,"a. 费力的, 努力的, 险峻的",toefl ielts
are,ɑ:,be的现在时复数或第二人称单数,gk
area,'єәriә,"n. 区域, 面积, 范围, 空地\n[计] 区域",zk gk cet4 ky ielts
areas,,"n. 区域, 领域；面积（area的复数形式）",ielts
arena,ә'ri:nә,"n. 角斗场, 舞台, 场地\n[医] 尿沉渣, 尿沙; 脑沙",toefl ielts gre
argot,'ɑ:gәu,"n. 行话, 俚语, 黑话",gre
argue,'ɑ:gju,"vi. 提出理由, 争论, 辩论\nvt. 主张, 辩论, 证明, 说服",gk cet4 cet6 ky ielts
argument,'ɑ:gjumәnt,"n. 争论, 论证, 论据, 自变量\n[计] 参数",gk cet4 ky ielts
aria,'ɑ:riә,"n. 独唱特写镜头, 咏叹调",toefl gre
arid,'ærid,"a. 干燥的, 不毛的",toefl gre
arise,ә'raiz,"vi. 站立, 出现, 起来",gk cet4 cet6 ky toefl ielts
aristocracy,.æri'stɒkrәsi,"n. 贵族, 上层社会, 知识界杰出分子\n[法] 贵族政治, 贵族统治",gre
aristocrat,'æristәkræt,n. 贵族,toefl gre
arithmetic,ә'riθmәtik,"n. 算术, 算术知识\n[机] 算术; 算术的",gk cet4 cet6 ky toefl
arm,ɑ:m,"n. 手臂, 袖子, 狭长港湾, 武器\nvt. 武装, 装备\nvi. 武装起来\n[计] 异步应答方式; 自动货品销路管理",zk gk
armada,ɑ:'mɑ:dә,n. 舰队,gre
armament,'ɑ:mәmәnt,"n. 军备, 军队, 武器\n[机] 武器",toefl
armchair,.ɑ:m'tʃєә,n. 扶手椅,gk
armistice,'ɑ:mistis,"n. 休战, 停战\n[法] 休战, 停战, 停火",gre
armor,'ɑ:mә,"n. 盔甲, 潜水服, 装甲\nvt. 为...装甲",toefl
armored,'ɑ:mәd,a. 装甲的,toefl
armory,'ɑ:mәri,"n. 纹章, 纹章学, 军械库, 兵工厂\n[机] 军械库",toefl gre
armour,'ɑ:mә,"n. 甲胄, 装甲, 潜水服",ielts
arms,ɑ:mz,"n. 武器, 军事行动\n[机] 武器, 军械, 枪械",toefl
army,'ɑ:mi,"n. 军队, 陆军",zk gk cet4 ky ielts
aroma,ә'rәumә,"n. 浓香, 香气\n[医] 香气, 芳香气",toefl gre
aromatic,.ærәu'mætik,a. 芬芳的\n[医] 芳香的; 芳香剂,toefl gre
around,ә'raund,"prep. 包围, 在...周围, 四处\nadv. 兜着圈子, 在附近, 到处",zk gk
arouse,ә'rauz,"vt. 唤醒, 鼓励, 引起\nvi. 醒来",cet4 cet6 ky toefl ielts gre
arraign,ә'rein,"vt. 提讯, 传讯, 责难\n[法] 传讯, 提审, 控告",toefl gre
arrange,ә'reindʒ,"v. 安排, 排列, 达成协议\n[计] 重排",gk cet4 ky toefl
arrangement,ә'reindʒmәnt,"n. 排列, 整齐, 安排\n[计] 排列",gk cet4 toefl
array,ә'rei,"n. 排列, 衣服, 大批, 军队\nvt. 布署, 打扮, 排列\n[计] 数组; 阵列",cet6 ky toefl ielts gre
arrest,ә'rest,"n. 逮捕, 监禁\nvt. 拘捕, 抑制, 吸引, 阻止",gk cet4 cet6 ky toefl gre
arresting,ә'restiŋ,a. 引人注意的\n[计] 定位,gre
arrhythmic,ә'riðmik,"a. 无节奏的\n[医] 心律失常的, 心律不齐的, 无节律的",gre
arrival,ә'raivl,"n. 到达, 抵达, 到达者\n[经] 到达, 到达物",gk cet4 ky ielts
arrive,ә'raiv,"vi. 到达, 抵达",zk gk
arrogance,'ærәgәns,"n. 傲慢态度, 自大",toefl gre
arrogant,'ærәɡәnt,"a. 自大的, 傲慢的",cet6 ky toefl ielts gre
arrogate,'ærәugeit,"vt. 没来由地把...归属于, 僭取\n[法] 冒称具有, 僭取, 侵占",gre
arrow,'ærәu,"n. 箭, 箭状物, 箭头记号",gk cet4 ky
arroyo,ә'rɒiәu,"n. 干涸沟壑, 旱谷, 小河",gre
arsenal,'ɑ:snәl,"n. 兵工厂, 军械库\n[机] 兵工厂",toefl gre
arson,'ɑ:sәn,"n. 纵火, 纵火罪\n[法] 纵火, 放火",gre
art,ɑ:t,"n. 艺术, 人文科学, 技术, 巧妙, 诡计, 美术\n[计] 实际保持时间, 特许权和资源表, 平均检索时间, 平均运行时间",zk gk cet4 ky ielts
artery,'ɑ:tәri,"n. 动脉, 干道, 要道\n[医] 动脉",ky toefl ielts gre
arthritis,ɑ:'θraitis,n. 关节炎\n[医] 关节炎,toefl gre
article,'ɑ:tikl,"n. 文章, 冠词, 物品, 物件, 条款, 契约\n[计] 信件",zk gk cet4 ky toefl ielts
articles,,n. 文章；冠词；物品；条款（article的复数）,ielts
articulate,ɑ:'tikjulit,"a. 发音清晰的, 口才好的\nvt. 明白地说, 以关节连接, 使成为系统的整体",cet6 ky toefl ielts gre
artifact,'ɑ:tifækt,"n. 人工制品\n[医] 人为现象, 人工产物",toefl gre
artifacts,,n. 史前古器物；人工产品,gre
artifice,'ɑ:tifis,"n. 诡计, 技巧, 巧妙",gre
artificial,.ɑ:ti'fiʃәl,"a. 人造的, 假的, 非原地产的\n[医] 人工的, 人造的, 伟牟",gk cet4 cet6 ky toefl ielts gre
artillery,ɑ:'tilәri,"n. 火炮, 炮兵, 炮术\n[机] 火炮, 炮兵",ielts gre
artisan,.ɑ:ti'zæn,"n. 工匠, 技工\n[经] 熟练技术工, 匠人",toefl gre
artist,'ɑ:tist,"n. 艺术家, 画家",gk cet4 ky
artistic,ɑ:'tistik,"a. 艺术的, 艺术家的, 富有艺术性的",cet4 cet6 ky ielts
artistry,'ɑ:tistri,n. 艺术性,gre
artless,'ɑ:tlis,"a. 无虚饰的, 单纯的, 自然的",gre
as,æz,"adv. 同样地, 例如\nprep. 做为, 当作\nconj. 当...之时, 以...的方式, 像...一样, 因为\n[计] 高级系统, 先进系统, 辅助存储器, 自治系统",zk gk ielts
ascend,ә'send,"vi. 上升, 追溯, 登高\nvt. 攀登",cet6 ky toefl ielts
ascendancy,ә'sendәnsi,"n. 优势, 支配地位",gre
ascending,ә'sendiŋ,"a. 上升的, 向上的\n[计] 递增",toefl
ascent,ә'sent,"n. 上升, 提高, 攀登, 上坡路",toefl ielts
ascertain,.æsә'tein,"vt. 确定, 查明\n[法] 查明, 弄清, 确定",cet6 ky toefl ielts
ascetic,ә'setik,"n. 苦行者, 禁欲者, 修道者\na. 苦行的, 禁欲的",toefl gre
ascribe,ә'skraib,"vt. 归因于, 归咎于\n[法] 归咎于",cet4 cet6 toefl ielts gre
aseptic,æ'septik,n. 防腐剂\na. 无菌的,gre
ash,æʃ,"n. 灰, 灰烬\n[化] 灰分",gk cet4 ky
ashamed,ә'ʃeimd,"a. 惭愧的, 羞耻的",gk cet4 ky ielts
ashore,ә'ʃɒ:,"adv. 向岸, 在岸上",cet6 ky
Asia,'eiʒә,n. 亚洲,zk gk ielts
Asian,'eiʃәn,"n. 亚洲人\na. 亚洲的, 亚洲人的",zk gk
aside,ә'said,"n. 小声说的话, 旁白\nadv. 在一边, 离开, 另外",gk cet4 ky
asinine,'æsinain,"a. 驴的, 像驴的, 愚蠢的",gre
ask,ɑ:sk,"vi. 问, 要求\nvt. 问, 要求, 邀请, 需要",zk gk
askance,ә'skæns,"adv. 怀疑地, 斜眼看",gre
askew,ә'skju:,a. 歪斜的\nadv. 歪斜地,gre
asleep,ә'sli:p,"a. 睡着的, 长眠的, 麻木的\nadv. 熟睡地",zk gk cet4 ky
asparagus,ә'spærәgәs,n. 芦笋\n[化] 天冬; 天门冬,gre
aspect,'æspekt,"n. 外观, 方面, 面貌, 方向\n[医] 方面, 局面; 外观",gk cet4 cet6 ky toefl gre
aspen,'æspәn,"n. 山杨\na. 山杨的, 颤抖的",gre
asperity,æ'speriti,"n. 粗暴, 严酷, 粗糙",gre
aspersion,ә'spә:ʃәn,"n. 诽谤, 中伤, 洒水\n[医] 喷洒[法]",toefl gre
asphalt,'æsfælt,n. 柏油\na. 用柏油铺成的\nvt. 以柏油铺,toefl
asphyxia,æs'fiksiә,"n. 窒息\n[医] 窒息; 无脉, 绝脉(旧名)",gre
asphyxiate,æs'fiksieit,vi. 窒息\nvt. 使窒息,gre
aspirant,ә'spairәnt,"n. 怀抱大志者, 野心家\na. 上进的, 有野心的",gre
aspiration,.æspә'reiʃәn,"n. 热望, 志向, 渴望\n[医] 吸入; 吸[引], 吸引术",cet6 toefl ielts gre
aspire,ә'spaiә,"vi. 渴望, 立志于",ky toefl ielts gre
aspirin,'æspәrin,n. 阿斯匹林\n[化] 乙酰水杨酸; 阿司匹灵; 邻乙酸基苯甲酸,ielts
aspiring,ә'spaiәriŋ,"a. 有抱负的, 有志气的",toefl
ass,æs,"n. 驴, 傻瓜, 笨蛋, 屁股\n[计] 模拟仿真系统",cet6
assail,ә'seil,"vt. 攻击, 质问\n[法] 攻击, 袭击, 著手解决",toefl gre
assassin,ә'sæsin,"n. 暗杀者, 刺客\n[法] 暗杀者, 行刺者",toefl
assassinate,ә'sæsineit,"vt. 暗杀, 行刺\n[法] 暗杀, 行刺, 中伤",cet6 ky toefl
assassination,ә.sæsi'neiʃәn,"n. 暗杀\n[法] 暗杀, 行刺",ielts
assault,ә'sɒ:t,"n. 攻击, 袭击\nvt. 袭击, 攻击\nvi. 发动攻击",cet6 ky toefl ielts gre
assay,ә'sei,"n. 试验, 化验, 分析\nvt. 化验, 分析, 评价, 尝试\nvi. 被验明内含成分",gre
assemblage,ә'semblidʒ,"n. 集合, 装配, 一群人\n[法] 配合, 集合, 集合物",toefl
assemble,ә'sembl,"vt. 集合, 收集, 装配\nvi. 集合\n[计] 汇编",cet4 cet6 ky toefl ielts gre
assembly,ә'sembli,"n. 与会者, 集会, 装配, 组件\n[化] 装配",cet4 ky toefl
assent,ә'sent,n. 赞成\nvi. 同意,gre
assert,ә'sә:t,"vt. 主张, 坚称, 断言\n[法] 宣称, 断言, 维护",cet6 ky toefl ielts gre
assertive,ә'sә:tiv,"a. 武断的, 过分自信的\n[法] 断言的",cet6 gre
assertiveness,ə'sə:tivnis,"n. 魄力, 自信",gre
assess,ә'ses,"vt. 估定, 对...征税, 评定\n[经] 估计, 估价, 确定(税款罚款等)的金额",gk cet4 cet6 ky toefl ielts gre
assessment,ә'sesmәnt,"n. 评估, 估定, 评定的款额\n[化] 评估",gk cet6 toefl ielts gre
asset,'æset,"n. 资产, 有益的东西",cet6 ky toefl ielts gre
assiduous,ә'sidjuәs,"a. 勤勉的, 刻苦的",toefl gre
assign,ә'sain,"vt. 分配, 指派, 赋值\n[计] 赋值",cet4 cet6 ky toefl ielts
assignment,ә'sainmәnt,"n. 分配, 功课, 任务, 转让, 归因, 陈述\n[计] 赋值",cet4 cet6 ky toefl ielts
assignments,,n. 分配；作业（assignment的复数形式）,ielts
assimilate,ә'simileit,"vt. 使同化, 吸收, 使相拟, 把...比作\nvi. 被吸收, 被同化",cet6 ky toefl ielts gre
assimilation,ә.simi'leiʃәn,"n. 同化, 同化作用, 吸收\n[化] 同化; 同化作用",cet6
assist,ә'sist,"n. 帮助, 协助\nvt. 帮助, 促进\nvi. 协助, 参加",gk cet4 cet6 ky toefl
assistance,ә'sistәns,"n. 协助, 援助\n[经] 援助, 帮助",gk ky toefl ielts
assistant,ә'sistәnt,"n. 助手, 助理, 助教\na. 有帮助的, 辅助的, 助理的",gk cet4 cet6 ky toefl ielts
assistantship,ә'sistәnt-ʃip,n. (大学)研究生助教奖学金,toefl
associate,ә'sәuʃieit,"n. 同伴, 伙伴, 关联的事物\nvt. 使联合, 使发生联系\nvi. 交往\n[计] 关联",gk cet4 cet6 ky toefl ielts gre
association,ә.sәuʃә'eiʃәn,n. 协会\n[计] 关联,gk cet4 cet6 ky toefl ielts
assorted,ә'sɒ:tid,"a. 各种各样的, 分类的",toefl ielts gre
assortment,ә'sɒ:tmәnt,"n. 分类, 各种各样\n[医] [遗传]配列",toefl
assuage,ә'sweidʒ,"vt. 平息, 缓和, 减轻",toefl gre
assume,ә'sju:m,"vt. 假定, 承担, 呈现\nvi. 装腔作势, 僭越",gk cet4 cet6 ky toefl ielts gre
assumption,ә'sʌmpʃәn,"n. 假定, 自负, 担任, 假装\n[经] 假定, 承担",gk cet4 cet6 ky toefl ielts gre
assurance,ә'ʃuәrәns,"n. 保证, 把握, 信心, 保险\n[经] 保证, 担保, 保险",cet6 ky ielts
assure,ә'ʃuә,"vt. 保证, 使确信, 弄清楚, 担保\n[法] 确信, 保证, 保障",cet4 cet6 ky toefl ielts gre
assured,ә'ʃuәd,"a. 确定的, 自信的\n[经] 被保险人, 被保证者, 投保人",gre
assuredly,ә'ʃuәridli,"adv. 确实地, 无疑地, 确信地",toefl
asterisk,'æstәrisk,"n. 星号\n[计] 星号, 星号通配符",gre
asteroid,'æstәrɒid,"n. 小行星, 海盘车\na. 星状的",toefl gre
asthma,'æsmә,n. 哮喘\n[医] 气喘,gre
astigmatic,",æsti^'mætik","a. 散光的, 矫正散光的\n[计] 象散",gre
astonish,ә'stɒniʃ,vt. 使惊讶,gk cet4 ky toefl
astonished,,a. 吃惊的,toefl
astonishing,ә'stɒniʃiŋ,a. 令人惊讶的,toefl
astonishment,ә'stɒniʃmәnt,"n. 惊异, 惊愕, 使人惊异的事物",cet6
astound,ә'staund,"vt. 使惊骇, 使大惊",toefl ielts gre
astounding,ә'staundiŋ,a. 令人惊骇的,toefl
astray,ә'strei,"adv. 迷途地, 入歧途地\n[法] 误入歧途地, 离开正道地",gre
astringent,ә'strindʒәnt,"n. 收敛剂\na. 收敛性的, 严厉的, 涩的",gre
astrolabe,'æstrәleib,n. 星盘,gre
astrology,ә'strɒlәdʒi,"n. 占星术, 占星学",gre
astronaut,'æstrәnɒ:t,"n. 太空旅行者, 宇航员\n[法] 美国太空人",gk cet4 cet6 ky
astronomer,ә'strɒnәmә,n. 天文学家,gk toefl
astronomical,.æstrә'nɒmikl,"a. 天文学的, 庞大的",toefl gre
astronomy,ә'strɒnәmi,n. 天文学,gk cet6 ky toefl ielts
astute,ә'stju:t,"a. 敏锐的, 狡猾的",toefl gre
asunder,ә'sʌndә,"adv. 分开, 散, 碎",gre
asylum,ә'sailәm,"n. 庇护, 收容所\n[医] 养育院",ielts gre
asymmetric,æsi'metrik,"a. 不对称的, 偏位的\n[计] 非对称的, 不对称的, 不平衡的",gre
asymmetrical,,"a. 不对称的, 偏位的\n[计] 非对称的, 不对称的",toefl
at,æt,"prep. 在, 向, 对\n[计] 地址转换器, 异常传输, 自动订票",zk gk
atheism,'eiθiizm,n. 无神论,toefl gre
atheist,'eiθiist,n. 无神论者,toefl
Athens,'æθәns,n. 雅典(希腊首都),ielts
athlete,'æθli:t,"n. 运动员, 运动选手\n[医] 运动员",gk cet4 cet6 ky toefl ielts
athletic,æθ'letik,a. 运动的,gk cet6
athletics,æθ'letiks,n. 体育运动,gk gre
Atlantic,әt'læntik,n. 大西洋\na. 大西洋的,zk gk cet4
atlas,'ætlәs,"n. 地图集, 图表集\n[计] 自动测试和负载分析系统",ielts
atmosphere,'ætmәsfiә,"n. 大气, 空气, 气氛\n[医] 大气; 大气压",gk cet4 cet6 ky toefl
atmospheric,ætmәs'ferik,a. 大气的\n[医] 大气的; 大气压的,cet4 cet6 ielts
atom,'ætәm,"n. 原子, 核能, 微粒, 微量\n[计] 原子",gk cet4 cet6 ky toefl
atomic,ә'tɒmik,"a. 原子的, 原子能的\n[医] 原子的",cet4 toefl
atomization,.ætәumai'zeiʃәn,"n. 粉碎, 以原子弹轰炸, 雾化\n[化] 原子化; 雾化",toefl
atonal,ei'tәunl,a. 无调性的,gre
atone,ә'tәun,"vi. 补偿, 弥补\n[法] 赔偿, 补偿, 偿还",gre
atrocious,ә'trәuʃәs,"a. 残暴的, 凶恶的",gre
atrocity,ә'trɒsiti,"n. 残暴, 凶恶, 暴行\n[法] 暴行, 残酷, 残忍",gre
atrophy,'ætrәfi,"n. 萎缩, 萎缩症\n[医] 萎缩",toefl gre
attach,ә'tætʃ,"vt. 附上, 使依附, 使附属, 使喜爱, 系, 缚\nvi. 附属, 归属, 联系在一起\n[计] 挂接服务器命令, 关联, 挂接, 附加",gk cet4 cet6 ky toefl ielts gre
attached,ә'tætʃt,"a. 附加的；依恋的, 充满爱心的",toefl
attachment,ә'tʃætʃmәnt,"n. 连接, 附属物, 连接物, 爱慕\n[计] 附加, 附件",cet6 toefl
attack,ә'tæk,"n. 攻击, 抨击\nvt. 攻击, 抨击, 动手干\nvi. 攻击",gk cet4 cet6 ky ielts
attacks,,"n. 攻击, 评击（attack的复数形式）",ielts
attain,ә'tein,"vt. 达到, 获得\nvi. 达到",gk cet4 cet6 ky toefl ielts gre
attainment,ә'teinmәnt,n. 达到,toefl gre
attempt,ә'tempt,"n. 尝试, 企图\nvt. 尝试, 企图",gk cet4 cet6 ky toefl ielts
attempts,,"n. 企图, 试图；尝试（attempt的复数）\nv. 试图；努力去做（attempt的三单形式）",ielts
attend,ә'tend,"vt. 参加, 照料, 伴随\nvi. 专心于, 照顾, 服侍, 出席",gk cet4 ky toefl ielts
attendance,ә'tendәns,"n. 出席, 出席的人数, 照料\n[法] 管理, 照料, 资助",cet6 ky toefl ielts
attendant,ә'tendәnt,"n. 随从, 侍者, 出席者\na. 侍候的, 伴随的, 出席的, 在场的",cet6 ky toefl ielts
attent,ә'tent,"[古]注意的, 留意的",cet6
attention,ә'tenʃәn,"n. 注意, 注意力\n[计] 引起注意信号",zk gk cet4 ky toefl ielts
attentive,ә'tentiv,"a. 注意的, 留心的",cet4 cet6 ky ielts
attentively,ә'tentivli,"adv. 注意地, 留心地",gk
attenuate,ә'tenjueit,"a. 纤细的, 稀薄的, 稀释的\nvt. 使减弱, 使纤细\nvi. 变稀薄, 变纤细, 减少\n[计] 衰减",gre
attest,ә'test,"vi. 证明, 表明, 作证\nvt. 为...作证",gre
attic,'ætik,"n. 阁楼, 顶楼\n[医] 鼓室上隐窝",gre
attire,ә'taiә,"n. 服装, 盛装\nvt. 使穿衣, 打扮",toefl gre
attitude,'ætitju:d,"n. 态度, 看法, 姿势\n[医] 体态, 姿势, 态度",gk cet4 ky
attorney,ә'tә:ni,"n. 代理人, 律师\n[经] 律师, 代理人",cet6 ky toefl ielts gre
attract,ә'trækt,"vt. 吸引, 诱惑\nvi. 有吸引力",gk cet4 ky toefl
attraction,ә'trækʃәn,"n. 吸引, 吸引人的事物, 吸引力\n[医] 吸引",gk cet4 toefl
attractive,ә'træktiv,"a. 吸引人的, 有魅力的\n[法] 有吸引力的, 有迷惑力的",gk cet4 ky toefl ielts
attribute,ә'tribju:t,"n. 属性, 标志, 定语\nvt. 把...归于, 认为...属于\n[计] 属性",cet4 cet6 ky toefl ielts gre
attrition,ә'triʃәn,"n. 摩擦, 磨损\n[医] 擦除术; 磨耗",toefl gre
attune,ә'tju:n,"vt. 为乐器调音, 使协调, 使合拍",gre
auction,'ɒ:kʃәn,n. 拍卖\nvt. 拍卖,ky ielts gre
audacious,ɒ:'deiʃәs,"a. 大胆的, 鲁莽的, 胆大妄为的",toefl gre
audible,'ɒ:dәbl,a. 听得见的\n[电] 可闻的,toefl ielts gre
audience,'ɒ:diәns,"n. 听众, 观众, 读者\n[法] 听讼, 观众, 听众",gk cet4 cet6 ky toefl ielts gre
audio,'ɒ:diou,"a. 音频的, 声音的\n[电] 声频",cet4 ky ielts
audit,'ɒ:dit,"n. 审计, 查帐\nvt. 查(帐), 旁听\nvi. 查账\n[计] 查帐; 审查; 检查",ky toefl ielts gre
audition,ɒ:'diʃәn,"n. 听, 听力, 试听\n[计] 审计命令",toefl ielts
auditor,'ɒ:ditә,"n. 审计员, 听者, 旁听生\n[经] 审计(查帐)员, 审计师, 会计检查员",toefl
auditorium,.ɒ:di'tɒ:riәm,"n. 听众席, 礼堂\n[医] 大讲堂, 大会堂",ky toefl ielts gre
auditory,'ɒ:ditәri,"a. 听觉的, 听觉器官的\n[医] 听[音]的, 听觉的",toefl
auger,'ɒ:gә,"n. 螺旋钻, 木螺钻\n[机] 木螺钻",toefl gre
augment,ɒ:g'ment,"v. 增加, 增长\n[计] 增加; 增量; 添加",cet6 ky toefl ielts gre
augmentation,.ɒ:gmen'teiʃәn,"n. 增加, 增长, 增加物\n[医] 增进, 增加",gre
augur,'ɒ:gә,"n. 占卜官, 预言者\nv. 预示, 预言",gre
augury,'ɒ:gjuri,"n. 预兆, 占卜",gre
august,ɒ:'gʌst. 'ɒ:gәst,"n. 八月\na. 威严的, 令人敬畏的",zk gk ielts gre
aunt,ɑ:nt,"n. 阿姨, 姨妈, 舅妈, 姑妈, 伯母",zk gk
aura,'ɒ:rә,"n. 气氛, 气味\n[医] 先兆",toefl
aural,'ɒ:rәl,"a. 耳的, 听觉的, 气氛的, 气味的, 光环的\n[医] 耳的; 先兆的",cet4 cet6 ky
aureole,'ɒ:riәul,"n. 光轮, 光环",gre
auricular,ɒ:'rikjulә,"n. 耳的, 私下对人说的, 耳状的\n[医] 耳的; 心耳的; 心房",gre
aurora,ɒ:'rɒ:rә,"n. 曙光, 极光, 奥罗拉(曙光女神)\n[电] 极光",toefl gre
auspice,'ɒ:spis,"n. 吉兆, 占卜, 赞助",toefl gre
auspices,'ɔ:spisiz,"n. 赞助, 主办, 保护",toefl gre
auspicious,ɒ:'spiʃәs,"a. 吉兆的, 幸运的",toefl gre
austere,ɒ'stiә,"a. 严峻的, 禁欲的, 简朴的",gre
austerity,ɒ'sterәti,"n. 朴素, 苦行, 严格, 严峻",toefl gre
Australia,ɒ'streiljә,"n. 澳洲, 澳大利亚",zk gk ielts
Australian,ɒ'streiljәn,"n. 澳大利亚人\na. 澳大利亚的, 澳洲的, 澳洲人的",zk gk ielts
authentic,ɒ:'θentik,"a. 可靠的, 可信的, 真正的\n[法] 被认证的, 确认的, 可信的",gk cet6 ky toefl ielts gre
authenticate,ɒ:'θentikeit,"vt. 证明可信, 证实为真, 使具法律效力\n[法] 认证, 鉴定, 证明",toefl
authenticity,.ɒ:θen'tisiti,"n. 可靠性, 真实性\n[经] 确实性, 真实性",gre
author,'ɒ:θә,"n. 作家, 作家的著作, 创始人\n[法] 作者, 著作人, 本人",gk cet4 cet6 ky ielts
authoritarian,ɒ:.θɒri'tєәriәn,"a. 独裁的, 独裁主义的",gre
authoritative,ɒ:'θɒritәtiv,"a. 权威性的, 官方的, 命令式的\n[法] 官方的, 当局的, 权威的",toefl ielts
authority,ɒ:'θɒriti,"n. 权力, 当权者, 当局, 权威, 专家\n[经] 代理权, 授权, 权威",gk cet4 cet6 ky toefl ielts
authorization,.ɒ:θәrai'zeiʃәn,"n. 授权, 许可\n[经] 授权, 许可, 批准",gre
authorize,'ɒ:θәraiz,"vt. 授权, 批准, 委托\n[经] 授权, 委任, 认可",toefl ielts
auto,'ɒ:tәu,"n. 汽车\npref. 表示""自己""、""本身"", 表示""自己的"", 表示""自动的""",cet4 ky
autobiographical,ɔ:tәjbaiә'^ræfik(ә)l,"a. 自传的, 自传体的",toefl
autobiography,.ɒ:tәubai'ɒgrәfi,n. 自传,cet4 toefl gre
autocracy,ɒ:'tɒkrәsi,"n. 独裁统治, 独裁统治的国家\n[法] 独裁政治, 专制政治, 独裁政府",gre
autocrat,'ɒ:tәkræt,n. 独裁者,toefl gre
automate,'ɔ:tәmeit,vt.vi. (使)自动化\n[计] 自动化,cet6
automated,,a. 自动化的；机械化的,toefl
automatic,.ɒ:tә'mætik,"n. 自动手枪, 自动机械\na. 自动的, 机械的, 必然的, 无意识的",gk cet4 cet6 ky toefl ielts
automatically,.ɒ:tә'mætikli,"adv. 自动地, 机械地",cet4
automation,.ɒ:tә'meiʃәn,"n. 自动化, 自动操作\n[计] 自动学; 自动化",cet4 cet6 ky ielts gre
automobile,'ɒ:tәmәbi:l,n. 汽车\n[机] 汽车,cet4 cet6 ielts
automotive,.ɒ:tәu'mәutiv,a. 汽车的,toefl
autonomous,ɒ:'tɒnәmәs,a. 自治的\n[医] 自主的,gk toefl gre
autonomy,ɒ:'tɒnәmi,"n. 自治, 自治权\n[医] 自主性",ky toefl ielts gre
autopsy,'ɒ:tәpsi,"n. 验尸\n[医] 尸体解剖, 尸体剖检",toefl
autumn,'ɒ:tәm,"n. 秋天, 成熟期",zk gk
auxiliary,ɒ:g'ziljәri,"n. 辅助者, 辅助物, 附属机构, 助动词\na. 辅助的, 备用的",cet4 cet6 ky toefl ielts gre
avail,ә'veil,"vi. 有用, 有利\nvt. 有利于\nn. 效用, 利益",cet6 ky ielts
availability,ә.veilә'biliti,"n. 有效性, 可利用性, 可利用的人\n[计] 有效性; 可用性",cet6
available,ә'veilәbl,"a. 可利用的, 可获得的, 有效的\n[医] 有效的, 可得的",zk gk cet4 cet6 ky toefl ielts gre
avalanche,'ævәlɑ:ntʃ,"n. 雪崩, 山崩, 大量\nvi. 崩塌\nvt. 大量涌至",toefl ielts gre
avant-garde,.ævɔŋ'ɡɑ:d,n. 先锋派；前卫派,toefl gre
avarice,'ævәris,n. 贪婪,toefl gre
avaricious,.ævә'riʃәs,a. 贪婪的,toefl gre
avenge,ә'vendʒ,"vt. 为...报复, 报仇",gre
avenue,'ævәnju:,"n. 大街, 途径, 林荫路",gk cet4 ky toefl ielts
aver,ә'vә:,"vt. 断言, 坚称\n[法] 立证, 证明, 确证",gre
average,'ævәridʒ,"n. 平均, 平均数, 一般水平, 海损\na. 平均的, 中等的, 平常的\nvt. 算出...平均数, 平均做, 均分, 使平衡\nvi. 平均为, 呈中间色",gk cet4 ky toefl ielts
averse,ә'vә:s,"a. 不愿意的, 反对的",toefl gre
aversion,ә'vә:ʃәn,"n. 厌恶, 讨厌的事, 讨厌的人\n[医] 厌恶, 移转, 移位",toefl gre
avert,ә'vә:t,"vt. 转开, 避免, 防止",cet6 ky toefl ielts gre
aviary,'eivjәri,"n. 大型鸟舍, 鸟类饲养场",gre
aviation,.eivi'eiʃәn,"n. 航空, 航空学, 飞行术\n[法] 航空, 飞行, 飞行术",cet4 cet6 ky toefl ielts
aviator,'eivieitә,n. 飞行员,toefl
avid,'ævid,"a. 渴望的, 急切的, 劲头十足的",toefl gre
avocation,.ævәu'keiʃәn,"n. 副业, 嗜好\n[法] 法院之间诉讼的转移, 职业, 本职",toefl gre
avocational,,业余爱好的\n副业的,toefl
avoid,ә'vɒid,"vt. 避免, 防止, 撤消\n[法] 避免, 回避, 躲开",zk gk cet4 ky toefl ielts gre
avoidable,ә'vɒidәbl,"a. 可避免的\n[法] 可作为无效的, 可回避的, 可避免的",toefl
avoidance,ә'vɒidәns,"n. 避免, 避开, 逃避\n[经] 回避, 废止, 宣告无效",toefl
avouch,ә'vautʃ,"v. 断言, 主张, 保证, 承认",toefl
avow,ә'vau,"vt. 坦率承认, 断言\n[法] 公开宣称, 声明, 供认",toefl gre
avowal,ә'vauәl,"n. 公开表示, 坦率承认\n[法] 声明, 公开宣布, 供认",gre
avuncular,ә'vʌŋkjulә,"a. 叔伯的, 叔伯似的",gre
await,ә'weit,vt. 等候\nvi. 等待着,cet4 ky
awake,ә'weik,"a. 醒着的\nvt. 唤醒, 唤起, 使意识到\nvi. 醒来, 被唤起, 意识到",zk gk cet4 cet6 ky
award,ә'wɒ:d,"n. 奖品, 裁定, 判决\nvt. 授予, 给予",gk cet4 cet6 ky ielts
aware,ә'wєә,"a. 知道的, 有觉悟的",gk cet4 ky toefl ielts
awareness,ә'weәnis,"n. 意识, 认识\n[计] 识别, 议定, 明白",toefl ielts
away,ә'wei,adv. 离去,zk gk
awe,ɒ:,n. 敬畏\nvt. 使敬畏,ky toefl gre
awe-inspiring,"'ɔ:in,spaiәriŋ",a. 使人畏惧的,gre
awesome,'ɒ:sәm,"a. 引起敬畏的, 可怕的",gk
awful,'ɒ:ful,"a. 可怕的, 庄严的, 虔敬的",gk cet4 cet6 ky ielts
awfully,'ɒ:fuli,"adv. 恶劣地, 非常地, 极端地",cet4
awkward,'ɒ:kwәd,"a. 笨拙的, 棘手的",gk cet4 cet6 ky toefl ielts gre
awkwardly,,adv. 笨拙地；无技巧地,toefl
awl,ɒ:l,"n. 钻子, 尖锥",gre
awning,'ɒ:niŋ,"n. 遮篷, 雨篷",gre
awry,ә'rai,"a. 歪的, 错误的\nadv. 歪斜地, 错地",gre
ax,æks,"n. 斧头\nvt. 用斧削或砍, 削减",cet4
axe,,"n. 斧, 斧头\nvt. 削减(人员、经费、计划、机构等)",ky toefl
axial,'æksiәl,"a. 轴的, 成轴的, 轴向的\n[医] 轴的, 中轴的",cet6
axiom,'æksiәm,"n. 自明之理, 公理, 原理, 格言\n[法] 公理, 原理, 原则",gre
axis,'æksis,n. 轴\n[计] 坐标轴,cet4 cet6 ky toefl ielts gre
axle,'æksl,"n. 轴, 车轴\n[电] 轴",cet6 gre
azure,'æʒә,"n. 天蓝色, 碧空\na. 蔚蓝的",toefl gre
B.C.,,公元前,cet4
babble,'bæbl,"vi. 牙牙学语, 喋喋不休\nvt. 唠叨, 吐露\nn. 儿语, 胡言乱语, 嘈杂声\n[计] 串音",gre
baboon,bә'bu:n,n. 狒狒\n[医] 狒狒,toefl
baby,'beibi,n. 婴孩\n[医] 婴儿,zk gk
baby-sitter,,n. 看顾小孩的人,toefl
bacchanal,'bækәnl,"a. 酒神的, 酒神节的, 狂饮作乐的\nn. 酒神崇拜者, 狂饮作乐",gre
bachelor,'bætʃәlә,"n. 单身汉, 学士\n[法] 学士, 单身汉",gk cet4 cet6 ky toefl
back,bæk,"a. 后面的\nvt. 使后退, 支持\nvi. 倒退, 背靠\nadv. 向后地\nn. 背部, 后面",zk gk ielts
backache,'bækeik,n. 背痛,gk
backbone,'bækbәun,"n. 脊椎, 志气, 骨干, 支柱\n[计] 主干网, 主干网点",cet6 toefl
backdrop,'bækdrɒp,"n. 背景幕, 背景",toefl gre
background,'bækgraund,"n. 背景, 背景资料\n[计] 背景, 后台",zk gk cet4 ky toefl ielts
backhanded,'bæk'hændid,a. 间接的,gre
backpack,'bækpæk,"n. 远足用的背包；双肩背包, 背包",toefl
backset,'bækset,"n. 挫折, 倒退, 逆流, 涡流",gre
backslide,.bæk'slaid,"vi. 堕落, 退步\nn. 堕落, 退步",gre
backward,'bækwәd,"adv. 向后地, 相反地\na. 向后的, 相反的\n[计] 倒推",gk cet4 ky toefl ielts
backwater,'bæk.wɒ:tә,"n. 死水, 滞水, 停滞, 回水",gre
bacon,'beikәn,n. 熏猪肉\n[机] 腌肉,gk cet6 ky ielts
bacteria,bæk'tiәriә,"pl. 细菌\n[医] 细菌, [无芽胞]杆菌",cet4 cet6 toefl ielts gre
bacterium,bæk'tiәriәm,n. 细菌\n[医] [无芽胞]杆菌属,gk cet6 ky ielts gre
bad,bæd,a. 坏的\nn. 坏\nadv. 坏地,zk gk
badge,bædʒ,"n. 徽章, 标记\n[计] 标记",cet6 ky ielts gre
badger,'bædʒә,"n. 獾, 獾皮毛\nvt. 纠缠",toefl gre
badinage,bædinɑ:ʒ,"n. 开玩笑；嘲弄, 揶揄",gre
badly,'bædli,"adv. 严重地, 恶劣地, 极度地",gk cet4 ky
badminton,'bædmintәn,n. 羽毛球运动,gk cet4 cet6 ky ielts
baffle,'bæfl,"vt. 困惑, 为难, 使挫折\nvi. 徒作挣扎\nn. 迷惑, 挡板",cet6 ielts gre
bag,bæg,"n. 袋子, 袋状物\nvt. 使膨大, 装袋, 猎获",zk gk
baggage,'bægidʒ,n. 行李\n[经] 行李,gk cet4 ky toefl ielts
bail,beil,"n. 保释, 拎环, 杓, 栅栏\nvt. 保释, 舀水",gre
bait,beit,"n. 饵\nvt. 以饵引诱, 欺负\nvi. 中途休息",cet6 ky toefl ielts gre
bake,beik,"vt. 烘焙, 烤\nvi. 烤面包\nn. 烘焙, 烤",gk cet4 ky ielts
bakery,'beikәri,n. 面包店,gk
balance,'bælәns,"n. 平衡, 差额\nvi. 平衡, 相等\nvt. 称, 权衡, 比较, 使平衡, 结算, 抵消",gk cet4 ky toefl ielts
balanced,'bælәnst,"a. 公平的, 平衡的\n[计] 平衡的, 对称的, 均衡的",toefl
balcony,'bælkәni,"n. 阳台, 戏院楼厅",gk cet4 cet6 ky toefl ielts
bald,bɒ:ld,"a. 秃头的, 光秃的, 单调的, 赤裸的\nvi. 变秃",cet6 ky toefl ielts
baldness,'bɒ:ldnis,"n. 光秃, 率直, 枯燥\n[医] 秃[发], 脱发",ielts
bale,beil,"n. 包, 捆, 货物, 灾难\nvt. 打包, 捆包",gre
baleful,'beilful,"a. 有害的, 恶意的",gre
balk,bɒ:k,"n. 障碍, 错误, 失败\nvt. 阻止, 错过, 推诿\nvi. 逡巡不前",toefl gre
balky,'bɒ:ki,a. 停蹄不前的,gre
ball,bɒ:l,"n. 球, 舞会, 球状物\nv. 捏成球形",zk gk
ballad,'bælәd,n. 歌谣,gre
ballast,'bælәst,"n. 压载物, 压舱物\n[经] 底货, 压舱货",gre
ballerina,.bælә'ri:nә,n. 芭蕾舞女演员,gre
ballet,'bælei,n. 芭蕾舞,gk cet6 ky toefl ielts
balloon,bә'lu:n,"n. 气球\nvt. 使成气球状\nvi. 膨胀如气球, 激增",zk gk cet4 ky toefl ielts gre
balloonist,bә'lu:nist,n. 驾驶/操纵气球的人,toefl
ballot,'bælәt,"n. 投票, 投票用纸, 抽签\nvi. 投票, 抽签\nvt. 投票选出, 拉选票",cet6 ky toefl ielts gre
ballpoint,,n. 圆珠笔,gk
ballroom,'bɒ:lrum,"n. 舞厅, 跳舞场",ielts
balm,bɑ:m,"n. 镇痛软膏, 香膏\n[化] 香树膏; 香脂",gre
balmy,'bɑ:mi,"a. 芳香的, 温和的, 止痛的\n[化] 香脂气味的",toefl gre
bamboo,bæm'bu:,n. 竹子\n[医] 竹类,zk gk cet6 ielts
bamboozle,bæm'bu:zl,"vt. 欺骗, 迷惑",gre
ban,bæn,"n. 禁令\nvt. 禁止, 取缔",gk cet4 cet6 ky toefl ielts gre
banal,bә'nɑ:l,"a. 平凡的, 陈腐的",gre
banana,bә'nɑ:nә,n. 香蕉,zk gk
band,bænd,"n. 带子, 队, 乐队\nv. 联合, 结合\n[计] 频带; 波段; 区",gk cet4 ky toefl ielts gre
bandage,'bændidʒ,n. 绷带\n[化] 帘布筒; 实心轮胎; 紧带; 绷带,gk cet6 ky ielts gre
bandanna,bæn'dænә,n. 一各印花大手帕,toefl
bandit,'bændit,n. 强盗,cet6 toefl
bandleader,"'bænd,li:dә(r)",n. 伴舞乐队的指挥,toefl
bandmaster,'bænd.mɑ:stә,n. 管乐队指挥,toefl
bands,'bændz,n. 法官；乐队,ielts
bandy,'bændi,"a. 向外弯曲的\nvt. 打来打去, 谈论, 往复投掷",gre
bane,bein,"n. 祸根, 毒药, 灭亡的原因, 灭亡\n[医] 毒物, 毒, 毒药",gre
bang,bæŋ,"n. 重击, 突然巨响, 刘海\nv. 发巨响, 重击\nadv. 砰然地, 突然巨响地, 直接地\n[计] 撞击符",gk cet4 cet6 ky toefl ielts
banish,'bæniʃ,"vt. 驱逐, 消除\n[法] 驱逐, 流放",toefl ielts gre
banister,'bænistә,"n. 栏杆的支柱, 楼梯的扶栏",gre
bank,bæŋk,"n. 银行, 堤, 岸\n[医] 库",zk gk ielts
banker,'bæŋkә,"n. 银行家, 庄家\n[经] 银行业者, 银行家",cet6 toefl
banking,'bæŋkiŋ,"n. 银行业务\n[经] 银行业, 银行事务",ielts
bankrupt,'bæŋkrʌpt,n. 破产者\na. 破产的\nvt. 使破产,cet6 ky toefl ielts gre
bankruptcy,'bæŋkrәptsi,"n. 破产者\n[经] 破产, 倒闭",cet6 toefl
banner,'bænә,"n. 旗帜\na. 显著的, 特别好的",cet4 ky toefl ielts
banquet,'bæŋkwit,n. 宴会,cet6 ky toefl ielts gre
banter,'bæntә,"n. 戏谑, 嘲弄\nv. 戏弄, 开玩笑",gre
bar,bɑ:,"n. 条, 棒, 酒吧, 栅, 障碍物\nvt. 禁止, 阻挡, 妨碍\n[计] 棒形图",gk cet4 ky toefl ielts gre
barb,bɑ:d,n. 倒钩\nvt. 装倒钩于,toefl gre
barbarian,bɑ:'bєәriәn,n. 野蛮人\na. 野蛮的,toefl
barbarous,'bɑ:bәrәs,"a. 野蛮的, 残暴的, 粗野的",gre
barbecue,'bɑ:bikju:,"n. 烤肉\nvt. 烤肉, 烧烤",gk ky toefl ielts gre
barber,'bɑ:bә,n. 理发师,gk cet4 ky toefl ielts
barbershop,,n. 理发店,gk
bard,bɑ:d,"n. 吟游诗人, 诗人",gre
bare,bєә,"a. 赤裸的, 缺少的, 无遮蔽的, 坦率的\nvt. 使赤裸, 露出",gk cet4 ky toefl ielts gre
barefaced,'bєәfeist,"a. 公然的, 无耻的, 无面具的",gre
barely,'bєәli,adv. 几乎不,cet4 cet6 ky toefl ielts
bargain,'bɑ:gin,"n. 交易, 买卖协定, 特价商品\nv. 讲价, 交易",gk cet4 cet6 ky ielts gre
barge,bɑ:dʒ,"n. 驳船\nvt. 用船运输\nvi. 蹒跚, 闯入",cet6 toefl gre
bark,bɑ:k,"n. 树皮, 吠声\nvi. 吠, 叫骂\nvt. 喊出, 剥树皮",gk cet4 cet6 ky toefl ielts gre
barley,'bɑ:li,n. 大麦\n[医] 大麦,cet6
barn,bɑ:n,n. 谷仓\n[化] 靶(恩)(核反应截面单位),cet4 cet6 ky toefl ielts gre
barometer,bә'rɒmitә,n. 气压计\n[化] 气压计,cet6 toefl ielts
baron,'bærәn,"n. 男爵\n[法] 男爵, 贵族, 大王",cet6 gre
baroque,bә'rɒk,"n. 巴罗克风格, 巴罗克式\na. 巴罗克式的, 绮靡的, 以俗艳标新立异的",toefl gre
barrage,'bærɑ:dʒ,"n. 弹幕, 掩护炮火\nvt. 以密集炮火进攻",gre
barrel,'bærәl,n. 桶\nvt. 装入桶内,cet4 cet6 ky toefl ielts
barren,'bærәn,"a. 不育的, 贫瘠的\nn. 荒地",cet6 ky toefl ielts gre
barrenness,,"n. 贫瘠, 不妊, 不孕, 不生育, 不毛, 荒芜, 思想贫乏, 空洞, 无用, 无聊\n[医] 不育症, 不孕症",toefl
barricade,.bæri'keid,"n. 路障, 障碍\nvt. 设路障于, 阻碍",toefl ielts gre
barrier,'bæriә,"n. 障碍, 栅栏\n[化] 势垒; 阻片; 阻挡层",gk cet4 cet6 ky toefl ielts gre
barrister,'bæristә,"n. 出庭律师, 律师\n[法] 律师, 专门律师, 大律师",gre
barter,'bɑ:tә,"n. 物物交换, 实物交易\nv. 物物交换, 交换",toefl ielts gre
base,beis,"n. 底部, 垒, 基础, 基地\nvt. 以...作基础\na. 卑鄙的, 低劣的\n[计] 基准",gk cet4 ky gre
baseball,'beisbɒ:l,n. 棒球\n[计] 棒球系统,zk gk cet4 cet6 ky ielts
basement,'beismәnt,"n. 地下室, 墙脚\n[化] 地下室",gk cet6 ky toefl ielts
bashful,'bæʃful,a. 害羞的,toefl
basic,'beisik,"n. 基本原理, 要素, 基本规律\na. 基本的, 碱性的\n(计算机)BASIC语言",zk gk cet4 ky toefl ielts
basically,'beisikli,"adv. 基本上, 主要地",cet4
basin,'beisn,"n. 盆, 盆地\n[医] 第三脑室, 骨盆",gk cet4 cet6 ky toefl
basis,'beisis,"n. 基础, 主要成分\n[化] 基底",gk cet4 ky ielts
bask,bɑ:sk,"vi. 晒太阳, 感到舒适",toefl gre
basket,'bɑ:skit,"n. 篮, 篮子\nvt. 装入篮",zk gk
basketball,'bɑ:skitbɒ:l,n. 篮球,zk gk
bassoon,bә'su:n,"n. 低音管, 巴松管",gre
baste,beist,"vt. 用长针脚粗缝, 润以油脂, 狠揍",toefl gre
bat,bæt,"n. 蝙蝠, 球棒\nv. 用球棒打, 眨眼\n[计] 成批",gk cet4 ky
batch,bætʃ,"n. 一次所烘的面包, 一次所制之量, 一组, 批, 成批, 分批\nv. 成批, 分批处理\n[计] 一批",cet6 ky ielts gre
bath,bæθ.bɑ:θ,"n. 沐浴, 浴室\n[医] 浴",gk cet4 ky ielts
bathe,beið,"vt. 沐浴, 用水洗\nvi. 洗澡",gk cet4 ky ielts
bather,'beiðә,"n. 入浴者, 游泳者",gre
bathetic,bә'θetik,"a. 陈腐的, 突降的",gre
bathrobe,'bɑ:θrәub,n. 浴衣,gk
bathroom,'bɑ:θru:m,"n. 浴室, 厕所",zk gk cet4 ky ielts
bathtub,'bɑ:θtʌb,n. 浴缸,gk
baton,'bætәn,"n. 指挥棒, 接力棒, 警棍",gre
battalion,bә'tæljәn,"n. 营, 军队, 集团",gre
batter,'bætә,v. 连续猛打（尤其指妇女），猛击\nn. 面糊（食物），击球员，打击手,toefl ielts
battery,'bætәri,"n. 电池, 殴打\n[化] 蓄电池",gk cet4 cet6 ky toefl ielts
battle,'bætl,n. 战役\nv. 战斗,gk cet4 cet6 ky toefl
battleground,'bætlgraund,"n. 战场, 战地",gk
bauble,'bɒ:bl,"n. 美观而无价值的东西, 玩具, 小玩意",gre
bauxite,'bɒ:ksait,"n. 铝矾土, 铝土矿\n[化] 铝土矿",gre
bawdy,'bɒ:di,"a. 淫秽的, 言语猥亵的",gre
bawl,bɒ:l,n. 大叫声\nv. 大叫,gre
bay,bei,"n. 海湾, 狗吠声, 月桂\nvt. 吠, 使走投无路\nvi. 吠",gk cet4 cet6 ky toefl ielts
bazaar,bә'zɑ:,"n. 集市, 市场, 义卖市场",cet6 gre
be,bi:,"v. 是, 表示, 在\n[计] 后端, 总线允许",zk gk
beach,bi:tʃ,n. 海滩,zk gk cet4 ky ielts
beacon,'bi:kn,"n. 烽火, 灯塔\nv. 照亮",toefl gre
bead,bi:d,"n. 珠子, 滴\nvt. 用珠装饰\nvi. 形成珠\n[计] 珠",cet6 toefl ielts
beaded,bi:did,a. 珠状的；饰以珠的,toefl
beak,bi:k,"n. 鸟嘴, 喙\n[医] 嘴, 喙",toefl
beam,bi:m,"n. 横梁, 杆, 光线, 容光焕发\nvi. 用梁支承, 微笑, 射出光线\nvt. 照耀, 感到欣喜\n[计] 束",gk cet4 cet6 ky toefl ielts gre
bean,bi:n,n. 豆子\n[化] 油嘴; 豆,gk cet4 cet6 ky toefl
beancurd,'bi:nkə:d,n. 豆腐,gk
bear,bєә,"n. 熊\nvt. 忍受, 支承, 产生, 怀有, 通过卖空使跌价\nvi. 忍受, 结果实, 压挤, 行进, 转向",gk toefl ielts
beard,biәd,"n. 胡须\nvt. 抓住胡须, 公开反对",gk cet4 ky toefl ielts
bearing,'bєәriŋ,"n. 举止, 轴承, 忍受, 关系, 意义, 方向, 生育\n[化] 轴承",cet6 ky ielts gre
beast,bi:st,"n. 畜生, 动物, 野兽, 兽性",gk cet4 ky toefl
beat,bi:t,"n. 心跳(声), 打, 敲打声, 拍子\nv. 打, 拍打, 打败\na. 疲乏的, 颓废的\nbeat的过去式\n[计] 拍; 节拍",zk gk toefl ielts gre
beatific,.bi:ә'tifik,"a. 至福的, 赐福的, 极乐的",gre
beats,bi:ts,n. 音乐节拍；差拍振动；心脏跳动（beat的复数）,ielts
beautiful,'bju:tiful,a. 美丽的,zk gk ielts
beauty,'bju:ti,"n. 美, 美人",gk cet4 ky ielts
beaver,'bi:vә,n. 海狸(毛皮)\n[机] 轻型及中型飞机加油,toefl
because,bi'kɒ:z,conj. 因为,zk gk
beckon,'bekәn,"v. 招手示意, 召唤, 吸引\nn. 表召唤的点头(或手势)",gre
become,bi'kʌm,"vi. 变成, 变得\nvt. 适合",zk gk ielts
becoming,bi'kʌmiŋ,"a. 合适的, 适当的",toefl
bed,bed,"n. 床, 睡眠处, 河床, 底座, 路基, 一层\nvt. 提供宿处, 栽种, 安装\nvi. 睡, 形成坚实的一层",zk gk
bedclothes,'bedklәuðz,"n. 铺盖, 床上用品\n[医] 铺盖, 被褥",gk
beddings,'bedɪŋ,n. 寝具；（建筑）[建] 基床；（家畜）草垫\na. 适于花坛种植的\nvt. 把…栽入苗床（bed的ing形式）\nvi. 睡（bed的ing形式）,gk
bedeck,bi'dek,"vt. 装饰, 修饰",toefl gre
bedizen,bi'daizn,vt. 俗丽地打扮(或装饰),gre
bedlam,'bedlәm,"n. 混乱, 喧闹, 疯人院\n[医] 精神病院, 精神病",gre
bedraggled,bi'drægld,"a. 全身泥污的, 满身湿透的, 破烂的",gre
bedrock,bed'rɒk,"n. 基岩, 基本原理, 基础",toefl
bedroom,'bedrum,n. 卧室,zk gk ielts
beds,,"n. 床上用品, 床组（bed复数）",ielts
bedsit,bed'sɪt,n. 卧室兼起居室\nvt. 租用卧室兼起居室,ielts
bee,bi:,"n. 蜜蜂, 聚会",zk gk cet4 ky
beef,bi:f,"n. 牛肉, 肌肉\nvt. 养(牛), 宰(牛)\nvi. 抱怨, 告发",zk gk
beehive,'bi:haiv,"n. 蜂窝, 蜂箱\n[机] 集气架, 蜂巢",gk
beer,biә,n. 啤酒\n[化] 啤酒,gk
beet,bi:t,n. 甜菜(根)\n[化] 甜菜,gre
beetle,'bi:tl,"n. 甲虫, 大槌\nvi. 快速移动\nvt. 捶",cet6
before,bi'fɒ:,prep. 在...之前\nconj. 在...之前\nadv. 在前,zk gk
beforehand,bi'fɒ:hænd,adv. 预先,cet4 cet6 ky toefl ielts
befuddle,bi'fʌdl,"vt. 使昏沉, 使迷惑, 使糊涂",toefl gre
befuddlement,,"[医] 迷惘, 迷糊",gre
beg,beg,"v. 乞求, 乞讨, 请求",gk cet4 ky toefl
beget,bi'get,"vt. 为某人之生父, 招致, 产生, 引起",toefl gre
beggar,'begә,"n. 乞丐\nvt. 使贫穷, 使成乞丐",cet4 cet6
begin,bi'gin,v. 开始\n[计] 开始,zk gk
beginner,bi'ginә,n. 初学者,cet4
beginners,,n. 初学者；生手；首创者（beginner的复数）,ielts
beginning,bi'giniŋ,n. 开始,gk cet4 cet6 ky ielts
begrudge,bi'grʌdʒ,"vt. 嫉妒, 羡慕, 勉强允给, 吝惜",toefl gre
beguile,bi'gail,vt. 诱骗,toefl gre
behalf,bi'hɑ:f,"n. 利益, 方面",gk cet4 cet6 ky toefl ielts
behave,bi'heiv,"vi. 举止端正, 行为规矩\nvt. 检点(自己的)行为, 使表现好",gk cet4 cet6 ky toefl ielts
behavior,bi'heivjә,"n. 行为, 举止\n[医] 行为",cet4 cet6 ky toefl ielts
behaviour,bi'heivjә,"n. 行为, 举止\n[计] 特性, 性能, 特点, 行为, 动作, 状态",zk gk toefl
behind,bi'haind,adv. 在后地\nprep. 在...背后,zk gk
behold,bi'hәuld,"vt. 看到, 注视\nvi. 看",gre
beholden,bi'hәudәn,"a. 负有义务的, 受惠的",gre
beholder,bi'hәjldә(r),n. 观看者,gre
behoove,bi'hu:v,"vt. 理应, 应该\nvi. 理所当然",gre
being,'bi:iŋ,"n. 存在, 性质, 生命, 人, 生物, be的现在分词",gk cet4 ky
belabor,bi'leibә,"vt. 痛打\n[法] 殴打, 鞭打, 辱骂",gre
belated,bi'leitid,"a. 迟来的\n[法] 过了期的, 落后了的",gre
belch,beltʃ,"vi. 打嗝, 喷吐\nvt. 打嗝, 吼叫着发出(命令), 喷吐\nn. 打嗝, 喷吐",gre
beleaguer,bi'li:gә,"vt. 围, 围攻",gre
Belgium,'beldʒәm,n. 比利时,gk
belie,bi'lai,"vt. 掩饰, 与...不符, 使失望",toefl gre
belief,bi'li:f,"n. 信念, 相信, 信仰",gk cet4 ky toefl
believe,bi'li:v,v. 相信,zk gk
believer,bi'li:vә,n. 信徒,toefl
belittle,bi'litl,"vt. 轻视, 贬低",toefl gre
bell,bel,"n. 铃, 钟\n[计] 响铃命令",zk gk
bellicose,'belikәus,"a. 好战的, 好斗的\n[法] 好战的",gre
belligerence,bi'lidʒәrәns,"n. 交战, 好战性, 斗争性",gre
belligerent,bi'lidʒәrәnt,"a. 好战的, 交战的, 交战国的\n[法] 交战一方, 交战国, 交战集团",toefl
bellows,'belәuz,n. 风箱\n[化] 手风箱; 皮老虎; 波纹管,toefl
bellwether,'bel.weðә,"n. 系铃带头羊, 前导, 领导者",gre
belly,'beli,"n. 腹部, 食欲\nvt. 使鼓起\nvi. 鼓起, 匍匐前进",gk ky ielts
belong,bi'lɒŋ,"vi. 属于, 合适",gk cet4 ky toefl
belongings,bi'lɒŋiŋz,"n. 财产, 所有物, 相关事物\n[经] 财产, 所有物, 附属物",gre
beloved,bi'lʌvd,a. 心爱的\nn. 心爱的人,cet4 ky ielts
below,bi'lәu,prep. 在下面\nadv. 在下面,zk gk toefl
belt,belt,"n. 带子, 地带\n[医] 带, 腰带, 束带, 地带, 区",gk cet4 ky toefl
belts,,n. 带子；皮带（belt的复数）,ielts
bemused,bi'mju:zd,"a. 困惑的, 发呆的",gre
bench,bentʃ,n. 长椅子\n[机] 台,gk cet4 cet6 ky gre
bend,bend,"vi. 变弯曲, 屈服\nvt. 使弯曲, 使屈服\nn. 弯曲",gk cet4 cet6 ky toefl ielts gre
beneath,bi'ni:θ,prep. 在...下方\nadv. 在...下方,gk cet4 ky toefl
benediction,.beni'dikʃәn,n. 祝福,gre
benefactor,'benifæktә,"n. 恩人, 捐助者, 施主\n[法] 捐赠人, 赠送人",toefl gre
beneficial,.beni'fiʃәl,"a. 有益的, 受益的\n[经] 有使用权的, 可享利益的",gk cet4 ky toefl ielts
beneficiary,.beni'fiʃәri,"n. 受惠者, 受益人\na. 受封的",cet6 toefl
benefit,'benifit,n. 利益\nvt. 有益于\nvi. 受益,gk cet4 cet6 ky toefl ielts
benefits,,"n. 利益, 收益；福利, 效益（benefit的复数形式）",ielts
benevolent,bi'nevәlәnt,"a. 善意的, 慈善的",toefl gre
benign,bi'nain,"a. 善良的, 良性的\n[医] 良性的",cet6 ky toefl gre
benison,'benizәn,n. 祝福,gre
bent,bent,"a. 弯曲的, 决心的\nn. 爱好\nbend的过去式和过去分词",gk toefl ielts gre
bequeath,bi'kwi:ð,"vt. 遗赠, 遗留\n[法] 遗赠, 遗留...给",gre
bequest,bi'kwest,"n. 遗赠物, 遗产, 遗赠\n[经] 遗产",toefl gre
berate,bi'reit,vt. 严责,toefl gre
bereave,bi'ri:v,"vt. 使孤寂, 使丧失, 使失去",toefl gre
bereft,bi'reft,"a. 缺少的, 丧失的, 失去亲人的\nbereave的过去式和过去分词",gre
Berlin,bә:'lin,"n. 柏林, (软质)柏林毛线",ielts
berry,'beri,n. 浆果\nvi. 采集浆果,cet4
berserk,bә'sә:k,"a. 狂暴的, 疯的\nadv. 狂暴地, 疯地",gre
berth,bә:θ,"n. 船岸之间的水区, 锚地, 卧铺\nvi. 停泊\nvt. 使停泊",ielts
beseech,bi'si:tʃ,"v. 恳求, 哀求",gre
beset,bi'set,"vt. 围绕, 使苦恼, 镶嵌",toefl ielts gre
beside,bi'said,prep. 在旁边,zk gk
besides,bi'saidz,"prep. 除...之外\nadv. 而且, 此外",zk gk cet4 ky toefl
besiege,bi'si:dʒ,"vt. 围攻, 包围",toefl gre
besmirch,bi'smә:tʃ,vt. 弄污,gre
bespeak,bi'spi:k,"vt. 预约, 订, 表示\nn. 预约",toefl gre
best,best,a. 最好的\nadv. 最好地\nn. 最好的人,ielts
bestial,'bestjәl,"a. 似野兽的, 残忍的, 卑劣的",gre
bestow,bi'stәu,"vt. 授予, 使用, 贮藏, 留宿",cet6 toefl gre
bet,bet,"n. 打赌, 赌注\nv. 打赌",cet4 ky ielts
betoken,bi'tәukn,vt. 预示,toefl gre
betray,bi'trei,"vt. 出卖, 背叛, 辜负, 暴露\n[法] 出卖, 背叛, 泄漏",gk cet4 cet6 ky toefl ielts gre
betroth,bi'trәuð,"vt. 订婚, 许配\n[法] 订婚",gre
better,'betә,a. 较好的\nadv. 比较好,gk ielts
between,bi'twi:n,prep. 在...之间,zk gk
beverage,'bevәridʒ,n. 饮料\n[化] 饮料(如牛奶、茶、咖啡、啤酒等),ky toefl ielts gre
beware,bi'wєә,"v. 小心, 谨防",cet6 ky
bewilder,bi'wildә,"vt. 使迷惑, 使不知所措",cet6 ky toefl ielts gre
bewildering,bi'wildәriŋ,"a. 令人困惑的, 使人昏乱的",gre
beyond,bi'jɒnd,"prep. 超过, 在那一边, 迟于\nadv. 在远处\nn. 更远处",zk gk cet4 ky
bias,'baiәs,"n. 偏见, 斜纹\na. 偏斜的\nadv. 偏斜\nvt. 使有偏见\n[计] 偏流; 偏压; 偏磁; 偏离",cet6 ky toefl ielts
biased,'baiәst,a. 有偏见的\n[计] 边缘的,cet6
bible,'baibl,n. 圣经,cet4 ky ielts
bibliography,.bibli'ɒgrәfi,n. 参考书目\n[计] 书目; 文献目录,ky ielts gre
bibliophile,'bibliәufail,"n. 爱书者, 藏书家",gre
bibulous,'bibjulәs,"a. 饮酒的, 嗜酒的, 吸水的\n[医] 吸水的",gre
bicameral,bai'kæmәrәl,"a. 两院制的, 有两个议院的\n[医] 二室的, 两室的",toefl
bicker,'bikә,"vi. 斗嘴, 潺潺而流, 闪动\nn. 口角, 流水声",toefl gre
bicycle,'baisikl,n. 自行车,zk gk cet4 ky ielts
bicycles,,n. 自行车；脚踏车（bicycle的复数）,ielts
bid,bid,"n. 出价\nv. 命令, 吩咐, 请求, 表示, 宣布, 投标",gk cet6 ky ielts gre
bidding,'bidiŋ,"n. 命令, 邀请, 出价\n[经] 投标, 招标",toefl
biennial,bai'eniәl,"n. 两年生植物, 两年一次的事\na. 两年生的, 两年一次的",gre
bifurcate,'baifәkeit,v. (使)分叉\na. 分双叉的,gre
big,big,"a. 大的, 重要的\nadv. 大量地",zk gk
bigot,'bigәt,"n. 盲从者, 偏执的人",gre
bigoted,'bigәtid,"a. 盲从的, 固执己见的, 执迷的, 顽固的",toefl
bigotry,'bigәtri,"n. 盲从, 偏见, 偏执的行为(或态度)",toefl
bike,baik,"n. 自行车, 脚踏车",zk
bilateral,bai'lætәrәl,"a. 有两边的, 双边的, 双方的\n[医] 两侧的",toefl ielts
bile,bail,"n. 胆汁, 坏脾气, 暴躁\n[医] 胆汁",gre
bilingual,bai'liŋgwәl,a. 双语的,ielts gre
bilious,'biljәs,"a. 患胆(或肝)病的, 胆汁质的, 坏脾气的\n[医] 胆汁的, 胆汁质的",gre
bilk,bilk,"vt. 欺骗, 赖帐, 使受挫折\nn. 赖帐者, 骗子",gre
bill,bil,"n. 帐单, 清单, 钞票, 鸟嘴, 广告, 法案, 票据\nvt. 开帐单, (用招贴)宣布",zk gk cet4 ky toefl ielts
billion,'biljәn,"num. 十亿, 十亿个",gk cet4 cet6 ky toefl
billow,'bilәu,"n. 巨浪\nvi. 象巨浪般汹涌, 象巨浪般波动\nvt. 使翻腾",gre
billowy,'bilәui,"a. 巨浪似的, 汹涌的",gre
bin,bin,"n. (贮存谷物等的)容器, 箱子\n[计] 二进制, 商业信息网",ky gre
bind,baind,"vt. 绑, 约束, 装订, 包扎, 使结合\nvi. 凝固, 有约束力\n[计] 赋值, 绑定",cet4 ky toefl ielts
bingo,'biŋgәu,"n. 宾戈(一种赌博游戏), 烈酒",gk
biochemistry,.baiәu'kemistri,n. 生物化学\n[化] 生物化学; 生化,gk toefl
biographer,bai'ɒgrәfә,n. 传记作者,toefl
biography,bai'ɒgrәfi,n. 传记,gk ky toefl ielts
biological,.baiәu'lɒdʒikәl,a. 生物学的\n[医] 生物学的,ielts
biologist,bai'ɒlәdʒist,n. 生物学家\n[医] 生物学家,toefl
biology,bai'ɒlәdʒi,n. 生物学\n[化] 生物; 生物学,gk cet4 ky ielts
biosphere,'baiәsfiә,"n. 生物圈\n[医] 生物圈, 生物层",gre
biotech,'baɪəʊtek,n. 生物技术,cet6
biped,'baiped,n. 两足动物\na. 有两足的,gre
bipedal,"'bai,pedəl,bai'pe-",[医] 两足的,ky toefl
bird,bә:d,"n. 鸟, 羽毛球\nvi. 打鸟",zk gk
birdcage,'bә:dkeidʒ,n. 鸟笼,gk
birds,,n. 鸟类；禽（bird的复数）,ielts
Birmingham,'bә:miŋәm,n. 伯明翰,ielts
birth,bә:θ,"n. 出生, 起源\n[医] 生产, 分娩",zk gk cet4 ky ielts
birthday,'bә:θdei,n. 生日,zk gk
birthplace,'bә:θpleis,n. 诞生地,gk
biscuit,'biskit,n. 饼干\n[化] 素坯; 饼干,zk gk cet4 ky
bishop,'biʃәp,"n. 主教, (国际象棋中的)象, 热果子酒",gk cet6
bison,'baisәn,n. 野牛,toefl
bit,bit,"n. 少量, 马嚼子, 辅币\nvt. 给马上嚼子, 控制\nbite的过去式和过去分词\n[计] 比特, 二进制数位, 机内测试",zk gk gre
bite,bait,"n. 咬, 一口\nv. 咬, 刺痛, 穿透",gk cet4 ky toefl ielts
bitter,'bitә,"a. 苦的, 痛苦的, 怀恨的\nadv. 刺骨\nv. (使)变苦",zk gk cet4 ky toefl ielts
bitterly,'bitәli,"adv. 怨恨地, 悲痛地, 残酷地",cet4
bitterness,'bitәnis,"n. 苦味, 悲痛, 怨恨",cet6 toefl
bitumen,bi'tjumin,n. 沥青\n[化] 沥青; 石油沥青,ielts
bizarre,bi'zɑ:,a. 奇异的,cet6 ky toefl ielts gre
black,blæk,"n. 黑色, 黑颜料\na. 黑色的",zk gk ielts
blackball,'blækbɒ:l,"n. 反对票, 黑球\nvt. 投票反对, 排斥",gre
blackboard,'blækbɒ:d,n. 黑板,zk gk
blackmail,'blækmeil,n. 勒索\nvt. 勒索,ky toefl gre
blacksmith,'blæksmiθ,n. 铁匠\n[机] 铁匠,cet6 toefl
blade,bleid,"n. 叶片, 刀锋, 刀口, 剑\n[医] 页[片], 叶片, 刀片, 刀刃, 刀口",cet4 cet6 ky toefl gre
blame,bleim,"n. 过失, 责备\nvt. 责备, 归咎于",gk cet4 cet6 ky toefl ielts
blanch,blɑ:ntʃ,"vt. 漂白, 使变白\nvi. 发白",gre
bland,blænd,"a. 温和的, 乏味的, 冷漠的\n[医] 温和的, 淡的",toefl gre
blandishment,'blændiʃmәnt,"n. 甜言蜜语, 谄媚, 奉承",gre
blank,blæŋk,"n. 空格, 空白\na. 空白的, 空虚的, 完全的, 无色的\nvi. 消失, 成为空白\nvt. 使无效, 取消, 封锁\n[计] 空白",gk cet4 ky ielts
blanket,'blæŋkit,"n. 毛毯, 毯子\nvt. 掩盖, 覆盖\na. 总共的",gk cet4 ky toefl ielts
blare,blєә,"n. 巨响, 吼叫声, 光泽\nvi. 高声鸣叫, 大叫\nvt. 大声喊出",gre
blasphemy,'blæsfәmi,"n. 亵渎神明, 亵渎神明的言词\n[法] 冒秽罪, 侮辱, 亵秽",gre
blast,blæst,"n. 一阵风, 爆炸, 枯萎病\nvt. 炸, 使枯萎\nvi. 炸, 猛攻, 猛烈抨击, 枯萎",cet4 cet6 ky toefl ielts gre
blatant,'bleitәnt,"a. 喧嚣的, 吵闹的, 俗丽的, 炫耀的",gre
blaze,bleiz,"n. 火焰, 烈火, 光辉\nvi. 燃烧, 发光\nvt. 使燃烧, 宣布, 在树皮上刻痕",cet4 cet6 ky toefl ielts
blazing,'bleiziŋ,"a. 炽燃的, 强烈的",toefl
blazon,'bleizәn,"vt. 装饰, 宣布\nn. 纹章",gre
bleach,bli:tʃ,"vt. 漂白\nvi. 变白\nn. 漂白, 漂白剂",cet6 toefl ielts gre
bleachers,'bli:tʃәz,n. 漂白剂（bleacher的复数形式）；（美）露天看台,gre
bleak,bli:k,"a. 萧瑟的, 荒凉的, 阴冷的",cet6 ky toefl ielts gre
bleed,bli:d,"vi. 流血, 悲痛, 渗出\nvt. 使出血, 榨取",gk cet4 cet6 ky toefl ielts
blemish,'blemiʃ,"n. 污点, 缺点\nvt. 弄脏, 玷污, 损害",toefl gre
blend,blend,vt. 混合\nn. 混合,cet4 cet6 ky toefl ielts
bless,bles,"vt. 祝福, 祈佑, 使神圣化",gk cet4 cet6 ky ielts
blessing,'blesiŋ,n. 祝福,toefl
blight,blait,"n. 枯萎病\nvt. 使染上枯萎病, 破坏\nvi. 枯萎",gre
blighted,,"a. 挫折, 枯萎, 摧残, 毁损",gre
blind,blaind,"n. 蒙蔽物, 窗帘\na. 盲目的, 瞎的, 不加思考的\nvt. 使失明, 蒙蔽, 遮暗\nadv. 盲目地",zk gk cet4 cet6 ky ielts
blinds,'blaindz,n. 百叶窗；盲人（常用复数）,gre
blink,bliŋk,"vi. 眨眼, 闪亮\nvt. 眨眼, 使闪亮\nn. 眨眼, 瞬间, 闪光, 闪烁\n[计] 闪烁",cet6 toefl ielts
bliss,blis,"n. 福佑, 天赐的福\n[计] 实现系统软件的基本语言",toefl gre
blissful,'blisful,a. 充满喜悦的,gre
blithe,blaið,"a. 愉快的, 高兴的",gre
blizzard,'blizәd,"n. 大风雪, 暴风雪",toefl gre
bloated,'blәutid,"a. 发胀的, 浮肿的, 傲慢的",gre
bloc,blɒk,n. 集团,ielts
block,blɒk,"n. 街区, 木块, 石块, 块\nvt. 阻塞, 封锁, 使成块状\n[计] 块, 数据块",gk toefl ielts
blockade,blɒ'keid,n. 阻塞\nvt. 封锁,gre
blockage,'blɒkidʒ,"n. 封锁, 妨碍\n[化] 堵塞",gre
blocks,'blɔks,n. 积木；黑金石；街区；[音]双头木鱼；楼群（block的复数）,ielts
blond,blɒnd,a. 金发的\nn. 白肤碧眼金发的人,cet6 ielts
blonde,blɔnd,"a. (头发)亚麻色的, 淡色的, 白肤金发碧眼的, 白里透红的, 白皙的, 淡黄色的\nn. 肤色白皙的金发女人",ielts
blood,blʌd,"n. 血, 血统, 流血, 气质, 生命\nvt. 使出血, 用血涂",zk gk cet4 ky ielts
bloody,'blʌdi,"a. 血腥的, 嗜杀的, 有血的",ky
bloom,blu:m,"n. 花, 开花, 青春, 钢块\nvi. 开花, 焕发青春, 茂盛\nvt. 使茂盛, 把...轧成钢坯",cet4 cet6 ky toefl ielts
blooming,'blu:miŋ,a. 盛开的\n[化] 喷霜,gre
blossom,'blɒsәm,"n. 花, 花开的状态, 兴旺期\nvi. 开花, 兴旺, 发展",cet4 cet6 ky toefl ielts gre
blot,blɒt,"n. 污点, 墨水渍\nvt. 乱涂, 使模糊, 吸干\nvi. 弄上墨渍, 吸墨水",ielts
blotch,blɒtʃ,"n. 大斑点, 污斑, 疹块\n[医] 污点, 斑点",gre
blouse,blauz,n. 宽松的上衣,gk cet6 ky ielts
blow,blәu,"n. 吹, 打击, 殴打, 花开\nv. 吹, 风吹, 吹响, 开花",zk gk toefl
blowhard,'blәuhɑ:d,n. 吹牛大家,gre
bludgeon,'blʌdʒәn,"n. 大头棒\n[法] 棍, 棍打",gre
blue,blu:,"n. 蓝色\na. 蓝色的, 下流的, 忧郁的\nvt. 染成蓝色\nvi. 变蓝",gk gre
blueprint,'blu:'print,"n. 蓝图, 设计图, (周详的)计划\nvt. 制成蓝图, 计划",ky gre
blues,blu:z,"n. 勃鲁斯乐曲, (非正式)伤感的, 伤心的\n[医] 忧闷, 沮丧",toefl
bluff,blʌf,"n. 断崖, 绝壁, 吓唬\na. 直率的\nv. 吓唬, 欺骗",toefl gre
blunder,'blʌndә,"n. 大错, 大失策\nvi. 失策, 跌跌撞撞地走, 犯错\nvt. 做错",cet6 ky toefl ielts gre
blunt,blʌnt,"a. 钝的, 坦率的, 麻痹的",cet6 ky toefl ielts gre
bluntly,'blʌntli,"adv. 坦率地, 率直地",cet6
blur,blә:,"vt. 使模糊, 弄脏\nvi. 弄脏, 模糊",cet6 ky ielts gre
blurb,blә:b,n. 推荐广告\nvt. 推荐吹捧,gre
blurt,blә:t,"vt. 冲口说出, 脱口说出",gre
blush,blʌʃ,"vi. 脸红, 羞愧\nvt. 弄成红色\nn. 脸红",cet6 ky toefl ielts gre
bluster,'blʌstә,"vt. 风狂吹, 咆哮, 汹涌\nvi. 咆哮着说出, 恐吓\nn. 狂风声, 巨浪声, 夸口, 大话",gre
blustering,'blʌstiŋ,"a. 狂风大作的, 狂暴的",gre
board,bɒ:d,"n. 木板, 甲板, 膳食, 会议桌\nvt. 乘船, 供膳食, 用板覆盖\nvi. 搭伙\n[计] 板",zk gk cet4 cet6 ky toefl ielts
boarder,'bɒ:dә,"n. 寄膳者, 寄膳宿者",toefl
boardinghouse,'bɔ:diŋhajs,n. 寄宿处,toefl
boast,bәust,"n. 吹牛\nvi. 吹牛, 自夸\nvt. 夸口说, 自恃有",cet4 cet6 ky toefl ielts gre
boastful,'bәustful,"a. 自夸的, 自负的, 喜夸耀的",toefl
boat,bәut,n. 船\nvi. 乘船\nvt. 以船运,zk gk ielts
boating,'bәutiŋ,n. 划船,gk
bode,bәud,v. 预示\nbide的过去式,gre
bodily,'bɒdili,a. 身体的\nadv. 亲自,toefl
boding,'bәudiŋ,"a. 凶兆的, 预兆的\nn. 凶兆, 前兆, 预感",gre
body,'bɒdi,"n. 身体, 人, 尸体, 主要部分, 团体\nvt. 赋以形体\n[计] 体",zk
bodyguard,'bɒdigɑ:d,"n. 保镖, 护卫",gre
bog,bɒg,n. 沼泽\nvt. 使陷于泥沼\nvi. 陷于泥沼,gre
boggle,'bɒgl,"vi. 犹豫, 踌躇, 吃惊, 搪塞\nvt. 搞坏\nn. 犹豫, 吃惊",gre
bogus,'bәugәs,"a. 假的, 伪造的\n[经] 伪的, 伪造的",gre
bohemian,bәu'hi:mjәn,"n. 波希米亚人, 波希米亚语, 放浪者\na. 波希米亚人的, 放浪的, 波希米亚语的",gre
boil,bɒil,"n. 煮沸, 沸腾, 疖\nv. 煮沸, 激动",gk cet4 ky toefl ielts
boiler,'bɒilә,"n. 煮器, 汽锅, 锅炉\n[化] 锅炉",cet6
boisterous,'bɒistәrәs,"a. 猛烈的, 喧闹的, 狂暴的",gre
bold,bәuld,a. 大胆的\nn. 粗体\n[计] 粗体,cet4 cet6 ky toefl ielts
bolster,'bәulstә,"n. 支持, 长枕\nvt. 支持, 支撑",toefl gre
bolt,bәult,"n. 门闩, 螺钉, 筛子, 闪电, 意外事件\nvt. 闩住, 发射, 脱口而出, 筛, 囫囵吞下\nvi. 囫囵吞枣, 射箭, 脱缰, 退出党派\nadv. 突然",cet4 cet6 ky ielts gre
bomb,bɒm,"n. 炸弹\nvt. 轰炸, 投弹于\nvi. 失败",gk cet4 cet6 ky
bombardment,bɒm'bɑ:dmәnt,n. 炮击\n[化] 轰击,gre
bombast,'bɒmbæst,n. 夸大的言辞,gre
bombastic,bɒm'bæstik,"a. 夸大的, 夸夸其谈的",toefl gre
bonanza,bәu'nænzә,"n. 富矿带, 带来好运的事物, 幸运",toefl
bond,bɒnd,"n. 捆绑物, 结合, 债券, 契约, 粘合剂, 保证人, 键, 关栈保留\nvt. 存入关栈, 使黏合\nvi. 结合",gk cet4 cet6 ky toefl ielts
bondage,'bɒndidʒ,"n. 奴役, 束缚\n[法] 束缚, 监禁, 奴隶",toefl gre
bone,bәun,"n. 骨头, 骨, 骨制品\nvt. 剔骨\nvi. 专心致志",gk cet4 ky
bones,bәunz,"n. 骨骼, 尸体",ielts
bonhomie,bɔnɔ'mi:; (?@) bɔnә'mi:,"n. 愉快, 温和, 和蔼",gre
bonnet,'bɒnit,n. 软帽\n[化] 阀盖; 阀帽,gre
bonus,'bәunәs,"n. 奖金, 红利\n[经] 奖金, 红利, 额外补贴",gk cet6 ky toefl ielts
boo,bu:,"v. 嘘(某人), 喝倒彩\ninterj. 嘘",gre
book,buk,"n. 书, 书籍, 帐簿, 名册, 工作簿\nv. 登记, 预订\n[计] 工作簿",zk gk ielts
bookcase,'bukkeis,"n. 书架, 书柜",gk ielts
booking,'bukiŋ,n. 预约演出合同\n[机] 书型模法,ielts
bookkeeper,'bukki:pә,"n. 簿记员\n[经] 簿记员, 记帐员",ielts
booklet,'buklit,n. 小册子,ielts
booklist,'buklist,"(某个题目或学科的)推荐书目, 书单",ielts
bookmark,'bukmɑ:k,n. 书签\n[计] 书签,gk
books,,n. 书评；书籍（book的复数）,ielts
bookshelf,'bukʃelf,n. 书架,gk ielts
bookshop,'bukʃɒp,n. 书店,gk ielts
bookstore,'bukstɒ:,n. 书店,gk
boom,bu:m,"n. 繁荣, 隆隆声\nvi. 急速发展, 发隆隆声\nvt. 使兴旺, 发隆隆声",gk ky toefl ielts gre
boon,bu:n,n. 恩惠,toefl gre
boor,buә,"n. 粗野的人, 不懂礼貌的人, 农民",gre
boost,bu:st,"n. 推进, 吹捧\nvt. 推进, 提高, 宣扬, 促进",cet4 cet6 ky toefl ielts gre
boot,bu:t,"n. 长靴, 踢, 解雇, 效用\nvt. 使穿靴, 踢, 解雇, 有用\n[计] 引导, 自举",gk cet4 ky ielts
booth,bu:θ,"n. 亭, 摊棚\n[经] 货摊, 电话间",gk cet4 cet6 ky ielts
bootless,'bu:tlis,"a. 无用的, 无益的\n[法] 无益的, 无用的",gre
boots,bu:ts,n. （英）擦靴的仆役；靴子（boot的复数）,ielts
border,'bɒ:dә,"n. 边缘, 边境, 边界, 花坛\nvt. 在...上镶边, 接近\nvi. 接界, 近似\n[计] 边框",gk cet4 ky toefl ielts
bore,bɒ:,"n. 令人讨厌的人, 激浪, 枪膛, 孔\nvt. 使烦扰, 钻孔\nvi. 钻孔\nbear的过去式\n[计] 内径; 孔径",cet4 cet6 ky toefl ielts gre
bored,,a. 无聊的；烦人的；无趣的,gk
boredom,'bɒ:dәm,"n. 厌烦, 厌倦, 令人厌烦的事物",toefl gre
boring,'bɒ:riŋ,"a. 烦人的, 无聊的, 无趣的\n[机] 成孔期, 搪孔",zk gk toefl gre
born,bɒ:n,a. 天生的\nbear的过去分词,zk gk cet4 ky
borrow,'bɒrәu,"vt. 借, 借入, 借用\nvi. 借\n[计] 借位; 借位数",zk gk
bosom,'buzәm,"n. 胸部, 胸, 胸怀, 内部, 中间\nvt. 怀抱",cet4 cet6 ky
boss,bɒs,"n. 老板, 上司, 岩瘤, 浮雕, 母牛\nvt. 指挥, 控制, 浮雕",zk gk cet4 ky
botanical,bә'tænikәl,a. 植物学的\nn. 植物性药材,gk toefl
botany,'bɒtәni,n. 植物学\n[医] 植物学,gk toefl gre
botch,bɒtʃ,"v. 拙笨地修补, 糟蹋\nn. 拙笨的修补, 难看的补缀",gre
both,bәuθ,a. 两者的\nadv. 两者都\npron. 两者,zk gk
bother,'bɒðә,"vt. 烦扰, 迷惑\nvi. 烦恼, 操心\nn. 麻烦, 纠纷, 讨厌的人",ielts
bottle,'bɒtl,"n. 瓶子, 酒瓶\nvt. 装瓶, 抑制, 围困",zk gk
bottleneck,'bɒtlnek,"n. 瓶颈\n[经] 瓶颈, 增产障碍",gre
bottom,'bɒtәm,"n. 底部\na. 底部的\nvt. 给...装底, 查明真相\nvi. 到达底部, 建立基础",zk gk cet4 ky
bough,bau,n. 大树枝,cet4 cet6 gre
boulder,'bәuldә,"n. 大圆石\n[机] 圆石, 漂石",toefl gre
bounce,bauns,"n. 跳, 跳跃, 弹力, 撞击\nvi. 反跳, 弹跳\nvt. 使跳回, 撞击\n[计] 打回",gk cet4 cet6 ky toefl ielts
bound,baund,"n. 跃, 回跳, 范围, 边界\na. 受约束的, 装有封面的, 有义务的, 关联的, 被束缚的, 准备去...的, 便秘的\nvi. 跳跃, 弹起\nvt. 使跳, 限制, 形成...的疆界\nbind过去式和过去分词\n[计] 装订的",gk cet4 cet6 ky toefl ielts
boundary,'baundri,"n. 边界, 分界线\n[计] 边界",gk cet4 cet6 ky toefl ielts
boundless,'baundlis,"a. 无限的, 无边无际的\n[经] 无限的",toefl
bounteous,'bauntiәs,"a. 慷慨的, 充足的, 宽裕的",gre
bounty,'baunti,"n. 慷慨, 宽大, 礼物\n[经] 奖励金, 补贴",ielts
bouquet,bu'kei,"n. 花束\n[医] 丛, 酒香, 末梢分极",toefl ielts gre
bourgeois,buә'ʒwɑ:,"n. 中产阶级分子, 商人, 资产阶级\na. 中产阶级的, 平庸的\nn. 九点活字",cet6 gre
bout,baut,"n. 一回, 回合, 较量\n[医] 发作",gre
bovine,'bәuvain,a. 牛的；似牛的；迟钝的,gre
bow,bәu.bau,"n. 弓, 眼睛框\nv. 用弓拉琴, 弯成弓形\nn. 鞠躬, 屈服",gk cet4 cet6 ky toefl
bowdlerize,'baudlәraiz,"vt. 删除, 删改",gre
bowel,'bauәl,"n. 肠, 内脏, 内部\nvt. 挖...的内脏",ky ielts
bower,'bauә,"n. 凉亭, 树阴处",gre
bowl,bәul,"n. 碗, 木球, 大酒杯\nv. 滚木球, 快而稳地行驶",zk gk cet4 ky toefl
bowlegged,'bәulegd,a. 弯腿的,toefl
bowling,'bәuliŋ,n. 保龄球戏,gk ky ielts
bowls,,n. 滚木球戏,ielts
box,bɒks,"n. 盒子, 箱, 方框, 一巴掌\nvt. 装...入盒中, 装箱, 打耳光\nvi. 拳击\n[计] 方框",zk gk
boxing,'bɒksiŋ,n. 拳击\n[医] 围模(牙科),gk
boy,bɒi,"n. 男孩\n[法] 男孩, 少年, 儿子",zk gk
boycott,'bɒikɒt,n. 联合抵制\nvt. 联合抵制,gk cet6 ky toefl ielts gre
brace,breis,"n. 支柱, 曲柄, 支撑, 一对\nvt. 紧缚, 支撑, 激励\nvi. 打起精神\n[计] 花括号",cet6 ky toefl ielts gre
bracelet,'breislit,"n. 手镯\n[医] 手镯, 腕带, 腕纹(掌侧横列腕部的线纹)",gre
bracing,'breisiŋ,"a. 新鲜的, 凉爽的, 爽快的, 振奋精神的\nn. 联条, 支撑物, 支柱, 背带",gre
bracket,'brækit,"n. 支架, 括弧, 托架\nvt. 装托架, 括入括弧\n[计] 方括号; 括号",ky ielts gre
brackish,'brækiʃ,"a. 有盐味的, 令人不快的\n[机] 微有碱味的",gre
brag,bræg,n. 吹牛\nv. 吹牛,toefl gre
braggadocio,.brægә'dәutʃiәu,"n. 自夸, 吹牛大王",gre
braggart,'brægәt,"n. 吹牛者, 自夸者\na. 吹牛的, 自夸的",gre
braid,breid,"n. 辫子, 穗带\nvt. 编成辫, 镶边",toefl gre
brain,brein,n. 脑\nvt. 打碎脑部,zk gk cet4 ky toefl
brake,breik,"n. 刹车, 阻碍, 丛林\nv. 刹车",gk cet4 ky ielts gre
branch,bræntʃ,"n. 树枝, 支店, 支流, 分部\nvi. 分支, 出枝\nvt. 分割, 用枝状叶脉刺绣花纹装饰\n[计] 分支, 目录分支",gk cet4 ky ielts
brand,brænd,"n. 商标, 牌子, 烙印\nvt. 打烙印于",gk cet4 cet6 ky ielts gre
brandish,'brændiŋ,"vt. 挥, 挥舞\nn. 挥舞",toefl gre
brandy,'brændi,n. 白兰地酒\n[化] 白兰地,cet4 cet6 ky
brash,bræʃ,"a. 性急的, 仓促的, 无礼的, 傲慢的\nn. 胃灼热, 骤雨, 碎石堆",gre
brass,bræs.brɑ:s,"n. 黄铜, 黄铜制品\na. 黄铜的, 铜管乐器的\nv. 镀以黄铜, 支付",cet4 ky toefl
brassy,'bræsi,"a. 似黄铜的, 厚脸皮的\nn. 铜头高尔夫球棍",gre
brat,bræt,"n. 乳臭未干的小孩, 小孩\n[机] 不煤, 原煤",gre
brattish,'brætiʃ,"a. 被惯坏的；讨厌的；无礼的, 幼稚的",gre
bravado,brә'vɑ:dәu,n. 虚张声势,toefl gre
brave,breiv,"a. 勇敢的, 美好的, 华丽的\nn. 勇敢者\nvt. 勇敢地面对",zk gk cet4 ky
bravery,'breivәri,n. 勇敢,gk
bravura,brә'vjuәrә,n. 大胆的尝试；令人赞赏的演唱或演奏技巧,gre
brawl,brɒ:l,"n. 争吵\nvi. 争吵, 哗哗地流水",toefl gre
brawling,,"[法] 吵架, 喧闹, 吵闹罪",toefl
brawny,'brɒ:ni,"a. 肌肉结实的, 顽强的\n[医] 多肉的, 肌肤的",gre
bray,brei,"n. 驴叫声, 喇叭声\nv. 叫, 嘶叫",gre
brazen,'breizn,"a. 黄铜制的, 厚颜无耻的\nvt. 厚脸皮地对待",gre
breach,bri:tʃ,"n. 裂口, 违背, 破坏, 违反, 突破, 破裂\nvt. 攻破, 突破\nvi. 跳出水面",ky toefl ielts gre
bread,bred,"n. 面包, 生计, 食物\nvt. 裹以面包屑",zk gk
breadth,bredθ,"n. 宽度\n[法] 违背, 违犯, 未遵守",cet4 cet6 ky gre
break,breik,"n. 休息, 中断, 破裂处, 绝交, 破晓, 突变\nvt. 打破, 弄破, 弄坏, 破坏, 违反, 打断, 削弱, 放弃\nvi. 破碎, 决裂, 破晓, 突变, 变弱, 暂停\nn. 分隔符\n[计] 分隔符; 中断; DOS内部命令:设定扫描中断按键的时机",zk gk ielts
breakdown,'breikdaun,"n. 崩溃, 故障\n[化] 事故; 击穿",cet6 ky toefl ielts
breakfast,'brekfәst,n. 早餐,zk gk ielts
breakthrough,'breikθru:,"n. 突破\n[经] 突破, 新发现, 新进展",gk ielts
breakup,'breikʌp,"n. 分裂, 崩溃, 解散, 解体\n[电] 停止",toefl
breast,brest,"n. 胸部, 乳房, 胸怀\nvt. 以胸对着, 面对",gk cet4 cet6 ky
breath,breθ,"n. 呼吸, 气息, 瞬间\n[医] 呼气, 呵气, 口气, 呼吸",zk gk cet4 ky toefl
breathe,bri:ð,"vi. 呼吸, 生存, 低语\nvt. 呼吸, 使喘息, 发散, 低声说",zk gk cet4 ky toefl
breathing,'bri:ðiŋ,"n. 呼吸, 瞬间, 微风\na. 呼吸的, 逼真的",toefl
breathless,'breθlis,"a. 喘不过气来的, 屏气的, 气喘吁吁的, 无风的, 死的",gk toefl
breathtaking,'breθ.teikiŋ,"a. 惊人的, 惊险的",toefl
breed,bri:d,"n. 种类, 品种\nv. 养育, 引起, 饲养, 繁殖",cet4 cet6 ky toefl ielts gre
breeding,'bri:diŋ,"n. 教养, 生育, 饲养\n[医] 生育, 繁殖, 育种, 饲养",ielts
breeze,bri:z,"n. 微风, 煤屑, 轻而易举的事\nvi. 吹微风, 逃走",cet4 cet6 ky toefl ielts
breezeway,'bri:zwei,n. 有屋顶的通路\n[电] 吹风道,gre
brew,bru:,"n. 酿造酒, 酝酿\nv. 酿造, 酝酿",toefl ielts
brewery,'bru:әri,"n. 啤酒厂, 酿酒厂\n[经] 酿造所",gk
bribe,braib,"n. 贿赂\nvt. 贿赂, 收买\nvi. 行贿",cet6 ky ielts gre
brick,brik,"n. 砖块, 积木\na. 用砖做的\nvt. 用砖造, 用砖砌",gk cet4 ky toefl
bricklayer,'brikleiә,n. 砌砖工人,gre
bride,braid,n. 新娘,gk ky
bridegroom,'braidgrum,n. 新郎,gk cet6
bridge,bridʒ,"n. 桥, 舰桥, 桥梁, 桥牌\nvt. 架桥于, 跨越\n[计] 桥, 网桥, 桥接器",zk gk ielts
bridle,'braidl,"n. 马勒, 约束\n[医] 系带, 约束",cet6 gre
brief,bri:f,"n. 摘要, 简报\na. 简短的, 短暂的\nvt. 对...作简报, 摘要, 节录",gk cet4 ky toefl
briefcase,'bri:fkeis,n. 公事包,ky ielts
bright,brait,"a. 明亮的, 聪明的, 鲜明的, 欢快的\nadv. 明亮地, 欢快地",zk gk
brighten,'braitn,"vi. 变亮, 活跃\nvt. 使生辉, 使快活",cet4 toefl
brightness,'braitnis,"n. 光亮, 明亮, 聪明\n[计] 亮度",cet6
brilliance,'briljәns,"n. 卓越, 光辉\n[电] 辉度",toefl
brilliant,'briljәnt,"a. 光辉的, 灿烂的, 有才气的\n[机] 亮的",gk cet4 ky ielts
brilliantly,'brijәntli,"adv. 辉煌地, 光亮地, 灿烂地",toefl
brim,brim,"n. 边, 边缘, (河)边\nvt. 注满, 使满溢\nvi. 满溢",cet4 cet6 ky toefl gre
brindled,'brindld,"a. 有斑的, 有斑纹的",gre
bring,briŋ,"vt. 带来, 产生, 促使, 提出\nvi. 生产",zk gk ielts
bring about,,"带来, 使掉头",ielts
brink,briŋk,"n. 边缘, 陡岸",toefl ielts gre
briny,'braini,"a. 盐水似的, 海水似的, 咸的\n[机] 含盐度",toefl
brisk,brisk,"a. 强烈的, 寒冷而干燥的, 活泼的\nvt. 使活泼\nvi. 活跃起来",cet4 cet6 ky toefl ielts gre
briskness,'brisknis,"n. 轻快, 活泼",toefl
bristle,'brisl,"n. 刚毛, 猪鬃\nvi. 直立, 发怒, 充满\nvt. 使直立",cet4 cet6 gre
Bristol,'bristәl,n. 布里斯托尔(英国西部港口),ielts
Britain,'britәn,n. 英国,gk ielts
British,'britiʃ,"a. 英国的\nn. 英国人, 英国英语",gk ielts
brittle,'britl,"a. 易碎的, 脆弱的, 易坏的\n[机] 脆的, 脆性的, 易碎的",cet4 cet6 ky toefl ielts gre
broach,brәutʃ,"n. 烧肉叉, 凿子, 钻头\nvt. 用凿子修琢(石块), 钻孔\nvi. 露出水面",gre
broad,brɒ:d,"a. 宽广的, 辽阔的, 广大的, 显著的\nadv. 宽阔地\nn. 宽阔部分",gk cet4 ky
broad-brimmed,b'rɔ:dbr'ɪmd, 宽边的,toefl
broadcast,'brɒ:dkæst,"n. 广播, 传播\na. 广播的\nv. 广播\nadv. 经广播, 四散地\n[计] 广播命令, 广播",gk cet4 ky toefl
broaden,'brɒ:dn,"vi. 变宽, 扩大\nvt. 放宽, 使扩大",cet6 toefl
brocade,brәu'keid,n. 织锦,gre
brochure,'brәuʃә,"n. 小册子, 小册",gk ky toefl ielts gre
brochures,brəʊ'ʃəz,n. 小册子( brochure的名词复数 ); （某地、某旅馆等的）情况介绍手册; （印成小册子的）论文,ielts
broil,brɒil,"vi. 烤, 争吵, 激动\nvt. 烤\nn. 烤, 灼热, 争吵",gre
broken,'brәukәn,"a. 坏掉的, 打破的, 断掉的\nbreak的过去分词",gk cet4
broker,'brәukә,"n. 掮客, 经纪人\n[经] 经纪人, 掮客",gre
bromide,'brәumaid,"n. 溴化物, 庸俗的人\n[化] 溴化物",gre
bronze,brɒnz,"n. 青铜, 铜像\na. 青铜色的",cet4 cet6 ky toefl ielts
brooch,brәutʃ,"n. 胸针, 领针",gre
brood,bru:d,"n. 一窝, 一伙\nvt. 孵, 沉思",cet4 cet6 ielts gre
brook,bruk,n. 小溪\nvt. 容忍,cet4 cet6 ky toefl gre
broom,bru:m,"n. 扫帚, 金雀花\nvt. 扫除",gk cet4 cet6 ky
brother,'brʌðә,n. 兄弟,zk gk
brotherhood,'brʌðәhud,"n. 手足情谊, 兄弟关系",gk
brothers,,"n. 哥们儿, 兄弟",ielts
brow,brau,"n. 眉毛, 额\n[医] 额, 眉, 睫毛",cet4 ky
browbeat,'brajbi:t,"vt. 对...吹胡子瞪眼睛, 吓唬",gre
brown,braun,n. 褐色\na. 褐色的\nv. (使)变褐色,zk gk toefl
brownish,'brauniʃ,a. 呈褐色的,toefl
browse,brauz,"v. 浏览, 吃草\nn. 浏览, 吃草\n[计] 浏览",cet6 ky ielts gre
bruise,bru:z,"n. 青肿, 挫伤, 擦伤\nvi. 受伤, 擦伤\nvt. 使受伤, 研碎",cet4 cet6 ky toefl ielts gre
bruit,bru:t,vt. 散播\n[医] [杂]音,gre
brunch,brʌntʃ,n. 早午餐,gk
brunt,brʌnt,"n. 主要冲力, 冲击",gre
brush,brʌʃ,"n. 刷子, 毛笔, 争吵\nvt. 刷\nvi. 擦过, 掠过\n[计] 电刷",zk gk
brusque,brusk,"a. 唐突的, 直率的",gre
brutal,'bru:tәl,"a. 残忍的, 野蛮的, 不讲理的",cet6 ky toefl ielts gre
brute,bru:t,"n. 畜生, 残忍或好色之人\na. 残忍的, 无理性的, 畜生的",cet4 cet6 gre
bubble,'bʌbl,"n. 泡沫\nvi. 冒泡, 沸腾\nvt. 使冒泡, 滔滔不绝地说",cet4 ky toefl ielts gre
buck,bʌk,"n. 元, 雄鹿, 纨绔子弟, 鞍马, 培克(赌博时的庄家标志), 碱水, 自夸, 谈话\nvi. 马背突然拱起, 反对, 吹牛, 闲聊\nvt. 马背突然拱起将骑手摔下, 反对, 用碱水洗\na. 雄的",ielts gre
bucket,'bʌkit,n. 桶\n[计] 存储桶; 桶,gk cet4 cet6 ky ielts gre
buckle,'bʌkl,"n. 皮带扣, 扣子\nvt. 扣住, 使弯曲\nvi. 扣住, 变弯曲, 屈服",toefl ielts gre
bucolic,bju:'kɒlik,"a. 牧民的, 牧歌的, 乡下风味的\nn. 田园诗, 农夫",gre
bud,bʌd,"n. 芽, 花蕾\nvi. 发芽, 萌芽\nvt. 使发芽",cet4 cet6 ky toefl ielts gre
Buddhism,'budizm,n. 佛教,gk cet6
Buddhist,'budist,n. 佛教徒\na. 佛教的,gk
buddy,'bʌdi,"n. 好朋友, 伙伴",toefl
budge,bʌdʒ,vi. 微微移动\nvt. 推动\nn. 羔羊皮,toefl gre
budget,'bʌdʒit,"n. 预算\nvi. 编预算\nvt. 编入预算, 安排\na. 廉价的",gk cet4 cet6 ky toefl ielts gre
buffalo,'bʌfәlәu,n. 水牛\n[机] 水牛,cet6
buffer,'bʌfә,"n. 缓冲器, 缓冲区\nvt. 缓冲\n[计] 缓冲区, 缓冲器",gre
buffet,'bʌfit,"n. 自助餐, 小卖部, 碗橱, 殴打, 冲击\nvt. 连续打, 冲击, 搏斗\nvi. 奋斗",gk ky ielts
buffoon,bә'fu:n,n. 小丑,gre
bug,bʌg,"n. 错误, 虫, 病菌, 缺陷, 窃听器, 癖好, 防盗报警器, 双座小汽车, 要人\nvt. 装防盗报警器, 装窃听器, 激怒\nvi. 捉虫, 暴突\n[计] 缺点, 错误",cet6 ky ielts
bugaboo,'bʌ^әbu:,"n. 吓唬人的东西, 令人头痛的事, 无端的恐惧, 鬼怪",gre
buggy,'bʌgi,"a. 多虫的\nn. 双轮单座轻马车, 四轮单座马车",toefl gre
bugle,bju:gl,"n. 喇叭, 号角\nv. 吹号",cet6 toefl
build,bild,"v. 建立, 建筑\nn. 构造, 体格",zk gk
building,'bildiŋ,"n. 建筑物, 建筑\n[法] 营造, 建筑, 建筑物",zk gk ielts
buildings,,n. 建筑物（building的复数）,ielts
bulb,bʌlb,"n. 球茎, 电灯泡\n[医] 球, 鳞茎, 球茎",cet4 cet6 ky toefl ielts gre
bulge,bʌldʒ,"n. 胀, 膨胀\nvi. 凸出\nvt. 使膨胀",ielts gre
bulk,bʌlk,"n. 大小, 体积, 大块, 大多数\nvt. 显得大, 显得重要",cet4 cet6 ky toefl ielts gre
bulky,'bʌlki,"a. 庞大的\n[机] 庞大, 笨重",toefl
bull,bul,"n. 公牛\n[法] 买方, 买空者",cet4 cet6 ky ielts
bullet,'bulit,"n. 子弹\n[医] 弹, 子弹, 距节(马)",cet4 ky
bulletin,'bulitin,"n. 公告, 布告, 公报\n[电] 电子布告栏",cet6 ky ielts
bullion,'buljәn,"n. 金银, 金银块, 纯金\n[经] 金银锭",gre
bully,'buli,"n. 欺凌弱小者, 土霸\nvt. 威胁, 恐吓, 欺负\nvi. 欺负\na. 特好的, 第一流的\nadv. 十分",ky toefl ielts gre
bumble,'bʌmbl,"vi. 结结巴巴地说, 犯大错, 踉跄, 跌倒",gre
bumblebee,"'bʌmbl,bi:",n. [动]大黄蜂,toefl
bump,bʌmp,"n. 撞击, 肿块\nvt. 碰撞\nvi. 撞, 颠簸而行",cet6 ky toefl ielts gre
bumper,'bʌmpә,"n. 缓冲器, 满杯\na. 大胜利的",ielts
bumptious,'bʌmpʃәs,"a. 瞎自夸的, 瞎自大的, 傲慢的",gre
bun,bʌn,n. 小面包\n[医] 血液尿素氮,gk
bunch,bʌntʃ,"n. 串, 束\n[医] 骨肿块(马)",gk cet4 cet6 ky toefl ielts
bundle,'bʌndl,"n. 捆, 束\nvt. 包扎, 胡乱塞进\nvi. 匆忙离开",cet4 cet6 ky toefl ielts
bungalow,'bʌŋgәlәu,n. 平房,gk ielts
bungle,'bʌŋgl,"v. 拙劣地工作, 粗制滥造, 把...搞糟\nn. 粗劣, 失误, 笨拙",gre
bunk,bʌŋk,"n. 铺位, 废话, 逃走\nvi. 逃跑, 睡在铺上\nvt. 提供铺位",ielts
buoy,bɒi. 'bu:i,"n. 浮标, 航标, 救生圈\nvt. 使浮起, 鼓励",gre
buoyant,'bɒiәnt,"a. 有浮力的, 心情愉快的\n[经] 降而复升的, 保持高价的, 遂之而升的",ielts gre
burden,'bә:dn,"n. 负担, 重载, 担子, 责任\nvt. 装货于, 烦扰, 使负担",gk cet4 cet6 ky toefl
burdensome,'bә:dnsәm,"a. 累赘的, 恼人的, 繁重的\n[法] 难于负担的, 压抑的, 累赘的",toefl
bureau,'bjuәrәu,"n. 局, 办公处\n[经] 局, 司, 处",cet4 cet6 ky
bureaucracy,bjuә'rɒkrәsi,"n. 官僚, 官吏\n[法] 官僚主义, 官僚政治, 官僚机构",cet6 ky ielts gre
bureaucratic,bjuәrәu'krætik,a. 官僚的\n[经] 机僚化的,gk
burgeon,'bә:dʒәn,"n. 芽, 嫩枝\nv. 萌芽, 发芽",toefl ielts gre
burger,'bә:ɡә,n. 汉堡包（等于hamburger）,ielts
burglar,'bә:glә,"n. 窃贼\n[法] 夜盗, 窃贼, 盗窃者",gk cet6 ky toefl ielts
burial,'beriәl,"n. 埋葬, 葬礼\n[法] 埋葬, 葬礼",gk cet6 toefl ielts gre
burlesque,bә:'lesk,"n. (讽刺性的)诙谐模仿, 滑稽戏\na. 滑稽的, 可笑的",gre
burn,bә:n,"vt. 烧, 烧毁, 烧伤\nvi. 燃烧, 发热, 烧毁\nn. 烧伤, 烙印",zk gk cet4 cet6 ky
burner,'bә:nә,"n. 火炉, 烧火的人\n[化] 灯; 灯头; 烧嘴炉; 燃烧器; 燃烧炉",cet6
burning,'bә:niŋ,"a. 燃烧的, 象燃烧一样的\nn. 烧, 燃烧",toefl
burnish,'bә:niʃ,"vt. 擦亮, 打磨, 磨光\nvi. 磨光发亮\nn. 光辉, 光泽",toefl gre
burrow,'bʌrәu,"n. 洞穴, 藏身处\nvi. 掘洞穴, 躲藏\nvt. 掘, 打洞",toefl ielts gre
burst,bә:st,"n. 破裂, 突发, 爆发\nv. 爆裂, 突发, 充满\n[计] 二进制位组; 字符组; 脉冲串",gk cet4 cet6 ky toefl
bury,'beri,"vt. 埋葬, 埋藏",gk cet4 ky
bus,bʌs,n. 公共汽车\n[计] 总线; 汇流条; 母线,zk gk ielts
bush,buʃ,n. 矮树丛\n[化] 管衬,gk cet4 ky toefl
bushel,'buʃәl,n. 蒲式耳(容量单位)\nv. 修整(衣物),cet6
business,'biznis,"n. 生意, 事情, 业务, 商业, 商行, 职责\n[经] 企业, 商业, 营业",zk gk cet4 cet6 ky ielts
businessman,'biznismæn,"n. 商人, 实业家, 工商业家",gk
businesswoman,'bizniswjmæn,"n. 商人, 办理实务的人, 经商者",gk
bust,bʌst,"n. 半身像, 胸部, 失败, 殴打\nvt. 使爆裂, 使破产\nvi. 爆裂, 破产\n[计] 操作错",toefl ielts gre
bustle,'bʌsl,"n. 喧闹, 裙撑\nvi. 奔忙, 喧闹\nvt. 使忙碌, 催促",toefl ielts
busy,'bizi,"a. 忙碌的, 热闹的, 没空的\nvt. 使忙\nvi. 忙碌\n[计] 忙; 忙碌",zk gk
but,bʌt,prep. 除了\nconj. 但是\nadv. 仅仅,zk gk
butcher,'butʃә,"n. 屠夫, 肉商, 小贩\nvt. 屠宰, 屠杀",gk cet4 cet6 ky ielts
butt,bʌt,"n. 粗大的一头, 烟头, 靶, 笑柄\n[医] 对核",cet6 toefl gre
butter,'bʌtә,"n. 奶油, 黄油\nvt. 涂黄油于",zk gk cet4 ky toefl
butterfly,'bʌtәflai,"n. 蝴蝶\n[医] 蝶式棉块, 翼形皮癣, 纸蝶",zk gk cet4 ky toefl ielts
button,'bʌtәn,"n. 钮扣, 按钮\nvi. 扣住\nvt. 钉钮扣于, 扣紧\n[计] 按钮",gk cet4 cet6 ky
buttress,'bʌtris,"n. 拱壁, 扶壁, 支持物\nvt. 支持, 以扶壁支撑",gre
buxom,'bʌksәm,"a. (妇女)丰满的, 健美的",gre
buy,bai,"vt. 买, 获得\nvi. 买\nn. 购买, 买得的东西",zk gk
buzz,bʌz,"n. 嗡嗡声, 流言\nvi. 发出嗡嗡声, 说闲话\nvt. 使嗡嗡叫, 散布",cet6 toefl ielts
buzzer,'bʌzә,"n. 嗡嗡作声的东西, 蜂音器\n[化] 蜂鸣器; 磨轮; 砂轮",toefl
by,bai,"prep. 被, 经, 由, 在...之旁\nadv. 经过, 在近处",zk gk
by-product,'baiprɔdʌkt,"n. 副产品, 额外收获, 意外收获\n[计] 副产品",cet6 toefl
bye,bai,"interj. 再会, 回头见\n[计] 结束命令",zk gk
byline,,"n. 副业, 署名报道",gre
bypass,'baipɑ:s,"n. 旁路\nvt. 省略, 绕过, 忽视, 回避",cet6 ky ielts
byproduct,'bai.prɒdækt,n. 副产品,gre
bystander,'baistændә(r),"n. 旁观者, 目击者\n[法] 候补陪审员, 旁观者",gre
byword,'baiwә:d,"n. 谚语, 俗话, 笑柄",toefl
Byzantine,bi'zæntain,"a. 拜占庭帝国的, 拜占庭式的",gre
cab,kæb,"n. 出租车, 出租汽车, 出租马车\nvi. 乘出租马车(或汽车)",gk ky toefl ielts
cabal,kә'bæl,"n. 秘密结社, (尤指政治上的)阴谋\nvi. 策划阴谋",toefl gre
cabbage,'kæbidʒ,"n. 卷心菜\n[医] 卷心菜, 甘兰",zk gk cet4 ky
cabin,'kæbin,"n. 小屋, 客舱\nvt. 关在小屋",cet4 cet6 ky toefl ielts
cabinet,'kæbinit,"n. 橱柜, 内阁\na. 内阁的, 细木工做的\n[计] 机柜",cet4 cet6 ky toefl ielts gre
cabinetmaker,'kæbinit.meikә,"n. 家具师, 细工木匠",toefl
cable,'keibl,"n. 电缆, 海底电报, 缆, 索\nvi. 打海底电报\nvt. 发海底电报, 缚住\n[计] 电缆",cet4 cet6 ky toefl ielts
cache,kæʃ,"n. 隐藏所, 隐藏的粮食或物资, 贮藏物, 高速缓冲存储器\nvt. 隐藏, 窖藏\n[计] 高速缓冲存储器, 高速缓冲",gre
cachet,kæ'ʃei,"n. 公章, 私人印戳, 标记, 威望, 纪念邮戳\n[医] 扁囊剂",gre
cacophonous,kæ'kɒfәnәs,"a. 发音不和谐的, 粗腔横调的",gre
cacophony,kæ'kɒfәni,"n. 不愉快的音调, 不协和音, 杂音",gre
cacti,'kæktai,pl. 仙人掌,toefl
cactus,'kæktәs,n. 仙人掌\n[医] 仙人掌属,gre
cadaver,kә'deivә,"n. 死尸, 尸体\n[医] 尸体",gre
cadence,'keidns,"n. 韵律, 抑扬, 调子, 节奏\n[电] 步调",toefl gre
cadet,kә'det,n. 军官学校学生\n[法] 军校学生,gre
cadge,kædʒ,"v. 行乞, 乞讨, 贩卖",gre
cafe,kɑ:'fei,"n. 咖啡馆, 酒店",cet4 cet6 ky ielts
cafeteria,.kæfi'tiәriә,n. 自助餐厅\n[经] 自助餐厅,gk cet4 cet6 ky ielts
cage,keidʒ,"n. 笼, 牢房, 战俘营\nvt. 关进笼内",gk cet4 cet6 ky
cages,keidʒz,n. 笼子( cage的名词复数 ),ielts
cajole,kә'dʒәul,"vt. 以甜言蜜语哄骗, 勾引",gre
cake,keik,"n. 蛋糕, 块, 饼\nvt. 使结块, 加块状物于\nvi. 结块",zk gk cet4 ky
calamity,kә'læmiti,"n. 灾难, 不幸事件",ielts gre
calcium,'kælsiәm,n. 钙\n[化] 钙Ca,ky toefl ielts gre
calculate,'kælkjuleit,"v. 计算, 预测, 计划, 打算",gk cet4 ky toefl
calculated,'kælkjuleitid,"a. 有计划的, 适当的, 适合的, 计算出的\n[机] 算清了的",gre
calculating,'kælkjuleitiŋ,"a. 计算的, (贬)专为自己打算的, 深谋远虑的\n[计] 计算",gre
calculation,.kælkju'leiʃәn,"n. 计算, 考虑, 计算的结果\n[经] 计算",cet4 toefl
calculator,'kælkjuleitә,"n. 计算者, 计算器\n[计] 计算器",cet4 toefl
calculus,'kælkjulәs,n. 结石；微积分学,cet6 gre
caldron,'kɒ:ldrәn,n. 大锅,gre
calendar,'kælindә,"n. 日历, 日程表\nvt. 列入表中\n[计] 日历",cet4 cet6 ky toefl ielts
caliber,'kælibә,"n. 口径, 才干, 水准\n[医] 管径, 口径",toefl
calibrate,'kælibreit,"vt. 测定口径, 校准, 使标准化, 调整\n[化] 校准",gre
calibration,.kæli'breiʃәn,"n. 口径测定, 刻度, 校准\n[化] 校准",cet6 toefl
calibre,'kælibә,"n. 口径, 才干, 水准",toefl gre
calipers,'kælipәz,"pl. 测径规, 卡钳\n[化] 卡钳",gre
call,kɒ:l,"n. 呼叫, 访问, 打电话, 号召, 召集, 要求\nvt. 呼叫, 召集, 打电话\nvi. 叫喊, 访问, 叫牌\n[计] 调用; 呼叫; DOS内部命令:在批处理文件中调用另一个批处理文件",zk gk ielts
calligraphy,kә'ligrәfi,"n. 笔迹, 书法",gre
callous,'kælәs,"a. 麻木的, 无情的, 坚硬的, 硬皮的, 起老茧的\nvt. 使生茧, 使变硬",toefl gre
callow,'kælәu,"a. 年轻而无经验的, (鸟)羽毛未丰的\n[机] 无羽毛的",gre
callus,'kælәs,"n. 皮肤的硬皮, 胼胝, (植物伤口的)愈合组织, 老茧\n[医] 胼胝; 骨痂",gre
calm,kɑ:m,"n. 平稳, 风平浪静\na. 平静的, 冷静的\nvi. 平静下来, 镇静\nvt. 使平静",gk cet4 cet6 ky toefl
calorie,'kælәri,n. 卡路里（热量单位）,ky toefl ielts gre
calumniate,kә'lʌmnieit,"vt. 中伤, 诽谤\n[法] 诬蔑, 诽谤, 中伤",gre
calumny,'kælәmni,"n. 诽谤, 中伤\n[法] 诬告, 诽谤, 中伤",gre
Cambridge,'keimbridʒ,n. 剑桥,ielts
camel,'kæml,"n. 骆驼, 打捞浮筒",zk gk cet4 cet6 ky toefl
cameo,'kæmiәu,n. 刻有浮雕的宝石或贝壳,gre
camera,'kæmәrә,"n. 照相机, 摄影机, 密谈室, 暗箱\n[计] 摄影",zk gk cet4 cet6 ky ielts
camouflage,'kæmuflɑ:ʒ,"vt. 伪装, 掩饰\nn. 伪装, 伪装物, 幌子",toefl gre
camp,kæmp,"n. 露营, 帐篷\nvi. 露营, 扎营\nvt. 使扎营",zk gk cet4 cet6 ky toefl ielts
campaign,kæm'pein,"n. 战役, 运动, 竞选运动\nvi. 参加运动, 作战",gk cet4 cet6 ky toefl ielts gre
campus,'kæmpәs,"n. 校园, 大学生活",cet4 cet6 ky toefl ielts
can,kæn,"vt. 装罐\nn. 罐头, 容器\naux. 能, 可以\n[计] 作废字符",zk gk toefl
Canada,'kænәdә,n. 加拿大,zk gk
Canadian,kә'neidiәn,a. 加拿大的,gk ielts
canal,kә'næl,"n. 运河, 水道, 管, 沟渠\nvt. 开运河",gk cet4 cet6 ky toefl ielts
canard,kæ'nɑ:d,"n. 谣言, 误传",gre
canary,kә'nєәri,"n. 金丝雀, 淡黄色",gre
cance,, [人名] 坎斯,gk
cancel,'kænsәl,"n. 取消, 撤消, 盖销(邮票)\nvt. 取消, 删去, 抵销, 盖销\nvi. 相互抵销\n[计] 作废",zk gk cet4 cet6 ky toefl ielts
cancellation,kænsә'leiʃәn,"n. 取消, 作废, 注销戳\n[经] 注销, 取消, 保险单的注销",toefl
cancer,'kænsә,"n. 癌, 恶性肿瘤\n[医] 癌",zk cet4 cet6 ky
candid,'kændid,"a. 坦白的, 率直的, 公正的",toefl gre
candidacy,'kændidәsi,"n. 候选人的地位, 候选资格\n[法] 候选人的身份, 资格",gre
candidate,'kændideit,"n. 候选人, 投考者\n[法] 候选, 候补者",gk cet4 cet6 ky toefl ielts gre
candle,'kændl,n. 蜡烛\nvt. 对着光检查,zk gk cet4 cet6 ky ielts
candles,,"n. 蜡烛, 烛台（candle复数形式）",ielts
candor,'kændә,"n. 坦白, 直率",gre
candy,'kændi,"n. 糖果, 冰糖\nvt. 用糖煮, 使结晶为砂糖\nvi. 结晶为砂糖",zk gk cet4 ky
cane,kein,"n. 手杖, 细长的茎, 藤条\nvt. 以杖击, 以藤编制",cet6 ielts gre
canine,'keinain,"n. 犬齿, 犬\na. 犬的, 似犬的, 犬科的",gre
canker,'kæŋkә,"n. 溃疡, 腐蚀因素\nvi. 患溃疡, 腐蚀, 溃烂\nvt. 使患溃疡, 使腐蚀",gre
cannibalism,'kænibәlizm,"n. 嗜食同类, 食人, 嗜血成性",toefl
cannon,'kænәn,"n. 大炮, 加农炮\nv. 炮轰",cet4 cet6 ky ielts
canny,'kæni,"a. 精明的, 谨慎的, 节约的",toefl gre
canoe,kә'nu:,"n. 独木舟, 轻舟\nvi. 乘独木舟\nvt. 用独木舟运",cet4 cet6 ky toefl
canon,'kænәn,"n. 教会法规, 圣典, 准则, 标准, 教士\n[医] 规范, [加农]炮",gre
canonical,kә'nɔnikәl,"a. 依教规的, 被认为圣典的, 权威的, 典型的\n[建] 正则的",gre
canopy,'kænәpi,"n. 天篷, 遮篷, 苍穹\nvt. 用天蓬遮盖",toefl gre
cant,kænt,"n. 伪善之言, 黑话, 斜面, 角落\nvi. 讲黑话, 倾斜",gre
cantankerous,kæn'tæŋkәrәs,"a. 专爱唱反调的, 爱吵架的",gre
cantata,kæn'tɑ:tә,"n. 康塔塔, 大合唱",gre
canteen,kæn'ti:n,"n. 水壶, 军中俱乐部, 临时流动餐馆, 小卖部",gk cet4 cet6 ky ielts
canter,'kæntә,"n. 慢跑, 流浪汉\nvi. 慢跑\nvt. 使慢跑",toefl
canto,'kæntәu,"n. 长诗的篇章, 曲调",gre
canvas,'kænvәs,"n. 帆布, 画布, 油画\n[化] 帆布",cet4 cet6 ky toefl ielts gre
canvass,'kænvәs,"n. 细查, 讨论, 游说\nvt. 彻底检查, 向...拉票或拉生意, 讨论\nvi. 游说",gre
canyon,'kænjәn,"n. 峡谷, 海底悬崖",toefl gre
cap,kæp,"n. 盖子, 帽子\nvt. 戴帽子, 覆盖, 胜过\nvi. 脱帽致意\n[计] 调用程序分析, 容量, 代码分析程序, 计算机辅助生产, 计算机辅助印刷",zk gk cet4 cet6 ky toefl
capability,.keipә'biliti,"n. 能力, 性能, 约束力\n[化] 能力",cet6 toefl
capable,'keipәbl,"a. 有能力的, 能的, 能干的",cet4 cet6 ky toefl
capacious,kә'peiʃәs,"a. 容积大的, 广阔的, 宽敞的",toefl gre
capacitance,kә'pæsitәns,n. 电容\n[化] 电容,cet6
capacitor,kә'pæsitә,n. 电容器\n[化] 电容器,cet6
capacity,kә'pæsiti,"n. 容量, 能力, 才能, 资格\n[计] 容量",cet4 cet6 ky toefl ielts
cape,keip,"n. 岬, 海角, 披肩, 斗蓬",cet6 ky ielts gre
caper,'keipә,"n. 跳跃\nvi. 雀跃, 蹦跳",gre
capillary,kæ'pilәri,"n. 毛细管\na. 毛状的, 毛细管的",toefl gre
capital,'kæpitәl,"n. 首都, 大写字母, 资本\na. 首都的, 重要的",zk gk cet4 cet6 ky ielts
capitalism,'kæpitәlizәm,n. 资本主义\n[经] 资本主义,ky
capitalize,kә'pitәlaiz,"vt. 以大写字母写, 使资本化, 估计...的价值\n[经] 资本化, 收益的现值化",gre
capitation,kæpi'teiʃәn,"n. 人头税, 每人均摊费\n[经] 按人计算(收费), 人头税",gre
capitulate,kә'pitjuleit,"vi. (有条件)投降\n[法] 投降, 投降",gre
caprice,kә'pri:s,"n. 反复无常, 多变, 任性",gre
capricious,kә'priʃәs,"a. 反复无常的, 多变的, 任性的",toefl gre
capsize,kæp'saiz,"v. 翻覆, 倾覆",toefl gre
capsule,'kæpsju:l,"n. 胶囊, 蒴果, 瓶帽, 航天舱\n[化] 胶囊剂",gk cet6 ky ielts gre
captain,'kæptin,"n. 船长, 指挥官, 海军上校, 首领\nvt. 率领, 指挥",zk gk cet4 cet6 ky
caption,'kæpʃәn,"n. 说明, 字幕, 标题\nvt. 加上标题, 加上说明\n[计] 标题",gk ielts gre
captious,'kæpʃәs,"a. 吹毛求疵的, 挑剔的",toefl gre
captivate,'kæptiveit,"vt. 迷住, 迷惑",toefl gre
captive,'kæptiv,"n. 俘虏, 迷恋者\na. 被俘的, 被迷住的",cet4 cet6 ky ielts
captivity,kæp'tiviti,"n. 囚禁, 被关\n[法] 囚禁, 被俘, 俘虏",toefl
capture,'kæptʃә,"n. 抓取, 战利品, 捕获之物\nvt. 抓取, 获得, 迷住\n[计] 截获命令",cet4 cet6 ky toefl ielts gre
car,kɑ:,"n. 汽车, 客车\n[机] 车",zk gk
carafe,kә'ræf,n. 卡拉夫瓶,gre
carapace,'kærәpeis,"n. 甲壳, 壳\n[医] 甲, 甲壳, 介",toefl gre
carat,'kærәt,"n. 克拉\n[化] 开; 克拉(宝石、金刚石重量单位,等于0.2克)",toefl gre
carbohydrate,.kɑ:bәu'haidreit,"n. 碳水化合物, 糖类\n[化] 糖类; 碳水化合物",ky toefl gre
carbon,'kɑ:bәn,"n. 碳, 副本, 复写纸\n[化] 碳",gk cet4 cet6 ky toefl ielts
carcase,'kɑ:kәs,"n. 尸体, 架子",ielts
carcass,'kɑ:kәs,n. 尸体\n[医] 屠体(宰后除脏的畜体),toefl
carcinogen,kɑ:'sinәdʒәn,n. 致癌物质\n[化] 致癌物,gre
card,kɑ:d,"n. 卡片, 纸牌, 节目单, 明信片, 梳棉机\nvt. 备置卡片, 记于卡片上, 梳理\n[计] 卡片, 卡",zk gk ielts
cardiac,'kɑ:diæk,"n. 心脏病患者, 强心剂, 健胃药\na. 心脏的, (胃的)贲门的",toefl
cardinal,'kɑ:dinәl,"n. 红衣主教, 鲜红色\na. 主要的, 深红色的",ky toefl ielts gre
cardiologist,,n. 心脏病学家\n[医] 心[脏]病学家,gre
cards,,"n. (playing cards)(正式)一副纸牌, 一副扑克牌, 纸牌游戏, 打扑克",ielts
care,kєә,"n. 小心, 照料, 忧虑\nvi. 关心, 介意\nvt. 在意, 喜欢",zk gk ielts
careen,kә'ri:n,"vt. 倾斜, 倾, (为了修理或清洁)使倾侧\nn. 船的倾侧",gre
career,kә'riә,"n. 事业, 生涯, 成功\n[法] 职业, 专业, 履历",cet4 ky toefl ielts
careerism,kә'riәrizm,"n. 野心, 追求名利",toefl
careful,'kєәful,"a. 小心的, 谨慎的",zk gk toefl
careless,'kєәlis,"a. 粗心的, 不关心的, 无忧无虑的",zk gk cet4 toefl
carelessly,'kєәlisli,"adv. 不注意地, 粗心地",toefl
caress,kә'res,"n. 爱抚, 拥抱\nvt. 爱抚, 抱, 宠爱",ky toefl gre
careworn,'kєәwɒ:n,a. 忧心忡忡的,gre
cargo,'kɑ:gәu,n. 货物\n[经] 货柜,cet4 cet6 ky toefl gre
caricature,'kærikәtʃә,"n. 讽刺画, 漫画, 漫画手法\nvt. 画成漫画讽刺",toefl gre
carillon,'kæriljәn,"n. 排钟, 钟乐\n[电] 钟乐器",gre
carnage,'kɑ:nidʒ,"n. 大屠杀, 残杀",toefl gre
carnal,'kɑ:nl,"a. 肉体的, 肉欲的\n[医] 肉的, 肉欲的",toefl
carnival,'kɑ:nivәl,"n. 嘉年华会, 狂欢节, 饮宴狂欢",toefl
carnivore,'kɑ:nivɒ:,"n. 食肉动物\n[医] 食肉动物, 食虫植物",toefl
carnivorous,kɑ:'nivәrәs,a. 食肉的\n[医] 食肉的,toefl gre
carol,'kærәl,"n. 颂歌, 欢乐的歌\nv. 歌颂, 欢唱",gre
carouse,kә'rauz,"n. 喧闹的酒会或宴会\nvi. 痛饮, 畅饮",gre
carp,kɑ:p,"n. 鲤鱼\nvi. 吹毛求疵, 挑剔",gre
carpenter,'kɑ:pintә,n. 木匠,gk cet4 cet6 ky toefl ielts gre
carpentry,'kɑ:pintri,"n. 木工手艺, 木工业, 木器",gre
carpet,'kɑ:pit,"n. 地毯, 地毯状物\nvt. 铺以地毯, 铺盖",gk cet4 cet6 ky ielts
carping,'kɑ:piŋ,"a. 吹毛求疵的, 挑毛病的",toefl
carriage,'kæridʒ,"n. 马车, 客车, 举止, 运输\n[经] 搬运费, 运费",gk cet4 cet6 ky toefl
carrier,'kæriә,"n. 运送者, 邮递员, 带菌者\n[计] 载波",gk cet4 cet6 ky ielts
carrion,'kæriәn,"n. 死肉, 腐肉\na. 腐肉的, 似腐肉的, 吃腐肉的",toefl gre
carrot,'kærәt,n. 胡萝卜\n[医] 胡萝卜,gk cet4 cet6 ky ielts
carry,'kæri,"n. 进位, 射程, 运载\nvt. 携带, 运送, 支持, 传送, 包含\nvi. 被携带, 能达到\n[计] 进位; 进位数",zk gk ielts
cart,kɑ:t,n. 二轮运货马车\nvi. 驾运货马车\nvt. 用车装载,cet4 cet6 ky toefl ielts
cartographer,kɑ:'tɒgrәfә,"n. 地图制作者, 制图师",gre
carton,'kɑ:tn,"n. 硬纸盒, 纸板箱\n[化] 卡纸",ielts
cartoon,kɑ:'tu:n,"n. 卡通画, 漫画\nv. 画漫画",gk cet6 ky toefl ielts gre
cartridge,'kɑ:tridʒ,"n. 弹药筒, 弹药, 一卷软片, 墨粉鼓\n[计] 盒式磁带机",cet6
carve,kɑ:v,"v. 雕刻, 切开",gk cet4 cet6 ky toefl ielts gre
carver,'kɑ:vә,"n. 雕刻匠, 雕工, 切肉刀\n[医] 雕刻器",toefl
carving,'kɑ:viŋ,"n. 雕刻品, 雕刻, 雕刻术",toefl ielts
cascade,kæ'skeid,"n. 小瀑布, 瀑布状物\nvi. 成瀑布落下\n[计] 层叠, 级联",toefl gre
case,keis,"n. 情形, 情况, 箱, 容器, 事实, 病例, 案例, 框子\nvt. 装箱, 包盖",gk ielts
cash,kæʃ,n. 现金\nvt. 兑现,gk cet4 ky ielts
cashier,kæ'ʃiә,"n. 出纳员\n[经] 司库, 出纳员, 收支员",ielts
cassette,kæ'set,"n. 盒式磁带, 珠宝箱, 暗盒\n[计] 字盒",cet4 cet6 ky toefl ielts
cast,kɑ:st. kæst,"n. 演员阵容, 投掷, 铸件, 预测, 特性\nvt. 投, 掷, 抛, 脱落, 铸, 使弯曲, 计算\nvi. 投, 计算, 浇铸成型",gk cet4 cet6 ky toefl ielts gre
cast-iron,'kɑ:st'aiәn,"a. 铸铁的, 铸铁制成的, 坚固的, 不妥协的\n[电] 铸铁",toefl
caste,kæst. kɑ:st,"n. 印度的种姓制度, (排他的)社会团体",toefl gre
castigate,'kæstigeit,"vt. 惩罚, 苛评, 修订",toefl gre
castigation,.kæsti'geiʃәn,"n. 惩罚, 苛评, 修订",gre
casting,'kɑ:stiŋ,"n. 投掷, 铸成品, 角色分配\n[化] 浇铸; 铸品",toefl
castle,'kæsl. 'kɑ:sl,"n. 城堡, 象棋中的车\nvt. 置于城堡中, 盘踞于",gk cet4 cet6 ky ielts
casual,'kæʒjuәl,"a. 偶然的, 不经意的, 便装的\nn. 临时工, 待命士兵",gk cet4 cet6 ky toefl ielts gre
casualty,'kæʒjuәlti,"n. 意外事故, 伤亡, 受害者\n[化] 事故",cet6 ky toefl ielts gre
cat,kæt,"n. 猫, 恶妇\nvi. 呕吐\n计算机辅助教育, 计算机辅助测试, 计算机辅助翻译, 计算机辅助排版\n[计] 计算机辅助教学, 计算机辅助翻译, 计算机辅助排字, 计算机辅助测试",zk gk
cataclysm,'kætәklizm,"n. 大洪水, 地震, (社会政治的)大变动\n[医] 渗出, 渗液, 猝变, 聚变",toefl gre
catalog,'kætәlɒg,"n. 目录, 大学概况手册\nvt. 编目录\n[计] 目录; 编目",cet4 cet6 ky ielts gre
catalogue,'kætәlɒg,"n. 目录, 大学情况一览\nvt. 编入目录",gk cet6 ielts
catalyst,'kætәlist,"n. 触媒, 接触剂, 催化剂, 刺激因素, 促进因素\n[计] 催化剂",cet6 toefl ielts gre
catalyze,'kætәlaiz,"vt. 催化, 促进, 刺激\n[医] 催化",toefl
catapult,'kætәpʌlt,"n. 弹射器, 弹弓, 弩炮\nvt. 发射",gre
catastrophe,kә'tæstrәfi,"n. 大灾难, 大祸\n[化] 突变",gk cet6 ky toefl ielts gre
catch,kætʃ,"n. 捕捉, 陷阱, 捕捉之物, 抓, 拉手\nvt. 捕捉, 赶上, 感染, 听清楚\nvi. 抓住, 燃着",zk gk ielts
catching,'kætʃiŋ,"a. 易传染的, 有魅力的, 吸引人的",toefl ielts
categorical,.kæti'gɒrikl,"a. 范畴的, 绝对的, 明确的",toefl gre
categorize,'kæti^әraiz,"vt. 分类, 归类",toefl
category,'kætigәri,"n. 种类, 类项\n[计] 分类",gk cet6 ky toefl ielts gre
cater,'keitә,"v. 提供饮食及服务, 投合, 迎合",gk cet6 ky toefl ielts gre
catering,'keitәriŋ,n. 给养；承办酒席；[医]提供饮食及服务,ielts
caterpillar,'kætәpilә,n. 毛虫\n[机] 履带车,toefl gre
catharsis,kә'θɑ:sis,"n. 陶冶, 净化, 导泻\n[医] 导泻, 泻法, 精神发泄",gre
cathedral,kә'θi:drәl,n. 大教堂,gk cet4 cet6 ky toefl ielts gre
catholic,'kæθәlik,"n. 天主教徒\na. 天主教的, 普遍的, 广泛的, 宽宏大量的",gk cet6 ky toefl ielts gre
cattle,kætl,"n. 牛, 家畜\n[法] 家畜",gk cet4 cet6 ky ielts
caucus,'kɒ:kәs,"n. 领导人会议, 核心会议\nvi. 开核心会议",gre
caulk,kɒ:k,vt. 填...以防漏,gre
causal,'kɒ:zәl,"a. 原因的, 因果关系的, 表示原因或理由的\nn. 表示原因的连词",cet6 gre
cause,kɒ:z,"n. 原因, 目标\nvt. 引起, 使产生, 使遭受",zk gk cet4 cet6 ky toefl ielts
causes,,n. 原因,ielts
caustic,'kɒ:stik,n. 腐蚀剂\na. 腐蚀性的,toefl ielts gre
cauterize,'kɒ:tәraiz,"vt. 烧灼, 使麻木不仁\n[医] 烧灼, 烙",gre
caution,'kɒ:ʃәn,"n. 小心, 慎重, 警示\nvt. 警告\n[计] 警告",gk cet6 ky toefl ielts
cautionary,'kɒ:ʃәnәri,a. 警告的,gre
cautious,'kɒ:ʃәs,"a. 谨慎的, 小心的",gk cet4 cet6 ky toefl ielts
cautiously,'kɒ:ʃәsli,adv. 慎重地,toefl
cavalcade,.kævәl'keid,"n. 行列, 骑马行列, 一系列",gre
cavalier,.kævә'liә,"n. 骑士, 骑手",gre
cavalry,'kævәlri,n. 骑兵,gre
cave,keiv,"n. 洞, 穴\nvi. 凹陷, 塌落\nvt. 挖洞, 使凹陷, 损坏...的基础",gk cet4 cet6 ky ielts
caveat,'keiviæt,"n. 中止诉讼程序的申请, 警告\n[经] 停止支付的广告, 货物出门概不退换",gre
cavern,'kævәn,"n. 巨穴, 洞窟, 深处\nvt. 放于山洞中, 挖空",toefl gre
caves,keivz,"n. 咖啡馆, 小餐厅( cafe的名词复数 ); 洞穴( cave的名词复数 )",ielts
cavil,'kævil,"n. 无端的指责, 挑剔\nv. 吹毛求疵",gre
cavity,'kæviti,"n. 洞, 空穴, 腔\n[化] 空穴",cet6 toefl ielts gre
cavort,kә'vɒ:t,vi. 腾跃,gre
CD,,"n. 镭射碟, 镭射唱片\n[计] 光盘, 压缩盘, 载波检测, DOS内部命令:显示或改变当前目录",zk gk ielts
CD-ROM,si:di:'rɔm,n. 光盘驱动器,zk ielts
cease,si:s,"n. 停止\nv. 停止, 终了",cet4 cet6 ky toefl ielts
ceaseless,'si:slis,"a. 不停的, 不断的",toefl
cedar,'si:dә,"n. 雪松, 香椿\n[医] 香柏, 杉, 雪松",toefl
cede,si:d,"vt. 割让\n[法] 割让, 让与, 放弃",gre
ceiling,'si:liŋ,"n. 天花板\n[经] 顶点, 顶线, 上限",zk gk cet4 cet6 ky toefl
celebrate,'selibreit,"v. 庆祝, 祝贺, 举行",zk gk cet4 cet6 ky toefl
celebrated,'selibreitid,"a. 驰名的, 有名的",toefl gre
celebration,.seli'breiʃәn,"n. 庆祝, 庆典",gk
celebrity,si'lebrti,"n. 名声, 名人",ky toefl gre
celerity,si'leriti,"n. 迅速, 快速",gre
celestial,si'lestjәl,"a. 天的, 天国的, 天空的\n[法] 天的, 天空的, 天国的",toefl gre
celibate,'selibәt,"n. 独身者, 独身主义者\na. 独身的, 独身主义的",gre
cell,sel,"n. 单元, 细胞, 电池\n[计] 单元",gk cet4 cet6 ky toefl
cellar,'selә,"n. 地窖, 地下室, 藏酒",gk cet4 cet6 ky toefl ielts gre
cellist,'tʃelist,n. 大提琴演奏家,toefl
cello,'tʃelәu,n. 大提琴,toefl gre
cellular,'seljulә,a. 细胞的\n[医] 细胞的,toefl
cellulose,'seljulәus,n. 纤维素\n[化] 纤维素,toefl
celsius,'selsiәs,a. 摄氏的,toefl
cement,si'ment,"n. 水泥, 胶结剂\nvt. 胶合, 用水泥涂\nvi. 黏牢",cet4 cet6 ky ielts gre
cemetery,'semitәri,"n. 墓地, 公墓\n[法] 公墓, 墓地",ky ielts gre
censor,'sensә,"n. 检查员\nvt. 检查, 审查, 删改",cet6 toefl ielts gre
censure,'senʃә,"n. 责难\nvt. 非难, 指责",toefl
census,'sensәs,n. 户口普查\nvt. 实施统计调查,ky toefl ielts gre
cent,sent,n. 分\n[经] 美分,zk gk cet4 cet6 ky
centaur,'sentɒ:,"n. 半人半马的怪物, 半人马座",gre
centenary,sen'ti:nәri,n. 一百年\na. 一百年的,ielts
centennial,sen'tenjәl,n. 百年纪念\na. 一百年的,toefl
center,'sentә,"n. 中心, 中心点, 中锋\na. 中央的, 位在正中的\nvt. 集中, 定中心\nvi. 居中\n[计] 居中; 中央",ielts
centigrade,'sentigreid,"a. 百分度的, 摄氏的\n[医] 百分度",gk cet4 cet6 ky toefl gre
centimetre,"'senti,mi:tә(r)","n. 厘米, 公分",gk cet4 cet6 ky
central,'sentrәl,"a. 中央的, 重要的\n[医] 中央的, 中心的, 中枢的",gk cet4 cet6 ky ielts
centralization,.sentrәlai'zeiʃәn,"n. 集中, 中央集权化\n[计] 集中式; 集中化",gre
centralize,'sentrәlaiz,"vt. 集聚, 集中, 施行中央集权\nvi. 集中",cet6
centre,'sentә,"n. 中心, 中心点, 中锋\na. 中央的, 位在正中的\nvt. 集中, 定中心\nvi. 居中",zk gk cet4 cet6 ky ielts
centrifugal,sen'trifjugl,"a. 离心的\nn. 离心机, (离心机的)转筒",gre
centripetal,sen'tripitәl,"a. 向心的\n[医] 向心的, 向中的, 求中的",gre
centurion,sen'tjuәriәn,n. 百人队队长,gre
century,'sentʃuri,"n. 世纪, 百年",zk gk cet4 cet6 ky ielts
cephalic,si'fælik,"a. 头的\n[医] 头的, 头侧的",gre
ceramic,si'ræmik,a. 陶瓷的\nn. 陶瓷制品,cet6 ielts gre
ceramics,si'ræmiks,n. 制陶术\n[化] 陶瓷学,toefl gre
cereal,'siәriәl,"n. 谷类食品, 谷类植物\na. 谷类的",cet6 ky ielts gre
cerebral,'seribrәl,"a. 脑的, 大脑的\n[医] 小脑的",gre
ceremonial,.seri'mәunjәl,n. 仪式\na. 正式的,toefl
ceremonious,.seri'mәunjәs,"a. 讲究仪式的, 隆重的",toefl gre
ceremony,'serimәni,"n. 典礼, 仪式, 礼节\n[法] 典礼, 仪式",gk cet4 cet6 ky toefl ielts gre
certain,'sә:tәn,"a. 确定的, 某一个的, 必然的\n[法] 确凿的, 无疑的, 可靠的",zk gk cet4 ky
certainly,'sә:tәnli,adv. 确定地,gk
certainty,'sә:tәnti,"n. 确定, 确实的事情\n[法] 确定, 肯定, 必然的事",cet4 cet6 ky ielts gre
certificate,sә'tifikeit,"n. 证书, 证明书\nvt. 发给证明书, 用证书批准, 用证书证明",gk cet4 cet6 ky ielts
certificates,səˈtifikeits,"n. 证明书, 执照( certificate的名词复数 )",ielts
certification,.sә:tifi'keiʃәn,n. 证明\n[经] 证明,gre
certify,'sә:tifai,"v. 证明, 保证",ky ielts
certitude,'sә:titju:d,"n. 确实性, 确信",gre
cessation,se'seiʃәn,"n. 停止\n[法] 中止, 中断, 停止",gre
cession,'seʃәn,"n. 割让, 转让\n[经] 财产权利等的转让, 再保险",toefl gre
chafe,tʃeif,"n. 擦伤, 气恼\nv. 摩擦, 擦痛, 激怒",toefl gre
chaff,tʃæf,"n. 谷壳, 糠, 揶揄\nv. 开玩笑, 戏弄",gre
chagrin,'ʃægrin,n. 懊恼\nvt. 使懊恼,toefl gre
chain,tʃein,"n. 链, 枷锁, 束缚\nvt. 用铁练锁住, 束缚, 囚禁",gk cet4 cet6 ky
chair,tʃєә,"n. 椅子, 显要的席位, 主席\nvt. 使入座, 使就任要职",zk gk ielts
chairman,'tʃєәmәn,"n. 主席, 会长\n[经] 主席",zk gk cet4 cet6 ky
chairwoman,'tʃєәwumәn,"n. 女主席, 女议长",gk
chalice,'tʃælis,"n. 酒杯, 圣餐杯",gre
chalk,tʃɒ:k,"n. 粉笔, 白垩\nvt. 用粉笔写, 记录",zk gk cet4 cet6 ky toefl
challenge,'tʃælindʒ,"n. 挑战, 盘问\nvt. 向...挑战, 要求, 怀疑\nvi. 挑战, 对(证据等)表示异议",gk cet4 cet6 ky toefl ielts
challenging,'tʃælindʒiŋ,"a. 挑战的, 引起争论的",gk ielts
chamber,'tʃeimbә,"n. 室, 房间, 枪膛\nvt. 装(弹药), 把...关在室内\na. 室内的",cet4 cet6 ky toefl ielts
chameleon,kә'mi:liәn,"n. 美洲变色蜥蜴, 善变的人\n[医] 避役属(蜴蜥之一属)",gre
champagne,ʃæm'pein,"n. 香槟酒, 香槟酒色\n[化] 香槟酒",ky ielts
champion,'tʃæmpiәn,"n. 冠军, 拥护者, 战士\nvt. 保卫, 拥护\na. 优胜的",gk cet4 cet6 ky toefl ielts gre
championship,'tʃæmpiәnʃip,"n. 冠军身份, 冠军称号, 捍卫",toefl gre
chance,tʃæns. tʃɑ:ns,"n. 机会, 意外, 可能性\nvi. 偶然发生\nvt. 冒险",zk gk cet4 ky toefl ielts
chancellor,'tʃɑ:nsәlә,"n. 大臣, 总理, 首相, 大使馆/领事馆的一等秘书, 司法官, 大学校长",ky ielts gre
chandelier,",ʃændi'liә",n. 枝形吊灯,gre
change,tʃeindʒ,"n. 变化, 找回的零钱, 找头, 更换\nvt. 改变, 更换, 兑换",zk gk
changeable,'tʃeindʒәbl,a. 可改变的,gk
channel,'tʃænәl,"n. 海峡, 航道, 频道\nvt. 引导, 在...上挖沟, 形成河道\n[计] 信道, 通道",gk cet4 cet6 ky toefl ielts
chant,tʃænt. tʃɑ:nt,"n. 圣歌, 赞美诗\nv. 吟唱, 诵扬",zk gk ielts gre
chaos,'keiɒs,"n. 大混乱, 混沌\n[化] 混沌; 浑沌",gk cet4 cet6 ky toefl ielts gre
chaotic,kei'ɒtik,"a. 混乱的, 无秩序的\n[法] 混乱的, 混沌的",toefl
chap,tʃæp,"n. 小伙子, 颌, 龟裂\nv. 皲裂",ky
chapel,'tʃæpәl,"n. 小教堂, 礼拜式",toefl ielts gre
chapter,'tʃæptә,"n. 章, 篇, 重要章节\n[计] 章; 段",gk cet4 cet6 ky ielts
char,tʃɑ:,"n. 家庭杂务, 炭\nvi. 打杂, 烧焦",gre
character,'kærәktә,"n. 个性, 字符, 人物, 性质, 品格, 资格\n[计] 字符",gk cet4 cet6 ky toefl
characteristic,.kærәktә'ristik,"n. 特性, 特征, 特色\na. 特性的, 特有的, 有特色的\n[计] 阶; 指数",gk cet4 cet6 ky toefl ielts gre
characterization,",kæriktәrai'zeiʃәn","n. 特性描述, 人物之塑造\n[建] 特性因数",gre
characterize,'kærәktәraiz,"vt. 描绘...的特性, 刻划...的性格",cet4 cet6 ky toefl ielts gre
charade,ʃә'rɑ:d,n. 字谜游戏,gre
charcoal,'tʃɑ:kәul,n. 木炭\n[化] 木炭,cet6 toefl
charge,tʃɑ:dʒ,"n. 指控, 费用, 冲锋, 电荷, 炸药, 主管, 被托管人, 命令\nvt. 控诉, 加罪于, 使充满, 使充电, 使承担\nvi. 冲锋, 要价, 收费",gk cet4 cet6 ky toefl ielts
charges,,n. 费用；手续费；运费,ielts
charisma,kә'rizmә,"n. 非凡的领导力, 神秘的个人魅力, 神授的能力",toefl gre
charitable,'tʃæritәbl,"a. 大慈大悲的, 宽厚的, 慈善的\n[法] 慈善的, 慷慨的, 宽恕的",toefl gre
charity,'tʃæriti,"n. 慈悲, 博爱, 慈善团体, 施舍\n[法] 宽大, 宽恕, 慈善机关",cet4 cet6 ky toefl ielts gre
charlatan,'ʃɑ:lәtәn,"n. 庸医\n[医] 庸医, 江湖医",gre
charm,tʃɑ:m,"n. 吸引力, 魔力, 符咒\nvt. 迷住, 使陶醉, 行魔法\nvi. 用符咒, 有魅力",cet6 ky ielts gre
charming,'tʃɑ:miŋ,"a. 迷人的, 有吸引力的",cet4 cet6
chart,tʃɑ:t,"n. 图表, 海图\nvt. 制成图表\n[计] 图表",gk cet4 cet6 ky toefl ielts
charter,'tʃɑ:tә,"n. 特许状, 执照, 宪章\nvt. 特许, 发给特许执照",cet6 ky toefl ielts gre
chary,'tʃєәri,"a. 细心的, 吝啬的, 谨慎的",toefl gre
chase,tʃeis,"n. 追求, 狩猎, 追逐\nvt. 追捕, 追逐, 雕刻, 在...上镶嵌宝石\nvi. 追赶, 奔跑",cet4 cet6 ky ielts gre
chasm,'kæzәm,"n. 陷窟, 裂口",cet6 toefl ielts gre
chaste,tʃeist,"a. 贞洁的, 纯洁的, 朴素的",toefl ielts gre
chasten,'tʃeisәn,vt. 惩罚；磨炼；抑制,gre
chastise,tʃæ'staiz,"vt. 责骂, 惩罚\n[法] 责罚, 惩戒, 严惩",gre
chat,tʃæt,"n. 闲谈\nvi. 闲谈, 聊天",gk ky toefl ielts
chateau,ʃæ'tәu,n. 城堡,toefl
chatter,'tʃætә,"n. 饶舌, 啁啾, 喋喋不休\nvi. 喋喋不休地谈, (鸟)啭鸣",cet6
chauvinism,'ʃәuvinizm,"n. 盲目的爱国主义, 沙文主义\n[法] 沙文主义",gre
chauvinistic,.ʃәuvi'nistik,"a. 本民族(或本性别)第一主义的, 沙文主义的",gre
cheap,tʃi:p,"a. 便宜的, 不值钱的, 可鄙的\nadv. 便宜地",zk gk
cheaper,,"a. 成本更低, 比较便宜的",ielts
cheat,tʃi:t,"n. 欺骗, 作弊, 骗子\nv. 欺骗, 逃脱, 骗取",zk gk cet4 cet6 ky
check,tʃek,"n. 检查, 支票, 阻止物, 寄物牌, 象棋中将军\nvt. 检查, 阻止, 核对, 寄存, 托运\nvi. 逐项相符, 开支票\n[计] 复选",zk gk toefl ielts gre
checkered,'tʃekәd,"a. 盛衰无常的, 多波折的, 有格子花的, 有...交错着的, 变化多端的\n[机] 网纹板[钢板]",gre
checkout,'tʃekaut,n. 结帐台\n[计] 检验,toefl
checks,,n. 支票；格（check的复数形式）,ielts
checkup,'tʃekʌp,"n. 审查, 鉴定, 健康检查",toefl ielts
cheek,tʃi:k,"n. 颊, 厚颜, 脸蛋\n[医] 颊",gk cet4 cet6 ky
cheer,tʃiә,"n. 愉快, 振奋, 欢呼\nvi. 欢呼, 喝彩, 快活起来\nvt. 使振奋, 欢呼",zk gk cet4 cet6 ky ielts
cheerful,'tʃiәful,"a. 快活的, 高兴的, 兴高采烈的",gk cet4 cet6 ielts
cheers,tʃiәz,"interj. 干杯, 再见",gk
cheese,tʃi:z,n. 乳酪\n[化] 干酪,zk gk cet4 ky ielts
cheetah,'tʃi:tә,n. 猎豹,gre
chef,ʃef,n. 厨师,gk ky toefl gre
chemical,'kemikl,"n. 化学药品\na. 化学的, 化学上用的",gk cet4 cet6 ky
chemist,'kemist,"n. 化学家, 药剂师\n[化] 化学家; 化学师; 化学工作者; 药剂师; 药房",gk cet4 cet6 ky ielts
chemistry,'kemistri,"n. 化学, 化学过程\n[化] 化学",zk gk cet4 cet6 ky ielts
cheque,tʃek,n. 支票,gk cet4 cet6 ky
cherish,'tʃeriʃ,"vt. 珍爱, 怀有, 爱护",cet6 ky toefl ielts
cherry,'tʃeri,"n. 樱桃, 樱桃树, 樱桃色\n[医] 樱桃",cet4 ky
cherubic,tʃe'ru:bik,"a. 天使的, 无邪的, 可爱的",gre
chess,tʃes,n. 国际象棋\n[建] 雀麦,zk gk cet4 cet6 ky
chest,tʃest,"n. 胸, 胸部, 衣柜, 箱子\n[医] 胸, 胸廓",zk gk cet4 cet6 ky toefl ielts
chestnut,'tʃesnʌt,"n. 栗子, 栗树, 栗色\na. 栗色的",cet6
chew,tʃu:,"vt. 咀嚼, 嚼碎\nvi. 咀嚼, 细想\nn. 咀嚼, 咀嚼物",gk cet4 cet6 ky ielts
chic,ʃi:k,"n. 漂亮, 别致的款式\na. 漂亮的, 别致的",ielts gre
chicanery,ʃi'keinәri,"n. 强词夺理, 狡辩, 欺骗",gre
chick,tʃik,"n. 小鸡, 小鸟, 竹帘",gk
chicken,'tʃikin,"n. 小鸡, 鸡肉",zk gk cet4 cet6 ky
chicks,tʃiks,n. 雏鸡；小鸡（chick的复数形式）,ielts
chide,tʃaid,"v. 斥责, 责骂",toefl gre
chief,tʃi:f,"n. 领袖, 酋长, 长官, 主要部分\na. 主要的, 首位的",gk cet4 ky toefl ielts
chiefly,'tʃi:fli,adv. 主要地,toefl
child,tʃaild,"n. 孩子, 产物, 追随者\n[医] 儿童",zk gk ielts
childcare,'tʃaildkεә,n. 儿童照管；儿童保育,ielts
childhood,'tʃaildhud,n. 孩童时期\n[医] 儿童期,gk cet4 ky
childish,'tʃaildiʃ,"a. 天真的, 孩子气的",cet4
children,'tʃildrәn,"pl. 孩子, 孩子们",ielts
chill,tʃil,"n. 寒冷, 寒意, 失意\na. 寒冷的, 冷漠的\nvt. 使寒心, 冷冻\nvi. 变冷",cet4 cet6 ky toefl ielts
chilli,'tʃili,n. 红辣椒,toefl
chilly,'tʃili,"a. 寒冷的, 冷淡的, 不友好的\n[建] 番椒, 冷",toefl
chimera,kai'miәrә,"n. 客迈拉(狮头、羊身、蛇尾的吐火女怪), 假想的妖怪, 妄想\n[医] 嵌合体",gre
chimney,'tʃimni,"n. 烟囱, 灯罩\n[电] 烟囱",gk cet4 cet6 ky
chimpanzee,.tʃimpәn'zi:,n. 黑猩猩\n[医] 黑猩猩,toefl
chin,tʃin,"n. 下巴, 颏\n[医] 颏",cet4 cet6 ky ielts
China,'tʃainә,"n. 中国, 瓷器\na. 中国的",zk gk
Chinese,tʃai'ni:z,"n. 中文, 中国话, 中国人\na. 中国的, 中国话的",zk gk ielts
chip,tʃip,"n. 屑片, 薄片, 碎片\nvt. 削, 切, 削成碎片, 使摔倒, 凿\nvi. 削下屑片\n[计] 孔屑; 组件; 晶片; 芯片",cet6 ky toefl ielts gre
chipmunk,'tʃipmʌŋk,n. 金花鼠,gre
chips,tʃips,n. 炸土豆条；小木片；（作赌注用的）圆形筹码；缺口（chip的复数形式）,gk
chirp,tʃә:p,"n. 喳喳声, 唧唧声\nv. 吱喳而鸣",toefl gre
chisel,'tʃizәl,"n. 凿子\nv. 凿, 刻, 雕凿, 欺骗",toefl ielts gre
chivalrous,'ʃivәlrәs,"a. 骑士的, 勇敢的",gre
chivalry,'ʃivәlri,"n. 骑士精神, 骑士制度",toefl gre
chlorophyll,'klɔ:rәfil,"n. 叶绿素, 含有叶绿素的绿色蜡状物质\n[化] 叶绿素",toefl
chocolate,'tʃɒkәlit,n. 巧克力\na. 巧克力制的,zk gk cet4 ky ielts
choice,tʃɒis,"n. 选择, 精选品, 选择权\na. 精选的, 挑三拣四的, 上等的\n[计] DOS内部命令:在批处理文件中\n该命令用于提示用户作出选择, 决定批处理文件的流程",zk gk cet4 cet6 ky toefl ielts gre
choices,,n. 选择（choice的复数）,ielts
choir,'kwaiә,"n. 唱诗班, 唱诗班的席位\nv. 合唱",gk ielts gre
choke,tʃәuk,"vt. 窒息, 阻塞, 噎, 抑制\nvi. 窒息, 阻塞, 噎\nn. 窒息, 噎, 阻气门",gk cet4 cet6 ky toefl ielts gre
choleric,'kɒlәrik,"a. 易怒的\n[医] 胆汁质的, 急躁的",gre
choose,tʃu:z,"vt. 选择, 宁愿, 欲\nvi. 作出选择, 愿意\n[计] 选取",zk gk cet4 ky toefl
chop,tʃɒp,"n. 肋条肉, 排骨, 砍, 戳记, 商标\nvt. 剁碎, 砍, 切击, 割断\nvi. 砍, 突然转向",cet4 cet6 ky toefl ielts
choppy,'tʃɒpi,"a. 猛地一动一停的, 突变的\n[经] 震荡的",toefl
chopsticks,'tʃɒpstiks,n. 筷子,zk gk
chord,kɒ:d,"n. 弦, 和音\n[医] 索, 带",cet6 toefl ielts gre
chore,tʃɒ:,"n. 零工, 家务\n[经] 零工",toefl ielts gre
choreograph,'kɒriәgrɑ:f,v. 设计舞蹈动作,toefl
choreographer,.kɒri'ɒgrәfә,n. 舞蹈指导,toefl
choreographic,.kɒriә'græfik,"a. 舞蹈艺术的, 舞台舞蹈的",toefl
choreography,.kɒriә'ɒgræfi,"n. 舞蹈艺术, 舞台舞蹈",toefl gre
chortle,'tʃɒ:tl,vi. 咯咯笑\nn. 咯咯的欢笑(声),gre
chorus,'kɒ:rәs,"n. 合唱队, 齐声\nv. 齐声说道, 合唱",gk cet6 ky toefl ielts gre
Christ,kraist,"n. 基督, 救世主",cet6 ky
Christian,'kristʃәn,"n. 基督徒, 正派人\na. 基督的, 基督教的",gk cet4 cet6 ky toefl ielts
Christmas,'krismәs,n. 圣诞节,zk gk cet4 ky
chromatic,krәu'mætik,"a. 彩色的, 色品的, 易染色的\n[医] 色的, 易染的, 核染质的",gre
chromosome,'krәumәsәum,n. 染色体\n[化] 染色体,ky gre
chromosphere,'krәumәsfiә,n. 太阳的色球层\n[电] 色球,toefl
chronic,'krɒnik,"a. 慢性的, 习惯性的\nn. 慢性病患者",cet6 ky toefl ielts gre
chronicle,'krɒnikl,"n. 年代记, 记录, 编年史\nvt. 把...载入编年史",cet6
chronological,", krɔnә'lɔdʒikәl","a. 年代学的, 按时间顺序的, 按照年月顺序的\n[计] 编年的, 按年月日顺序的",toefl ielts
chronology,krә'nɔlәdʒi,"n. 年代学, 资料按年月次序的排列, 按时间顺序编制的表格, 年表",toefl
chrysanthemum,kri'sænθәmәm,n. 菊花,gre
chubby,'tʃʌbi,a. 圆胖的,toefl
chuckle,'tʃʌkl,"n. 咯咯的笑声, 轻笑\nvi. 咯咯的笑, 咕咕叫",toefl gre
chum,tʃʌm,"n. 密友, 室友\nvi. 结为密友",toefl
chunk,tʃʌŋk,"n. 大块, 矮胖的人(或物)\n[经] 定样",toefl ielts gre
church,tʃә:tʃ,"n. 教堂, 礼拜, 教会\nvt. 使人接受宗教仪式\na. 教堂的",zk gk cet4 ky ielts
churl,tʃә:l,"n. 下层自由民, 中世纪的农民, 出身低贱的人, 乡下人, 粗暴的人, 吝啬鬼, 守财奴",gre
cider,'saidә,"n. 苹果汁, 苹果酒\n[建] 苹果汁",toefl
cigar,si'gɑ:,n. 雪茄,gk cet6 ky
cigaret,",si^ә'ret,'si-","n. 纸烟, 卷烟, 香烟",cet6 ky
cigarette,.sigә'ret,"n. 香烟, 纸烟",gk cet4
ciliate,'siliit,"a. 有睫的, 有纤毛的\nn. 纤毛纲的动物, 纤毛虫",gre
cinder,'sindә,"n. 煤渣, 灰烬\n[化] 炉渣; 熔渣; 煤渣; 矿渣; 粗灰",gre
cineaste,'siniæst,"n. 电影爱好者, 电影制作人员",gre
cinema,'sinәmә,"n. 电影院, 电影",zk gk ielts
cipher,'saifә,"n. 零, 暗号, 密码, 无用的东西, 阿拉伯数字\nv. 计算, 做算术",toefl gre
circle,'sә:kl,"n. 圆周, 社交圈, 循环, 范围\nvt. 围着, 环绕\nvi. 盘旋, 循环",zk gk cet4 cet6 ky toefl ielts
circuit,'sә:kit,"n. 电路, 环(行)道, 巡回\n[计] 线路; 电路",gk cet4 cet6 ky toefl ielts gre
circuitous,sә'kju:itәs,"a. 迂回的, 间接的, 绕行的",toefl gre
circular,'sә:kjulә,"a. 圆形的, 循环的, 间接的\n[医] 环状的, 循环的",cet4 cet6 ky toefl gre
circulate,'sә:kjuleit,"v. (使)流通, (使)循环, (使)传播",gk cet4 cet6 ky toefl ielts gre
circulation,.sә:kju'leiʃәn,"n. 流通, 循环, 发行量\n[化] 环流",cet6 toefl gre
circumference,sә'kʌmfәrәns,"n. 圆周, 周缘, 胸围\n[医] 周缘, 环状面",cet4 cet6 ky toefl ielts gre
circumlocution,.sә:kәmlә'kju:ʃәn,n. 迂回的说法,gre
circumlocutory,.sә:kәm'lɒkjutәri,"a. 拐弯抹角的, 迂回的",gre
circumscribe,'sә:kәmskraib,"vt. 在...周围画线, 限制",toefl gre
circumspect,'sә:kәmspekt,"a. 细心的, 慎重的",toefl
circumstance,'sә:kәmstәns,"n. 环境, 状况, 事件",gk cet4 cet6 toefl ielts
circumstantial,.sә:kәm'stænʃәl,a. 依照情况的,gre
circumvent,.sә:kәm'vent,"vt. 绕行, 陷害, 包围, 智取",toefl gre
circus,'sә:kәs,"n. 马戏团, 马戏, 竞技场",gk cet6 ky ielts
cistern,'sistәn,"n. 贮水器, 水塘, 水箱\n[化] 槽车",gre
citadel,'sitәdәl,"n. 城堡, 避难处",toefl
citation,sai'teiʃәn,"n. 引用, 引证, 引用文\n[建] 引证, 指引",gre
cite,sait,"vt. 引用, 引证, 表彰\n[建] 引证, 指引",cet6 ky toefl ielts gre
cities,,n. 城市（city的复数）,ielts
citizen,'sitizn,"n. 市民, 公民\n[法] 公民, 国民, 市民",gk cet4 cet6 ky
citizenship,'sitizәnʃip,"n. 国籍, 市民权, 市民的身份\n[法] 公民权, 公民资格, 公民身分",toefl
city,'siti,"n. 城市, 市\n[法] 都市, 城市, 市",zk gk ielts
civic,'sivik,"a. 市的, 市民的, 公民的\n[法] 公民的, 市民的, 公民资格的",toefl ielts
civil,'sivәl,"a. 市民的, 公民的, 有礼貌的\n[法] 公民的, 国民的, 民用的",gk cet4 cet6 ky toefl gre
civilian,si'viljәn,"n. 平民, 民法专家\na. 平民的, 百姓的, 民用的",gk cet4 cet6 ky toefl ielts gre
civility,si'viliti,"n. 礼貌, 礼仪",ky toefl gre
civilization,si.vilai'zeiʃәn,"n. 文明, 教化\n[法] 文明, 文化, 文明国家的总称",gk cet4 cet6 ky toefl
civilize,'sivilaiz,"vt. 使开化, 使文明\nvi. 变文明",cet4 cet6 ky
claim,kleim,"n. 要求, 要求权, 断言, 权利\nvt. 要求, 认领, 主张\nvi. 提出要求, 主张, 断言",cet4 cet6 ky toefl ielts gre
clairvoyance,klєә'vɒiәns,"n. 神视, 超人的视力, 洞察力\n[医] 千里眼, 神视",gre
clairvoyant,klєә'vɒiәnt,"a. 神视的, 有洞察力的\nn. 有洞察力的人, 千里眼",gre
clam,klæm,"n. 蛤, 沉默寡言的人\nvi. 捞蛤",toefl gre
clamor,'klæmә,"n. 喧闹, 叫嚷, 大声的要求\nv. 喧嚷, 大声地要求",toefl gre
clamorous,'klæmәrәs,a. 吵闹的,toefl
clamour,'klæmә,n. 喧闹\nv. 大声地要求,toefl
clamp,klæmp,"n. 夹钳\nvt. 夹紧, 强加",cet6 toefl ielts gre
clan,klæn,"n. 氏族, 宗族, 集团\n[医] 支",toefl ielts
clandestine,klæn'destin,"a. 偷偷摸摸的\n[法] 秘密的, 暗中的",toefl gre
clannish,'klæniʃ,"a. 氏族的, 宗族的, 团结心很强的",gre
clap,klæp,"n. 拍手, 拍手声, 霹雳声, 花柳病\nv. 鼓掌, (使)啪地关上",zk gk cet4 cet6 ky toefl
clarification,.klærifi'keiʃәn,"n. 澄清, 净化\n[计] 澄清报告; 澄清",toefl
clarify,'klærifai,"vi. 澄清, 阐明\nvt. 使明晰",gk cet4 cet6 ky toefl ielts gre
clarion,'klæriәn,n. 尖音号角\na. 清澈响亮的,gre
clarity,'klærәti,"n. 清楚, 明晰\n[化] 透明度; 透明性; 清晰性",ky ielts gre
clash,klæʃ,"n. 冲突, 撞击声, 抵触\nvi. 冲突, 抵触\nvt. 使发出撞击声\n[计] 对撞",cet6 ky ielts gre
clasp,klɑ:sp,"n. 扣子, 钩, 紧握\nv. 扣紧, 紧握",cet4 cet6 ky ielts gre
class,klɑ:s,"n. 班级, 阶级, 种类, 课\nvt. 分类\n[计] 类别; 类; 种类; 类程",zk gk ielts
classic,'klæsik,"n. 古典作品, 杰作, 大艺术家\na. 第一流的, 最优秀的, 古典的",gk cet4 cet6 ky ielts
classical,'klæsikl,"a. 古典的, 正统派的, 经典的\n[医] 古典的; 标准的, 典型的",gk cet4 cet6 ky ielts
classification,.klæsifi'keiʃәn,"n. 分类, 分级\n[化] 分级; 分粒; 分类",cet4 cet6 ky toefl
classify,'klæsifai,"vt. 分类, 归类, 分等\n[建] 分类, 分级, 分粒",gk cet4 cet6 ky toefl ielts gre
classmate,'klɑ:smeit,n. 同班同学,zk gk cet4 ky
classmates,k'lɑ:smeɪts,n. （同班）同学( classmate的名词复数 ); 砚兄砚弟,ielts
classroom,'klɑ:sru:m,n. 教室,zk gk ielts
clatter,'klætә,"n. 咔嗒声, 哗啦声, 嘈杂的谈笑声\nvi. 发出哗啦声, 喧闹的谈笑\nvt. 使咔嗒咔嗒地响",cet6
clause,klɒ:z,"n. 子句, 条款\n[计] 子句",ky toefl ielts gre
claw,klɒ:,"n. 爪, 螯, 抓伤\nv. 用爪抓, 挖, 搜刮",gk cet4 cet6 ky toefl
clay,klei,"n. 泥土, 肉体, 黏土\n[化] 粘土",gk cet4 cet6 ky toefl gre
clean,kli:n,"a. 干净的, 清白的, 简洁的\nadv. 清洁地, 完全地\nvt. 清理, 使干净, 出空\nvi. 被搞干净\nn. 打扫",zk gk toefl ielts
cleaner,'kli:nә,"n. 清洁工人, 清洁剂, 干洗商\n[化] 滤清器; 除垢器; 洗净剂; 清洁剂",gk ielts
cleaning,'kli:niŋ,"n. 清洁, 扫除, 家畜的胞衣, 扫除出来的垃圾, 大败, 输得精光, 除伐, 巨额利润\n[计] 清洗, 清除",ielts
cleanliness,'klenlinis,"n. 清洁, 干净",cet6
cleanse,klenz,"vt. 使清洁, 净化, 使纯净\n[建] 纯化, 净化, 精炼",toefl
clear,kliә,"a. 清楚的, 明确的, 澄清的\nadv. 清晰地\nvt. 澄清, 清除障碍\nvi. 放晴, 变清澈\nn. 空隙\n[计] 清除",zk gk ielts
clearance,'kliәrәns,"n. 清除, 间隙\n[化] 间隙; 空隙",ielts
clearing,'kliәriŋ,"n. 清扫, 空地, 票据清算\n[经] 票据交换, 结算, 结帐",cet6
clearly,'kliәli,adv. 清楚地,gk cet4
cleavage,'kli:vidʒ,"n. 劈开, 裂片, 分裂\n[化] 解理",gre
cleave,kli:v,"vt. 劈开, 分开\nvi. 劈开, 分开, 粘着, 依恋",toefl gre
cleaver,'kli:vә,"n. 切肉刀, 切割者, 劈脊\n[医] 劈刀",gre
cleft,kleft,"n. 裂缝, 裂口\na. 劈开的\ncleave的过去式和过去分词",toefl gre
clemency,'klemәnsi,"n. 仁慈, 宽厚, 仁厚",gre
clement,'klemәnt,"a. 仁慈的, 宽厚的, 温和的",gre
clench,klentʃ,"n. 牢牢抓住, 钉紧, 敲弯钉尖\nvt. 紧握, 牢牢地抓住, 确定, 敲弯\nvi. 握紧, 钉牢",gre
clergy,'klә:dʒi,"n. 牧师, 僧侣, 神职人员",ky toefl
clergyman,'klә:dʒimәn,n. 牧师,toefl
clerk,klә:k,"n. 办事员, 职员, 文书\nvi. 当店员",gk cet4 ky toefl
clever,'klevә,"a. 聪明的, 精明的",zk gk cet4 ky ielts
cliche,'kli:ʃei,"n. 陈腔滥调, 凸印版\na. 陈腐的",ielts
click,klik,"n. 咔哒声, 啪嗒声\nvi. 作咔哒声\nvt. 使发咔哒声\n[计] 单击",gk ky ielts
client,'klaiәnt,"n. 客户, 顾客, 委托人\n[计] 客户, 客户机, 客户机程序",cet6 ky ielts
clientele,.kli:ɒn'tel,"n. 诉讼委托人, 客户\n[法] 委托人, 受保护者, 门徒",gre
clients,,n. 客户端；顾客；救济对象；应受账款；委托方（client的复数）,ielts
cliff,klif,"n. 悬崖, 绝壁",cet4 cet6 ky toefl ielts
climate,'klaimit,"n. 气候, 社会趋势, 气候区\n[医] 气候",gk cet4 ky toefl
climatic,klai'mætik,a. 气候的,toefl
climax,'klaimæks,"n. 高潮, 极点, 层进法\nv. (使)达到顶点, (使)达到高潮",cet6 ky toefl ielts gre
climb,klaim,"v. 攀登, 上升, 爬\nn. 攀登, 爬升",zk gk cet4 cet6 ky
clinch,klintʃ,"n. 钉牢\nv. 敲弯, 用臂钳住",toefl gre
cling,kliŋ,"vi. 粘紧, 附着, 紧贴, 坚持",cet6 ky toefl ielts gre
clinic,'klinik,"n. 诊所, 临床教学\n[医] 诊所(门诊部); 临床(讲解); 临床(学)科",gk cet6 ky toefl ielts
clinical,'klinikәl,"a. 临床的, 门诊部的\n[医] 临床的, 临证的",cet6 toefl gre
clip,klip,"n. 修剪, 夹子, 回形针, 剪下来的东西\nvt. 修剪, 痛打, 夹牢, 剪报\nvi. 剪报",cet6 ky toefl ielts gre
clipper,'klipә,n. 大剪刀\n[电] 截割器,gre
clique,kli:k,"n. 派系, 集团\nvi. 结党\n[计] 集团型",gre
cloak,klәuk,"n. 斗蓬, 大氅, 掩护\nvt. 遮掩, 隐匿, 使披斗蓬",cet4 cet6 ky
clock,klɒk,"n. 时钟, 计时器, (袜子上的)绣花边花\nvt. 绣花样, 记时, 记录\nvi. 记录时间\n[计] 时钟",zk gk cet4 ky ielts
clockwise,'klɒkwaiz,a. 顺时针方向的\nadv. 顺时针方向地,cet6 ky toefl ielts
clog,klɒg,"n. 障碍, 脚坠\nv. 障碍, 阻塞",toefl gre
cloister,'klɒistә,"n. 修道院, 回廊\nvt. 使与尘世隔绝",gre
clone,klәun,n. 无性系\n[计] 代用件,zk gk ky
close,klәuz,"n. 结束, 完结\na. 靠近的, 亲近的, 亲密的, 严密的, 关闭的, 狭窄的, 秘密的\nvt. 关, 结束, 使靠近, 封闭, 使接近\nvi. 关闭, 结束, 靠近\nadv. 接近地, 紧密地\n[计] 关闭",zk gk toefl
close-up,'klәuzʌp,"n. 特写镜头, 仔细的观察, 小传\n[化] 闭合; 接通",ielts
closed-minded,'kləʊzdˌmɑɪndɪd,"a. 思想保守的, 不易接受新鲜事物的, 有成见的",gre
closely,'klәusli,adv. 接近地,cet4
closet,'klɒzit,"n. 壁橱, 小室\na. 秘密的, 空谈的\nvt. 把...关入小室",cet6 ky ielts gre
closure,'klәuʒә,n. 关闭\nvt. 使终止,gre
clot,klɒt,"n. 凝块, 一团\nv. (使)凝结, (使)聚集",toefl gre
cloth,klɒ:θ. klɒθ,"n. 布料, 织品, 布\n[建] 布",gk cet4 ky ielts
clothe,klәuð,"vt. 给...穿衣, 盖上, 赋予",cet4 ky
clothes,klәuðz,n. 衣服,zk gk ielts
clothing,'klәuðiŋ,n. 衣服,gk cet4 ky toefl ielts
cloture,'klәutʃә,n. 讨论终结提付表决\nvt. 以提付表决来结束辩论,gre
cloud,klaud,"n. 云, 阴暗, 烟雾, 疑团\nvt. 以云遮敝, 笼罩, 使黯然\nvi. 乌云密布, 阴沉",zk gk
cloudburst,'klaudbә:st,"n. 倾盆大雨, 豪雨",gre
cloudy,'klaudi,"a. 多云的, 有愁容的, 云的, 浑浊的\n[建] (混)浊的",zk gk
clout,klaut,"n. 敲击, 破布\nvt. 打补钉",gre
clown,klaun,"n. 小丑, 乡下人",cet6 gre
cloy,klɒi,"vt. 使吃饱, 使过饱, 使厌腻\nvi. 倒胃口",gre
cloying,'klɔiiŋ,a. 厌烦的；倒胃口的；因过量而厌烦的,gre
club,klʌb,"n. 俱乐部, 木棍, 球棒\nvt. 用棍棒打, 缴纳\nvi. 联合起来\na. 俱乐部的",zk gk cet4 ky ielts
clubs,,n. （扑克牌）梅花；俱乐部；社团（club的复数）,ielts
clue,klu:,"n. 线索, 暗示\nvt. 暗示, 提供线索",cet4 cet6 ky toefl ielts
clumsy,'klʌmzi,"a. 笨拙的, 不雅观的, 粗陋的",gk cet4 cet6 ky toefl ielts gre
cluster,'klʌstә,"n. 串, 丛, 群, 簇\nvi. 成串, 丛生\nvt. 使聚集\n[计] 簇",cet6 ky toefl ielts gre
clutch,klʌtʃ,"n. 抓紧, 掌握, 离合器, 一窝小鸡\nvt. 抓住, 踩汽车离合器踏板\nvi. 抓\n[计] 联轴器; 离合器",cet6 ky toefl ielts
clutter,'klʌtә,"n. 杂乱\nvt. 弄乱, 使凌乱",toefl
co-operation,,n. 合作,ielts
co-operative,'kəʊ'ɒpərətɪv,a. 合作的；有协作精神的；愿意配合的; 齐心协力的；合作进行的\nn. 合作社；合作机构,ielts
coach,kәutʃ,"n. 四轮大马车, 教练\nvt. 训练, 指导\nvi. 坐马车旅行, 作指导",zk gk cet4 cet6 ky toefl ielts
coagulant,kәu'ægjulәnt,n. 凝结剂\n[化] 凝结剂,gre
coagulate,kәu'ægjuleit,v. (使)凝结\na. 凝结的,gre
coagulation,kәu.ægju'leiʃәn,"n. 凝结, 凝结物\n[化] 聚沉; 凝结作用; 凝聚法",gre
coal,kәul,"n. 煤, 木炭\nv. 加煤",zk gk cet4 cet6 ky
coalesce,.kәuә'les,"vi. 合并, 联合, 合生\n[计] 结合",toefl gre
coalescence,.kәuә'lesns,"n. 联合, 结合, 合并\n[化] 聚并; 凝并",toefl
coalition,.kәuә'liʃәn,"n. 结合体, 结合, 联合\n[经] 联合, 联盟",cet6 ky toefl ielts gre
coarse,kɒ:s,"a. 粗糙的, 下等的, 粗俗的\n[计] 粗略的",cet4 cet6 ky toefl ielts gre
coarsen,'kɒ:sәn,v. (使)变粗,gre
coast,kәust,"n. 海岸, 滑坡\nv. 沿海岸而行",zk gk cet4 cet6 ky
coastal,'kәustәl,"a. 海岸的, 沿海的, 沿岸的\n[法] 海岸的, 沿海的",cet6 ielts
coat,kәut,"n. 外套\nvt. 外面覆盖, 给...穿外套",zk gk cet4 ky toefl
coax,kәuks,"vt. 哄, 诱骗, 耐心地摆弄\nvi. 哄骗\n[计] 同轴电缆",toefl gre
cob,kɒb,n. 圆块\nvt. 捣碎,gre
cobbler,'kɒblә,"n. 皮匠, 补鞋匠, 笨工匠",gre
cocaine,kә'kein,"n. 可卡因, 古柯碱\n[化] 可卡因; 古柯碱",ky ielts
cock,kɒk,"n. 公鸡, 雄禽, 龙头, 头目, 锥形小干草堆\nvt. 使耸立, 使竖起, 堆成锥形小干草堆\nvi. 大摇大摆地走, 翘起",gk cet4 cet6 ky
cocktail,'kɒkteil,"n. 鸡尾酒, 开味品\na. 鸡尾酒会的",ielts
cocoa,'kәukәu,"n. 可可粉, 可可茶, 可可色\n[医] 可可, 可可豆",gk
cocoon,kә'ku:n,n. 茧\n[医] 茧,gre
coda,'kәudә,"n. 尾音, 乐章结尾部, 结尾段",gre
coddle,'kɒdl,"vt. 娇养, 溺爱, 用文火煮(蛋)",toefl gre
code,kәud,"n. 代码, 密码, 法规, 法典\nvt. 把...编码\n[计] 代码",cet4 ky ielts gre
codify,'kәudifai,"vt. 编成法典\n[法] 使成文法化, 编成法典, 编纂",toefl gre
coeducation,.kәuedju'keiʃәn,n. 男女同校,ielts
coefficient,kәui'fiʃәnt,n. 系数\n[计] 系数,cet6
coerce,kәu'ә:s,"vt. 强制, 强迫",ielts gre
coercion,kәu'ә:ʃәn,"n. 强迫, 威压, 高压统治\n[法] 强迫, 强制, 高压统治",gre
coeval,kәu'i:vәl,a. 同时代的\nn. 同时代的人,gre
coexist,.kәuig'zist,vi. 共存,toefl
coffee,'kɒfi,"n. 咖啡, 咖啡色\n[医] 咖啡, 咖啡豆",zk gk ielts
coffeepot,'kɑfipɔt,"n. 咖啡壶, 小饭店, 午餐柜",toefl
coffer,'kɒfә,"n. 保险箱, 金库\nvt. 把...锁进箱子",gre
coffin,'kɒfin,"n. 棺材, 灵柩\nvt. 把...装进棺材",cet6
cog,kɒg,"n. 嵌齿, 小船\nvt. 给...装配齿轮, 欺骗",toefl
cogent,'kәudʒәnt,"a. 使人首肯的, 使人信服的, 中肯切题的\n[法] 有说服力的, 无法反驳的",toefl gre
cogitate,'kɒdʒiteit,"v. 思考, 考虑",gre
cognate,'kɔ^neit,"a. 同族的, 同语系的, 同词源的, 母族的, 同性质的, 同类的, 同种的\nn. 亲族, 同语系的语言, 同词源的词, 同性质的东西, 同源物\n[计] 同性质的, 同类的, 同语族的",gre
cognitive,'kɒgnitiv,"a. 认知的, 认识的",cet6 ky toefl ielts
cognizance,'kɒgnizәns,"n. 认识, 察知, 审理",toefl gre
cognizant,'kɒgnizәnt,"a. 察知的, 认识到的, 有认识能力的\n[法] 审理的, 审理权的, 有权审理的",gre
cognomen,kɒg'nәumәn,"n. 姓, 名字, 绰号\n[法] 姓, 名字, 别名",gre
cohabit,kәu'hæbit,vi. 同居\n[法] 同居,gre
cohere,kәu'hiә,"vi. 附着, 粘着, 凝聚, 一致\n[建] 粘合",toefl
coherence,kәu'hiәrәns,"n. 黏合(性), 连贯性, 一致性\n[化] 相干性",toefl
coherent,kәu'hiәrәnt,"a. 互相耦合的, 清晰的, 明了的，凝聚性的, 连贯的",cet6 ky toefl ielts gre
cohesion,kәu'hi:ʒәn,"n. 结合, 黏聚, 内聚\n[计] 内聚性",toefl gre
cohesive,kәu'hi:siv,a. 黏合在一起的\n[医] 内聚的,ky toefl gre
coil,kɒil,"n. 线圈, 盘绕, 骚动, 卷\nvt. 盘绕, 卷",cet4 cet6 ky toefl ielts
coin,kɒin,"n. 硬币, 金钱, 货币\nvt. 铸币, 创造, 杜撰",zk gk cet4 cet6 ky toefl ielts
coinage,'kɒinidʒ,"n. 造币\n[经] 造币, 货币制度",toefl
coincide,.kәuin'said,"vi. 一致, 符合\n[化] 重合",cet6 ky toefl ielts gre
coincidence,kәu'insidәns,"n. 巧合, 同时发生\n[电] 符合计数器",gk cet6 ky toefl ielts
coincident,kәu'insidәnt,"a. 一致的, 符合的, 同时发生的",toefl
coke,kәuk,"n. 可口可乐, 焦炭\nv. (使)成焦炭",zk gk
cola,'kәulә,"结肠, 冒号, 科朗\n[化] 可乐果; 可乐果属; 可乐果干子叶",ielts
colander,'kʌlәndә,n. 滤器\n[建] 滤器,gre
cold,kәuld,"n. 感冒, 寒冷\na. 寒冷的, 冷淡的, 冷静的\nadv. 完全地",zk gk cet4 ky
cold-blooded,kәjld'blʌdid,"a. 冷血的, (贬)无情的, 残酷的\n[医] 冷血的",gre
collaborate,kә'læbәreit,"vi. 合作, 勾结\n[法] 合作, 合著, 通敌",cet4 cet6 ky toefl gre
collaboration,kә.læbә'ræʃәn,"n. 合作, 勾结\n[法] 通敌卖国者, 奸细",cet6 toefl ielts
collage,kɒ'lɑ:ʒ,n. 拼贴画,gre
collapse,kә'læps,"n. 崩溃, 倒塌, 虚脱\nvi. 倒塌, 崩溃, 瓦解\nvt. 使倒塌, 折叠\n[计] 折叠",cet4 cet6 ky toefl ielts gre
collar,'kɒlә,"n. 衣领, 颈圈\nvt. 控制, 扭住衣领, 给...装上领子",gk cet4 cet6 ky gre
collate,kә'leit,"vt. 校对, 校勘\n[计] 整理",toefl gre
collateral,kә'lætәrәl,"a. 并行的, 附随的, 旁系的\nn. 旁系亲属, 担保品",toefl gre
colleague,'kɒli:g,"n. 同事, 同僚",gk cet4 cet6 ky toefl
colleagues,,n. 同事；同行（colleague的复数）,ielts
collect,kә'lekt,"v. 收集, 聚集, 集中, 搜集\na. 由收到者付款的\nadv. 由收到者付款地",zk gk cet4 cet6 ky
collected,kә'lektid,"a. 收集成的, 镇定的",gre
collection,kә'lekʃәn,"n. 收集, 采集, (一批)收藏品, 募捐\n[医] 收集; 收集品, 标本",gk cet4 cet6 ky ielts gre
collective,kә'leiktiv,"a. 集体的, 聚集的, 共同的\n[医] 集体的, 集合的",cet4 cet6 ky toefl
college,'kɒlidʒ,"n. 学院, 大学, 学会",zk gk ielts
colleges,,n. 专科学院（college复数形式）,ielts
collide,kә'laid,"vi. 碰撞, 互撞, 抵触",cet6 ky toefl ielts
collision,kә'liʒәn,"n. 碰撞, 冲突, 抵触\n[计] 冲突",gk cet4 cet6 ky toefl ielts gre
colloquial,kә'lәukwiәl,"a. 会话的, 口语的, 口语体的",toefl gre
colloquialism,kә'lәjkwiәliz(ә)m,"n. 口语, 口语用法, 口语词, 方言, 口语体",toefl
colloquium,kә'lәukwiәm,n. 讨论会,gre
colloquy,'kɒlәkwi,"n. 谈话, 会话, 讨论",gre
collude,kә'lu:d,"vi. 共谋, 串通, 勾结",gre
collusion,kә'lu:ʃәn,"n. 共谋, 勾结\n[经] 勾结, 串通, 串同舞弊",toefl
colon,'kәulәn,"n. 冒号, 结肠\n[医] 结肠",gre
colonel,'kә:nәl,"n. 陆军上校, 长官",cet4 cet6 ky toefl
colonial,kә'lәunjәl,"a. 殖民的, 殖民地的\n[法] 殖民地居民",cet6 ky toefl ielts
colonist,'kɒlәnist,"n. 殖民地居民, 移民",cet6
colonize,'kɒlәnaiz,"vi. 开拓殖民地\nvt. 殖民于, 移植于",toefl gre
colonnade,.kɒlә'neid,n. 柱廊,gre
colony,'kɒlәni,"n. 殖民地, 移民队\n[医] 菌(集)落, 菌丛; 移民区",cet4 cet6 ky toefl ielts gre
color,'kʌlә,"n. 颜色, 面色, 颜料, 外貌\nvt. 把...涂上颜色, 粉饰, 使脸红, 歪曲\nvi. 变色",cet4 ky ielts
coloration,kʌlә'reiʃәn,"n. 着色, 特色, 色彩, 天然颜色",gre
colossal,kә'lɒsәl,"a. 巨大的, 巨像似的",toefl ielts gre
colossus,kә'lɒsәs,"n. 巨像, 巨人",gre
colour,'kʌlә,"n. 颜色, 面色, 颜料, 外貌\nvt. 把...涂上颜色, 粉饰, 使脸红, 歪曲\nvi. 变色",zk gk
colt,kәult,"n. 小马, 苔绳, 无经验的年轻人",toefl gre
coltish,'kәultiʃ,"a. 小马似的, 蹦蹦跳跳的, 不守纪律的",gre
column,'kɒlәm,"n. 专栏, 圆柱, 纵队, 列, 柱形物\n[计] 列, 柱形图",cet4 cet6 ky ielts
coma,'kәumә,"n. 昏迷, 麻木, 彗发\n[化] 彗差; 彗形像差",gre
comatose,'kɒmәtәus,"a. 昏睡的, 昏睡状态的\n[医] 昏迷的",gre
comb,kәum,"n. 头梳, 鸡冠\nvt. 梳头发, 梳毛\nvi. (浪)涌起",gk cet4 cet6 ky
combat,'kɒmbæt,"n. 争斗, 战斗\nvi. 战斗, 争斗\nvt. 与...战斗, 与...斗争",cet6 ky ielts gre
combination,.kɒmbi'neiʃәn,"n. 组合, 合并, 联合\n[计] 组合图",cet4 cet6 ky toefl
combine,kәm'bain,"v. (使)联合, (使)结合\nn. (企业的)联合, 联合收割机",gk cet4 cet6 ky toefl ielts
combustible,kәm'bʌstibl,"a. 易燃的, 燃烧性的, 易动激情的\nn. 易燃物, 可燃物",toefl ielts gre
combustion,kәm'bʌstʃәn,"n. 燃烧, 骚动\n[化] 燃烧",cet6 toefl
come,kʌm,"vi. 过来, 来, 到达, 出现, 开始\ninterj. 喂",zk gk ielts
comedienne,kә.meidi'en,n. 喜剧女演员,gre
comedy,'kɒmidi,"n. 喜剧, 有趣的事情",gk cet4 cet6 ky toefl ielts
comely,'kʌmli,"a. 清秀的, 标致的, 美丽的",gre
comestible,kә'mestibl,a. 可吃的\nn. 食物,gre
comet,'kɒmit,n. 彗星,toefl ielts
cometary,,"a. 彗星的, 彗星似的",toefl
comfort,'kʌmfәt,"n. 舒适, 安慰, 安慰者\nvt. 安慰",gk cet4 cet6 ky
comfortable,'kʌmfәtәbl,"a. 舒服的, 轻松的\nn. 盖被",zk gk cet4 cet6 ky ielts
comic,'kɒmik,"n. 连环漫画, 喜剧演员, 滑稽的人\na. 滑稽的, 有趣的, 喜剧的",ky toefl ielts gre
comical,'kɒmikәl,"a. 好笑的, 滑稽的",toefl
comity,'kɒmiti,"n. 礼貌, 礼让\n[法] 礼让, 友谊",toefl gre
comma,'kɒmә,"n. 逗点, 逗号",gk gre
command,kә'mɑ:nd,"n. 命令, 指挥, 控制, 部队, 司令部\nv. 命令, 指挥, 控制\n[计] 命令; 指令; DOS外部命令:启动新的命令处理器",gk cet4 cet6 ky
commander,kә'mɑ:ndә,"n. 司令官, 指挥官",cet4 cet6 toefl
commemorate,kә'memәreit,vt. 纪念,ky toefl ielts gre
commence,kә'mens,"v. (使)开始, 得学位",cet6 ky toefl ielts gre
commencement,kә'mensmәnt,"n. 开始, 毕业典礼\n[法] 开始, 毕业典礼",gre
commend,kә'mend,"vt. 嘉奖, 委托给, 推荐",cet6 ky toefl ielts
commensurate,kә'menʃәrit,"a. 同量的, 同等的, 相称的",gre
comment,'kɒment,"n. 注解, 批评, 评论, 备注\nvi. 评论, 注解\n[计] 备注",gk cet4 cet6 ky toefl ielts
commentary,'kɒmәntәri,"n. 注释, 评论, 说明\n[法] 注释, 评注, 评论",cet6 toefl ielts gre
commentator,'kɔmenteitә,"n. 评论员, 实况广播员, 注释者, 时事评论员",toefl
commerce,'kɒmә:s,"n. 商业, 商务, 贸易\n[经] 商业, 贸易, 商务",cet4 cet6 ky toefl
commercial,kә'mә:ʃәl,"a. 商业的, 商用的, 商品化的\nn. 商业广告节目",cet4 cet6 ky toefl ielts
commercialize,kә'mә:ʃәlaiz,"vt. 使商业化, 使商品化, 使能营利, 在...发展商业\n[经] 使商业化, 使商品化, 在...发展商业",toefl
commercials,kə'mɜ:ʃlz,n. （电台或电视播放的）广告 ( commercial的名词复数 ); 以大众欣赏为目的谱写的乐曲,ielts
commingle,kɒ'miŋgl,v. 混合,toefl gre
commiserate,kә'mizәreit,"v. 怜悯, 同情",toefl gre
commission,kә'miʃәn,"n. 委任状, 任官令, 所委职责, 佣金, 犯, 委托, 所托之事\nvt. 委任, 委托制作, 使服役",cet4 cet6 ky toefl ielts gre
commissioner,kә'miʃәnә,"n. 委员, 理事, 行政长官\n[法] 委员, 政府的特派员, 地方地官",toefl
commit,kә'mit,"vt. 委托(托付), 犯罪, 指派...作战, 使承担义务\n[法] 犯, 做, 把...交托给",gk cet4 cet6 ky toefl ielts gre
commitment,kә'mitmәnt,"n. 委托, 交押, 承担义务, 赞助\n[医] 院禁",gk cet4 cet6 toefl ielts
committed,,a. 献身于某种事业的\n[计] 委托的,toefl gre
committee,kә'miti,n. 委员会\n[经] 委员会,gk cet4 cet6 ky toefl ielts
commodious,kә'mәudjәs,"a. 宽敞的, 方便的",toefl gre
commodity,kә'mɒditi,"n. 农产品, 商品, 有用的物品\n[经] 商品, 货物, 日用品",cet6 ky toefl ielts gre
common,'kɒmәn,"a. 通常的, 共同的, 通俗的, 公共的\n[计] 公用块",zk gk cet4 cet6 ky ielts
commonly,'kɒmәnli,"adv. 一般, 普通, 通常",cet4 cet6
commonplace,'kɒmәnpleis,"n. 寻常事, 老生常谈, 普通的东西\na. 平凡的, 普通的",cet6 ky toefl ielts gre
commonsense,",kɔmәn'sens","a. 有常识的, 一望而知的, 明明白白的",cet6 toefl gre
commonwealth,'kɔmәnwelθ,n. 共和国；联邦；国民整体,cet6 ky ielts gre
commotion,kә'mәuʃәn,"n. 骚动, 暴乱\n[医] 震荡",ielts gre
communal,'kɒmjunәl,"a. 公有的, 公社的\n[法] 公共的, 自治体的, 巴黎公社的",toefl gre
commune,kә'mju:n,"n. 恳谈, 社区, 公社\nvi. 亲密交谈, (感情上)融为一体",gre
communicate,kә'mju:nikeit,"vt. 显露, 传达, 感染\nvi. 通讯",zk gk cet4 cet6 ky toefl gre
communication,kә.mju:ni'keiʃәn,"n. 交流, 交通, 通讯\n[计] 通信",zk gk cet4 cet6 ky toefl ielts
communism,'kɒmjunizm,n. 共产主义,gk cet4 cet6 ky
communist,'kɒmjunist,"n. 共产主义者, 共产党员\n[法] 共产主义的, 共产党的",gk cet4 cet6
community,kә'mju:niti,"n. 社区, 公众, 共有, 共同体\n[经] 公众, 共有, 社会",cet4 cet6 ky toefl ielts
commute,kә'mju:t,"vt. 交换, 折偿, 减轻\nvi. 代偿, 经常乘车来往",cet6 ky toefl ielts gre
commuter,kә'mju:tә,"n. 乘公共车辆上下班者, 月季票乘客\n[经] 非(当地)居民",toefl ielts
compact,kәm'pækt,"a. 紧凑的, 紧密的, 简洁的\nvt. 使紧密结合, 压缩\nvi. 变坚实",cet6 ky toefl ielts gre
compaction,kәm'pækʃәn,"[计] 压缩, 浓缩, 精简, 简缩",toefl
companies,,"n. 公司, 企业；公司财产；伙伴（company的复数形式）",ielts
companion,kәm'pænjәn,"n. 朋友, 陪伴, 指南, 升降口围罩\nvt. 陪伴",gk cet4 cet6 ky toefl ielts gre
company,'kʌmpәni,"n. 公司, 友伴, 交往, 连队, 朋友, 一群\nvt. 陪伴\nvi. 交往",zk gk toefl ielts
comparable,'kɒmpәrәbl,"a. 可比较的, 比得上的",cet4 cet6 ky toefl ielts
comparative,kәm'pærәtiv,"a. 比较的, 相对的\nn. 对手",cet4 cet6 ky toefl
comparatively,kәm'pærәtivli,"adv. 比较地, 相对地",cet4 toefl
compare,kәm'pєә,"vt. 比较, 比喻, 对照\nvi. 相比\nn. 比较\n[计] 比较",zk gk cet4 cet6 ky toefl ielts
comparison,kәm'pærisn,"n. 比较, 对照, 比喻\n[经] 比较, 对比",cet4 ky gre
compartment,kәm'pɑ:tmәnt,"n. 分隔间, 卧车包房, 防水舱隔\n[医] 隔室, 隔间",ky ielts gre
compass,'kʌmpәs,"n. 指南针, 范围, 音域\nvt. 包围, 达到, 图谋, 理解",gk cet4 cet6 ky toefl ielts gre
compassion,kәm'pæʃәn,"n. 同情, 怜悯",ky toefl gre
compassionate,kәm'pæʃәnit,"a. 慈悲的, 富于同情心的, 照顾性的\nvt. 怜悯, 同情",gre
compatibility,kәm.pætә'biliti,n. 兼容性\n[计] 兼容性,cet6
compatible,kәm'pætәbl,"a. 能共处的, 可并立的, 适合的\n[计] 相容的; 兼容的",cet6 ky toefl ielts gre
compatriot,kәm'pætriәt,"n. 同国人\na. 同国的, 同胞的",cet6 gre
compel,kәm'pel,"vt. 强迫, 迫使",cet4 cet6 ky toefl ielts gre
compelling,kәm'peliŋ,"a. 强制的, 强迫性的, 激发兴趣的",ky gre
compendium,kәm'pendiәm,"n. 纲要, 概略\n[电] 简述",gre
compensate,'kɒmpenseit,"v. 偿还, 补偿, 付报酬",gk cet6 ky toefl ielts gre
compensation,.kɒmpen'seiʃәn,"n. 补偿, 赔偿金, 工资\n[医] 代偿(机能), 补偿",cet6 ky toefl ielts
compensatory,kәm'pensәtәri,"a. 赔偿的, 补偿的, 代偿的\n[医] 代偿的, 补偿的",toefl gre
compete,kәm'pi:t,"vi. 竞争, 对抗",gk cet4 cet6 ky toefl gre
competence,'kɒmpitәns,"n. 胜任, 职称, 能力\n[医] 能力, 活性",gk cet6 toefl ielts gre
competent,'kɒmpitәnt,"a. 能干的, 胜任的, 有效的, 足够的\n[经] 有权的, 授权的, 胜任的",cet4 cet6 ky toefl
competing,,a. 相互矛盾的；抵触的,toefl
competition,.kɒmpi'tiʃәn,"n. 竞争, 竞赛\n[经] 竞争, 竞销, 比赛",zk gk cet4 cet6 ky toefl ielts
competitive,kәm'petitiv,a. 竞争的\n[经] 竞争的,cet4 cet6 ky ielts
competitiveness,,[经] 竞争,toefl
competitor,kәm'petitә,"n. 竞争者\n[经] 竞争者, 竞争对手",gk cet6
compile,kәm'pail,"vt. 编译, 编辑, 编纂, 收集\n[计] 编译",cet4 cet6 ky toefl ielts gre
complacence,kәm'pleisәns,"n. 满足, 自鸣得意, 自满",toefl
complacency,kәm'pleisәnsi,"n. 满足, 自鸣得意, 自满",gre
complacent,kәm'pleisnt,"a. 满足的, 自满的, 得意的",gre
complain,kәm'plein,"v. 抱怨, 抗议, 控诉",cet4 cet6 ky toefl
complaint,kәm'pleint,"n. 诉苦, 抱怨, 控诉\n[医] 陈诉; 病",cet4 cet6 ky toefl ielts
complaisance,kәm'pleizәns,"n. 谦恭, 殷勤, 顺从",gre
complaisant,kәm'pleizәnt,"a. 谦恭的, 殷勤的, 顺从的",gre
complement,'kɒmplimәnt,"n. 补足物, 补语, 补数\nvt. 补充, 补足\n[计] 补码; 反相器; 补数",cet6 ky toefl ielts
complementary,.kɒmpli'mentәri,"a. 补充的, 补足的\n[经] 补足的, 补充的",toefl gre
complete,kәm'pli:t,"a. 完全的, 十足的, 完成的\nvt. 完成, 完工, 使圆满",zk gk cet4 cet6 ky toefl ielts
completely,kәm'pli:tli,"adv. 完全地, 十分地, 圆满地",cet4 cet6
completion,kәm'pli:ʃәn,"n. 完成\n[经] 完井, 结束, 完工",cet6
complex,kәm'pleks,"n. 综合体, 情结, 络合物\na. 复杂的, 组合的",gk cet4 cet6 ky toefl ielts
complexion,kәm'plekʃn,"n. 肤色, 情况, 局面\n[医] 体质; 面色, 面容",ielts gre
complexity,kәm'pleksiti,"n. 复杂, 复杂性, 复杂的事物",cet6 toefl
compliance,kәm'plaiәns,"n. 遵从, 顺从, 屈从\n[化] 柔顺; 顺应",ky ielts gre
compliant,kәm'plaiәnt,"a. 顺从的, 屈从的\n[电] 适用于, 配合...使用",gre
complicate,'kɒmplikeit,"vt. 弄复杂, 使错综, 使恶化\nvi. 变复杂",cet4 cet6 ky toefl gre
complicated,'kɒmplikeitid,a. 复杂的\n[医] 并发的,cet4 cet6 ky toefl ielts
complication,.kɒmpli'keiʃәn,"n. 复杂化, 复杂情况\n[医] 并发症, 并发病",cet6 ky toefl ielts
complicity,kәm'plisiti,"n. 同谋, 串通, 复杂\n[法] 共谋, 共犯关系",toefl gre
compliment,'kɒmplimәnt,"n. 称赞, 恭维, 敬意\nvt. 称赞, 褒扬, 恭维",cet6 ky toefl ielts gre
complimentary,.kɒmpli'mentәri,"a. 问候的, 称赞的, 夸奖的",toefl
comply,kәm'plai,"vi. 顺从, 依从\n[法] 遵守, 承诺, 照做",cet6 ky toefl ielts gre
component,kәm'pәunәnt,"n. 元件, 组件, 成分\na. 组成的, 构成的\n[计] 组件",gk cet4 cet6 ky toefl ielts gre
comport,kәm'pɒ:t,"vt. 举动, 表现\nvi. 相称, 适合",toefl gre
compose,kәm'pәuz,"vt. 组成, 写作, 作曲, 使平静\nvi. 创作, 排字\n[计] 编写",cet4 cet6 ky toefl ielts gre
composed,kәm'pәuzd,"a. 镇静的, 沉着的",toefl gre
composer,kәm'pәuzә,"n. 作曲家, 作家, 调停者",cet6 gre
composite,kәm'pɒzit,"a. 合成的, 混合成的, 菊科的\nn. 合成物, 复合材料, 菊科",cet6 ky ielts
composition,kɒmpә'ziʃәn,"n. 作文, 创作, 组成\n[化] 成分; 组成",zk gk cet4 cet6 ky toefl ielts
compost,'kɒmpәust,"n. 混合物, 堆肥\nvt. 施堆肥于",gre
composure,kәm'pәuʒә,"n. 镇静, 沉着",toefl gre
compound,kәm'paund,"n. 混合物, 复合词, 化合物, 院子\na. 复合的, 混合的, 化合的\nvi. 化合, 和解, 妥协\nvt. 使复合, 使化合",cet4 cet6 ky toefl ielts gre
comprehend,.kɒmpri'hend,"vt. 理解, 包括",cet6 ky toefl gre
comprehensible,.kɒmpri'hensibl,a. 可理解的,toefl gre
comprehension,.kɒmpri'henʃәn,"n. 理解, 包含",gk cet4 cet6 ky toefl
comprehensive,.kɒmpri'hensiv,"a. 广泛的, 有理解力的, 综合的\n[经] 广泛的, 综合的, 全面的",cet4 cet6 ky toefl gre
compress,kәm'pres,"vt. 压缩, 压紧\nvi. 受压缩小\n[计] 压缩程序",cet4 cet6 ky toefl ielts gre
compressed,kәm'prest,"a. 被压缩的, 扁平的",toefl
compression,kәm'preʃәn,"n. 压缩, 压紧\n[计] 压缩",cet6 toefl
comprise,kәm'praiz,"vt. 包含, 构成",cet4 cet6 ky toefl ielts
compromise,'kɒmprәmaiz,"n. 妥协, 折中, 折中方案, 和解\nvi. 妥协处理\nvt. 危害",gk cet4 cet6 ky toefl ielts gre
compulsion,kәm'pʌlʃәn,"n. 强迫, 强制\n[医] 强迫",gre
compulsive,kәm'pʌlsiv,"a. 强制的, 强迫的\n[医] 强迫性的",toefl
compulsory,kәm'pʌlsәri,"a. 被强制的, 强迫的, 义务的\n[经] 强迫的, 强制的",gk cet6 ky toefl ielts gre
compunction,kәm'pʌŋkʃәn,"n. 良心的责备, 后悔, 悔恨",gre
computation,.kɒmpju'teiʃәn,"n. 计算, 计数, 计算结果\n[经] 计算, 估计, 计算法",toefl
compute,kәm'pju:t,"v. 计算, 估算\nn. 计算, 估算",cet4 cet6 ky toefl ielts
computer,kәm'pju:tә,"n. 电脑, 电子计算机\n[计] 计算机",zk gk ielts
computers,,"n. 计算机, 电脑（computer的复数）",ielts
comrade,'kɒmreid,"n. 同志, 伙伴",gk cet4 cet6 ky
concatenate,kɒn'kætәneit,"vt. 如锁链般连接, 使连锁, 连结\na. 连锁的, 连结的",gre
concave,'kɒnkeiv,"a. 凹的\n[医] 凹的, 凹面的",toefl gre
conceal,kәn'si:l,"vt. 隐藏, 掩盖, 隐瞒\n[法] 隐瞒, 隐匿, 保守秘密",cet4 cet6 ky toefl ielts gre
concede,kәn'si:d,"vt. 承认, 退让\nvi. 让步",cet6 ky toefl ielts gre
conceit,kәn'si:t,"n. 自负, 空想, 狂妄",cet6 toefl gre
conceive,kәn'si:v,"vt. 构思, 认为\nvi. 怀孕",cet6 ky toefl ielts gre
concentrate,'kɒnsәntreit,"n. 浓缩, 精选\nv. 集中, 专心",gk cet4 cet6 ky ielts gre
concentrated,'kɒnsәntreitid,"a. 集中的, 浓缩的\n[建] 浓的",cet6
concentration,.kɒnsәn'treiʃәn,"n. 集中, 专心\n[化] 浓度; 浓缩",cet4 cet6 ky
concentric,kɒn'sentrik,"a. 同中心的, 同轴的\n[医] 同心的, 共心的",toefl gre
concept,'kɒnsept,"n. 观念, 概念\n[医] 概念",gk cet4 cet6 ky toefl
conception,kɒn'sepʃәn,"n. 观念, 概念\n[医] 妊娠, 受孕; 概念",cet6 toefl ielts gre
conceptual,kәn'septʃuәl,a. 概念的\n[医] 概念的,toefl
concern,kәn'sә:n,"n. 关心, 忧虑\nvt. 与...有关, 使担心, 使挂念",gk cet4 cet6 ky ielts
concerned,kәn'sә:nd,"a. 关心的, 有关的, 参与的, 担心的",toefl
concerning,kәn'sә:niŋ,prep. 关于\n[法] 关于,cet4 cet6 ky toefl
concert,'kɒnsәt,"n. 音乐会, 和声, 一致\nvt. 协力, 协调\nvi. 协力\n[计] 美国北卡罗来纳州Internet网",zk gk cet4 cet6 ky toefl ielts
concerted,kәn'sә:tid,"a. 商定的, 协定的, 一致的\n[法] 一致的, 协力的, 共同的",toefl ielts
concerto,kәn'tʃєәtәu,n. 协奏曲,toefl gre
concession,kәn'seʃәn,"n. 特许, 让步, 认可\n[经] 核准, 许可, 特殊(权)",cet6 ky toefl ielts gre
concessions,kən'seʃənz,n. （尤指由政府或雇主给予的）特许权( concession的名词复数 ); 承认; 减价; （在某地的）特许经营权,ielts
conciliate,kәn'silieit,"vt. 安抚, 说服, 博得...的支持, 调和\n[法] 调解, 安抚, 抚慰",gre
conciliatory,kәn'siliәtәri,"a. 安抚的, 和好的, 调和的",toefl gre
concise,kәn'sais,"a. 简洁的, 简明的",cet6 ky toefl ielts gre
conciseness,,"[计] 简明性, 简洁性\n[经] 简洁性",toefl
conclave,'kɒnkleiv,"n. 秘密会议, 教皇选举会议, 红衣主教团",gre
conclude,kәn'klu:d,"vt. 结束, 作结论, 推断\nvi. 结束, 推断",gk cet4 cet6 ky toefl
conclusion,kәn'klu:ʒәn,"n. 结论, 结尾, 推论\n[法] 缔结, 结论, 推论",gk cet4 cet6 ky ielts
conclusive,kәn'klu:siv,"a. 决定性的, 确定性的, 最后的\n[法] 决定性的, 不容置疑的, 确实的",ky toefl gre
concoct,kәn'kɒkt,"vt. 调合, 捏造, 编造\n[建] 调制, 混合",toefl ielts gre
concomitant,kәn'kɒmitәnt,"a. 相伴的, 伴随的, 共存的\nn. 伴随物",toefl gre
concord,'kɒŋkɒ:d,"n. 一致, 和睦, 协定",gre
concrete,'kɒnkri:t,"n. 凝结物, 混凝土\na. 具体的, 实在的, 混凝土的\nv. (使)凝结, 用混凝土浇筑",gk cet4 cet6 ky toefl ielts gre
concur,kәn'kә:,"vi. 同意, 一致, 同时发生\n[法] 同时发生, 并发, 同意",toefl gre
concurrence,kәn'kʌrәns,"n. 赞同, 意见一致, 协力\n[法] 协力, 同时发生, 一致",toefl
concurrent,kәn'kʌrәnt,"n. 同时发生的事件\na. 同时发生的, 一致的\n[计] 并行的; 并发的; 同时发生的; 共行的",toefl
concussion,kәn'kʌʃәn,"n. 剧烈摇动, 震荡\n[医] 震荡",gre
condemn,kәn'dem,"vt. 判刑, 责备, 谴责\n[法] 定罪, 判刑, 宣告有罪",gk cet4 cet6 ky toefl ielts gre
condemnation,kɒndem'neiʃәn,"n. 非难, 宣告有罪, 非难的理由",toefl
condensation,.kɒnden'seiʃәn,"n. 压缩, 凝缩, 冷凝\n[化] 冷凝; 冷凝作用; 缩合; 缩合作用; 凝聚; 凝聚作用; 凝结作用",toefl
condense,kәn'dens,"vt. 使浓缩, 使压缩, 缩短\nvi. 浓缩, 凝结",cet4 cet6 ky toefl ielts gre
condenser,kәn'densә,"n. 凝结器, 冷凝器, 缩写者\n[化] 聚光器; 电容器; 冷凝器; 冷凝塔",toefl
condescend,.kɒndi'send,"vi. 谦逊, 屈就, 堕落",gre
condescending,.kɒndi'sendiŋ,"a. 谦逊的, 故意屈尊的, 有优越感的",gre
condign,kәn'dain,"a. (尤指惩罚)应得的, 适宜的",gre
condiment,'kɒndimәnt,n. 辛辣调味品\n[化] 调味品,toefl gre
condition,kәn'diʃәn,"n. 情况, 条件\nvt. 使健康, 以...为条件, 决定, 使适应\n[计] 条件",zk gk cet4 cet6 ky toefl ielts
conditioning,kәn'diʃәniŋ,"n. 调节, 条件作用, 整修\n[计] 调节; 调整",toefl
conditions,,"n. 形势, 情况, 环境",ielts
condole,kәn'dәul,"vi. 哀悼, 慰问, 吊唁",gre
condolence,kәn'dәulәns,"n. 哀悼, 吊唁",ielts
condone,kәn'dәun,"vt. 赦, 宽恕\n[法] 宽恕, 不咎, 抵销",toefl gre
condor,'kɒndɒ:,n. 神鹰\n[电] 一种等幅航行系统,toefl gre
conducive,kәn'dju:siv,"a. 有益于...的, 有助于...的, 助长的",ielts gre
conduct,"'kɔndʌkt, -dәkt","n. 行为, 举动, 指导\nvt. 为人, 指挥, 管理, 实施\nvi. 领导, 传导, 指挥",gk cet4 cet6 ky toefl gre
conductivity,.kɒndʌk'tiviti,"n. 导电率, 传导率, 传导性\n[化] 电导率",toefl
conductor,kәn'dʌktә,"n. 领导者, 指挥者, 售票员, 向导\n[化] 导体",gk cet4 cet6 ky toefl
conduit,'kɒndit,"n. 导管, 水管, 沟渠\n[电] 导管",gre
cone,kәun,"n. 圆锥体, 球果\nvt. 使成锥形",toefl gre
confection,kәn'fekʃәn,"n. 糖果, 蜜饯\n[医] 糖膏(剂)",gre
confederacy,kәn'fedәrәsi,"n. 联盟, 邦联\n[法] 共谋, 违法的结社, 联盟",toefl gre
confederate,kәn'fedәrit,"n. 同盟者, 同盟国\na. 同盟的, 联合的\nv. (使)联盟, (使)联合",toefl
confer,kәn'fә:,"vt. 授予, 带来\nvi. 协商",cet6 ky toefl ielts gre
conference,'kɒnfәrәns,"n. 会议\n[经] 会议, 讨论会, 协商会",zk gk cet4 cet6 ky toefl ielts gre
confess,kәn'fes,"v. 承认, 坦白, 忏悔, 供认",cet4 cet6 ky toefl ielts gre
confession,kәn'feʃәn,"n. 承认, 坦白, 招供\n[法] 自白, 招供, 自认有罪",toefl
confidant,.kɒnfi'dænt,"n. 心腹朋友, 知己",gre
confide,kәn'faid,"vt. 吐露, 委托\nvi. 信赖",toefl gre
confidence,'kɒnfidәns,n. 信心\n[电] 可靠,cet4 cet6 ky toefl ielts gre
confident,'kɒnfidәnt,"a. 有信心的, 有把握的",gk cet4 cet6 ky toefl ielts
confidential,.kɒnfi'denʃәl,"a. 机密的, 获他人信赖的, 易于信任他人的\n[经] 秘密件",gk cet6 ky toefl ielts gre
configuration,kәn.figju'reiʃәn,"n. 结构, 表面配置, 外形, 配置\n[计] 配置",cet6 toefl ielts gre
confine,kәn'fain,"vt. 限制, 使不外出, 禁闭\nvi. 邻接, 交界\nn. 边缘, 范围, 区域",cet4 cet6 ky toefl ielts gre
confinement,kәn'fainmәnt,"n. 限制, 被禁闭, 分娩\n[医] 分娩, 生产",toefl
confining,kәn'fainiŋ,"a. 受限的, 限制的；拘束的；狭窄的, 偏狭的",toefl
confirm,kәn'fә:m,"vt. 证实, 确定, 批准, 使巩固\n[计] 确认",gk cet4 cet6 ky toefl ielts gre
confirmation,.kɒnfә'meiʃәn,"n. 证实, 证明, 批准, 确认\n[计] 确认",cet6 toefl ielts
confiscate,'kɒnfiskeit,"vt. 没收, 把...充公, 查抄\na. 被没收的",toefl gre
conflagration,.kɒnflә'greiʃәn,"n. 大火灾, 大火, 冲突\n[化] 暴燃; 快速燃烧",gre
conflate,kәn'fleit,vt. 合并；异文合并,gre
conflict,'kɒnflikt,"n. 战斗, 冲突, 矛盾, 争执\nvi. 争执, 战斗, 冲突, 抵触\n[计] 冲突",gk cet4 cet6 ky toefl ielts gre
conflicting,kәn'fliktiŋ,"a. 冲突的, 不一致的, 相矛盾的",toefl
confluence,'kɒnfluәns,"n. 合流, 合流点, 集合, 人群\n[医] 融合, 汇合",toefl
conform,kәn'fɒ:m,"vt. 使一致, 使遵守, 使符合\nvi. 一致, 符合, 适应",cet6 ky toefl ielts gre
conformist,kәn'fɒ:mist,"n. 遵奉习俗, 遵纪守法者, 遵奉国教会惯例者",gre
conformity,kәn'fɒ:miti,"n. 遵照, 适合, 一致, 相似\n[计] 符合度",cet6 ky toefl gre
confound,kәn'faund,"vt. 使混淆, 使狼狈, 挫败",toefl gre
confront,kәn'frʌnt,"vt. 使面对, 对抗, 遭遇, 使对质, 比较\n[法] 对证, 使对质, 比较",cet6 ky toefl ielts gre
confrontation,.kɔnfrʌn'teiʃәn,n. 对抗；对质；面对,cet6
confuse,kәn'fju:z,"vt. 使混乱, 使狼狈, 使困惑\n[法] 混淆",gk cet4 cet6 ky toefl ielts
confusion,kәn'fju:ʒәn,"n. 混乱, 混淆, 无秩序\n[计] 含混",cet4 cet6 ky toefl ielts
congeal,kәn'dʒi:l,"v. (使)冻结, (使)凝结",gre
congenial,kәn'dʒi:njәl,"a. 协调的, 一致的, 适意的, 趣味相同的",toefl gre
congenital,kәn'dʒenitәl,"a. 天生的, 先天的\n[医] 先天的",toefl gre
congest,kәn'dʒest,"vt. 使充满, 使拥塞, 使充血\nvi. 充塞, 充血, 拥挤",cet6 gre
congested,kәn'dʒestid,"a. 拥挤的, 堵塞的\n[医] 充血的",toefl
congestion,kәn'dʒestʃәn,"n. 拥挤, 充血\n[计] 拥挤, 拥塞",toefl ielts
conglomerate,kәn'glɒmәrit,"a. 聚成球形的, 砾岩性的\nn. 集成物, 混合体, 砾岩\nv. (使)凝聚成团",toefl gre
congratulate,kәn'grætʃәleit,"vt. 祝贺, 庆贺",gk cet4 cet6 ky
congratulation,kәn.grætʃә'leiʃәn,"n. 祝贺, 恭喜",gk cet4 cet6 ky toefl
congregate,'kɒŋgrigeit,"v. (使)集合, (使)聚集\na. 集合在一起的, 集体的",toefl gre
congress,'kɒŋgres,"n. 国会, 会议, 讨论会\n[医] 会议, 会合",cet4 cet6 ky toefl ielts
congressional,kәn'greʃәnl,"a. 会议的, 议会的, 国会的\n[法] 代表大会的, 大会的, 议会的",toefl
congressman,'kɒŋgresmәn,"n. 国会议员, 众议院议员\n[法] 国会议会",toefl
congruent,'kɒŋgruәnt,"a. 适合的, 一致的, 合谐的, 全等的",ielts gre
congruity,kәŋ'gru:iti,"n. 适合, 一致, 共同点",toefl
congruous,'kɒŋgruәs,"a. 一致的, 适合的, 符合的",gre
conifer,'kɒnifә,"n. 松柏目植物, 针叶树",toefl gre
conjectural,kәn'dʒektʃәrәl,"a. 推测的, 好推测的",toefl
conjecture,kәn'dʒektʃә,"n. 推测, 猜想, 揣摩\nv. 推测, 猜想, 揣摩\n[计] 推测; 猜测",toefl gre
conjoin,kәn'dʒɒin,"v. (使)结合, (使)连结, (使)联合",gre
conjugal,'kɒndʒugәl,"a. 婚姻的, 配偶的\n[医] 夫妇的",gre
conjunction,kәn'dʒʌŋkʃәn,"n. 连接词, 联合, 结合\n[计] 合取",cet4 cet6 ky toefl ielts gre
conjure,'kʌndʒә,"vt. 念咒文召唤, 变戏法, 想象\nvi. 变戏法, 施魔法",toefl gre
connect,kә'nekt,"v. 连接, 联合, 联系",zk gk cet4 cet6 ky toefl
connection,kә'nekʃәn,"n. 连接, 关系, 前后关系\n[计] 连接",gk cet4 cet6 ky toefl
connivance,kә'naivәns,"n. 默许, 纵容\n[法] 纵容, 默许",toefl
connive,kә'naiv,"vi. 默许, 共谋, 纵容\n[法] 默许, 纵容, 共谋",toefl gre
connoisseur,.kɒnә'sә:,"n. 鉴赏家, 鉴定家, 内行",toefl gre
connotation,.kɒnәu'teiʃәn,"n. 含蓄, 内涵",ky gre
connubial,kә'nju:bjәl,"a. 结婚的, 夫妇的, 配偶的",gre
conquer,'kɒŋkә,"vt. 克服, 征服, 战胜\nvi. 得胜",cet4 cet6 ky toefl ielts gre
conqueror,'kɒŋkәrә,"n. 征服者, 胜利者",cet6 ielts
conquest,'kɒŋkwest,"n. 战胜, 征服, 战利品\n[法] 征服, 赢得, 获得",cet4 cet6 ky ielts gre
conscience,'kɒnʃәns,"n. 良心\n[法] 良心, 道德感, 正义感",gk cet4 cet6 ky toefl ielts gre
conscientious,.kɒnʃi'enʃәs,"a. 有责任心的, 负责的, 本着良心的\n[法] 凭良心做的, 有道德感的",ky toefl ielts gre
conscious,'kɒnʃәs,"a. 有意识的, 知觉的, 觉察的\n[医] 有意识的, 清醒的",cet4 cet6 ky toefl ielts
consciously,,adv. 自觉地；有意识地,toefl
consciousness,'kɒnʃәsnis,"n. 意识, 知觉, 自觉\n[医] (有)意识, 清醒",cet4 cet6 toefl
conscript,'kɒnskript,"a. 被征入伍的, 被征召的\nn. 征兵\nvt. 征召",gre
consecrate,'kɒnsikreit,"vt. 把...供祭祀用, 奉献, 使神圣\na. 被献给神的, 神圣的",toefl gre
consecutive,kәn'sekjutiv,"a. 连续的, 联贯的\n[计] 连续的; 连接的",cet6 ky toefl ielts
consensus,kәn'sensәs,"n. 合意, 一致, 同感\n[计] 合意",gk cet6 ky toefl ielts gre
consent,kәn'sent,"n. 同意, 许可\nvi. 同意, 赞同",cet4 cet6 ky ielts gre
consequence,'kɒnsikwәns,"n. 结果, 重要性\n[法] 结果, 后果, 推断",gk cet4 cet6 ky toefl ielts gre
consequent,'kɒnsikwәnt,"n. 随后发生的事情, 结果\na. 作为结果的, 合乎逻辑的",cet6 toefl ielts
consequential,",kɔnsi'kwenʃәl","a. 作为结果的, 随之发生的, 推论的, 间接的, 重大的, 自大的, 傲慢的, 自傲的\n[法] 结果的, 相应而生的, 接着发生的",gre
consequently,'kɒnsikwәntli,adv. 所以,cet4 cet6 ky toefl
conservation,.kɒnsә'veiʃәn,"n. 保护, 保存\n[医] 保存",gk cet4 cet6 ky toefl ielts
conservationist,",kәnsә'veiʃәnist",n. 自然资源保护论者,toefl
conservatism,kәn'sә:vәtizәm,"n. 保守, 守旧性, 保守主义, [the]保守党的主张和政策, 保守党\n[医] 保守性",toefl
Conservative,kәn'sә:vәtiv,"a. 保守的, 守旧的, 有保存力的\n[化] 防腐剂; 保存剂",gk cet4 cet6 ky toefl ielts gre
conservatory,kәn'sә:vәtәri,"a. 保存性的, 有保存力的\nn. 温室, 音乐学校",toefl ielts gre
conserve,kәn'sә:v,"n. 蜜饯, 果酱\nvt. 保存, 使(能量等)守恒",cet4 cet6 ky toefl ielts gre
consider,kәn'sidŋ,"v. 考虑, 思考, 认为",zk gk cet4 cet6 ky toefl
considerable,kәn'sidәrәbl,"a. 相当的, 可观的, 重要的",cet4 cet6 ky toefl ielts gre
considerably,kәn'sidәrәbli,"adv. 非常地, 很, 颇",toefl
considerate,kәn'sidәrit,"a. 体贴的, 体谅的, 考虑周到的",gk cet4 cet6 ky toefl ielts
consideration,kәn.sidә'reiʃәn,"n. 考虑, 原因\n[法] 考虑, 思考, 报酬",gk cet4 cet6 ky toefl
consign,kәn'sain,"vt. 交付, 储蓄, 委托, 寄存\n[经] 托卖, 寄存, 寄销",toefl ielts gre
consist,kәn'sist,"vi. 组成, 存在于, 一致",gk cet4 cet6 ky toefl ielts
consistency,kәn'sistәnsi,"n. 坚硬性, 黏稠度, 一致性\n[化] 稠度; 一致性",toefl gre
consistent,kәn'sistәnt,"a. 一致的, 坚持的, 并立的, 坚固的",gk cet4 cet6 ky toefl gre
consistently,,"adv. 坚固, 坚实, 一致, 始终如一, 连贯\n[计] 相容地",cet6 toefl
console,kәn'sәul,"vt. 安慰, 藉慰\nn. 控制台\n[计] 控制台",cet6 ky toefl ielts gre
consolidate,kәn'sɒlideit,"vt. 巩固, 使联合, 统一\nvi. 巩固\n[计] 合并计算",cet6 ky toefl ielts gre
consolidation,kәn.sɒli'deiʃәn,"n. 巩固, 团结, 合并, 加强\n[医] 实变",gre
consonance,'kɒnsәnәns,"n. 一致, 调和, 辅音韵\n[医] 谐和",gre
consonant,'kɒnsәnәnt,"n. 辅音\na. 一致的, 调和的",toefl gre
consort,'kɒnsɒ:t,"n. 配偶, 夫妻\nvi. 陪伴, 结交, 符合\nvt. 使结合",toefl gre
consortium,kәn'sɒ:tjәm,"n. 协会, 合伙, (国际性)财团\n[经] 合作, 联合, 财团",toefl
conspectus,kәn'spektәs,"n. 概观, 一览表, 大纲",gre
conspicuous,kәn'spikjuәs,"a. 显著的, 显眼的, 出众的",cet6 ky toefl ielts gre
conspiracy,kәn'spirәsi,"n. 同谋, 阴谋, 阴谋集团\n[法] 阴谋, 通谋, 共谋",ky toefl ielts gre
conspire,kәn'spaiә,"vi. 阴谋, 协力, 共谋\nvt. 图谋",ky toefl gre
constant,'kɒnstәnt,"n. 常数, 恒量\na. 不变的, 一定的, 时常的\n[计] 常量; 常数; 恒值",gk cet4 cet6 ky toefl ielts gre
constantly,'kɒnstәntli,"adv. 不变地, 不断地, 时常地",toefl
constellation,.kɒnstә'leiʃәn,"n. 星座, 荟萃\n[化] 构象",toefl gre
consternation,.kɒnstә'neiʃәn,"n. 惊愕, 恐怖, 惊惶失措",toefl gre
constituent,kәn'stitjuәnt,"n. 成分, 选民, 构成物\na. 构成的, 组织的, 选举的",cet6 ky toefl ielts gre
constitute,kәn'stitjut,"vt. 构成, 组成, 任命\n[建] 构造, 组成",cet6 ky toefl ielts gre
constitution,.kɒnsti'tju:ʃәn,"n. 构成, 宪法, 体格\n[医] 体质; 结构, 组织",gk cet4 cet6 ky toefl ielts gre
constitutional,.kɒnsti'tju:ʃәnl,"a. 宪法的, 立宪的, 体质的\n[医] 全身的; 体质的",toefl gre
constrain,kәn'strein,"vt. 强迫, 限制, 关押",cet6 ky toefl ielts gre
constrained,kәn'streind,"a. 被强迫的, 被约束的, 不舒服的",gre
constraint,kәn'streint,"n. 强制, 约束\n[计] 约束",cet6 toefl gre
constrict,kәn'strikt,"vt. 压缩, 束紧, 使收缩\nvi. 收缩",toefl ielts gre
constricted,'kənstriktid,"v. 压缩, 压紧, 使收缩( constrict的过去式和过去分词)",toefl
constringe,kәn'strindʒ,"vt. 压缩, 使收缩, 使收敛",gre
construct,kәn'strʌkt,"vt. 构造, 建造, 对...进行构思, 作图\nn. 构成物",gk cet4 cet6 ky toefl gre
construction,kәn'strʌkʃәn,"n. 建筑, 构造, 建筑物\n[化] 施工",gk cet4 cet6 ky toefl ielts
construe,kәn'stru:,"vt. 解释, 分析, 对...逐字直译\nvi. 作句法分析\nn. 直译",toefl gre
consul,'kɒnsәl,"n. 领事, 执政官\n[经] 领事",cet6 gre
consult,kәn'sʌlt,"vi. 商讨, 商量, 协商, 会诊\nvt. 向...请教, 查阅, 考虑",gk cet4 cet6 ky toefl ielts
consultancy,,"n. 商量, 协商, 磋商, 会诊, 与...商量, 咨询, 请教, 找(医生)看病, 查阅, 考虑\n[经] 咨询业务, 咨询服务",cet6
consultant,kәn'sʌltәnt,"n. 顾问, 征询意见者\n[医] 顾问医师",gk cet6 ky toefl ielts
consume,kәn'sju:m,"vt. 消耗, 消费, 消灭\nvi. 耗尽, 毁灭",gk cet4 cet6 ky toefl
consumer,kәn'sju:mә,"n. 消费者\n[经] 消费者, 用户",cet4 cet6 toefl ielts
consummate,'kɒnsәmeit,"vt. 完成, 使完美\na. 无上的, 至上的, 完美的",gre
consumption,kәn'sʌmpʃәn,"n. 消费, 消费量, 痨病\n[化] 消耗量; 耗量",cet4 cet6 ky toefl ielts
contact,'kɒntækt,"n. 联系, 交际, 熟人, 接触\nvi. 接触, 联系\nvt. 使接触",cet4 cet6 ky toefl ielts gre
contacts,,n. 联系人；联络方式；触体（contact的复数形式）,ielts
contagious,kәn'teidʒәs,"a. 触染性的, 会蔓延的\n[医] (接)触(传)染的",toefl gre
contain,kәn'tein,"vt. 包含, 容纳, 控制\nvi. 自制",gk cet4 cet6 ky toefl gre
container,kәn'teinә,"n. 容器, 集装箱\n[化] 集装箱; 贮存箱; 容器(任何一种)",gk cet4 cet6 ky toefl ielts
containment,kәn'teinmәnt,"n. 抑制, 牵制, 遏制\n[法] 抑制, 牵制, 遏制",gre
contaminants,kən'tæmɪnənts,"n. 污染物, 致污物( contaminant的名词复数 )",ielts
contaminate,kәn'tæmineit,"vt. 弄污, 弄脏, 污染, 毒害\n[化] 污染",cet6 ky toefl ielts gre
contamination,kәn.tæmi'neiʃәn,"n. 污染, 污物\n[化] 污染; 沾污",cet6 toefl
contemn,kәn'tem,"vt. 侮辱, 蔑视",toefl
contemplate,'kɒntempleit,"vt. 注视, 沉思, 盘算\nvi. 冥思苦想",cet6 ky toefl ielts gre
contemporary,kәn'tempәrәri,"n. 同时代的人\na. 同时代的, 属于同一时期的",gk cet4 cet6 ky toefl ielts
contempt,kәn'tempt,"n. 轻视, 轻蔑\n[法] 藐视, 侮辱, 轻视",cet4 cet6 ky toefl ielts gre
contemptible,kәn'temptibl,"a. 卑鄙的, 可轻蔑的, 不足挂齿的",toefl gre
contemptuous,kәn'temptʃuәs,"a. 轻蔑的, 鄙视的, 瞧不起人的",cet6 toefl gre
contend,kәn'tend,"vi. 奋斗, 斗争, 竞争\nvt. 为...斗争",cet6 ky toefl ielts gre
contender,kәn'tendә(r),"n. 参赛者, 争论者, 斗争者, 竞争者",toefl
content,kәn'tent,"n. 内容, 满足, 意义, 要旨\na. 满足的, 满意的\nvt. 使...满足, 使...安心\n[计] 内容",gk cet4 cet6 ky toefl ielts gre
contented,kәn'tentid,"a. 满足的, 心安的",toefl gre
contention,kәn'teinʃәn,"n. 争论, 争辩, 所持的论点\n[计] 争用",ky toefl ielts gre
contentious,kәn'tenʃәs,"a. 好争吵的, 爱争论的, 有异议的\n[法] 诉讼的, 争执的, 引起争论的",gre
contents,'kɒntents,n. 目录\n[计] 目录,ielts
contest,'kɒntest,"n. 竞赛, 争论\nvt. 竞争, 争取, 争辩\nvi. 竞争",cet4 cet6 ky ielts gre
context,'kɒntekst,"n. 上下文, 背景, 来龙去脉\nn. 上下文\n[计] 上下文",cet6 ky toefl ielts gre
contiguous,kәn'tigjuәs,"a. 邻近的, 接近的\n[医] 接触的",toefl gre
continence,'kɒntinәns,n. 自制\n[医] 节制; 节欲,toefl
continent,'kɒntinәnt,"n. 大陆, 洲\na. 自制的",gk cet4 cet6 ky toefl gre
continental,.kɒnti'nentl,"a. 大陆的, 洲的\nn. 欧洲大陆人",cet6 toefl
contingency,kәn'tindʒәnsi,"n. 偶然性, 可能性, 意外事故\n[经] 意外事故, 意外开支, 偶然事故",ielts
contingent,kәn'tindʒәnt,"a. 或许发生的, 附随的, 偶然发生的\nn. 偶然事件, 分遣队",toefl gre
continual,kәn'tinjuәl,"a. 持续不断的, 继续的\n[建] 连续的",cet4 cet6 ky toefl
continually,kәn'tinjuәli,"adv. 不断地, 频繁地",toefl
continuation,kәn.tinju'eiʃәn,"n. 继续, 续集, 补编\n[医] 连续",toefl gre
continue,kәn'tinju:,"vi. 继续, 延续, 延长\nvt. 使继续, 使延长",zk gk cet4 cet6 ky
continuity,.kɒnti'nju:iti,n. 连续性\n[化] 连续性,toefl ielts
continuous,kәn'tinjuәs,"a. 连续的, 继续的, 连续不断的\n[计] 连续的",cet4 cet6 ky toefl
continuum,kәn'tinjuәm,"n. 连续统一体, 连续统, 闭联集\n[化] 连续区; 连续谱; 连续介质",toefl
contort,kәn'tɒ:t,"vt. 扭弯, 曲解\nvi. 扭弯",gre
contour,'kɒntuә,n. 轮廓\nvt. 画轮廓\na. 显示轮廓的\n[计] 轮廓,toefl
contraband,'kɒntrәbænd,"n. 违禁品, 走私\na. 禁运的, 非法买卖的",gre
contract,'kɒntrækt,"n. 合约, 婚约, 契约\nvt. 使皱缩, 使缩短, 感染, 订约, 缔结\nvi. 皱缩, 订约, 收缩",cet4 cet6 ky toefl ielts gre
contraction,kәn'trækʃәn,"n. 收缩, 缩写式, 害病\n[医] 收缩; 挛缩; 牙弓内缩",toefl
contractor,'kɒntræktә,"n. 立契约的人, 承包商\n[化] 承包者; 承包工厂",toefl
contracts,kənˈtrækts,n. 契约( contract的名词复数 ); 婚约; [法律]契约法; 行贿,ielts
contradict,.kɒntrә'dikt,"vt. 反驳, 与...抵触, 与...矛盾\nvi. 反驳",gk cet6 ky toefl ielts gre
contradiction,.kɒntrә'dikʃәn,"n. 反驳, 矛盾\n[法] 矛盾, 否认, 反驳",cet4 cet6 ky ielts
contradictory,.kɒntrә'diktәri,"a. 反驳的, 反对的, 抗辩的\nn. 矛盾因素, 对立物",gk cet6 toefl gre
contrary,'kɒntrәri,"a. 相反的, 矛盾的, 对立的\nn. 相反, 对立面\nadv. 相反地",gk cet4 cet6 ky toefl
contrast,kәn'træst,"n. 差别, 对比, 对照物\nvt. 使对比\nvi. 成对照\n[计] 反差; 对比度",cet4 cet6 ky toefl ielts gre
contravene,",kɔntrә'vi:n","vt. 违反, 触犯, 否认, 反驳, 抵触, 与...冲突\n[法] 触法, 违反, 否定",toefl gre
contribute,kәn'tribju:t,"vt. 有助于, 捐助, 投稿\nvi. 出力, 捐献, 投稿",gk cet4 cet6 ky toefl ielts
contribution,.kɒntri'bju:ʃәn,"n. 捐助, 捐助之物, 贡献\n[经] 贡献, 捐款, 补助品",gk cet4 ky ielts
contrite,'kɒntrait,"a. 悔悟了的, 后悔的, 痛悔的",toefl gre
contrition,kәn'triʃәn,"n. 完全悔悟, 悔改, 悔罪",gre
contrive,kәn'traiv,"v. 发明, 设计, 图谋",cet6 ky toefl ielts gre
contrived,kәn'traivd,"a. 人造的, 勉强的, 不自然的",cet6 gre
control,kәn'trәul,"n. 控制, 管理, 克制, 控制器, 操纵装置\nvt. 控制, 操纵, 抑制\n[计] 控制; 控制器",zk gk cet4 ky ielts gre
controversial,.kɒntrә'vә:ʃәl,"a. 争论的, 论争的, 被议论的",gk cet6 ky toefl ielts gre
controversy,'kɒntrәvә:si,"n. 论争, 辩论, 论战, 争论\n[法] 论战, 争论, 争吵",cet6 ky toefl ielts
controvert,'kɒntrәvә:t,"vt. 议论, 辩驳, 驳击\nvi. 参加辩论",toefl gre
contumacious,.kɒntju:'meiʃәs,"a. 不听命令的, 反抗权威的, 反抗法院命令的\n[法] 反抗法院命令的, 不听命令的",gre
contumacy,'kɒntjumәsi,"n. 拒不服从, 反抗权威\n[法] 不听法院命令, 藐视法庭",gre
contumely,'kɒntju:mili,"n. 无礼, 傲慢, 侮辱",gre
conundrum,kә'nʌndrәm,"n. 谜语, 难题",gre
convalesce,.kɒnvә'les,"vi. 渐渐康复, 渐愈",gre
convalescent,",kɔnvә'lesnt","a. 恢复健康的, 恢复期的, 渐愈的, 康复的\nn. 恢复中的病人, 康复的人",gre
convection,kәn'vekʃәn,"n. 传送, 对流, 传导\n[化] 对流",toefl
convene,kәn'vi:n,"vt. 集合, 召集, 召唤\nvi. 聚集, 集合",cet6 toefl ielts gre
convenience,kә'vi:njәns,"n. 方便, 便利的事物, 方便的时候",gk cet4 cet6 ky toefl ielts gre
convenient,kәn'vi:njәnt,"a. 方便的, 合宜的\n[法] 适当的, 合理而可行的, 方便的",gk cet4 cet6 ky toefl ielts
convention,kәn'venʃәn,"n. 大会, 协定, 惯例, 约定\n[计] 约定",cet4 cet6 ky toefl ielts
conventional,kәn'venʃәnl,"a. 传统的, 习惯的, 约定的\n[经] 惯例的, 常规的, 传统的",gk cet4 cet6 ky toefl gre
conventionally,kәn'venʃәnәli,"adv. 照惯例, 照常套, 照老例",toefl
converge,kәn'vә:dʒ,"vi. 聚合, 集中于一点\nvt. 使集合",cet6 toefl ielts gre
convergent,kәn'vә:dʒәnt,"a. 趋集于一点的, 会聚性的, 收敛的\n[医] 会聚的, 集合的",gre
conversant,kәn'vә:sәnt,"a. 熟悉的, 亲近的, 有交情的",toefl gre
conversation,.kɒnvә'seiʃәn,"n. 会话, 说话, 交谈\n[法] 交谈, 社交, 性交",zk gk toefl ielts
conversational,.kɒnvә'seiʃәnl,"a. 会话的, 对话的, 健谈的\n[计] 会话式的; 对话式的",toefl
converse,kәn'vә:s,"n. 相反的事物, 倒, 逆向\na. 相反的, 逆向的, 颠倒的\nvi. 交谈, 谈话",cet6 toefl gre
conversely,'kɔnv\\\\:sli,"adv. 相反, 逆, 颠倒, 反题, 反",cet4 cet6 ky ielts
conversion,kәn'vә:ʃәn,"n. 转变, 转换, 改变宗教信仰, 换位法\n[计] 转换",cet4 cet6 ky toefl ielts
convert,kәn'vә:t,"n. 皈依者, 改变宗教信仰者\nvt. 使改变信仰, 转换, 兑换, 倒置\nvi. 皈依\n[计] 转换",cet4 cet6 ky toefl ielts gre
converter,kәn'v\\\\:tә(r),"n. 使改变信仰的人, 炼钢炉, 吹风转炉, 换流器, 变压器, 变换器, 变频器, 密码机\n[计] 转换器",toefl
convertible,kәn'vә:tәbl,"a. 可改变的, 可交换的\nn. 有活动篷的汽车",gre
convex,'kɒnveks,"a. 中凸的, 凸圆的, 凸面的\nn. 凸状, 凸面体, 凸面结构",toefl gre
convey,kәn'vei,"vt. 传达, 运输, 转让\n[经] 转让(财产等), 搬运",gk cet4 cet6 ky toefl ielts gre
conveyance,kәn'veiәns,"n. 运输, 运输工具, 财产转让\n[经] 运输工具, 转让证书, 财产的转让",toefl
convict,kәn'vikt,"n. 囚犯, 罪犯\nvt. 宣告有罪, 使知罪",cet6 ky toefl ielts gre
conviction,kәn'vikʃәn,"n. 定罪, 信服, 坚信\n[法] 定罪, 证明有罪, 判罪",cet6 ky toefl ielts gre
convince,kәn'vins,"vt. 说服, 使相信\n[法] 使确信, 使信服, 使人认识错误",gk cet4 cet6 ky toefl ielts gre
convinced,kәn'vinst,"a. 确信的, 深信的",toefl
convincing,kәn'vinsiŋ,"a. 使人信服的, 有力的, 令人心悦诚服的",cet6 toefl
convivial,kәn'viviәl,"a. 酒宴的, 欢宴的, 欢乐的",toefl gre
conviviality,kәn.vivi'ælәti,"n. 欢宴, 欢乐, 高兴",gre
convoke,kәn'vәuk,vt. 召集...开会,toefl gre
convoluted,'kɔnvәlju:tid,"a. 盘绕的, 回旋的, 旋绕的, 卷绕的, 复杂的\n[医] 卷曲的, 回旋的",gre
convoy,'kɒnvɒi. kәn'vɒi,"n. 护送, 护卫\nvt. 护航, 护送",toefl gre
convulse,kәn'vʌls,"vt. 使震动, 使震撼, 使抽搐",gre
convulsion,kәn'vʌlʃәn,"n. 震动, 震撼, 动乱, 惊厥, 痉挛\n[医] 惊厥, 抽搐",gre
cook,kuk,"n. 厨子, 厨师\nvt. 烹调, 煮饭, 加热\nvi. 在煮着",zk gk
cooker,'kukә,"n. 炊事用具, 炉灶, 锅, 炊具, 烹饪用水果, 窜改者, 伪造者\n[化] 蒸锅",zk gk
cookie,'kuki,"n. 饼干, 小甜点\n[建] 糕点",gk
cooking,'kukiŋ,n. 烹饪\n[化] 熬炼; 热炼; 蒸煮,ielts
cool,ku:l,"n. 凉爽, 凉爽的空气\na. 凉爽的, 冷淡的, 冷静的\nvi. 冷却, 平息\nvt. 使冷却, 使平静",zk gk
coop,ku:p,"n. 狭小空间, 鸡笼, 捕鱼篓\nvt. 关进鸡舍, 监禁",toefl gre
cooperate,kәu'ɒpәreit,"vi. 合作, 协力, 配合\n[化] 合作",cet4 cet6 ky toefl ielts gre
cooperation,kәu.ɒpә'reiʃәn,"n. 合作, 协力, 配合\n[化] 合作",toefl ielts
cooperative,kәu'ɔpәrәtiv,a. 合作的；合作社的,cet6 ky toefl gre
coordinate,kәu'ɒ:dineit,"n. 同等的人(或物), 坐标\na. 同等的, 并列的\nv. (使)协调",cet4 cet6 ky toefl ielts gre
coordinated,,vt. 调节；调整；整理；使调和（coordinate的过去分词）,toefl
coordination,kәu.ɒ:di'neiʃәn,"n. 同等, 协调\n[计] 协调; 进程协调",toefl
cop,kɒp,n. 警官\nvt. 抓住,ky ielts
cope,kәup,"vi. 竞争, 应付\nn. 长袍",cet4 cet6 ky toefl
copious,'kәupiәs,"a. 很多的, 丰富的, 内容丰富的",gre
copper,'kɒpә,"n. 铜, 警察\n[化] 铜Cu",cet4 cet6 ky toefl
copy,'kɒpi,"n. 副本, 摹仿, 一册\nv. 复印, 抄袭, 复制\n[计] 副本; 复制; DOS内部命令:复制文件\n将几个文件合并成一个文件, 以及将文件传至外设或在设备之间传送",zk gk toefl ielts
copyright,'kɒpirait,"n. 版权, 著作权\n[法] 著作权",ky
coral,'kɒrәl,"n. 珊瑚, 珊瑚色\n[化] 珊瑚",gk toefl
cord,kɒ:d,"n. 绳索, 束缚\n[医] 索, 带",cet4 cet6 ky toefl gre
cordial,'kɒ:djәl,"n. 兴奋剂, 补品\na. 热忱的, 诚恳的, 有兴奋作用的",cet4 cet6 ky toefl ielts gre
cordless,'kɒ:dlis,"a. 无绳索的, 交直流两用的",gk
CORE,kɒ:,"n. 核心, 果心, 要点\nvt. 挖...的核\n[计] 内核, 核心网",cet4 cet6 ky toefl gre
cork,kɒ:k,"n. 软木塞, 软木树, 软木\n[化] 木栓",ielts
corn,kɒ:n,"n. 玉蜀黍, 谷类, 谷粒, 鸡眼\nvt. 使成颗粒, 腌",gk cet4 cet6 ky toefl
corner,'kɒ:nә,"n. 角落, 转角, 窘境\nvt. 迫至一隅, 垄断, 使陷入绝境\nvi. 相交成角, 垄断\n[计] 边角",zk gk
cornet,'kɒ:nit,"n. 圆锥形纸袋, 短号\n[医] 小助听筒",toefl gre
cornice,'kɒ:nis,n. 檐口\nvt. 给...装檐口,gre
cornucopia,.kɒ:nju'kәupiә,n. 丰盛\n[医] 外侧隐窝(第四脑室),gre
corny,'kɒ:ni,"a. 谷类的, 乡巴佬似的, 粗野的\n[建] 角制的, 角(质)的",gre
coronation,.kɔ:rә'neiʃәn,n. 加冕礼,gre
corporal,'kɒ:pәrәl,"n. 下士\na. 肉体的, 身体的, 个人的",gre
corporate,'kɒ:pәrit,"a. 社团的, 合伙的, 公司的\n[经] 团体的, 法人的, 社团的",cet6 ielts gre
corporation,.kɒ:pә'reiʃәn,"n. 公司, 合作, 法人团体\n[法] 法人团体, 社团, 法人",gk cet4 cet6 ky ielts
corporeal,kɒ:'pɒ:riәl,"a. 肉体的, 有形的, 物质的\n[法] 有体的, 具体的, 物质的",gre
corps,kɒ:,"n. 军, 队, 部队, 兵种\n[医] 对, 团; 体, 物体",cet6 toefl ielts
corpse,kɒ:ps,n. 尸体\n[医] 尸体,toefl ielts
corpulent,'kɒ:pjulәnt,"a. 肥大的, 肥胖的\n[医] 肥胖的",toefl gre
corpus,'kɒ:pәs,"n. (事物的)主体, 文集, 本金, 语料库\n[医] 体",gre
corpuscle,'kɒ:pʌsәl,"n. 细胞, 血球, 微粒\n[计] 微粒, 粒子",gre
corral,kɒ:'rɑ:l,n. 畜栏\nvt. 把...关进畜栏,gre
correct,kә'rekt,"a. 正确的, 合适的\nvt. 改正, 订正",zk gk cet4 ky toefl
correction,kә'rekʃәn,"n. 订正, 改正, 改正的地方\n[化] 校正",gk cet4 cet6
correctly,kә'rektli,"adv. 对, 正确, 恰当, 符合一般性准则, 符合行为准则, 端正, 符合",cet6
correlate,'kɒrәleit,"n. 有相互关系的东西, 相关物\nvt. 使有相互关系\nvi. 相关",cet6 ky toefl ielts
correlated,'kɒrәleitid,a. 有相互关系的,toefl
correlation,.kɒrә'leiʃәn,"n. 相互关系, 相关, 关联\n[医] 相关, 联系",cet6
correspond,.kɒri'spɒnd,"vi. 符合, 通信, 相当\n[法] 符合, 一致, 相当",gk cet4 cet6 ky toefl ielts
correspondence,.kɒri'spɒndәns,"n. 相符, 通信, 信件\n[医] 对应, 相对",cet6 ky toefl ielts
correspondent,.kɒri'spɒndәnt,"n. 通讯记者, 通信者\n[经] 客户, 代理商行, 代理银行",cet4 cet6 ky ielts gre
corresponding,.kɒri'spɒndiŋ,"a. 相当的, 一致的, 通信的\n[计] 对应",cet4 cet6 ky toefl ielts
corridor,'kɒridɒ:,"n. 走廊, 回廊, 人口密集地带",cet4 cet6 ky toefl
corroborate,kә'rɒbәreit,"vt. 巩固, 确证\n[法] 确证, 确定, 证实",toefl gre
corrode,kә'rәud,"vt. 使腐蚀, 侵蚀, 破坏\nvi. 被侵蚀, 起腐蚀作用",cet6 ky toefl ielts gre
corrosion,kә'rәuʒәn,"n. 腐蚀, 侵蚀, 腐蚀产生的物质, 铁锈, 锈\n[计] 腐蚀",cet6 toefl
corrosive,kә'rәusiv,"a. 腐蚀的, 腐蚀性的, 有害的\nn. 腐蚀物, 腐蚀剂",toefl gre
corrugate,'kɒrugeit,"vt. 使起皱, 成波状\nvi. 起皱\na. 有皱的, 起皱的, 波状的",gre
corrugated,'kɒrugeitid,"a. 皱纹的, 波状的\n[医] 波纹的, 皱状的",gre
corrupt,kә'rʌpt,"a. 腐败的, 贪污的, 讹误充斥的\nvt. 使腐烂, 腐蚀, 使恶化\nvi. 腐烂, 堕落",gk cet6 ky ielts gre
corruption,kә'rʌpʃәn,"n. 腐败, 堕落, 贪污\n[计] 论误",toefl
coruscate,'kɒrәskeit,"vi. 闪烁, 熠熠生辉, 焕发",gre
cosmic,'kɒzmik,"a. 宇宙的, 宇宙航行的, 无限的, 有秩序的\n[医] 宇宙的",cet6 ky toefl ielts gre
cosmopolitan,",kɔzmә'pɔlitәn","a. 世界主义的, 世界性的, 全世界的, 遍生的, 不偏狭的, 卓有见识的\nn. 世界主义者, 世界性",toefl ielts gre
cosmopolitanism,",kɔzmә'pɔlitәnizәm","n. 世界主义\n[法] 世界主义, 世界大同主义",gre
cosmos,'kɔzmɔs,"n. 宇宙, 秩序, 和谐, 大波斯菊\n[医] 大波斯菊",cet6 gre
cosset,'kɒsit,"n. 供玩赏的小动物, 爱畜\nvt. 宠爱, 珍爱, 溺爱",gre
cost,kɒst,"n. 代价, 价值, 费用\nvi. 花费\nvt. 使失去, 值, 使花费",zk gk ielts
costly,'kɒstli,"a. 昂贵的, 奢华的, 费用大的",cet4 cet6 ky ielts
costs,,n. 费用；诉讼费；损失（cost的复数）,ielts
costume,'kɒstju:m,"n. 装束, 服装",cet6 ky toefl ielts gre
cosy,,a. 温暖舒适的\nn. 保暖套,gk ky ielts
cot,kɒt,"n. 行军床, 小屋, (家畜等的)棚, (家畜等的)栏\n[医] 指套; 小床",ielts
coterie,'kәutәri,"n. 同人, 圈内人, 小集团",gre
coterminous,kәu'tә:minәs,"a. 相连的, 连接的",gre
cottage,'kɒtidʒ,"n. 小屋, 茅舍",gk cet4 cet6 ky ielts
cotton,'kɒtn,"n. 棉花\nvi. 和谐, 有好感, 理解",zk gk cet4 ky toefl ielts
cottonwood,'kɔtәnwjd,n. 三角叶杨,toefl
couch,kautʃ,"n. 长沙发, 睡椅, 卧榻\nvt. 横躺, 表达\nvi. 躺下, 蹲伏",cet6 ky ielts
cougar,'ku:gә,n. 美洲狮,gre
cough,kɒf,n. 咳嗽\nvi. 咳嗽\nvt. 咳出,zk gk cet4 ky ielts
could,kud,"aux. 可以, 能",zk
council,'kaunsәl,"n. 会议, 委员会\n[经] 委员会",cet4 cet6 ky ielts
counsel,'kaunsәl,"n. 商议, 忠告, 法律顾问\nv. 商议, 劝告",cet6 ky toefl ielts
counseling,'kaunsәliŋ,n. 咨询服务,cet6 toefl
counselor,'kaunsәlә,"n. 顾问, 参事, 法律顾问",toefl
count,kaunt,"vt. 计算, 视为\nvi. 计数\nn. 计算, 合计, 计数, 伯爵\n[计] 计数",zk gk cet4 cet6 ky
countenance,'kauntәnәns,"n. 面容, 面部表情, 支持, 镇定",gre
counter,'kauntә,"n. 计算器, 计算者, 柜台, 筹码\na. 反方向的, 相反的\nadv. 反方向地, 相反地\n[计] 计数器; 计数字",gk cet4 cet6 ky ielts
counteract,.kauntә'rækt,"vt. 抵消, 阻碍, 中和\n[法] 抵抗, 阻碍, 抵销",cet6 toefl gre
counterbalance,'kauntә.bælәns,"vt. 使平均, 使平衡, 使弥补\nn. 平衡量, 平衡力, 势均力敌",toefl ielts gre
counterclockwise,.kauntә'klɒkwaiz,a. 反时针方向的\nadv. 反时针方向,toefl
counterfeit,'kauntәfit,"n. 赝品, 伪造品\na. 假冒的, 假装的\nv. 仿造, 伪装, 假装",toefl ielts gre
countermand,.kauntә'mɑ:nd,"vt. 取消, 撤回, 下命令召回\nn. 收回命令, 取消命令",gre
counterpart,'kauntәpɑ:t,"n. 副本, 复本, 配对物, 相应物\n[经] 副本, 正副二份中之一",cet6 ky toefl ielts gre
counterpoise,'kauntәpɒiz,"vt. 均衡, 平衡, 使平衡\nn. 衡重体, 秤锤, 平衡",gre
counterproductive,.kauntәprә'dʌktiv,a. 反生产的；使达不到预期目标的,gre
countless,'kauntlis,"a. 数不尽的, 无数的",toefl
countries,,国家（country的复数）,ielts
country,'kʌntri,"n. 国家, 乡村, 地区, 故乡\na. 乡下的, 农村的\n[计] DOS外部命令:用于设定国家代码, 包括日期时间及货币格式",zk gk ielts
countryside,'kʌntrisaid,"n. 乡下地方, 乡下居民",zk gk ielts
county,'kaunti,"n. 县, 郡",cet4 cet6 ky
coup,'ku:,"n. 砰然的一击, 妙计, 出乎意料的行动, 政变\n[医] 发作, 中, 击",gre
couple,'kʌpl,"n. 对, 夫妇, 数个\nvt. 使成双, 连接, 使成婚, 把...联系起来\nvi. 结合, 成婚",zk gk cet4 ky toefl
coupon,'ku:pɒn,"n. 息票, 赠券\n[经] 息票, 利息单, 联票",ky ielts
courage,'kʌridʒ,"n. 勇气, 胆量",zk gk cet4 cet6 ky
courageous,kә'reidʒәs,"a. 勇敢的, 大胆的, 有胆量的",cet6
courier,'kuriә,"n. 送快信的人, 伴游服务员\n[法] 信使, 送急件者",toefl ielts
course,kɒ:s,"n. 课程, 路线, 过程, 一道菜, 道路\nv. 追, (使)跑",zk gk cet4 cet6 ky ielts
court,kɒ:t,"n. 法院, 庭院, 奉承\nvt. 献殷勤, 追求, 招致\nvi. 求爱",gk cet4 cet6 ky toefl gre
courteous,'kә:tjәs,"a. 彬彬有礼, 谦恭的",cet6 toefl
courteously,,adv. 亲切地；有礼貌地,toefl
courtesy,'kә:tisi,"n. 礼貌, 谦恭, 好意\n[法] 优待, 礼貌, 恩惠",cet6 ky ielts
courthouse,'kɒ:thaus,"n. 法院, 郡政府所在地",toefl
courtly,'kɒ:tli,"a. 谦恭的, 礼让的, 有教养的",toefl
courtship,'kɒ:tʃip,"n. 求爱, 求婚, 求爱时期",toefl
courtyard,'kɒ:tjɑ:d,"n. 庭院, 天井",gk ky
cousin,'kʌzәn,"n. 堂兄弟姊妹, 表兄弟姊妹\n[法] 同辈表亲或堂亲",zk gk cet4 cet6 ky
cove,kәuv,"n. 山凹, 小湾\nv. (使)内凹, (使)成拱形",toefl
coven,"'kʌvәn, 'kәu-",n. 女巫大聚会,gre
covenant,'kʌvәnәnt,"n. 契约, 盟约\nv. 立契约, 缔结盟约",gre
cover,'kʌvә,"n. 盖子, 封面, 藉口\nvt. 覆盖, 掩饰, 保护, 掩护, 包括\nvi. 覆盖",zk gk toefl ielts
coverage,'kʌvәridʒ,"n. 覆盖的范围, 保险总额, 新闻报导\n[化] 可达范围; 覆盖度",ky toefl ielts
covert,'kʌvәt. 'kәuvәt,"a. 隐蔽的, 偷偷摸摸的, 隐密的\nn. 树丛, 隐藏处",gre
covet,'kʌvit,"v. 妄想, 垂涎",gre
covetous,'kʌvitәs,"a. 贪婪的, 妄想的",toefl
cow,kau,"n. 母牛, 母兽\nvt. 威胁",zk gk cet4 cet6 ky gre
coward,'kauәd,"n. 懦弱的人, 胆小的人",cet4 cet6 ky ielts gre
cowboy,'kaubɒi,"n. 牛仔, 牛郎, 牧童",gk toefl
cower,'kauә,"vi. 畏缩, 退缩, 抖缩",toefl gre
cowhand,'kau.hænd,n. （美）牧牛工,toefl
coy,kɒi,"a. 腼腆的, 怕羞的, 羞怯的",gre
cozen,'kʌzn,"v. 欺骗, 瞒",gre
cozy,'kәuzi,"a. 舒适的, 安逸的, 惬意的\nn. (茶壶等的)保暖罩, 舒适的座位\nvt. 以假话使安心",cet6 toefl
crab,kræb,"n. 螃蟹, 偏航, 脾气乖戾的人, 沙果\nvi. 捕蟹, 偏航, 发牢骚\nvt. 使偏航, 抱怨, 破坏",cet6 ky toefl gre
crabbed,'kræbid,"a. 潦草的, 难懂的, 易怒的, 倔强的",gre
crack,kræk,"n. 裂缝, 爆裂声\nv. (使)爆裂, (使)裂开, (使)发出爆裂声\na. 第一流的\nadv. 啪地一声",cet4 cet6 ky toefl ielts gre
cradle,'kreidl,"n. 摇篮, 发祥地, 孩提时代\nvt. 放在摇篮内, 抚育\nvi. 刈割",cet6 ky ielts
craft,kræft,"n. 技艺, 手艺, 诡计\nvt. 精心制作",cet4 cet6 ky toefl ielts gre
craftspeople,'krɑ:ftspi:pl,n. 工匠；手艺人；工艺师,toefl
crafty,'kræfti,"a. 狡诈的, 诡计多端的, 巧妙的",toefl gre
crag,kræg,"n. 峭壁, 危岩\n[建] 岩石碎块",gre
cram,kræm,"vt. 塞满, 填满, 猛吃\nvi. 贪吃\nn. 极度拥挤, 死记硬背",toefl gre
cramming,'kræmiŋ,"n. 塞满, 挤满, 填鸭式教学法",ielts
cramp,kræmp,"n. 痉挛, 腹部绞痛, 铁夹钳\na. 狭窄的, 难认的\nvt. 使抽筋, 以铁箍扣紧, 束缚",gre
cramped,'kræmpt,"a. 狭窄的, 难懂的, 难辨的",toefl
crane,krein,"n. 鹤, 起重机\nvt. 伸颈, 起重机起吊\nvi. 伸颈看, 迟疑",cet4 cet6 ky
cranial,'kreiniәl,"a. 头盖的, 颅侧的\n[医] 颅的, 颅侧的",toefl
crank,kræŋk,"a. 不稳的, 脾气暴燥的, 易怒的\nn. 曲柄, 奇想\nvt. 装曲柄\nvi. 转动曲柄",cet6
cranky,'kræŋki,"a. 古怪的, 暴躁的, 脾气坏的",gre
crash,kræʃ,"n. 哗啦声, 猛撞, 崩溃, 粗布\nv. 撞碎, 破碎, (使)...坠毁\na. 速成的\n[计] 崩溃",gk cet4 cet6 ky toefl ielts
crass,kræs,"a. 粗俗的, 愚钝的, 粗糙的, 非常的",toefl gre
crate,kreit,"n. 板条箱, 装货箱\n[建] 篓, 筐",gre
crater,'kreitә,"n. 火山口, 环行山, 弹坑\n[化] 焊口; 火山石; 弧坑; 焰口",toefl ielts gre
cravat,krә'væt,"n. 领带, 围巾, 三角绷带\n[医] 三角布绷带",gre
crave,kreiv,"v. 渴望, 热望, 恳求",toefl
craven,'kreivәn,"n. 懦夫, 怯懦者, 胆小鬼\na. 怯懦的, 畏缩的, 胆小的",gre
craving,'kreiviŋ,"n. 渴望, 热望\n[医] 瘾, 癖, 嗜欲",gre
crawl,krɒ:l,"n. 爬行, 匍匐而行, 养鱼池\nv. 爬行",cet4 cet6 ky toefl ielts
crayon,'kreiәn,"n. 蜡笔, 蜡笔画\nvt. 以蜡笔作画",zk gk toefl gre
craze,kreiz,"n. 狂热, 大流行\nv. (使)发狂, (使)开裂",toefl
crazy,'kreizi,"a. 发狂的, 狂热的",zk gk cet4 cet6 ky toefl
cream,kri:m,"n. 乳酪, 奶油, 面霜\n[医] 乳油, 乳皮; 乳膏, 霜",gk cet4 cet6 ky ielts
crease,kri:s,"n. 皱痕, 折痕\nv. (使)起皱痕",ielts gre
create,kri:'eit,"vt. 创造, 建造, 引起, 任命",zk gk cet4 cet6 ky ielts
creation,kri:'eiʃәn,"n. 创造, 创作物, 发明\n[化] 产生",ielts
creative,kri:'eitiv,"a. 有创造力的, 创作的, 产生的",cet4 cet6 ky
creature,'kri:tʃә,"n. 人, 动物, 创造物, 生物",gk cet4 cet6 ky
credence,'kri:dәns,"n. 信任, 祭器台, 供桌, 凭证\n[法] 设计人, 创立人, 创设人",toefl gre
credential,kri'denʃәl,"n. 国书, 凭据, 证明书\n[经] 凭证, 证书",cet6 ky toefl
credentials,,"n. 信任状, 国书, 文件, 身份证明, 证书\n[法] 信用证, 国书, 证书",ky toefl ielts
credible,'kredәbl,"a. 可信的, 可靠的\n[法] 可信的, 可靠的",ielts gre
credit,'kredit,"n. 信用, 信任, 荣誉, 贷款, 学分\nvt. 归功于, 赞颂, 信任, 相信\n[计] 信用量",gk toefl ielts gre
creditor,'kreditә,"n. 债权人\n[法] 债权人, 债主, 贷方",toefl
credo,'kri:dәu,n. 信条,gre
credulous,'kredʒulәs,"a. 轻信的, 易受骗的",toefl gre
creed,kri:d,"n. 宗教信条, 教义, 纲领",toefl
creek,kri:k,"n. 小溪, 小河, 小湾",toefl gre
creep,kri:p,"n. 爬, 徐行, 蠕动\nvi. 爬, 蔓延, 潜行",cet4 cet6 ky toefl ielts gre
crepuscular,kri'pʌskjulә,"a. 微光的, 黄昏的, 拂晓的\n[医] 黄昏的, 朦胧的",gre
crescendo,kri:'ʃendәu,n. 声音渐强,gre
crest,krest,"n. 冠, 饰毛, 头盔的顶部\nvi. 到达绝顶\nvt. 加以顶饰",gre
crestfallen,'krest.fɒ:lәn,"a. 垂头丧气的, 意气沮丧的, 气馁的",gre
crevasse,kri'væs,"n. 裂缝, (堤、坝等的)决口, 崩溃处\nvt. 使有裂缝",toefl
crevice,'krevis,n. 裂缝\n[医] 缝,toefl ielts gre
crew,kru:,"n. 全体人员, 一群人, 全体队员\ncrow的过去式",gk cet4 cet6 ky toefl
cricket,'krikit,"n. 蟋蟀, 板球",cet4 cet6 ky ielts
crime,kraim,"n. 犯罪, 罪行, 罪恶\n[法] 犯罪, 罪, 罪恶",gk cet4 cet6 ky ielts
criminal,'kriminәl,"n. 罪犯, 犯人, 刑事\na. 犯了罪的, 刑事的, 有罪的",gk cet4 cet6 ky ielts
crimson,'krimzәn,"n. 深红色\na. 深红色的\nv. (使)变为深红色, 脸红",toefl
cringe,krindʒ,"n. 畏缩, 奉承\nvi. 畏缩, 抖缩, 阿谀",gre
cringing,,n. 奉承（的）,gre
crinkle,'kriŋkl,"n. 皱, 波纹\nvt. 使皱, 使缩, 起皱\nvi. 皱, 拳曲",gre
cripple,'kripl,"n. 跛者, 残废\nvt. 使跛, 使成残废, 削弱\na. 跛的, 残废的",cet4 cet6 ky toefl ielts gre
crippling,'kripliŋ,"(往复)曲折, 断裂, 临界的, 极限的",cet6 toefl
crisis,'kraisis,"n. 危机, 危险期, 紧要关头\n[医] 危象; 骤退, 临界, 极期",cet4 cet6 ky ielts
crisp,krisp,"a. 脆的, 新鲜的, 活泼的\nv. (使)烘脆, (使)拳曲, (使)起皱\nn. 松脆物",cet6 ky toefl ielts
crisscross,'kriskrɒs,n. 十字形\na. 十字形的\nadv. 十字形地\nvt. 画十字形于\nvi. 交叉往来,toefl
criteria,krai'tiәriә,pl. 标准\n[计] 条件,cet6 gre
criterion,krai'tiәriәn,"n. 标准, 准则, 规范\n[化] 判据",gk cet6 ky ielts gre
critic,'kritik,"n. 批评家, 鉴定家",cet4 cet6 ky toefl gre
critical,'kritikәl,"a. 批评的, 决定性的, 危险的, 临界的\n[医] 危象的; 临界的, 极期的",cet4 cet6 ky toefl ielts gre
criticism,'kritisizm,"n. 批评, 评论, 非难\n[法] 批判, 批评, 评论",cet4 cet6 ky
criticize,'kritisaiz,"v. 批评, 吹毛求疵, 非难",cet4 cet6 ky
critique,kri'ti:k,"n. 评论文章, 评论",toefl gre
croak,krәuk,"n. 呱呱叫声, 哇哇声\nvi. 呱呱地叫, 发牢骚\nvt. 用嘶哑的声音说",gre
crochet,'krәuʃei,"n. 钩针编织品, 钩边\nv. 用钩针编织",gre
crockery,'krɒkәri,"n. 陶器, 瓦器\n[化] 土器",gre
crocodile,'krɒkәdail,n. 鳄鱼,ielts
cronyism,'krәjniizəm,n. 任人唯亲,gre
crook,kruk,"n. 钩, 弯曲部分, 坏蛋\nvt. 使弯曲, 诈骗\nvi. 弯曲",gre
crooked,'krukid,"a. 弯曲的, 歪的, 邪恶的",cet6 toefl ielts
croon,kru:n,"v. 低声歌唱, 低唱, 低吟\nn. 低唱, 低吟, 轻哼",gre
crop,krɒp,"n. 农作物, 产量, 平头\nvt. 收割, 修剪, 种植\nvi. 收获\n[计] 裁剪",gk cet4 cet6 ky
crops,,[医] 分批出现(疹),ielts
cross,krɒs,"n. 十字架, 十字架形物件, 交叉, 十字标, 交叉路, 磨难, 杂交\na. 生气的, 交叉的, 相反的\nv. 交叉, 横过, 越过\n[计] 交叉, 十字标",zk gk cet4 cet6 ky toefl gre
crossbones,'krɒsbәunz,n. 交叉的股骨图形,toefl
crossbreeding,'krɒsbri:dɪŋ,n. 杂交育种\nv. 杂交(crossbred的过去分词),toefl
crosscut,'krɔskʌt,"vt.vi. 横切, 横穿\na. 横切的, 横穿的\nn. 剖面, 对角的小路, 捷径, 横穿的小路",toefl
crossing,'krɒsiŋ,"n. 横越, 横渡, 交叉点, 渡口\n[经] 划线",gk toefl
crossroads,,"n. 十字路口, 交叉路口, 聚会的中心地点, (喻)需作抉择的重要关头, 紧要关头",gk
crotchety,'krɒtʃiti,"a. 有怪想的, 反复无常的, 想入非非的",gre
crouch,'krautʃ,"n. 蹲伏, 蜷缩\nvi. 蹲下, 蜷着, 缩着\nvt. 低头",toefl ielts gre
crow,krәu,"n. 啼叫, 乌鸦, 鸡鸣, 撬棍\nvi. 啼叫, 报晓",cet4 cet6 ky toefl
crowd,kraud,"n. 群众, 一伙人\nvt. 拥挤, 挤满, 挤进",gk cet4 cet6 ky toefl
crowded,'kraudid,"a. 拥挤的, 塞满的",gk
crown,kraun,"n. 王冠, 王权, 顶点\nvt. 使成王, 加冕, 居...之顶",cet4 cet6 ky ielts gre
crucial,'kru:ʃәl,"a. 决定性的, 重要的, 严厉的\n[医] 十字形的; 决断的, 定局的",cet4 cet6 ky toefl ielts gre
crude,kru:d,"a. 天然的, 未成熟的, 粗糙的, 粗鲁的\nn. 天然的物质",cet4 cet6 ky toefl ielts
crudity,'kru:diti,"n. 简陋, 粗糙, 不成熟状态",gre
cruel,'kru:әl,"a. 残酷的, 令人极痛苦的\n[法] 残忍的, 残酷的",zk gk cet4 cet6 ky toefl
cruelty,'kru:әlti,"n. 残酷, 野蛮, 残酷行为\n[法] 残酷, 残忍, 虐待",cet6
cruise,kru:z,"n. 巡航, 巡弋, 漫游\nv. 巡航, 巡弋, 漫游",cet6 ky ielts
crumb,krʌm,"n. 碎屑, 面包屑, 少许\nvt. 捏碎, 弄碎",ielts gre
crumble,'krʌmbl,"v. (使)粉碎, (使)成为碎屑, 瓦解, 崩溃, 败落",toefl ielts gre
crumple,'krʌmpl,"vt. 弄皱, 压皱\nvi. 崩溃, 变皱",toefl ielts gre
crusade,kru:'seid,"n. 改革运动, 十字军东侵\nvi. 从事改革运动, 加入十字军",gre
crush,krʌʃ,"n. 压碎, 粉碎, 群众, 迷恋\nvt. 压破, 征服, 塞, 弄皱, 榨出\nvi. 被压碎, 起皱, 挤",cet4 cet6 ky toefl ielts
crust,krʌst,"n. 外壳, 坚硬外皮, 面包皮\nvt. 盖以硬皮\nvi. 结硬皮",cet4 cet6 ky toefl ielts gre
crustacean,krʌ'steiʃjәn,a. 甲壳纲的\nn. 甲壳纲动物,toefl
crutch,krʌtʃ,"n. 拐杖, 支撑, 依靠\nvt. 支撑",gre
crux,krʌks,"n. 十字架形, 关键, 难题\n[医] 十字, 十字形",gre
cry,krai,"n. 叫声, 哭声, 大叫\nvi. 哭, 叫, 喊\nvt. 叫喊, 大声说, 哭出",zk gk
cryogenic,'kraiәdʒenik,"a. 低温学的\n[医] 降温的, 产低温的",gre
crypt,kript,"n. 土窖, 地穴, 地下室\n[医] 隐窝; 滤泡, 腺管",gre
cryptic,'kriptik,"a. 神秘的, 含义模糊的, 隐藏的\n[医] 隐蔽的",toefl gre
crystal,'kristl,"n. 水晶, 水晶装饰品, 结晶\na. 水晶的, 水晶一样的, 透明的",cet4 cet6 ky toefl ielts
crystalline,'kristәlain,a. 透明的；水晶般的；水晶制的,toefl
crystallization,'kristәlai'zeiʃәn,"n. 结晶, 定形, 明朗化, 具体化\n[化] 结晶",toefl
crystallize,'kristәlaiz,"vt. 使结晶, 使具体化\nvi. 结晶, 具体化",toefl
crystallized,ˈkrɪstəlaɪzd,"a. [医]结晶的, 使晶状的\nv. 使结晶( crystallize的过去式和过去分词); 计划成型, 具体化",toefl
cub,kʌb,"n. 幼兽, 年轻人",gre
Cuban,'kju:bәn,"a. 古巴的, 古巴人的\nn. 古巴人",toefl
cube,kju:b,"n. 立方体, 立方\n[机] 立方体, 立方",gk cet4 cet6 ky toefl ielts
cubic,'kju:bik,"a. 立方体的, 立方的\n[机] 立方的, 立方体的",gk cet4 cet6 toefl
cubicle,'kju:bikl,n. 小卧室\n[医] 小隔间(宿舍或病室中的),gre
cubism,'kju:bizm,n. 立体派,toefl
cuckoo,'kuku:,"n. 杜鹃鸟, 布谷鸟",cet6
cucumber,'kju:kәmbә,"n. 黄瓜\n[医] 黄瓜, 胡瓜",cet4 cet6 ky toefl ielts
cuddle,'kʌdl,"n. 搂抱, 拥抱\nvt. 抚抱, 抱着睡, 拥抱\nvi. 依偎, 依偎着躺在一起",gre
cue,kju:,"n. 提示, 线索\nvt. 给...暗示(或提示)\n[计] 尾接指令",cet4 cet6 ky toefl ielts gre
cuff,kʌf,"n. 袖口, 一巴掌\nvt. 用巴掌打\nvi. 殴斗",gre
cuisine,kwi:'zi:n,"n. 烹调风格, 烹调法, 烹饪, 厨房",gk toefl gre
culinary,'kʌlinәri,"a. 厨房的, 烹调用的",toefl gre
culminate,'kʌlmineit,"vi. 到绝顶, 达于极点, 达到高潮\nvt. 使到绝顶, 使达到高潮",cet6 toefl ielts
culmination,.kʌlmi'neiʃәn,"n. 顶点, 高潮, 最高点",toefl gre
culpable,'kʌlpәbl,"a. 该责备的, 有罪的\n[法] 应受处罚, 有罪",toefl gre
culprit,'kʌlprit,"n. 犯人, 罪犯, 刑事被告\n[法] 犯罪者, 犯人, 罪犯",gre
cult,kʌlt,"n. 膜拜, 礼拜式, 祭仪, 一群信徒\n[医] 迷信, 巫术",toefl gre
cultivate,'kʌltiveit,"vt. 培养, 耕作",cet4 cet6 ky toefl ielts gre
cultivated,'kʌltiveitid,"a. 耕耘的, 栽植的, 有教养的",gre
cultivation,.kʌlti'veiʃәn,"n. 教化, 培养, 耕作\n[医] 培养[法]",toefl ielts
cultural,'kʌltʃәrәl,"a. 文化的, 教养的, 修养的\n[医] 培养的",ielts
culture,'kʌltʃә,"n. 文化, 修养, 耕种\nvt. 耕种, 培养",zk gk cet4 cet6 ky toefl ielts
cumber,'kʌmbә,"vt. 妨害, 阻碍, 使受苦\nn. 妨害, 累赘",gre
cumbersome,'kʌmbәsәm,"a. 笨重的, 麻烦的, 累赘的",toefl ielts gre
cumulative,'kju:mjulәtiv,"a. 累积的\n[医] 蓄积的, 累积的",cet6 ielts
cumulus,'kju:mjulәs,"n. 积云, 堆积物\n[医] 丘",gre
cunning,'kʌniŋ,"a. 狡猾的, 巧妙的, 可爱的\n[法] 狡猾的的, 狡诈的, 熟练的",cet4 cet6 ky toefl ielts gre
cup,kʌp,"n. 杯子, 茶杯, 优胜杯\nvt. 使成杯状, 为...拔火罐",zk gk ielts
cupboard,'kʌpbɒ:d,"n. 食橱, 碗柜, 餐具柜",gk cet4 cet6 ky toefl ielts
cupidity,kju:'piditi,"n. 贪心, 贪婪",gre
cups,,n. 拨火罐（器具）；杯子（cup的复数形式）,ielts
curative,'kjurәtiv,"a. 治病的, 有疗效的\nn. 药物, 治疗法",cet6
curator,kjuә'reitә,"n. 管理者, 经理, 主管人, 掌管者, 馆长, 大学学监, 监护人, 保护人\n[经] 临时监护人",toefl gre
curb,kә:b,"n. 抑制, 勒马绳, 边石\nvt. 抑制, 束缚, 勒住",cet6 ky toefl ielts gre
curd,kә:d,n. 凝乳\n[化] 凝乳; 凝乳状物; 酪状物; 皂粒,gre
curdle,'kә:dl,"vt. 使凝结, 使凝固, 使变质\nvi. 凝结, 凝固, 变质",gre
cure,kjuә,"n. 治疗, 治愈, 治疗法\nvt. 治疗, 治愈, 改正, 腌制, 加工处理, 使硫化\nvi. 受治疗, 被加工处理, 被硫化",gk cet4 cet6 ky toefl ielts
curfew,'kә:fju:,"n. 晚钟, 打晚钟时刻, 宵禁\n[法] 宵禁, 宵禁令",gre
curiosity,.kjuәri'ɒsiti,"n. 好奇心, 新奇的事物, 珍品",cet4 cet6 ky toefl
curious,'kjuәriәs,"a. 好奇的, 求知的, 古怪的",gk cet4 cet6 ky toefl
curl,kә:l,"n. 拳曲, 鬈发\nvt. 弄卷\nvi. 拳曲, 弯曲",cet4 cet6 ky ielts
curly,'kә:li,"a. 拳曲的, 卷毛的, 弯曲的",cet6 ielts
curmudgeon,kә:'mʌdʒәn,"n. 脾气坏的人, 吝啬鬼",gre
currency,'kʌrәnsi,"n. 货币, 通货, 流通, 通用\n[计] 货币, 货币型",gk cet6 ky toefl ielts
current,'kʌrәnt,"n. 涌流, 趋势, 流\na. 流通的, 现在的, 当前的, 流行的\n[计] 当前的",cet4 cet6 ky toefl ielts
currently,'kʌrәntli,"adv. 现在, 当前, 一般, 普通\n[计] 当前",cet6 toefl
curriculum,kә'rikjulәm,"n. 课程\n[医] 课程, 学程",gk cet6 ky toefl ielts gre
currish,'kә:riʃ,"a. 野狗似的, 脾气坏的, 没教养的",gre
curse,kә:s,"n. 咒骂, 诅咒\nvt. 诅咒, 咒骂",cet4 cet6 ky ielts
cursive,'kә:siv,"a. 草书的, 草书体的\nn. 草书, 草书原稿",gre
cursory,'kә:sәri,"a. 匆匆忙忙的, 草率的, 粗略的",toefl gre
curt,kә:t,"a. 简略的, 简短的, 生硬的",cet6 toefl gre
curtail,kә:'teil,"vt. 缩减, 剥夺, 简略\n[法] 剥夺特权",toefl ielts gre
curtain,'kә:tәn,"n. 帐, 幕, 窗帘\nvt. 装帘子于, 遮蔽",gk cet4 cet6 ky toefl
curtains,'kә:tәnz,n. [俚]灾难；窗帘（curtain的复数）,ielts
curvaceous,kә:'veiʃәs,"a. 曲线美的, 肉体美的",gre
curve,kә:v,"n. 曲线, 弯曲, 曲线球\nvt. 弯, 使弯曲\nvi. 成曲形",cet4 cet6 ky toefl ielts
cushion,'kuʃәn,"n. 垫子, 橡皮软垫\nvt. 加垫褥, 缓冲, 掩盖",gk cet4 cet6 ky toefl ielts gre
custodian,kʌ'stәudjәn,"n. 管理人, 保管人, 监护人\n[经] 保管人, 管理人",toefl ielts gre
custody,'kʌstәdi,"n. 监护, 拘留, 监禁\n[经] 保管, 照顾, 保护",gre
custom,'kʌstәm,"n. 习惯, 风俗, 海关, 自定义\na. 定制的\n[计] 定制; 自定义",gk cet4 cet6 ky toefl ielts
customarily,'kʌstәmәrili,"adv. 照例, 通常, 习惯上",toefl
customary,'kʌstәmәri,"a. 习惯的, 惯常的\n[经] 通常的, 习惯的",cet6 ky ielts gre
customer,'kʌstәmә,n. 消费者\n[化] 顾客,gk cet4 cet6 ky toefl ielts
customers,,n. 客户；顾客（customer的复数）,ielts
customs,,"n. 海关, 关卡, 关税\n[经] 关税, 海关",gk toefl
cut,kʌt,"n. 切口, 割伤, 降低, 切, 割, 砍, 削, 伤口, 削减, 缩短, 删节, 通路\na. 经切割的, 缩减的\nvt. 切, 割, 减少, 刺痛, 开辟, 雕刻, 删节, 缩短, 停止, 排斥, 切断, 关, 显出\nvi. 切, 割, 砍, 刺痛, 相交, 抄近路, 剪辑\n[计] 剪切",zk gk ielts
cute,kju:t,"a. 可爱的, 聪明的, 伶俐的\n[医] 品他病",ielts
cuticle,'kju:tikl,n. 表皮\n[医] 表皮; 角质层(植); 护膜,toefl gre
cutlery,'kʌtlәri,"n. 刀剑制造业, 刃具制造业, 刀剑, 刃具, 刀叉餐具",gre
cutter,'kʌtә,"n. 裁剪者, 切割者, 切割器\n[化] 刀具; 剪切机; 切刀; 切胶机",cet6
cutting,'kʌtiŋ,"n. 切断, 切下, 路堑\n[化] 切屑",ielts
cyberspace,,"[计] 空间, 网控空间",ky
cycle,'saikl,"n. 周期, 循环, 自行车, 一段时间, 整套\nvi. 循环, 轮转, 骑自行车\nvt. 使循环, 使轮转\n[计] 环路; 周期; 循环",gk cet4 cet6 ky ielts
cyclical,'siklik(e)l,"a. 周期的, 轮转的, 循环的, 轮列的, 轮卷的, 环状的, 环的, 组诗的, 始末的\n[计] 循环的",gre
cycling,'saikliŋ,"n. 骑脚踏车兜风, 骑脚踏车消遣\n[机] 循环操作",ielts
cyclist,'saiklist,n. 骑脚踏车的人,gk
cyclone,'saiklәun,"n. 龙卷风, 暴风\n[化] 旋流(分离,除尘)器",toefl gre
cygnet,'signit,n. 小天鹅,gre
cylinder,'silindә,"n. 圆筒, 圆筒状物, 汽缸, 柱面\n[计] 柱面",cet6 ky toefl ielts gre
cynic,'sinik,"n. 犬儒学派的人, 玩世不恭的人, 愤世嫉俗者, 好挖苦人的人\na. 犬儒学派的",gre
cynical,'sinikәl,"a. 愤世嫉俗的, 讽刺的, 冷嘲的",cet6 toefl ielts
cynosure,'sinә.zjuә,"n. 小熊座, 北极星, 众目之的",gre
cypress,'saiprәs,"n. 柏, 落羽杉, 柏树\n[机] 桧木",gre
cytology,sai'tɒlәdʒi,n. 细胞学\n[医] 细胞学,gre
dabble,'dæbl,"vi. 玩水, 拨弄, 涉猎\nvt. 溅湿",gre
dabbler,'dæblә,"n. 戏水者, 浅尝者",gre
dad,dæd,"n. 爸爸, 爹爹",zk
daft,dɑ:ft. dæft,"a. 愚笨的, 癫狂的, 狂闹的",gre
dagger,'dægә,n. 匕首\nvt. 用剑刺,toefl gre
daguerreotype,dә'gerәutaip,n. 达盖尔银板照相法\nv. 用达盖尔银板法照相,gre
daily,'deili,"a. 每日的, 日常的\nadv. 每日地, 日常地\nn. 日报",zk gk cet4 ky ielts
dainty,'deinti,a. 秀丽的；美味的；讲究的；挑剔的,gre
dairy,'dєәri,"n. 牛奶公司, 乳品店, 乳牛场",cet4 cet6 ky toefl ielts
daisy,'deizi,"n. 雏菊, 一流人物\na. 第一流的",toefl
dalliance,'dæliәns,"n. 调戏, 调情",gre
dally,'dæli,"vi. 戏耍, 玩弄, 闲混\nvt. 浪费",gre
dam,dæm,"n. 水坝, 障碍\nv. 控制, 筑坝\n[计] 直接存取法",gk cet4 cet6 ky toefl ielts
damage,'dæmidʒ,"n. 损害, 伤害\nv. 损害",gk cet4 cet6 ky ielts
damages,,n. 赔偿金\n[经] 损害赔偿; 伤害,ielts
damn,dæm,"n. 一点, 诅咒, 丝毫\ninterj. 该死, 该死的\nvt. 诅咒, 罚...下地狱\nvi. 指责, 谴责, 骂...该死, 证明...有罪",cet6 ky gre
damp,dæmp,"n. 潮湿, 湿气\na. 潮湿的\nvt. 使潮湿, 使阻尼, 抑止\nvi. 变潮湿, 衰减",gk cet4 cet6 ky toefl ielts gre
damped,,a. 被窒息的；阻尼的；衰减的,gre
dampen,'dæmpәn,"vt. 弄湿, 使沮丧\nvi. 变湿, 丧气",toefl gre
damper,'dæmpә,"n. 令人扫兴的人, 增湿器, 阻尼器\n[化] 减震器",gre
dance,dæns. dɑ:ns,"n. 跳舞, 舞蹈, 舞会\nv. 跳舞",zk gk
dancer,'dɑ:nsә,"n. 舞蹈演员, 跳舞者",ielts
dandy,'dændi,"n. 花花公子\na. 服装浮华的, 极好的",gre
danger,'deindʒә,"n. 危险, 威胁\n[法] 危险, 危险物, 危机",zk gk cet4 ky ielts
dangerous,'deindʒәrәs,"a. 危险的\n[法] 危险的, 危害的",zk gk cet4 ky toefl ielts
dangle,'dæŋgl,"vi. 摇晃地悬挂着, 追求\nvt. 使摇晃地悬挂\nn. 悬垂",toefl gre
dank,dæŋk,"a. 阴湿的, 潮湿的",toefl gre
dapper,'dæpә,"a. 整洁的, 整齐的, 短小精悍的",gre
dappled,'dæpld,"a. 斑纹的, 花斑的",gre
dare,dєә,"n. 挑战, 挑动, 大胆\nv. 敢, 胆敢",zk gk cet4 cet6 ky
daredevil,'dєә.devәl,"n. 铤而走险的人, 蛮勇的人\na. 蛮勇的, 不怕死的",gre
daring,'dєәriŋ,a. 大胆的,cet4 cet6 toefl
dark,dɑ:k,"n. 黑暗, 夜, 黄昏, 模糊\na. 黑暗的, 暗的, 深色的, 隐密的, 模糊的, 无知的",zk gk ielts
darkness,'dɑ:knis,"n. 黑暗, 暗, 深色, 隐密, 模糊, 无知",gk
darling,'dɑ:liŋ,"n. 亲爱的, 可爱的人, 可爱的物\na. 可爱的, 亲爱的",cet4 ky
dart,dɑ:t,"n. 飞镖, 投射\nvt. 投射\nvi. 疾走, 突进",toefl ielts gre
dash,dæʃ,"n. 冲撞, 破折号, 短跑\nvi. 猛冲, 冲撞\nvt. 泼溅, 使猛撞, 搀和, 使破灭, 使沮丧",gk cet4 cet6 ky ielts
dastard,'dæstәd,"n. 懦夫, 卑鄙的人\na. 怯懦的",gre
data,'deitә,"pl. 资料, 数据\n[计] 数据; DOS内部命令:用于显示或设定系统的日期",gk cet4 ky ielts
database,'deitәbeis,n. 数据库\n[计] 数据库,gk ky ielts
date,deit,"n. 日期, 约会, 枣椰树\nvt. 约会, 定日期\nvi. 注明日期, 过时",zk gk toefl ielts
dated,'deitid,"a. 有日期的, 陈旧的",toefl
datum,'deitәm,"n. 论据, 材料, 资料, 已知数\n[医] 材料, 资料, 论据",cet6 ky
daub,dɒ:b,"v. 涂抹, 乱画, 弄脏\nn. 污迹, 劣画",gre
daubster,'dɒ:bstә,n. 拙劣的画匠,gre
daughter,'dɒ:tә,n. 女儿\na. 女儿的,zk gk
daunt,dɒ:nt,"vt. 威吓, 难倒, 使气馁",gre
daunting,'dɒ:ntiŋ,a. 使人畏缩的,toefl
dauntless,'dɒ:ntlis,"a. 不屈不挠的, 大胆的",toefl
dawdle,'dɒ:dl,"v. 游手好闲, 混日子",toefl gre
dawn,dɒ:n,"n. 破晓, 黎明\nvi. 破晓",gk cet4 cet6 ky toefl ielts
dawning,'dɒ:niŋ,"n. 拂晓, 黎明",toefl
day,dei,"n. 天, 日子, 白天, 工作日\n[医] 日(一昼夜), 昼, 白天",zk gk ielts
daylight,'deilait,"n. 白昼, 日光\nvt. 使沐浴于日光\nvi. 享有日光",gk cet4 ky
daytime,'deitaim,"n. 白天, 日间",ky
daze,'deiz,"vt. 使茫然, 使发昏, 使眼花缭乱\nn. 迷乱, 眼花缭乱",toefl gre
dazzle,'dæzl,"v. (使)眼花, 炫耀\nn. 耀眼",cet6 ky toefl ielts
dazzling,'dæzliŋ,"a. 眼花缭乱的, 耀眼的",toefl
deactivate,di:'æktiveit,"vt. 撤消遣散, 复员, 使无效, 使不活动",gre
dead,ded,"a. 死的, 不活泼的, 麻木的, 熄灭的\nn. 死者\nadv. 完全地, 直接地",zk gk toefl
deaden,'dedn,"vt. 使减弱, 使麻木\nvi. 减弱",gre
deadline,'dedlain,"n. 最后期限, 截止期限\n[经] 截止日期",gk ky ielts
deadlock,'dedlɒk,"n. 僵局, 停顿\nv. (使)停顿, (使)相持不下\n[计] 死锁",ielts gre
deadly,'dedli,"a. 致命的, 致死的\nadv. 非常, 如死一般地",cet4 ky toefl ielts
deadpan,'dedpæn,n. 无表情的脸,gre
deaf,def,a. 聋的\n[医] 聋的,zk gk cet4 ky ielts
deafen,'defәn,vt. 使聋\nvi. 变聋,cet6
deal,di:l,"n. 交易, 协定, 数量, 买卖, 松木板\nvi. 处理, 应付, 做生意\nvt. 分配, 发牌, 给予\n[计] 发牌",zk gk cet4 cet6 ky toefl
dealer,'di:lә,"n. 经销商, 商人\n[经] 交易员, 贩卖商",cet6 ky toefl
dealing,'di:liŋ,"n. 经营行为, 行为, 交易\n[法] 待遇, 处置, 行为",gre
dean,di:n,"n. 院长, 主持牧师\n[法] 外交团长, 学院院长, 教务长",cet6 ky ielts
dear,'diә,"n. 亲爱的人\na. 亲爱的, 昂贵的, 严重的, 急迫的\ninterj. 啊\nadv. 深爱地, 高价地",zk gk
dearth,dә:θ,"n. 缺乏, 粮食不足, 饥馑",ielts gre
death,deθ,n. 死亡\n[医] 死亡,zk gk cet4 ky
debacle,dei'bɑ:kl,"n. 崩溃, 大失败",gre
debar,di'bɑ:,"vt. 排除, 防止, 禁止\n[法] 阻止, 阻挡, 排除",gre
debark,di'bɑ:k,"vt. 使登陆, 使下船, 卸(货)\nvi. 登陆",gre
debase,di'beis,"vt. 贬低, 降低",gre
debatable,di'beitәbl,"a. 可争论的, 成问题的, 未决定的",toefl
debate,di'beit,"n. 辩论, 讨论\nv. 争论, 辩论",gk cet4 cet6 ky toefl gre
debauch,di'bɒ:tʃ,vt. 使堕落\nvi. 放荡\nn. 放荡,toefl
debilitate,di'biliteit,vt. 使衰弱,toefl gre
debility,di'biliti,"n. 衰弱, 体弱\n[医] 虚弱",gre
debonair,.debә'nєә,"a. 温文有礼的, 高兴的",gre
debouch,di'bautʃ,"vi. 走出, 流出\nvt. 使流出",gre
debrief,di:'bri:f,"vt. 听取报告, 盘问",gre
debris,'deibri:,"n. 碎片, 残骸\n[医] 碎屑",toefl ielts gre
debt,det,"n. 债务, 罪过\n[经] 借款, 欠款, 债务",gk cet4 cet6 ky toefl ielts
debtor,'detә,"n. 债务人, 借主, 借方\n[法] 负债者, 债务人, 借方",toefl
debunk,di:'bʌŋk,"vt. 揭穿, 暴露, 拆穿假面具",gre
debut,'deibju:,"n. 初次登台, 开张\nv. 初次登台",gre
decade,'dekeid,"n. 十年, 十",gk cet4 cet6 ky ielts
decadence,'dekәdәns,n. 颓废,toefl gre
decadent,'dekәdәnt,"a. 衰微的, 颓废的\nn. 颓废派",toefl
decamp,di'kæmp,"vi. 撤营, 逃走, 逃亡\n[法] 撤退, 逃走, 逃亡",gre
decant,di'kænt,"vt. 轻轻倒出, 移入其他容器\n[医] 倾泻, 倾析",gre
decay,di'kei,"n. 衰退, 腐败\nv. (使)衰退, (使)腐败",cet4 cet6 ky toefl ielts
deceit,di'si:t,"n. 欺骗, 谎言\n[经] 诈骗, 欺骗",cet4 cet6 ky toefl gre
deceitful,di'si:tful,a. 欺诈的,toefl
deceive,di'si:v,"v. 欺骗, 行骗",cet4 cet6 ky toefl ielts
December,di'sembә,n. 十二月,zk gk ielts
decency,'di:sәnsi,"n. 得体, 礼貌, 正派\n[法] 正当, 正派, 合乎礼仪",gre
decent,'di:sәnt,"a. 有分寸的, 得体的, 大方的",cet4 cet6 ky toefl ielts gre
decentralize,di:'sentrәlaiz,"vt. 使分散, 下放(权力), 疏散(人口)\n[经] 分权",gre
deception,di'sepʃәn,"n. 欺骗, 诡计\n[法] 瞒骗, 诈欺, 欺骗",toefl gre
deceptive,di'septiv,"a. 迷惑的, 虚伪的, 欺诈的",cet6 toefl
decibel,'desibel,n. 分贝\n[计] 分贝,gre
decide,di'said,"v. 决定, 判决",zk gk toefl
decidedly,di'saididli,"adv. 决定了, 坚决, 明显, 显而易见, 显然, 明确, 果断, 毫无疑问",cet6
deciduous,di'sidjuәs,"a. 每年落叶的, 非永久性的\n[医] 脱落的",toefl gre
decimal,'desimәl,"a. 十进位的, 小数的\nn. 十进制, 小数\n[计] 十进制, 小数点",cet6 ky toefl ielts
decimate,'desimeit,"vt. 每十人杀一人, 大批杀害",gre
decipher,di'saifә,"vt. 译解, 解释\nn. 密电译文",ielts gre
decision,di'siʒәn,"n. 决定, 决心, 决断\n[计] 判定",zk gk cet4 cet6 ky ielts
decisive,di'saisiv,"a. 决定性的, 坚定的, 果断的",cet6 ky
deck,dek,"n. 甲板, (汽车后部的)行李仓\nvt. 装饰, 打扮, 装甲板\n[计] 纸牌背面图案",cet4 cet6 ky toefl ielts
declaim,di'kleim,"v. 慷慨陈词, 演讲, 朗读",toefl gre
declamation,.deklә'meiʃәn,"n. 慷慨激昂的演说, 雄辩, 慷慨激昂的演说词",gre
declaration,.deklә'reiʃәn,"n. 宣告, 说明, 宣布\n[计] 说明",cet6 ky toefl ielts
declare,di'klєә,"v. 宣布, 声明, 申报, 断言",gk cet4 cet6 ky toefl ielts
declassify,di:'klæsifai,"vt. (文件)解密, 从机密表删除",gre
declination,.dekli'neiʃәn,"n. 下倾, 倾斜, 衰微\n[医] 偏角, 偏差, 偏转(眼球)",gre
decline,di'klain,"n. 衰退, 跌落, 下降\nvt. 使降低, 婉谢\nvi. 下降, 衰落, 偏斜",gk cet4 cet6 ky toefl ielts gre
declivity,di'kliviti,"n. 倾斜, 下坡",toefl
decode,di:'kәud,"vt. 解码, 译解\n[计] 译码",gre
decompose,.di:kәm'pәuz,"v. 分解, (使)腐烂",cet6 ky toefl ielts gre
decomposition,.di:kɒmpә'ziʃәn,"n. 分解, 腐败, 变质\n[化] 分解; 裂解",toefl gre
decorate,'dekәreit,v. 装饰,gk cet4 cet6 ky toefl ielts gre
decoration,.dekә'reiʃәn,"n. 装饰, 装饰品",gk toefl ielts
decorations,,n. 装修；装饰品（decoration的复数）,ielts
decorative,'dekәreitiv,a. 装饰性的,cet6 toefl
decorum,di'kɒ:rәm,"n. 端正, 礼貌, 合宜, 礼仪",toefl gre
decoy,di'kɒi,"n. 圈套, 诱骗\nvt. 诱骗",gre
decrease,'di:kri:s,"n. 减少, 减少量\nv. 减少",gk cet4 cet6 ky toefl ielts
decree,di'kri:,"n. 法令, 判决, 天意\nvt. 颁布, 判决\nvi. 发布命令",cet6 toefl ielts gre
decrepit,di'krepit,a. 衰老的,toefl ielts gre
decry,di'krai,"vt. 反对, 责难, 诽谤, 诋毁",toefl gre
dedicate,'dedikeit,"vt. 献出, 贡献",cet6 ky toefl ielts
dedicated,'dedikeitid,"a. 专注的, 献身的",ielts
dedication,.dedi'keiʃәn,"n. 奉献, 献身, 献辞\n[计] 专用",ielts gre
deduce,di'dju:s,"vt. 推论, 演绎出\n[法] 推断, 推出, 演绎",cet4 cet6 ky ielts gre
deduct,di'dʌkt,"vt. 扣除, 减去\n[经] 扣除, 减去, 折扣",cet6 ky ielts gre
deductive,di'dʌktiv,"a. 推论的, 演绎的\n[法] 推定的, 推断的, 演绎的",gre
deed,di:d,"n. 行为, 实行, 契约\nvt. 立契转让",gk cet4 cet6 ky gre
deem,di:m,"v. 认为, 相信",cet6 ky toefl ielts
deep,di:p,"a. 深的\nadv. 深入地\nn. 深渊, 深处",zk gk
deepen,'dipәn,"vi. 深化\nvt. 使加深, 使强烈",cet4 cet6
deeply,'di:pli,"adv. 深刻地, 在深处, 深沉地",gk
deer,diә,n. 鹿,gk cet4 cet6 ky
deface,di'feis,"vt. 损伤外观\n[法] 毁伤外貌, 破坏外观, 涂污",toefl gre
defalcate,di'fælkeit,"vi. 盗用公款, 侵吞公款\n[经] 侵吞, 盗用, 贪污",gre
defame,di'feim,"vt. 诽谤, 中伤, 破坏名誉\n[法] 诽谤, 中伤, 诋毁名誉",toefl gre
default,di'fɒ:lt,"n. 违约, 不履行责任, 缺席, 默认值\nv. 疏怠职责, 缺席, 拖欠, 默认\n[计] 默认; 默认值; 缺省值",cet6 toefl ielts gre
defeat,di'fi:t,"n. 败北, 失败\nvt. 击败, 使落空",gk cet4 cet6 ky toefl ielts
defeatist,di'fi:tist,n. 失败主义者,gre
defecate,'defikeit,"vt. 除去污物, 澄清, 净化\nvi. 澄清, 排便",toefl
defect,di'fekt,"n. 缺点\n[医] 缺损, 缺陷",cet4 cet6 ky toefl ielts gre
defection,di'fekʃәn,"n. 背叛, 缺乏, 毛病\n[法] 缺点, 过失, 背叛",toefl
defective,di'fektiv,"a. 有缺陷的, 欠缺的\nn. 有缺陷的人, 不完全变化词",toefl
defence,di'fens,"n. 防卫, 防卫设备\n[经] (诉讼程序中的)辩护",gk cet4 cet6 ky ielts
defend,di'fend,"vt. 防护, 辩护, 防卫\n[法] 作...的辩护律师, 辩护, 为...答辩",gk cet4 cet6 ky toefl
defendant,di'fendәnt,n. 被告\n[经] 被告方,cet6 ielts gre
defense,di'fens,"n. 防卫, 防卫物\n[医] 防御",toefl gre
defensive,di'fensiv,"a. 防卫的, 防备用的, 自卫的\nn. 守势, 防卫姿势, 防卫物",toefl
defer,di'fә:,"vi. 推迟, 延期, 听从\nvt. 使推迟, 使延期",toefl ielts gre
deference,'defәrәns,"n. 顺从, 尊重",toefl gre
deferential,.defә'renʃәl,a. 恭敬的\n[医] 输精管的,cet6 toefl gre
defiance,di'faiәns,"n. 蔑视, 挑战\n[法] 挑战, 藐视, 违抗",ielts gre
defiant,di'faiәnt,"a. 挑衅的, 目中无人的",toefl
deficiency,di'fiʃәnsi,"n. 缺乏, 不足\n[医] 缺乏, 不足",cet6 ky toefl ielts gre
deficient,di'fiʃәnt,"a. 不足的, 不充分的, 有缺陷的",cet6 toefl
deficit,'defisit,"n. 赤字, 不足额\n[医] 短缺",cet6 ky toefl ielts gre
defile,di'fail,"vt. 弄脏, 污损, 败坏\nvi. 以纵队前进\nn. 隘路, 狭道",toefl ielts gre
define,di'fain,"vt. 定义, 规定, 使明确\n[计] 定义",cet4 cet6 ky
defined,di'faind,"a. 清晰的, 轮廓分明的；有定义的, 确定的",gre
definite,'definit,"a. 明确的, 一定的\n[法] 明确的, 确切的, 一定的",cet4 cet6 ky toefl ielts gre
definitely,'definitli,"adv. 明确无疑地, 清楚地",cet4 cet6 toefl
definition,.defi'niʃәn,"n. 定义, 精确度, 清晰度\n[计] 清晰度; 清晰度",cet4 cet6 ky toefl gre
definitive,di'finitiv,"n. 限定词\na. 限定的, 决定性的",toefl ielts gre
deflate,di'fleit,"vt. 放气, 抽出空气, 使缩小\nvi. 缩小",ielts
deflated,,a. 泄气的,gre
deflect,di'flekt,"vt. 转移, 使偏斜\nvi. 偏斜",cet6 toefl ielts gre
deflection,di'flekʃәn,"n. 歪斜, 偏, 偏向\n[医] 偏向, 偏离, 偏转(光), 偏转, 波(心电图)",cet6
defoliant,di:'fәuliәnt,"n. 脱叶剂, 落叶剂\n[化] 脱叶剂",gre
defoliate,di:'fәulieit,v. (使)落叶,gre
defoliator,di'fәulieitә,"n. 除叶剂, 食叶之昆虫",gre
deforest,.di:'fɒrist,"vt. 滥伐森林, 砍掉...上的树林",gre
deforestation,di:.fɒ:ri'steiʃәn,"n. 采伐森林, 森林开伐\n[法] 砍伐森森",gre
deform,di'fɒ:m,"vt. 使残缺, 使变形\nvi. 变形",cet6 ky toefl
deformation,.di:fɒ:'meiʃәn,"n. 损形, 变丑, 畸形\n[化] 变形; 形变",cet6 toefl
defraud,di'frɒ:d,"vt. 欺骗\n[经] 骗取, 诈取, 欺骗",toefl ielts gre
defray,di'frei,"vt. 支付, 支出\n[经] 支付或准备支付",gre
defrost,.di:'frɒst,vt. 除霜\nvi. 解冻,toefl
deft,deft,"a. 敏捷熟练的, 灵巧的",toefl ielts gre
defunct,di'fʌŋkt,"a. 死的, 不能使用的\nn. 死者",toefl gre
defuse,.di:'fju:z,"vt. 去掉...的引信, 平息",gre
defy,di'fai,"vt. 藐视, 挑衅, 使落空\nn. 挑战",cet6 ky toefl ielts gre
degenerate,di'dʒenәreit,"a. 堕落的\nvi. 退化, 堕落\nvt. 使变质, 使退化",cet6 ky toefl ielts
degradation,.degrә'deiʃәn,"n. 降格, 堕落, 退化\n[计] 降级",cet6 toefl gre
degrade,di'greid,"v. (使)降级, (使)退化",cet6 toefl ielts
degree,di'gri:,"n. 程度, 度数, 学位, 度\n[医] 度, 程度",zk gk cet4 cet6 ky ielts
dehydrate,.di:'haidreit,"vt. (使)脱水\n[医] 脱水, 去水",toefl gre
dehydrated,ˌdi:haɪ'dreɪtɪd,a. [医]脱水的,toefl
dehydration,.di:hai'dreiʃәn,n. 脱水\n[化] 脱水; 脱水作用,toefl
deify,'di:ifai,"vt. 奉为神, 奉若神明, 崇拜",gre
deign,dein,vi. 屈尊\nvt. 赐予,toefl gre
deity,'di:iti,"n. 神, 神性",toefl
dejected,di'dʒektid,"a. 沮丧的, 灰心的",toefl gre
delay,di'lei,"n. 耽搁, 迟滞\nv. 耽搁, 延迟\n[计] 延迟, 延时",gk cet4 cet6 ky toefl ielts
delectable,di'lektәbl,"a. 令人快乐的, 美味的, 使人愉快的",toefl ielts gre
delectation,di:lek'teiʃәn,"n. 愉快, 欢乐",gre
delegate,'deligeit,n. 代表\nvt. 委派...为代表,cet4 cet6 ky toefl ielts gre
delegation,.deli'geiʃәn,"n. 代表团, 派遣代表团, 代表的地位(或权力)\n[经] 派遣, 委任, 委托",cet4 cet6
delete,di'li:t,vt. 删除\n[计] 删除,gk cet4 ky toefl ielts
deleterious,.deli'tiәriәs,"a. 有害的, 造成伤害的\n[医] 有害的",toefl gre
deliberate,di'libәrәt,"a. 深思熟虑的, 故意的, 从容的\nv. 仔细考虑",cet4 cet6 ky toefl ielts gre
deliberately,di'libәrәtli,adv. 故意地,gk cet4 cet6 toefl
delicacy,'delikәsi,"n. 细软, 精致, 精美的食品, 娇气, 微妙, 棘手, 娇弱, 灵敏, 灵巧",cet6 gre
delicate,'delikәt,"a. 细致优雅的, 微妙的, 美味的\n[医] 柔弱的",gk cet4 cet6 ky toefl ielts gre
delicious,di'liʃәs,a. 美味的,zk gk cet4 ky toefl ielts
delight,di'lait,"n. 高兴, 愉快\nvt. 使高兴, 乐于\nvi. 感到高兴(或愉快、快乐)",gk cet4 cet6 ky
delighted,di'laitid,"a. 高兴的, 快乐的",gk
delimit,di'limit,"vt. 定界限, 划界\n[计] 定界",gre
delineate,di'linieit,"vt. 描绘...的轮廓, 描绘, 描写",toefl gre
delineation,di.lini'eiʃәn,"n. 画轮廓, 略图, 描述",toefl
delinquency,di'liŋkwәnsi,"n. 行为不良, 失职\n[经] 毁约, 怠工, 旷职",ielts gre
delinquent,di'liŋkwәnt,"n. 行为不良的人, 违法者\na. 怠忽的, 有过失的",gre
delirious,di'liriәs,"a. 神志昏迷的, 发狂的\n[医] 谵妄的, 发狂的, 妄想的",gre
delirium,di'liriәm,"n. 精神错乱, 说谵语状态, 狂热\n[医] 谵妄, 发狂, 妄想",toefl ielts gre
deliver,di'livә,"vt. 递送, 陈述, 释放, 发表, 引渡, 投递, 交付\n[经] 交运",gk cet4 ky ielts
delivery,di'livәri,"n. 递送, 交付, 分娩, 交货, 引渡\n[化] 交货额",cet4 cet6 ky ielts
delta,'deltә,"n. 三角洲, 希腊字母的第四个字\n[医] δ(希腊文的第四个字母), 丁种, 三角, 三角形区",toefl gre
delude,di'lu:d,"vt. 迷惑, 蛊惑",toefl ielts gre
deluge,'delju:dʒ,"n. 大洪水, 泛滥\nvt. 使泛滥",ielts gre
delusion,di'lu:ʒәn,"n. 迷惑, 欺瞒, 错觉\n[医] 妄想",cet6 gre
delve,delv,"v. 探究, 查考\nn. 坑, 穴",gre
demagnetize,di:'mægnitaiz,"vt. 消磁, 使退磁\n[医] 去磁, 退磁",toefl
demagogue,'demәgɒg,n. 煽动者,gre
demand,di'mɑ:nd,"n. 要求, 需求, 需要\nv. 要求, 查询",gk cet4 cet6 ky gre
demanding,di'mɑ:ndiŋ,"a. 要求高的, 费力的",gre
demarcate,'di:mɑ:keit,"vt. 定界, 分开, 区别",gre
demean,di'mi:n,"vt. 贬低身分, 贬损",gre
demeanour,di'mi:nә,"n. 行为, 举止",gre
demented,di'mentid,"a. 发狂的, 精神错乱的\n[医] 痴呆的",gre
demise,di'maiz,"n. 崩, 薨, 死亡\nvt. 让渡, 遗赠, 转让",toefl gre
demobilize,di:'mәubilaiz,"vt. 使复员, 使退伍, 遣散",toefl
democracy,di'mɒkrәsi,"n. 民主政治, 民主主义\n[法] 民主, 民主政治, 民主政体",cet4 cet6 ky toefl ielts
democrat,'demәkræt,"n. 民主人士, 民主主义者, 民主党党员\n[经] 民主党",toefl
democratic,.demә'krætik,"a. 民主的\n[法] 民主的, 民主政体的, 平民的",cet4 cet6 ky
demography,di:'mɒgrәfi,"n. 人口统计学\n[医] 人口学, 人口统计学",cet6 gre
demolish,di'mɒliʃ,"vt. 毁坏, 破坏, 粉碎",toefl ielts gre
demolition,.demә'liʃәn,"n. 破坏, 毁坏, 撤销\n[经] 拆毁(除,破坏)",toefl gre
demonstrate,'demәnstreit,"vt. 示范, 证明\nvi. 示威",cet4 cet6 ky toefl ielts gre
demonstration,.demәn'streiʃәn,"n. 示范, 实证\n[医] 示教, 实物教授",toefl ielts
demonstrative,di'mɒnstrәtiv,"a. 说明的, 指示的",gre
demoralize,di'mɒrәlaiz,"vt. 使道德败坏, 使堕落, 挫折锐气",gre
demote,.di:'mәut,"vt. 使降级, 使降职",gre
demotic,di'mɒtik,"a. 人民的, 民众的, 通俗的",gre
demur,di'mә:,"vi. 提出异议, 反对, 抗辩\nn. 异议, 反对",toefl gre
demure,di'mjuә,"a. 装成端庄的, 假正经的, 娴静的",gre
demystify,di:'mistifai,vt. 使非神秘化,gre
den,den,"n. 兽穴, 洞穴\n[法] 匪巢, 贼窝",toefl gre
denial,di'naiәl,"n. 否认\n[法] 否定, 否认, 拒绝接受",cet6 ky ielts
denigrate,'denigreit,"vt. 使变黑, 玷污, 诋毁",gre
denim,'denim,"n. 斜纹粗棉布, 牛仔布, 劳动布, (非正式)工作服, 工装裤",gre
denizen,'denizn,"n. 居民, 外籍居民, 外来语\nvt. 给...居住权, 移植",gre
denominate,di'nɒmineit,vt. 命名,gre
denomination,di.nɒmi'neiʃәn,"n. 名称, 教派, 面额\n[经] 票面金额, 名称, (度量衡)",toefl ielts gre
denote,di'nәut,"vt. 指示, 表示",cet6 ky toefl ielts gre
denouement,dei'nu:mɔŋ; (?@) dei'nu:mɔ:ŋ,"n. 结局, 终场",gre
denounce,di'nauns,"vt. 告发, 抨击, 谴责\n[法] 谴责, 斥责, 告发",cet6 ky toefl ielts gre
dense,dens,"a. 密集的, 浓厚的",cet4 cet6 ky toefl ielts
density,'densiti,n. 密度\n[化] 密度,cet4 cet6 ky toefl
dent,dent,"n. 凹痕\nvt. 使凹下, 削弱\nvi. 塌陷",toefl gre
dental,'dentl,"a. 牙齿的\n[医] 牙的, 齿的, 齿音, 齿音字母",ky toefl
dentist,'dentist,n. 牙科医生\n[医] 牙医师,zk gk cet6 ky toefl ielts
dentistry,'dentistri,"n. 牙科\n[医] 牙科学, 牙科技术",toefl
denture,'dentʃә,"n. 一副假牙, 一副牙齿, 齿列\n[医] 托牙, 牙列",gre
denude,di'nju:d,"vt. 使裸露, 剥下, 剥夺\n[医] 剥露, 剥脱",gre
denunciate,"di'nʌnsieit, -ʃieit","vt. 告发, 抨击, 谴责",gre
denunciation,di.nʌnsi'eiʃәn,"n. 谴责, 告发\n[经] 废止合同(契约), 宣告合同(契约等)无效",gre
deny,di'nai,"v. 否认, 拒绝",cet4 cet6 ky toefl ielts
deodorizer,di:'әudәraizә,"n. 除臭剂, 防臭剂\n[医] 除臭剂",toefl
depart,di'pɑ:t,"vi. 离开, 出发, 背离, 违反, 去世",cet4 cet6 ky toefl ielts
department,di'pɑ:tmәnt,"n. 部门, 系, 机关\n[医] 部, 科",gk cet4 cet6 ky ielts
departmental,.di:pɑ:t'mentәl,"a. 部门的, 各部的, 分科的",ielts
departure,di'pɑ:tʃә,"n. 离开, 出发, 违背, 偏离\n[经] 启运",gk cet4 cet6 ky toefl
depend,di'pend,"vi. 靠, 视...而定, 信赖",zk gk cet4 cet6 ky
dependable,di'pendәbl,"a. 可信任的, 可靠的, 可信赖的",toefl
dependant,di'pendәnt,"n. 家眷, 侍从, 食客\n[法] 受赡养人, 家庭负担",cet6
dependence,di'pendәns,"n. 依赖, 依存, 信赖\n[医] 依赖(如对药物的依赖,即瘾或癖), 从属, 偏利共生",toefl
dependent,di'pendәnt,"n. 依赖他人者\na. 依赖的, 从属的",cet4 cet6 ky toefl ielts
depict,di'pikt,"vt. 描述, 描写",cet6 ky toefl ielts gre
deplete,di'pli:t,"vt. 耗尽, 使衰竭\n[医] 排除, 减少",toefl ielts gre
depletion,di'pli:ʃәn,"n. 消耗, 耗尽, 放血\n[医] 排除, 缺失(液体), 衰竭[状态](由于缺液)",ielts
deplore,di'plɒ:,"vt. 悲悼, 哀叹, 对...深感遗憾",toefl ielts gre
deploy,di'plɒi,"v. 展开, 配置",cet6
deport,di'pɒ:t,"vt. 举止, 驱逐出境\n[法] 放逐, 驱逐, 递解",toefl gre
deportation,.di:pɒ:'teiʃәn,"n. 驱逐出境, 放逐\n[法] 递解出境, 放逐, 驱逐",cet6 gre
deportment,di'pɒ:tmәnt,"n. 行为, 举止",gre
depose,di'pәuz,"vt. 免职, 废黜, 作证\nvi. 作证, 供证",toefl gre
deposit,di'pɒzit,"n. 存款, 定金, 堆积物\nvt. 存放, 堆积\nvi. 沉淀",gk cet4 cet6 ky toefl ielts gre
deposition,.depә'ziʃәn,"n. 免职, 作证, 沉淀\n[化] 沉积",cet6 toefl gre
depositor,di'pɒzitә,"n. 存放者, 存款人\n[经] 存款人, 储户, 委托人",toefl
depot,'depәu,"n. 停车场, 车站, 贮藏所, 仓库\n[医] 仓库, 贮存, 积存",toefl
depraved,di'preivd,"a. 堕落的, 腐化的, 道德败坏的\n[医] 恶化的, 变坏的",gre
depravity,di'præviti,"n. 堕落, 腐败, 邪恶\n[法] 堕落, 腐化, 败坏",gre
deprecate,'deprәkeit,"vt. 声明不赞成, 抗议, 反对\n[法] 对...表示不赞成, 反对",toefl gre
depreciate,di'pri:ʃieit,"vi. 贬值\nvt. 降价, 贬低",toefl gre
depreciation,di.pri:ʃi'eiʃәn,"n. 价值减低, 减价, 跌落, 贬低, 折旧\n[化] 折旧; 减值",toefl
depredation,.depri'deiʃәn,"n. 掠夺, 破坏",toefl gre
depress,di'pres,"vt. 使沮丧, 压低, 降低, 使萧条\n[化] 推下",cet4 cet6 ky toefl ielts
depressant,di'presnt,a. 有镇静作用的\nn. 镇静剂,gre
depressed,di'prest,"a. 沮丧的, 降低的\n[医] 抑郁的, 阻抑的, 压低的, 凹[陷]的, 扁平的",toefl gre
depression,di'preʃәn,"n. 不景气, 消沉, 沮丧, 洼地\n[医] 抑郁[症], 阻抑, 压低, 凹, 窝, 衰退, 俯角",cet4 cet6 ky toefl ielts gre
deprivation,.depri'veiʃәn,"n. 剥夺, 剥夺官职, 免职\n[医] 丧失, 剥夺, 缺乏",toefl gre
deprive,di'praiv,"vt. 剥夺, 使丧失\n[法] 剥夺, 剥夺, 夺去",cet6 ky toefl ielts
depth,depθ,"n. 深度, 深处, 深奥\n[计] 深度",gk cet4 cet6 ky ielts
depute,di'pju:t,"vt. 指定代理人, 委以代理人, 委任\n[法] 代表, 代理人",gre
deputize,'depjutaiz,"vt. 指定为代理\nvi. 代理, 担任代表",gre
deputy,'depjuti,n. 副手，代理人,cet4 cet6 ky toefl ielts gre
deracinate,di'ræsineit,"vt. 根除, 杜绝, 使脱离传统",gre
derange,di'reindʒ,"vt. 扰乱, 使发狂",toefl
deranged,di'reindʒd,"a. 精神错乱的, 疯狂的",gre
derangement,,"n. 捣乱, 紊乱, 精神错乱, 混乱, 搅乱, 扰乱\n[计] 错位排列, 重排",gre
derelict,'derilikt,"a. 被抛弃了的, 无主的, 玩忽职守的\nn. 遗弃物, 被遗弃的人, 玩忽职守者",ielts gre
dereliction,.deri'likʃәn,"n. 玩忽职守, 抛弃物\n[法] 抛弃, 遗弃, 放弃",gre
deride,di'raid,"vt. 嘲弄, 嘲笑",ky toefl gre
derivation,.deri'veiʃәn,"n. 推论, 推导, 来历\n[医] 衍化, 诱导",cet6 gre
derivative,di'rivәtiv,"a. 引出的, 派生的\nn. 引出之物, 派生物, 衍生字",toefl gre
derive,di'raiv,vt. 得自\nvi. 起源,cet4 cet6 ky toefl ielts
dermatologist,.dә:mә'tɒlәdʒist,"n. 皮肤学者, 皮肤科医生\n[医] 皮肤病学家, 皮肤科医师",gre
derogate,'derәugeit,"v. 贬损, 毁损",gre
derogatory,di'rɒgәtәri,"a. 贬损的\n[法] 毁损的, 减损的",gre
desalination,"di:,sæli'neiʃәn","[化] 脱盐\n[医] 脱盐[作用], 去盐[作用]",toefl
desalinize,di:'sælinaiz,"v. 除去盐分, 淡化海水",gre
descend,di'send,"vi. 下降, 世代相传, 屈尊, 袭击\nvt. 下降",cet4 cet6 ky toefl ielts gre
descendant,di'sendәnt,"n. 后裔, 子孙\na. 传下的, 下降的",cet6 ky toefl gre
descent,di'sent,"n. 降落, 家系, 侵袭, 血统\n[医] 下降, 世代, 血统",cet6 ky toefl ielts gre
describe,di'skraib,"vt. 描述, 描绘, 画",zk gk cet4 cet6 ky
description,di'skripʃәn,"n. 描述, 说明, 种类\n[经] 说明书(物品), 品名种类, 货物名称",gk cet4 cet6 ky ielts
descry,di'skrai,"vt. 看出, 看见, 发现",gre
desecrate,'desikreit,"vt. 供俗用, 亵渎, 轻蔑地对待",gre
desert,'dezәt. di'sә:t,"n. 沙漠, 应得的赏罚, 功劳\na. 沙漠的, 不毛的\nvt. 放弃, 遗弃, 擅离\nvi. 逃掉",gk cet4 cet6 ky toefl ielts gre
deserted,di'zә:tid,"a. 被遗弃的, 废弃的\n[法] 被遗弃的, 无人的, 放弃的",toefl gre
deserter,'dezәtә,"n. 背弃者, 脱党者, 逃亡者\n[法] 逃犯, 逃亡者, 逃兵",gre
desertion,di'zә:ʃәn,"n. 丢掉, 遗弃, 逃亡\n[法] 长期分居, 开小差, 遗弃",gre
deserve,di'zә:v,"vt. 该得到, 值得\nvi. 应得报答",gk cet4 cet6 ky toefl ielts
desiccate,'desikeit,"vt. 使干, 干贮\nvi. 变干",gre
desideratum,di.zidә'reitәm,"n. 所愿望之物, 迫切需要之物",gre
design,di'zain,"n. 设计, 图样, 方案, 企图\nv. 设计, 计划",gk cet4 cet6 ky toefl ielts
designate,'dezigneit,"vt. 指定, 指明, 称呼\na. 已选出而未上任的",cet6 ky toefl ielts gre
designation,.dezig'neiʃәn,"n. 指示, 指定, 命名\n[电] 指定",gre
designer,di'zainә,"n. 设计者, 谋划者, 制图者\n[计] 设计员",ielts gre
designing,di'zainiŋ,"a. 阴谋的, 诡诈的\nn. 设计(工作), 计谋",toefl
desirable,di'zairәbl,"a. 令人想望的, 可取的",cet4 cet6 ky toefl ielts gre
desire,di'zaiә,"n. 欲望, 要求\nvt. 想要, 请求\nvi. 渴望",gk cet4 cet6 ky toefl ielts
desirous,di'zaiәrәs,"a. 想要的, 想望的, 渴望的",toefl gre
desk,desk,"n. 书桌, 办公桌, 工作台",zk gk ielts
desolate,'desәlәt,a. 荒凉的,cet6 ky toefl ielts gre
despair,di'spєә,"n. 绝望, 失望\nvi. 绝望",cet4 cet6 ky ielts
despatch,di'spætʃ,v. 派遣\nn. 派遣,cet6 ky toefl ielts
desperado,.despә'rɑ:dәu,"n. 亡命之徒\n[法] 亡命之徒, 暴徒",gre
desperate,'despәrәt,"a. 不顾一切的, 危急的, 令人绝望的, 极渴望的",gk cet4 cet6 ky toefl ielts gre
desperately,'despәrәtli,adv. 拼命地；绝望地；极度地,cet6 toefl
despicable,'despikәbl,"a. 可鄙的, 卑劣的",toefl gre
despise,di'spaiz,vt. 轻视,cet4 cet6 ky toefl ielts gre
despite,di'spait,"n. 轻视, 憎恨\nprep. 虽然, 尽管",cet4 cet6 ky
despoil,di'spɒil,"vt. 夺取, 掠夺",toefl gre
despoiler,,掠夺者,toefl
despondent,di'spɒndәnt,"a. 丧气的, 失望的, 没有精神的",gre
despot,'despɒt,"n. 专制君主, 暴君\n[法] 暴君, 专制君主",gre
despotic,de'spɒtik,"a. 专制的, 专横的, 暴虐的\n[法] 专制的, 专横的",gre
despotism,'despәtizәm,"n. 独裁, 专制, 专制政治\n[法] 专制政体, 专制政治",gre
dessert,di'zә:t,n. 餐后甜点,gk cet6 ky toefl
destination,.desti'neiʃәn,"n. 目的地, 目标, 目的\n[计] 目的文件, 目的单元",gk cet4 cet6 ky toefl ielts
destine,'destin,"vt. 注定, 预定",cet6 toefl ielts
destiny,'destini,"n. 命运, 定数",cet6 ky toefl ielts
destitute,'destitju:t,"a. 穷困的, 缺乏的",gre
destitution,.desti'tju:ʃәn,"n. 穷困, 贫穷, 缺乏",gre
destroy,di'strɒi,"vt. 破坏, 毁坏, 消灭",gk cet4 cet6 ky
destructible,di'strʌktibl,a. 可破坏的,gre
destruction,di'strʌkʃәn,"n. 破坏, 毁灭\n[医] 破坏",cet4 cet6 ky toefl
destructive,di'strʌktiv,"a. 毁灭性的, 破坏的, 有害的\n[医] 破坏的, 毁坏的",cet4 cet6 ky toefl ielts
desuetude,di'sju:itju:d,"n. 废止, 不用\n[法] 废止, 废绝, 法律的失效",gre
desultory,'desәltәri,"a. 散漫的, 无条理的, 不连贯的",gre
detach,di'tætʃ,"vt. 使分离, 分遣\n[机] 摘下, 分离, 卸下",cet6 ky toefl ielts gre
detached,di'tætʃt,"a. 超然的, 分离的, 冷淡的\n[法] 分遣的, 派遣的, 分离的",toefl gre
detail,'di:teil,"n. 细节, 详情\nvt. 详述, 选派\nvi. 画详图\n[计] 详细数据",cet4 cet6 ky ielts
detailed,'di:teild,"a. 详细的, 复杂的\n[法] 详细的, 详尽的",ielts
details,,n. 详细资料；细节（detail的复数）,ielts
detain,di'tein,"vt. 扣留, 扣押, 耽搁\n[法] 拘留, 扣押, 留住",cet6 ky toefl ielts gre
detect,di'tekt,"vt. 发现, 察觉, 探测\n[法] 发现, 查明, 探测",cet4 cet6 ky toefl ielts
detectable,di'tektәbl,"a. 可察觉的, 易发现的\n[计] 可检测的",toefl
detection,di'tekʃәn,"n. 发现, 察觉, 探测\n[计] 检波; 检测",cet4 cet6 gre
detective,di'tektiv,n. 侦探\na. 侦探的,gk cet6 ky toefl ielts
detector,di'tektә,"n. 发现者, 检验器, 检波器\n[计] 检波器; 检测器",cet6 ky
deter,di'tә:,"vt. 制止, 吓住, 威慑",toefl ielts gre
detergent,di'tә:dʒәnt,n. 清洁剂\n[化] 洗涤剂,toefl ielts gre
deteriorate,di'tiәriәreit,v. (使)恶化,cet6 ky toefl ielts gre
deterioration,di.tiәriә'reiʃәn,"n. 恶化, 衰退, 退化\n[医] 变坏, 变质, 颓废, 衰退",gre
determinant,di'tә:minәnt,"n. 决定物, 决定因素\na. 决定性的\n[计] 判定",toefl gre
determination,di.tә:mi'neiʃәn,"n. 决心, 果断\n[化] 判定; 测定",gk cet4 cet6 toefl ielts gre
determine,di'tә:min,"v. 决定, 决心",gk cet4 cet6 ky toefl
deterrent,di'tә:rәnt,"a. 制止的, 威慑的, 遏制的\nn. 威慑力量(或因素), 制止物",toefl
detest,di'test,"vt. 厌恶, 憎恨",toefl ielts gre
detestable,di'testәbl,"a. 可憎的, 可恶的",gre
dethrone,di'θrәun,"vt. 废黜, 废位赶出",toefl
detonate,'detәneit,"vt. 引爆, 使爆炸, 使爆裂\nvi. 爆炸, 发爆炸声",gre
detonation,.detә'neiʃәn,"n. 爆炸, 爆裂, 爆炸声\n[化] 爆轰(化学反应速度高于其声速); 爆震; 引爆",gre
detour,'di:tuә,"n. 绕路, 迂回\nv. (使)绕道",gre
detract,di'trækt,"vi. 减去, 贬低\nvt. 转移, 分散",toefl gre
detraction,di'trækʃәn,"n. 转移, 缩小, 减损, 贬低, 毁损",toefl gre
detriment,'detrimәnt,"n. 损害, 损害物\n[法] 损害, 伤害, 危害",toefl ielts
detrimental,.detri'mentәl,a. 有害的,toefl ielts gre
detritus,di'traitәs,"n. 碎石\n[医] 腐质, 碎屑",gre
devastate,'devәsteit,"vt. 毁坏\n[法] 使荒废, 毁灭, 掠夺",toefl ielts gre
devastating,'devәsteitiŋ,"a. 毁灭性的, (非正式)很好的, 引人注目的",toefl ielts
devastation,.devә'steiʃәn,n. 毁坏,toefl
develop,di'velәp,"vt. 发展, 使发达, 进步, 洗印, 显影\nvi. 发展, 生长",zk gk toefl
development,di'velәpmәnt,n. 发展\n[化] 展开,zk gk ielts
deviant,'di:viәnt,a. 不正常的\nn. 不正常的人(或物),gre
deviate,'di:vieit,"vi. 脱离, 偏离\nvt. 使偏离\na. 脱离常规的\nn. 脱离常规的人",cet6 ky toefl ielts gre
deviation,.di:vi'eiʃәn,n. 背离\n[化] 偏差; 误差; 偏斜,cet6 gre
device,di'vais,"n. 装置, 设计, 策略, 发明物, 设备\n[计] 设备; DOS内部命令:该命令要求DOS安装一个设备驱动程序",cet4 cet6 ky toefl
devil,'devәl,"n. 魔鬼\nvt. 折磨, 戏弄",cet4 cet6 ky
devious,'di:viәs,"a. 偏僻的, 迂回的",toefl gre
devise,di'vaiz,"vt. 设计, 发明, 图谋, 遗赠给\nn. 遗赠",cet4 cet6 ky toefl ielts gre
devoid,di'vɒid,"a. 全无的, 缺乏的",toefl gre
devolve,di'vɒlv,"vt. 转移, 下放(权力等), 委托\nvi. 被移交",gre
devote,di'vәut,"vt. 投入于, 献身",gk cet4 cet6 ky toefl ielts
devoted,di'vәutid,"a. 投入的, 深爱的",toefl gre
devotee,.devә'ti:,"n. 爱好者, 献身者, 虔诚的宗教信徒",gre
devotion,di'vәuʃәn,"n. 热爱, 投入",gk cet6 toefl
devotional,di'vәuʃәnl,"a. 忠诚的, 信仰的, 虔诚的, 祷告的",gre
devour,di'vauә,"vt. 吞食, 挥霍, 吞没",cet6 toefl ielts gre
devout,di'vaut,"a. 虔诚的, 虔敬的, 诚恳的",toefl gre
dew,dju:,"n. 露珠, 露水\nvt. (用露水)沾湿\nvi. 结露水",cet4 cet6 ky
dexterity,dek'steriti,"n. 灵巧, 机敏",gre
dexterous,'dekstәrәs,"a. 灵巧的, 惯用右手的",toefl gre
diabetes,daiә'bi:ti:z,"n. 糖尿病, 多尿症\n[医] 糖尿病; 多尿症",gre
diabolic,daiә'bɔlik,"a. 恶魔的, 恶毒的, 凶暴的, 恶魔似的, (非正式)非常可憎的",gre
diabolical,daiә'bɒlikl,a. 恶魔的,gre
diagnose,'daiәgnәuz,v. 诊断,cet6 ky toefl ielts gre
diagnosis,.daiәg'nәusis,n. 诊断\n[计] 诊断,toefl
diagnostic,daiәg'nɒstik,"a. 诊断的, 有助于诊断的, 特征的\nn. 诊断, 病的征候, 诊断法\n[计] 诊断的",cet6
diagonal,dai'ægәnl,"a. 对角线的, 斜的, 斜纹的\nn. 对角线, 斜线, 斜列",toefl gre
diagonally,dai'ægәnәli,adv. 对角地,toefl
diagram,'daiәɡræm,n. 图表；图解,gk cet4 cet6 ky toefl ielts gre
dial,'daiәl,"n. 刻度盘, 钟面, 转盘\nv. 拨",gk cet4 cet6 ky ielts
dialect,'daiәlekt,"n. 方言, 同源语",cet4 cet6 ky toefl ielts gre
dialog,'daiәlɒg,"n. 会话, 对话\n[计] 对话",cet4 cet6 ky
dialogue,'daiәlɒg,n. 对话\nvi. 对话\nvt. 用对话表达,zk gk toefl ielts
diameter,dai'æmitә,"n. 直径\n[医] 直经, 径",cet4 cet6 ky toefl ielts gre
diamond,'daiәmәnd,"n. 钻石, 菱形\n[计] 菱形",gk cet4 cet6 ky
diaphanous,dai'æfәnәs,"a. 透明的, 轻柔的",gre
diary,'daiәri,n. 日记\n[经] 日记簿,zk gk cet4 cet6 ky ielts
diatribe,'daiәtraib,"n. 抨击, 谴责",gre
dictate,'dikteit,"vi. 听写, 口述, 口授\nvt. 口述, 使听写, 命令\nn. 命令, 指挥, 指令",cet4 cet6 ky toefl ielts gre
dictation,dik'teiʃәn,"n. 听写, 口述, 命令",gk cet4 cet6 ky ielts
dictator,'dikteitә,"n. 命令者, 独裁者",cet6 gre
diction,'dikʃәn,"n. 措辞, 发音, 用语",toefl
dictionary,'dikʃәnәri,"n. 字典, 词典\n[计] 词典",zk gk
dictum,'diktәm,"n. 声明, 格言, 法官意见\n[法] 宣言, 声明, 法官的意见",toefl gre
didactic,"di'dæktik(әl), dai-","a. 教训的, 说教的, 教导的, 教诲的\n[医] 教导的",gre
die,dai,"vi. 死亡, 消逝, 平息, 熄灭, 漠然, 渴望\nvt. 死\nn. 骰子, 冲模",zk gk gre
diehard,'daihɑ:d,"n. 顽固分子\n[法] 顽固分子, 顽固派, 死不屈从者",gre
diesel,'di:zәl,"n. 内燃机, 柴油机, 柴油",cet6
diet,'daiәt,"n. 日常饮食, 议会\nvt. 照规定饮食\nvi. 忌食",gk cet4 cet6 ky toefl ielts
dietary,'daiәtәri,a. 饮食的\nn. 规定食物,toefl
dieter,'daiәtә,n. 节食者,toefl
dietetics,daiә'tetiks,n. 饮食学\n[医] 饮食学,toefl gre
dietitian,",daiә'tiʃәn","n. 饮食学家, 营养学家\n[医] 饮食学家",toefl
differ,'difә,"vi. 不一致, 不同\n[机] 差异, 不同",gk cet4 cet6 ky ielts
difference,'difәrәns,"n. 不同, 差异\n[计] 差分",zk gk cet4 ky ielts
different,'difәrәnt,"a. 不同的\n[机] 差动, 微分的, 差速器",zk gk ielts
differentiate,.difә'renʃieit,"v. 区别, 区分",ky toefl ielts gre
difficult,'difikәlt,a. 困难的,zk gk ielts
difficulties,ˈdifikəltiz,n. 困难( difficulty的名词复数 ); 难度; 难事; 麻烦,ielts
difficulty,'difikәlti,"n. 困难, 难点",zk gk cet4 ky ielts
diffident,'difidәnt,"a. 无自信的, 谦虚谨慎的, 羞怯的",gre
diffuse,di'fju:z,"v. 散播, 传播\na. 散开的, 弥漫的",cet6 ky toefl ielts gre
diffusion,di'fju:ʒәn,"n. 散播, 传播, 蔓延\n[医] 扩散, 弥散, 漫射(光)",toefl
dig,dig,"vt. 挖, 翻土, 发掘\nvi. 挖掘\nn. 挖掘\n[计] 数字, 数位",zk gk
digest,di'dʒest,"n. 文摘\nvi. 消化\nvt. 消化, 理解\n[计] 摘要",gk cet4 cet6 ky toefl ielts
digestion,di'dʒestʃәn,"n. 消化力, 领悟\n[化] 消化; 消化作用; 蒸煮; 蒸煮作用; 煮解; 浸提; 陈化",toefl gre
digestive,di'dʒestiv,"a. 消化的, 助消化的\nn. 助消化药",toefl
digit,'didʒit,"n. 数字, 位数, 指头\n[计] 数位; 位",gre
digital,'didʒitәl,"a. 数字显示的, 数字的\nn. 数字仪表, 数字式电子表(或时钟)\n[计] 数字, 数字式",gk cet4 cet6 ky ielts
dignified,'dignifaid,"a. 有尊严的, 高尚的",toefl
dignify,'dignifai,"vt. 增威严, 使高贵, 故作显贵",toefl
dignitary,'dignitәri,"n. 高贵的人, 高官, 高僧, 要人",gre
dignity,'digniti,"n. 尊严, 高贵\n[法] 尊严, 高位, 高贵",gk cet6 ky toefl ielts gre
digress,dai'gres,"vi. 走向岔道, 离题, 扯到枝节上",toefl gre
digression,dai'greʃәn,"n. 离题, 扯到枝节上, 偏离",toefl gre
dilapidate,di'læpideit,"v. (使)荒废, (使)毁坏",gre
dilapidated,di'læpideitid,"a. 破坏的；荒废的, 要塌似的",ielts gre
dilapidation,di.læpi'deiʃәn,"n. 荒废, 破损, 崩塌\n[法] 倒塌, 毁坏",gre
dilate,dai'leit,"vi. 扩大, 详述, 膨胀\nvt. 使膨胀",toefl ielts gre
dilatory,'dilәtәri,"a. 拖拉的\n[法] 延期的, 拖延的, 慢的",gre
dilemma,di'lemә,"n. 困境, (进退两难的)窘境",gk cet6 ky toefl ielts gre
dilettante,dili'tænti,"n. 业余爱好者\na. 外行的, 浅薄的",gre
diligence,'dilidʒәns,n. 勤奋,cet6 gre
diligent,'dilidʒәnt,"a. 勤勉的, 用功的",cet4 cet6 ky toefl ielts
diligently,,adv. 勤奋地；勤勉地,toefl
dilute,dai'lju:t,"vt. 冲淡, 稀释\na. 淡的, 稀释的",cet6 ky toefl ielts gre
dilution,"dai'lju:ʃәn, di'l-","n. 冲淡, 淡度, 稀度, 稀释物, 冲淡物, 稀释\n[计] 稀释度的",toefl
dim,dim,"a. 暗淡的, 模糊的\nvt. 使暗淡\n[计] 数据解释模块",cet4 cet6 ky toefl ielts gre
dime,daim,n. 10分硬币(美、加),toefl
dimension,dai'menʃәn,"n. 尺寸, 次元, 面积, 维数\nvt. 标出尺寸",gk cet4 cet6 ky toefl ielts gre
dimensional,dai'menʃәnәl,a. ...维的\n[化] 量纲的; 因次的,toefl
diminish,di'miniʃ,"v. (使)减少, (使)变小",cet6 ky toefl ielts
diminuendo,"di,minju'endәu",n. [乐]渐弱演奏(部分)\na. [乐]渐弱的\nadv. [乐]渐弱地,gre
diminution,.dimi'nju:ʃәn,"n. 减少, 缩小, 减低\n[医] 减少, 减小",gre
diminutive,di'minjutiv,"a. 小的, 小型的, 指小的\nn. 身材极小的人, 指小词, 爱称",toefl
dimly,'dimli,"adv. 微暗, 朦胧",toefl
dimple,'dimpl,"n. 酒窝, 涟漪\nvt. 使起涟漪",gre
din,din,"n. 喧嚣\nv. 絮絮不休地说, 喧闹",ielts gre
dine,dain,"vi. 用正餐, 进餐\nvt. 宴请",gk cet6 ky ielts
dingy,'diŋdʒi,"a. 暗淡的, 昏暗的, 邋遢的",toefl ielts gre
dining,'dainiŋ,"n. 正餐, 宴会",ielts
dinner,'dinә,"n. 晚餐, 正餐, 宴会",zk gk ielts
dinosaur,'dainәsɒ:,n. 恐龙,gk toefl
diocesan,dai'ɒsisәn,a. 主教管区的\nn. 教区主教,gre
dioxide,dai'ɒksaid,n. 二氧化物\n[医] 二氧化物,gk cet6 toefl ielts
dip,dip,"v. 浸, 降下, 把(手、勺等)伸入, 舀取\nn. 浸, 涉猎\n[计] 双列直插式组件, 分布式输入输出系统, 双排直插封装",gk cet4 cet6 ky ielts
diploma,di'plәumә,"n. 文凭, 毕业证书\n[医] 文凭",gk cet6 ky ielts
diplomacy,di'plәumәsi,"n. 外交, 外交手腕, 交际手段\n[法] 外交, 外交手腕, 权谋",toefl
diplomas,,"pl. 公文, 文书, 执照, 特许证, 毕业文凭, 学位证书, 奖状",ielts
diplomat,'diplәmæt,"n. 外交官, 有外交手腕的人\n[法] 外交家, 外交官, 有权谋的人",ky ielts
diplomatic,.diplә'mætik,"a. 外交的, 老练的\n[法] 外交的, 外交上的, 文献上的",cet6 ky toefl ielts gre
dipsomania,.dipsәu'meiniә,"n. 嗜酒症, 饮酒狂\n[医] 间发性酒狂",gre
dire,daiә,"a. 可怕的, 悲惨的, 阴沉的, 极端的",gre
direct,di'rekt,"a. 直接的, 坦白的\nvt. 指示, 指挥, 命令, 导演\nvi. 指导, 指挥\nadv. 直接地",zk gk cet4 cet6 ky toefl ielts
direction,di'rekʃәn,"n. 方向, 指导, 趋势\n[计] 方向; 流向",zk gk cet4 cet6 ky
directly,"di'rektli, dai'rektli","adv. 径直地, 直接地, 直率地, 正好地, 直截了当地, (非正式)立即, 马上\nconj. 一...(就...), 一当...就...\n[计] 直接的",cet4 cet6 ky
director,di'rektә,"n. 主管, 导演, 董事\n[计] 寻向偶极子; 指挥仪",zk gk cet4 cet6 ky ielts
directory,di'rektәri,"n. 目录, 工商名录, 指南\n[计] 目录",gk cet6 ky ielts
dirge,dә:dʒ,"n. 挽歌, 哀乐",gre
dirt,dә:t,"n. 污垢, 泥土\n[化] 污垢",gk cet4 ky
dirty,'dә:ti,"a. 肮脏的, 卑鄙的\nvt. 弄脏\nvi. 变脏",zk gk
disability,disә'biliti,"n. 无力, 无能, 残疾\n[医] 劳动能力丧失, 病废",gk
disable,dis'eibl,"vt. 使失去能力, 使残废, (律)使无资格\n[计] 使无效, 禁止, 关闭",cet4 cet6 ky ielts
disabled,dis'eibld,"a. 残废的, 有缺陷的, 失效的\n[计] 失效的",gk ielts
disabuse,.disә'bju:z,"vt. 解迷惑, 使省悟",gre
disadvantage,.disәd'vɑ:ntidʒ,"n. 缺点, 不利, 坏处",gk cet4 cet6 toefl
disaffect,.disә'fekt,"vt. 使疏远, 使不忠, 使不满意",gre
disagree,.disә'gri:,"vi. 不一致, 不适宜\n[法] 抵触, 不同意, 争执",gk cet4 cet6
disagreeable,.disә'griәbl,"a. 令人不快的, 厌恶的, 不合意的",toefl gre
disagreement,.disә'gri:mәnt,"n. 不合, 争论, 不一致\n[法] 不一致, 不同意, 陪审团的意见不一",gk cet6 ielts
disallow,.disә'lau,"vt. 不许, 不准, 驳回\n[法] 拒绝接受, 拒绝承认, 不允许",toefl
disappear,.disә'piә,"vi. 消失, 不见",gk cet4 cet6 ky
disappearance,.disә'piәrәns,"n. 看不见, 失踪, 消失",cet6
disappoint,.disә'pɒint,vt. 使失望,gk cet4 cet6 ky
disappointment,.disә'pɒintmәnt,n. 失望,gk toefl
disapproval,.disә'pru:vәl,n. 不赞成,cet6 toefl
disapprove,.disә'pru:v,v. 不赞成,cet4
disarm,dis'ɑ:m,"vt. 解除武装, 裁军, 缓和\nvi. 放下武器",toefl gre
disarrange,disә'reindʒ,"vt. 扰乱, 搅乱, 弄乱",toefl
disarray,.disә'rei,"vt. 弄乱, 使混乱, 使脱去衣服\nn. 无秩序, 杂乱, 不整齐的衣着",toefl ielts gre
disaster,di'zɑ:stә,"n. 灾祸, 不幸, 彻底失败",gk cet4 cet6 ky toefl ielts gre
disastrous,di'zɑ:strәs,"a. 损失惨重的, 悲伤的",cet6 ky toefl
disavow,.disә'vau,"vt. 否认, 否定, 拒绝对...承担责任\n[法] 不承认, 抵赖, 拒绝对...承担责任",gre
disband,dis'bænd,"vt. 解散, 遣散\nvi. 被解散",toefl gre
disbar,dis'bɑ:,vt. 剥夺律师资格,gre
disburse,dis'bә:s,"vt. 支付, 支出, 分配\n[经] 支付, 支出, 偿付",toefl gre
disc,disk,"n. 圆盘, 唱片\nvt. 灌唱片",ky ielts
discard,dis'kɑ:d,"vt. 丢弃, 抛弃\nvi. 垫牌\nn. 垫牌, 抛弃",cet4 cet6 ky toefl ielts gre
discern,di'zә:n,"v. 辨别, 看清楚, 了解",cet6 ky toefl ielts gre
discernible,"di's\\\\:nәbl,-'z\\\\:-","a. 看得清的, 可看出的, 可辨别的, 辨别得出的\n[计] 可识别的",toefl gre
discerning,di's\\\\:niŋ,"a. 有眼力的, 敏锐的, 有辨别能力的, 有洞察力的",toefl gre
discharge,dis'tʃɑ:dʒ,"vt. 卸下, 放出, 解雇, 拔染, 履行, 放电\nvi. 卸货, 流出\nn. 卸货, 流出, 放电",cet4 cet6 ky toefl ielts gre
disciple,di'saipl,"n. 弟子, 门徒",toefl gre
discipline,'disiplin,"n. 训练, 纪律\nvt. 训练, 惩罚",cet4 cet6 ky toefl ielts gre
disciplined,'disiplind,a. 遵守纪律的；受过训练的,toefl
disclaim,dis'kleim,"v. 放弃, 弃权, 拒绝承认",toefl gre
disclaimer,dis'kleimә,"n. 放弃, 拒负责任, 不承诺\n[经] 弃权或不申诉条款",gre
disclose,dis'klәuz,"vt. 揭露, 透露\n[法] 揭发, 揭露, 公开",cet4 cet6 ky ielts gre
disco,'diskәu,"n. 夜总会, 迪斯科, 的士高",ielts
discography,dis'kɔ^rәfi,[医] 椎间盘造影术,gre
discombobulate,.diskәm'bɒbjuleit,"vt. 使混乱, 使困惑, 使泄气",gre
discombobulated,",dɪskəm'bɒbjʊleɪt",vt. 使混乱；使泄气；使困惑,gre
discomfit,dis'kʌmfit,"vt. 打乱, 挫败, 使破灭",toefl gre
discomfited,dis'kʌmfitid,v. 使为难( discomfit的过去式和过去分词); 使狼狈; 使挫折; 挫败,gre
discomfiture,-fitʃә,"n. 失败, 狼狈, 困窘, 挫败, 败北",gre
discomfort,dis'kʌmfәt,"n. 困苦, 不适\n[医] 不舒适, 不舒, 烦闷, 不快活",toefl
discompose,.diskәm'pәuz,"vt. 使不安, 使烦乱, 使烦恼",toefl gre
disconcert,.diskәn'sә:t,"vt. 使困惑, 使仓皇失措, 打乱(计划等)",toefl gre
disconnect,.diskә'nekt,"vt. 使分离, 使不相连, 拆开\nvi. 断开\n[计] 断开",toefl
discontent,.diskәn'tent,n. 不满,toefl
discontented,.diskәn'tentid,a. 不满意的,cet6 toefl
discord,'diskɒ:d,"n. 不调和, 不和\nvi. 不一致, (声音)刺耳",toefl ielts gre
discount,'diskaunt,"n. 折扣, 贴现率\nvt. 打折扣\nvi. 贴现",gk cet4 cet6 ky toefl ielts gre
discourage,dis'kʌridʒ,"vt. 使气馁, 阻碍",gk cet4 cet6 ky toefl
discouraging,dis'kʌridʒiŋ,a. 令人气馁的,toefl
discourse,'diskɒ:s,"n. 谈话, 演讲\nvi. 谈话, 讲述",cet6 ky toefl gre
discover,dis'kʌvә,"vt. 发现, 找到, 暴露\nvi. 发现",zk gk cet4 cet6 ky
discovery,dis'kʌvәri,"n. 发现, 被发现的事物\n[法] 要求告知, 发现, 发觉",zk gk cet4 cet6 ky ielts
discredit,dis'kredit,"n. 无信用, 丢脸, 不名誉\nvt. 不信, 怀疑, 使丢脸",gre
discreet,dis'kri:t,"a. 小心的, 慎重的",ky toefl ielts gre
discrepancy,dis'krepәnsi,"n. 不符合, 差异, 不相符之处\n[化] 不符值; 偏差值",cet6 ky ielts gre
discrete,dis'kri:t,"a. 不连续的, 离散的\n[计] 离散的",cet6 toefl ielts gre
discretion,dis'kreʃәn,"n. 慎重, 辨别力, 考虑, 处理权\n[法] 有决定权的",toefl gre
discretionary,dis'kreʃәnәri,[计] 选择的,gre
discriminate,dis'krimineit,"v. 区别, 差别待遇",ky toefl ielts gre
discrimination,dis.krimi'neiʃәn,"n. 差别, 岐视, 辨别力\n[化] 鉴别",gk cet4 cet6 ky toefl
discriminatory,di'skriminәtәri; (?@) -tɔ:ri,"a. 有辨识力的, 有差别的",gre
discursive,dis'kә:siv,"a. 离题的, 东拉西扯的",gre
discuss,dis'kʌs,"vt. 讨论, 论述\n[医] 讨论, 辩论",zk gk
discussion,dis'kʌʃәn,n. 讨论,zk gk cet4 cet6 ielts
disdain,dis'dein,"n. 蔑视\nvt. 蔑视, 鄙弃",ky toefl ielts gre
disease,di'zi:z,"n. 疾病, 弊病\n[医] [疾]病",zk gk cet4 cet6 ky ielts
diseases,,n. 病害；疾病；疾病种类；病（disease的复数）,ielts
disembodied,disim'bɔdid,a. 脱离肉体的\n[医] 脱离躯壳的,gre
disembody,.disim'bɒdi,vt. 使脱离肉体,gre
disenchant,.disin'tʃɑ:nt,vt. 使清醒,gre
disengage,.disin'geidʒ,"vt. 使脱离, 使松开, 使摆脱约束(或义务等)\nvi. 脱离, 解脱",gre
disentangle,.disin'tængl,"vi. 解开纠结, 松开, 解决\nvt. 解开, 松开",gre
disfigure,dis'fi^ә,"vt. 毁损...的外形, 玷污, 损害, 毁损...的容貌\n[法] 损毁容颜, 破相",toefl gre
disfranchise,dis'fræntʃaiz,"vt. 剥夺公民权, 剥夺推举议员权, 夺权利\n[法] 剥夺公民权, 剥夺选举权, 终止特许权",gre
disgorge,dis'gɒ:dʒ,"vt. 吐出, 流注, 被迫交出\nvi. 呕吐",gre
disgrace,dis'greis,"n. 耻辱, 不名誉\nvt. 使受耻辱, 使失体面",cet6 ky toefl
disgruntle,dis'grʌntl,vt. 使不高兴,gre
disguise,dis'gaiz,"n. 假面目, 假装\nvt. 假装, 隐瞒",cet4 cet6 ky ielts gre
disgust,dis'gʌst,"n. 厌恶, 嫌恶\nvi. 令人厌恶\nvt. 使作呕",cet4 cet6 ky toefl ielts gre
disgusted,dis'ɡʌstid,a. 厌恶的；厌烦的,toefl
disgusting,dis'gʌstiŋ,a. 令人厌恶的,gk
dish,diʃ,"n. 盘子, 碟, 菜肴\n[医] 皿, 碟",zk gk
dishearten,dis'hɑ:tn,"vt. 使...气馁, 使...沮丧",gre
dishes,,n. 餐具,ielts
dishevel,di'ʃevl,"vt. 使蓬乱, 使头发凌乱",gre
disheveled,di'ʃevәld,"a. 凌乱的,不整洁的",gre
dishonour,dis'ɔnә,"n. 不名誉, 使人丢脸的人/事, 耻辱, 不光彩\nvt. 使丧失名誉, 使受耻辱, 使丢脸, 奸污, 拒收, 无法偿付, 拒付",cet4 cet6
disillusion,.disi'lu:ʒәn,"n. 觉醒, 幻灭\nvt. 使醒悟, 使幻想破灭",cet6 toefl gre
disillusioned,,"a. 幻想破灭了的, 大失所望的, 醒悟了的",cet6
disinfect,.disin'fekt,vt. 消毒\n[医] 消毒,gre
disinfectant,.disin'fektәnt,"a. 消毒的, 杀菌的\nn. 消毒剂, 杀菌剂",gre
disintegrate,dis'intigreit,"vt. (使)分解, (使)碎裂\n[医] 分解, 分裂, 蜕变",toefl gre
disinter,.disin'tә:,"vt. 掘出, 发掘, 使显露",gre
disinterested,dis'intristid,"a. 无私欲的, 廉洁的, 公平的",toefl gre
disjunction,dis'dʒʌŋkʃәn,"n. 分离, 分裂, 分断",gre
disjunctive,dis'dʒʌŋktiv,"a. 分离的, 分隔的\nn. 反意连接词, 选言命题",gre
disk,disk,"n. 圆盘, 磁盘\n[计] 磁盘",cet4 cet6
dislike,dis'laik,"n. 嫌恶\nvt. 讨厌, 不喜欢",gk cet4 cet6 ky
dislocate,'dislәukeit,"vt. 脱臼, 弄乱",gre
dislodge,dis'lɒdʒ,"vt. 逐出, 使移动, 驱逐\nvi. 离开原位",gre
dismal,'dizmәl,"a. 阴沉的, 凄凉的, 令人忧郁的\nn. 低落的情绪, 沼泽",toefl gre
dismantle,dis'mæntl,"vt. 拆除...的设备, 分解, 去除覆盖物",gre
dismay,dis'mei,"n. 沮丧\nvt. 使惊愕, 使气馁",cet6 ky toefl ielts gre
dismember,dis'membә,"vt. 割断手足, 支解, 分割",toefl
dismembered,dis'membəd,"v. 分割…的肢体, 肢解( dismember的过去式和过去分词); 身首异处",toefl
dismiss,dis'mis,"vt. 解散, 开除, 解职\nvi. 解散\n[计] 解散",zk gk cet4 cet6 ky toefl ielts
disobedience,.disә'bi:djәns,"n. 不服从, 不孝, 违反",cet6
disobey,.disә'bei,"v. 违反, 不服从",gk
disorder,dis'ɒ:dә,"n. 杂乱, 混乱\nvt. 扰乱, 使失调",cet4 cet6 ky ielts
disorganize,dis'ɒ:gәnaiz,"vt. 破坏组织, 使混乱, 瓦解",toefl
disorient,dis'ɒ:rient,"vt. 使失去方向, 使迷惑",cet6
disown,dis'әun,"vt. 否认\n[计] 不认, 驱逐",toefl
disparage,dis'pæridʒ,"vt. 蔑视, 贬损\n[法] 轻视, 贬低, 诽谤",toefl gre
disparate,'dispәrәt,"a. 根本不同的, 全异的, 不相干的\nn. 无法相比的东西(或人)",gre
disparity,dis'pæriti,"n. 不一致\n[医] 差异, 不等",gre
dispassionate,dis'pæʃәnit,"a. 冷静的, 不带感情的",gre
dispatch,dis'pætʃ,"vt. 派遣\nn. 派遣, 急件\n[计] 调度",cet6 toefl ielts gre
dispel,dis'pel,"vt. 驱散, 驱逐",ielts gre
dispensable,dis'pensәbl,"a. 不是必要的, 可有可无的",toefl gre
dispense,dis'pens,"vt. 分发, 分配\nvi. 特许, 豁免",cet6 toefl gre
dispersal,dis'pә:sl,"n. 散布, 传播, 分散",toefl
disperse,dis'pә:s,"vt. 分散, 传播, 散开\nvi. 分散\na. 分散的\n[计] 分散",cet6 ky toefl ielts gre
displace,dis'pleis,"vt. 移置, 替换, 转移",cet6 ky toefl ielts gre
displacement,dis'pleismәnt,"n. 换置, 移位, 移动, 取代\n[化] 顶替展开法",cet6 toefl
display,dis'plei,"n. 显示, 陈列, 炫耀, 显示器\nvt. 陈列, 显示, 表现, 夸示\n[计] 显示器; 显示",cet4 cet6 ky toefl ielts
displease,dis'pli:z,"v. 使不愉快, 使(人)生气",cet4 cet6
disport,dis'pɒ:t,"v. 玩耍, 娱乐\nn. 娱乐",gre
disposable,dis'pәuzәbl,"a. 可任意处理的\n[法] 可任意处理或处置的, 可自由使用的",gre
disposal,dis'pәuzәl,"n. 丢掉, 处理, 排列, 销毁, 布置\n[医] 处理, 处置",cet4 cet6 ky toefl ielts gre
dispose,dis'pәuz,"vt. 处理, 排列, 布置\nvi. 处置",cet4 cet6 ky toefl ielts gre
disposed,di'spәjzd,"a. 愿意, 倾向于",toefl gre
disposition,.dispә'ziʃәn,"n. 性情, 处置, 处理, 布置\n[医] 素因, 性情",cet6 ky toefl ielts gre
disproof,dis'pru:f,"n. 反证, 反驳\n[法] 反证, 反证物, 反驳",gre
disproportionate,.disprә'pɒ:ʃәnit,a. 不成比例的,cet6 toefl
disprove,.dis'pru:v,"vt. 证明...是不对的, 提出...的反证, 反驳\n[法] 证明...不成立, 反驳, 驳斥",toefl gre
dispute,dis'pju:t,n. 争论\nv. 争论,cet4 cet6 ky toefl ielts gre
disputes,disˈpju:ts,"n. 辩论( dispute的名词复数 ); 争端; （劳资）纠纷; 罢工\nv. 辩论, 争论( dispute的第三人称单数 ); 争夺; 阻止; 就…进行辩论",ielts
disquisition,.diskwi'ziʃәn,"n. 专题论文, 研究, 探讨",gre
disregard,.disri'gɑ:d,"n. 忽视, 漠视\nvt. 忽视, 不顾",cet6 ky toefl ielts gre
disreputable,dis'repjutәbl,"a. 名誉不好的, 不光彩的, 声名狼藉的",toefl
disrepute,.disri'pju:t,"n. 丧失名誉, 坏名声, 不名誉",toefl gre
disrespect,.disri'spekt,"n. 不敬, 失礼, 无礼",toefl
disrespectful,.disri'spektful,"a. 失礼的, 无礼的, 不尊敬的",toefl
disrupt,dis'rʌpt,"a. 分裂的, 中断的\nvt. 使分裂, 使瓦解",cet6 ky toefl ielts gre
disruptive,dis'rʌptiv,"a. 分裂的, 破坏(性)的\n[计] 击穿的, 中断的",cet6 gre
dissatisfaction,'dis.sætis'fækʃәn,"n. 不满, 不平",cet6
dissatisfy,dis'sætisfai,"vt. 使感觉不满, 不满足",cet4 cet6
dissect,di'sekt,"v. 解剖, 切开",toefl gre
dissection,di'sekʃәn,"n. 解剖, 切开\n[化] 解剖",gre
dissemble,di'sembl,"v. 掩饰, 假装不知道",toefl gre
disseminate,di'semineit,"vt. 散播, 传播, 宣传\nvi. 广为传播",toefl gre
dissension,di'senʃәn,"n. 意见不合, 纠纷, 争吵\n[法] 异议, 纷争",toefl
dissent,di'sent,"n. 异议\nvi. 持异议, 不同意",gre
dissenter,di'sentә,"n. 持异议者, 不同意者, 不顺从国教者",toefl
dissenting,di'sentiŋ,"[法] 不同意的, 不赞成的",toefl
dissertation,.disә'teiʃәn,n. 论文,toefl ielts gre
disservice,dis'sә:vis,"n. 伤害, 帮倒忙的行为",cet6
dissident,'disidәnt,"a. 意见不同的, 持不同政见的\nn. 意见不同的人, 持不同政见者",gre
dissimilar,di'similә,"a. 不同的, 相异的",toefl
dissimulate,di'simjuleit,"v. 掩饰, 假装, 装糊涂",toefl gre
dissipate,'disipeit,"vt. 散失, 驱散, 浪费\nvi. 消散, 放荡",cet6 ky toefl ielts gre
dissipated,'disipeitid,"a. 沉迷于酒色的, 闲游浪荡的, 消失的",toefl
dissociate,di'sәuʃieit,"v. 把...分开, 分离, 游离, 分裂",gre
dissociation,di.sәusi'eiʃәn,"n. 分解, 分离, 脱离关系\n[化] 离解; 离解作用",gre
dissolute,'disәljut,"a. 放荡的, 风流的",gre
dissolve,di'zɒlv,"v. 溶解, 解散",cet4 cet6 ky toefl ielts gre
dissonance,'disәnәns,"n. 不和谐音, 不一致, 不调和, 刺耳的声音\n[医] 不谐和",toefl
dissonant,'disәnәnt,"a. 不和谐的, 刺耳的, 不一致的",gre
dissuade,di'sweid,"vt. 劝阻\n[法] 劝阻, 劝止",gre
distain,dis'tein,"v. 使变色,弄脏,伤害名誉",gre
distal,'distәl,"a. 末梢的\n[医] 远侧的, 远中的(牙)",gre
distance,'distәns,"n. 距离, 远方, 遥远\n[计] 位距",gk cet4 cet6 ky toefl ielts
distant,'distәnt,"a. 远的, 疏远的\n[经] 远期的",gk cet4 cet6 ky toefl ielts gre
distasteful,dis'teistful,"a. 味道差的, 使人不愉快的, 讨厌的",toefl
distend,di'stend,"v. (使)膨胀, (使)扩张",toefl ielts gre
distension,dis'tenʃәn,"n. 扩张, 膨胀",gre
distent,dis'tent,"a. 膨胀的, 扩张的",toefl
distention,dis'tenʃәn,"n. 扩张, 膨胀\n[医] 膨胀, 扩张",gre
distil,,"vt.vi. 蒸馏, 提取...的精华, 用蒸馏法提取\nvi. 滴下, 渗出",cet6 ielts
distill,dis'til,vt. 蒸馏\nvi. 滴下,ky toefl gre
distillation,.disti'leiʃәn,n. 蒸馏\n[化] 蒸馏; 蒸馏法,toefl
distinct,dis'tiŋkt,"a. 清楚的, 显著的, 不同的",cet4 cet6 ky toefl ielts gre
distinction,dis'tiŋkʃәn,n. 区别,gk cet4 cet6 ky toefl ielts gre
distinctive,di'stiŋktiv,"a. 有特色的, 出众的",cet6 toefl gre
distinctively,dɪ'stɪŋktɪvlɪ,"adv. 区别地, 特殊地",toefl
distinctly,dis'tiŋktli,"adv. 显然地, 明显地, 清楚地",cet6 toefl
distinguish,dis'tiŋgwiʃ,"v. 区别, 辨别",gk cet4 cet6 ky toefl ielts
distinguished,dis'tiŋgwiʃt,"a. 卓著的, 著名的",toefl gre
distort,dis'tɒ:t,"vt. 扭曲, 歪曲\n[法] 歪区, 曲解, 纂改",cet6 ky toefl ielts gre
distortion,dis'tɒ:ʃәn,"n. 扭曲, 变形, 曲解\n[计] 畸变; 失真",cet6 toefl
distract,dis'trækt,"vt. 转移, 分心, 使发狂",cet6 ky toefl ielts gre
distracted,dis'træktid,a. 心烦意乱的,gre
distraction,dis'trækʃәn,"n. 娱乐, 分心的事物, 分心\n[医] 注意力分散, 内脱位, 牙弓过宽",ielts
distrait,dis'trei,a. 心不在焉的,gre
distraught,dis'trɒ:t,"a. 烦恼的, 心烦意乱的, 发狂的",gre
distress,di'stres,"n. 苦恼, 贫困, 痛苦\nvt. 使苦恼\na. 亏本出售的",cet4 cet6 ky toefl ielts gre
distribute,di'stribju:t,"vt. 分配, 散布, 分发\n[经] 分配, 分发",gk cet4 cet6 ky toefl ielts gre
distribution,.distrә'bju:ʃәn,n. 分配\n[计] 分布,cet4 cet6 toefl ielts
district,'distrikt,"n. 区域, 地方\n[医] 地区, 地段",gk cet4 cet6 ky toefl gre
disturb,dis'tә:b,"vt. 扰乱, 妨碍, 使不安\n[法] 滋扰, 扰乱",zk gk cet4 cet6 ky toefl ielts
disturbance,dis'tә:bәns,"n. 扰乱, 不安, 忧虑\n[化] 扰动; 干扰; 失调",cet6 ky toefl ielts
disturbing,dis'tә:biŋ,"a. 引起烦恼的, 令人不安的",gk
disunite,.disju'nait,"vt. 使分离, 使不和",toefl
ditch,ditʃ,n. 沟渠\nvt. 在...开沟\nvi. 开沟,cet4 cet6 ky toefl ielts gre
ditty,'diti,"n. 小调, 小曲",gre
diurnal,dai'ә:nl,"a. 每日的, 一日间的, 白天的\n[医] 昼现的(丝虫), 昼间的",gre
diva,'di:vә,"n. 歌剧女主角/首席女主角, 主要女歌手",gre
divagate,'daivә^eit,"v. 流浪, 漫游,离题",gre
dive,daiv,"n. 潜水, 跳水\nvi. 跳水, 俯冲, 猛冲\nvt. 把...突然伸入",gk cet4 cet6 ky toefl
diver,'daivә,n. 潜水者,toefl gre
diverge,dai'vә:dʒ,"vi. 分歧, 岔开\nvt. 使岔开",cet6 toefl gre
divergence,dai'vә:dʒәns,n. 分歧\n[计] 分散度,toefl
divergent,dai'vә:dʒәnt,"a. 有分歧的\n[医] 散开的, 偏斜的",toefl gre
diverse,dai'vә:s,"a. 不同的, 变化多的",gk cet4 cet6 ky toefl ielts gre
diversification,daivә:sifi'keiʃәn,"n. 变化, 多样化\n[经] 分散",toefl
diversified,dai'vә:sifaid,"a. 多样化的, 各种的",toefl
diversify,dai'vә:sifai,"vt. 使多样化, 使变化",cet6 toefl
diversion,dai'vә:ʒәn,n. 转移\n[医] 转向,cet6 ky toefl ielts
diversity,dai'vә:siti,"n. 差异, 多样性\n[化] 多样性",toefl gre
divert,dai'vә:t,"vt. 转移, 使欢娱\nvi. 转移",cet6 ky toefl ielts gre
divest,dai'vest,"vt. 使摆脱, 使脱去, 夺去\n[经] 取消权力",gre
divestiture,dai'vestitʃә,"n. 剥夺, 脱衣\n[法] 剥夺",gre
divide,di'vaid,"vi. 分开, 分配, 分裂\nvt. 分, 分开, 分裂, 除\nn. 分配, 分水岭\n[计] 除",zk gk cet4 ky toefl
dividend,'dividend,"n. 被除数, 股利\n[计] 被除数",ky ielts
divine,di'vain,"a. 神的, 神圣的, 非凡的\nn. 神学家",cet6 ky ielts gre
division,di'viʒәn,"n. 分, 分开, 除法, 部门(如部、处、系等), 师\n[计] 部分",gk cet4 cet6 ky toefl
divorce,di'vɒ:s,n. 离婚\nvt. 与...离婚,gk cet4 cet6 ky toefl ielts
divulge,di'vʌldʒ,"vt. 泄露, 透露",toefl gre
dizziness,'dizinis,"n. 头昏眼花\n[医] 头晕, 头昏",toefl
dizzy,'dizi,"a. 晕眩的, 眼花缭乱的\nvt. 使晕眩",gk cet6 ky toefl ielts
dizzying,'dizi:iŋ,a. 令人昏乱的；极快的；灿烂的,toefl
do,du:,"v. 做, 进行, 完成",zk gk
docile,'dәusail,"a. 容易教的, 温顺的",toefl gre
dock,dɒk,"n. 码头, 船坞, 被告席, 尾巴的骨肉部分\nvt. 使靠码头, 使(船)进港, 剪短\nvi. 进港",cet4 cet6 ky ielts gre
doctor,'dɒktә,"n. 医生, 博士\nvt. 授以博士学位, 诊断, 修改\nvi. 行医",zk gk ielts
doctorate,'dɒktәrit,n. 博士头衔,ky
doctors,,n. 医生（doctor的复数）,ielts
doctrinaire,.dɒktri'nєә,"n. 空论家, 纯理论家, 教条主义者\na. 空谈理论的, 脱离实际的",gre
doctrine,'dɒktrin,"n. 教条, 学说\n[医] 学说",cet6 toefl ielts gre
document,'dɒkjumәnt,"n. 文件, 公文, 文档\nvt. 证明, 为...引证\n[计] 文档",gk cet4 cet6 ky toefl gre
documentary,.dɒkju'mentәri,n. 记录片\na. 文件的,cet6 ky toefl
documentation,.dɒkjumen'teiʃәn,"n. (总称)文件\n[计] 文件编制, 文档",toefl
documents,,n. 文档（document的复数形式）,ielts
dodder,'dɒdә,"vi. 摇摆, 蹒跚\nn. 菟丝子",gre
dodge,dɒdʒ,"v. 避开, 躲避\nn. 诡计, 躲藏",toefl ielts gre
does,dʌz; dәz,v. 做；工作；有用（do的第三人称单数形式）,gk
doff,dɒf,"vt. 脱, 丢弃, 摆脱",gre
dog,dɒg,"n. 狗, 坏蛋\nvt. 跟踪, 尾随",zk gk
dogged,'dɒgid,"a. 顽固的, 顽强的",toefl gre
doggerel,'dɒgәrәl,n. 打油诗,gre
doggo,'dɔɡәu,adv. 隐秘地；躲藏地；一动也不动地,gre
dogma,'dɒgmә,n. 教条,toefl gre
dogmatic,dɒg'mætik,"a. 教条的, 武断的",toefl
dogmatism,'dɒgmәtizm,"n. 武断, 教条主义",gre
doldrums,'dɒldrәmz,"n. 忧郁, 赤道无风带",gre
dole,dәul,"n. 救济品, 失业救济金\nvt. 发放救济",ielts
doleful,'dәulful,"a. 悲哀的, 忧郁的, 阴沉的",toefl gre
doll,dɒl,"n. 洋娃娃, 无头脑的美丽女人",zk gk ky toefl
dollar,'dɒlә,"n. 美元, 元(加、澳等国货币单位)\n[经] 纯经济的, 美元, 元",zk gk
dolorous,'dɒlәrәs,"a. 忧伤的, 悲痛的",toefl gre
dolphin,'dɒlfin,n. 海豚,toefl
dolt,dәult,"n. 呆子, 笨蛋, 傻瓜",gre
domain,dәu'mein,"n. 领域, 领土, 产业, 范围\n[计] 域, 区域, 支配命令",cet6 ky toefl ielts gre
dome,dәum,n. 圆顶\nvt. 加圆顶\nvi. 成圆顶状,cet6 ky ielts gre
domestic,dәu'mestik,"a. 家庭的, 国内的, 驯养的\n[医] 家庭的, 家用的",cet4 cet6 ky toefl ielts
domesticate,dәu'mestikeit,"vt. 养驯, 引进(外来词等), 教化",toefl gre
domesticated,dəʊ'mestɪkeɪtɪd,a. 喜欢家庭生活的; （指动物）被驯养了的\nv. 驯化( domesticate的过去式和过去分词 ),toefl
domicile,'dɒmisail,"n. 住所, 住宅\nv. (使)定居",gre
dominant,'dɒminәnt,"a. 占优势的, 支配的\n[医] 优性的, 显性的",cet6 ky toefl ielts gre
dominate,'dɒmineit,"v. 支配, 占优势",cet4 cet6 ky toefl ielts gre
domination,.dɒmi'neiʃәn,"n. 支配, 控制, 管辖",gre
dominion,dә'minjәn,"n. 领土, 主权, 统治\n[法] 统治权, 主权, 统治",toefl
donate,'dәuneit,v. 捐赠,cet6 ky toefl ielts gre
donation,dәu'neiʃәn,"n. 捐赠物, 捐款, 捐赠\n[经] 赠品, 捐款, 捐赠",toefl ielts
donations,,n. 捐款；捐赠（donation的复数）,ielts
donkey,'dɒŋki,"n. 驴子, 笨蛋, 顽固者, 辅助发动机, 辅助泵",cet4 ky
donor,'dәunә,n. 捐赠人\n[化] 给体; 供体,toefl gre
doodle,'du:dl,"vi. 涂鸦, 混时间\nn. 傻子",gre
doom,du:m,"n. 厄运, 不幸, 法律, 宣告, 判决, 死亡\nvt. 命中注定, 判决",cet6 ky toefl ielts
door,dɒ:,n. 门,zk gk
doors,,n. 大门；入口；通道（door的复数）,ielts
doorway,'dɒ:wei,"n. 门口, 途径",ky
dorm,dɒ:m,n. 宿舍,cet4 cet6 ky
dormancy,'dɒ:mәnsi,"n. 不活动性, 休眠, 蛰伏\n[医] 休眠, 不活动, 休止",gre
dormant,'dɒ:mәnt,"a. 睡眠状态的, 静止的\n[医] 休眠的, 不活动的, 休止的",cet6 ky toefl ielts gre
dormitory,'dɒ:mitәri,n. 宿舍,gk cet4 cet6 toefl
dorsal,'dɒ:sәl,"a. 背的, 背部的, 背侧的\n[医] 背的, 背侧的",toefl gre
dose,dәus,"n. 剂量, 服用量\nvt. 给药, (用药)医治\nvi. 服药",cet4 cet6 ky ielts gre
dossier,'dɒsiei,"n. 档案, 卷宗\n[医] 病历表册, 病历夹",gre
dot,dɒt,"n. 点, 圆点, 小数点, 小东西, 嫁妆\nvt. 作小点记号, 加小点于\nvi. 打上点\n[计] 点",gk cet4 ky toefl ielts
dotage,'dɒtidʒ,"n. 老耄, 老迷糊, 溺爱\n[医] 衰老, 老耄",gre
dote,dәut,"vi. 昏聩, 溺爱",gre
doting,'dәutiŋ,"a. 偏爱的, 溺爱的",gre
double,'dʌbl,"n. 两倍\na. 两倍的, 双重的\nvt. 使加倍\nvi. 加倍, 代替, 快步走\n[计] 双精度型",zk gk ielts
double-cross,,"vt. 欺骗, 出卖",gre
doubt,daut,"n. 怀疑, 疑惑\nv. 怀疑, 不信",zk gk cet4 cet6 ky toefl
doubtful,'dautful,"a. 可疑的, 疑心的, 不明确的\n[法] 怀疑的, 有疑问的, 未确的",cet4 cet6 toefl ielts
doubtless,'dautlis,"a. 无疑的, 确定的\nadv. 无疑地, 确定地",cet4 cet6 ielts
dour,duә,"a. 阴沉的, 严厉的, 顽强的",gre
douse,daus,"vt. 插入水中, 浇(或洒、泼)水在...上, 熄(灯、火等), 平息\nvi. 浸泡\nn. 泼洒",gre
dove,dʌv,n. 鸽子\ndive的过去式,cet6 ky
dowdy,'daudi,"a. 过时的, 懒散的\nn. 懒散女人, 邋遢女人",gre
down,daun,"a. 向下的\nadv. 下, 下去, 降下\nprep. 往下, 沿着\nn. 丘陵, 软毛, 开阔的高地\n[计] 向下, 退下命令",zk gk toefl gre
down-to-earth,,a. 实际的,gre
downcast,'daunkɑ:st,"a. 气馁的, 沮丧的",toefl
download,,"[计] 卸载, 下栽",gk
downplay,'daunplei,vt. 不予重视,gre
downpour,'daunpɔ:,n. 倾盆大雨；注下,ielts gre
downstairs,'daun'stєәz,n. 楼下\na. 楼下的\nadv. 在楼下,zk gk cet4 ky
downtown,'daun'taun,n. 市中心区\na. 市中心的\nadv. 往闹市区,gk ky toefl ielts
downturn,'dauntә:n,"n. (尤指经济方面的)衰退, 下降趋势\n[电] 低迷时期",cet6
downward,'daunwәd,a. 向下的,gk cet4 cet6 ky
dowry,'dauәri,"n. 嫁妆\n[法] 陪嫁物, 嫁妆",gre
doyen,'dɒiәn,"n. 老资格, 首席, 老前辈\n[法] 领袖, 首席",gre
doze,dәuz,"vi. 打瞌睡, 假寐\nvt. 打瞌睡度过\nn. 瞌睡",ky toefl ielts gre
dozen,'dʌzn,"n. 打, 十二个\na. 一打的",zk gk cet4 ky
Dr,,"n. 博士, 医生\n[医] 英钱",gk
drab,dræb,"a. 土褐色的, 单调的",gre
draconian,drә'kәjniәn,"a. 严厉的, 残酷的",gre
draft,dræft. drɑ:ft,"n. 气流, 草稿, 汇票, 草案\nvt. 起草, 征兵\n[计] 草稿",gk cet4 cet6 ky toefl ielts gre
draftsmanship,'drɑ:ftsmәnʃip; 'dræft-,n. 制图术,gre
drag,dræg,"n. 拖, 拖累\nv. 拖累, 拖拉, 沉重缓慢地走, 拖动\n[计] 拖动",gk cet4 cet6 ky toefl
dragon,'drægәn,"n. 龙, 凶暴的人\n[法] 凶恶的人, 凶恶严厉的监护人",cet4 cet6 ky
dragonfly,'drægәnflai,n. 蜻蜓,toefl
drain,drein,"n. 排水沟, 消耗, 排水\nvt. 排出, 喝光, 耗尽\nvi. 排水, 流干",cet4 cet6 ky toefl ielts gre
drainage,'dreinidʒ,"n. 排水\n[医] 引流[法], 导液[法], 排水[设备]",cet6 toefl ielts gre
drama,'drɑ:mә,"n. 戏剧, 戏剧艺术",cet4 cet6 ky toefl ielts
dramatic,drә'mætik,"a. 戏剧性的, 生动的",cet4 cet6 ky toefl ielts
dramatically,drә'mætikli,"adv. 戏剧地, 引人注目地, 突然地",toefl
dramatize,'dræmәtaiz,"vt. 改编成戏剧, 编写剧本\nvi. 戏剧化",ky toefl
drastic,'dræstik,"a. 激烈的\n[医] 峻泻药, 剧烈的",cet6 ky toefl ielts gre
draw,drɒ:,"vi. 拉, 拖, 拔剑\nvt. 拖拉, 挨近, 领取, 打成平局, 引导, 抽签决定, 画, 描写, 制订, 草拟, 吸引\nn. 拉, 拖, 拔出, 抽签, 平局\n[计] 翻牌, 绘图",zk gk toefl
drawback,'drɒ:bæk,"n. 缺点, 退税\n[法] 退款, 退税",gk cet6 ky toefl ielts
drawbridge,'drɒ:bridʒ,n. (可开闭的)吊桥,gre
drawer,'drɒ:ә,"n. 抽屉, 开票人\n[计] 抽屉",zk gk cet4 cet6 ky toefl ielts
drawing,'drɒ:iŋ,"n. 图画, 制图, 拉\n[计] 绘图",gk cet4 cet6 ky toefl
drawl,drɒ:l,"v. 慢吞吞地说, 故意拉长调子讲话\nn. 慢吞吞拉长调子的说话方式",gre
draws,,n. 铸件孔穴；图画（draw的复数）,ielts
dread,dred,"n. 恐惧, 可怕的人(或事)\na. 可怕的, 可怖的\nv. 恐惧, 害怕",cet4 cet6 ky toefl ielts
dreadful,'dredful,a. 可怕的,cet6 toefl ielts
dreadfully,'dredfjli,"adv. (非正式)非常, 可怕地, 令人惊骇地",toefl
dream,dri:m,"n. 梦, 空想, 愿望\nv. 做梦, 想象, 梦想",zk gk cet4 cet6 ky
dreary,'driәri,a. 沉闷的,toefl ielts gre
dregs,dre^z,n. 少量；渣滓；沉淀物（dreg的复数）,gre
drench,drentʃ,"vt. 使湿透, 使充满\nn. 滂沱大雨, 弄湿",ielts gre
drenched,drentʃd,a. 湿透的; 充满的\nv. 使湿透( drench的过去式和过去分词 ); 在某人（某物）上大量使用（某液体）,gre
dress,dres,"n. 服装, 覆盖物\nvi. 穿着\nvt. 给...穿衣, 整理",zk gk ielts
dressing,'dresiŋ,"n. 调味品, 穿衣, 化妆\n[化] 追肥",ielts
dribble,'dribl,"vi. 流口水, 滴下\nvt. 使滴下, 运球\nn. 点滴, 口水, 少量",gre
drier,'draiә,"n. 干燥机, 干燥剂\n[化] 干燥剂; 催干剂; 干燥设备; 干燥器; 烘缸",gk
drift,drift,"n. 漂流物, 漂流, 动向\nv. (使)漂流",cet4 cet6 ky toefl ielts
driftwood,'driftwud,"n. 漂流木, 浮木",toefl
drill,dril,"n. 钻孔机, 钻子, 播种机, 粗斜纹布\nv. 训练, 钻孔",gk cet4 cet6 ky toefl ielts gre
drink,driŋk,"n. 饮料, 酒\nv. 喝, 喝酒",zk gk
drinking,'driŋkiŋ,"n. 喝, 喝酒",ielts
drinks,,"n. 饮料, 饮品；喝酒（drink复数）",ielts
drip,drip,n. 水滴\nv. (使)滴下,cet4 cet6 ky toefl
dripstone,'dripstәun,n. 滴水石,toefl
drive,draiv,"n. 驾车, 快车道, 推进力, 驱动, 动力, 击球, 驱动器\nvt. 开车, 驱使, 推动, 驾驶\nvi. 开车, 猛击, 飞跑\n[计] 驱动器",zk gk
drivel,'drivәl,"vi. 淌口水, 说傻话\nvt. 胡说\nn. 胡言乱语, 糊涂话",gre
driver,'draivә,"n. 驾驶员, 驱动器, 驱动程序\n[化] 驱动器",zk gk ielts
driving,'draiviŋ,"n. 赶, 操纵, 驾驶\na. 推进的, 强劲的, 精力旺盛的",ielts
drizzle,'drizl,n. 细雨\nv. 下毛毛雨,toefl gre
drizzly,'drizli,a. 下毛毛雨的,gre
droll,drɒl,"a. 好笑的, 滑稽的, 逗趣的",gre
drollery,'drɒlәri,n. 玩笑,gre
drone,drәun,"n. 雄蜂, 懒惰者, 嗡嗡的声音, 无人驾驶飞机(或船)\nvi. 嗡嗡作声, 混日子\nvt. 低沉地说",gre
droop,dru:p,"vi. 下垂, 消沉\nvt. 使下垂\nn. 低垂, 消沉",gre
drop,drɒp,"n. 滴, 微量, 落下, 空投\nvi. 放下, 掉下, 下降\nvt. 使滴下, 放下, 丢失, 遗漏\n[计] 投入, 投入点, 接入点, 分接点",zk gk cet4 cet6 ky ielts
drop-off,'drɔpɔf,"n. 下降, 减少",ielts
drop-out,"'drɔp,aut","[计] 漏失信息; 丢""1""",ielts
droplet,'drɒplit,n. 小滴\n[医] 小滴,toefl gre
dropout,'drɒpaut,"n. 退学学生, 中途退学\n[电] 离去",ielts
dross,drɒs,"n. 浮渣, 碎屑, 渣滓\n[化] 浮渣",gre
drought,draut,"n. 干旱, 缺乏",cet4 cet6 ky toefl ielts gre
drove,drәuv,n. 畜群\ndrive的过去式,gre
drown,draun,"vi. 淹死\nvt. 把...淹死, 淹没",gk cet4 cet6 ky ielts
drowse,drauz,n. 瞌睡\nvi. 打瞌睡\nvt. 使瞌睡,ielts
drowsiness,'drauzinis,"n. 睡意\n[医] 倦睡, 瞌睡",ielts
drowsy,'drauzi,"a. 昏昏欲睡的\n[医] 倦睡的, 瞌睡的",toefl
drub,drʌb,"vt. 用棒打, 殴打, 硬灌(观念等)\nvi. 敲击",toefl
drudgery,'drʌdʒәri,"n. 苦差事, 苦工",toefl ielts gre
drug,drʌg,"n. 药, 麻药, 麻醉药\nvi. 吸毒\nvt. 使服麻醉药, 使麻木",zk gk cet4 cet6 ky
drugs,,"n. 毒品, 药物",ielts
drum,drʌm,"n. 鼓, 鼓声\nvi. 击鼓, 作鼓声\nvt. 打鼓奏出\n[计] 磁鼓",zk gk cet4 cet6 ky
drunk,drʌŋk,a. 喝醉了的\ndrink的过去式,gk cet4 cet6 ky
dry,drai,"a. 干的, 无酒的, 枯燥无味的, 干燥的\nvt. 把...弄干\nvi. 变干\nn. 干, 干涸",zk gk
dual,'dju:әl,"a. 双重的, 双的\nn. 双数",toefl ielts gre
dub,dʌb,"vt. 配音, 轻点, 授予称号, 击\nn. 一下击鼓声, 笨蛋",ielts
dubious,'dju:biәs,"a. 可疑的, 不确定的",cet6 ky toefl ielts gre
duck,dʌk,"n. 鸭子\nvi. 没入水中, 闪避\nvt. 猛按...入水, 躲避",zk gk cet4 cet6 ky
duckling,'dʌkliŋ,n. 小鸭子,gre
duct,dʌkt,"n. 管, 输送管\nvt. 通过管道输送",gre
ductile,'dʌktail,"a. 易延展的, 韧性的, 易教导的\n[医] 延伸性的",toefl gre
due,dju:,"n. 应得的东西, 应付款\na. 到期的, 应得的, 应付的, 约定的",gk cet4 cet6 ky toefl ielts
duel,'dju:әl,"n. 决斗, 斗争\nvi. 决斗",gre
dues,,"n. 税, 应付款, 该缴之款\n[经] 会费, 捐费, 手续费",toefl
duet,dju:'et,n. 二重奏,gre
duke,dju:k,n. 公爵,cet6
dulcet,'dʌlsit,"a. 悦目的, 美妙的, 美味的, 悦耳的",gre
dull,dʌl,"a. 钝的, 无趣的, 呆滞的, 阴暗的\nvt. 使迟钝, 使阴暗, 缓和\nvi. 变迟钝, 减少",gk cet4 cet6 ky toefl ielts gre
dullard,'dʌlәd,"n. 蠢人, 笨蛋",gre
dully,'dʌli,"adv. 钝地, 迟钝地, 不清楚地",cet6
duly,'dju:li,"adv. 恰当地, 充分地, 适当地, 及时地",ielts
dumb,dʌm,"a. 哑的, 不说话的, 无声音的\n[医] 哑的",cet4 cet6 ky toefl ielts
dumbfound,dʌm'fajnd,vt. 使...惊讶得发呆,gre
dummy,'dʌmi,"n. 傀儡, 假人, 仿制品\na. 虚设的, 假的, 名义上的",gre
dump,dʌmp,"n. 垃圾场\nvt. 倾倒, 倾销\nvi. 倒垃圾, 倾销商品\n[计] 转出; 转储; 倾卸; 切断电源",cet4 cet6 ky toefl ielts
dumpling,'dʌmpliŋ,"n. 面团布丁, 团子",zk gk
dunce,dʌns,"n. 智力迟钝的学生, 傻瓜",toefl gre
dune,dju:n,n. 沙丘,gre
dungeon,'dʌndʒәn,n. 地牢,toefl
dupe,dju:p,"n. 傻瓜, 易受骗的人\nvt. 欺骗, 愚弄",gre
duplicate,'dju:plikeit,"n. 副本, 复本, 复制品\na. 复制的, 二重的\nvt. 复制, 使加倍\n[计] 复制",cet6 ky toefl ielts
duplicitous,dju:'plisitәs,a. 奸诈的；双重的；搞两面派的,gre
duplicity,dju:'plisiti,"n. 口是心非, 不诚实, 表里不一\n[医] 并胚, 双畸胎, 联胎",gre
durable,'djurәbl,"a. 持久的, 耐用的",cet4 cet6 ky toefl ielts
duration,dju'reiʃәn,"n. 持续时间, 持续\n[计] 持续时间",cet4 cet6 ky toefl ielts gre
duress,djuә'reis,"n. 强迫, 监禁\n[法] 强迫, 威胁, 监禁",gre
during,'djuәriŋ,prep. 在...的时候,zk gk
dusk,dʌsk,"n. 薄暮, 傍晚, 黄昏\na. 微暗的\nv. (使)微暗",gk cet4 cet6 ky
dusky,'dʌski,"a. 微暗的, 暗淡的, 暗黑色的, 多黑影的, 黑黝黝的, 微黑色的, 忧郁的",toefl
dust,dʌst,"n. 灰尘, 尘埃, 粉末, 花粉, 土, 骚乱\nvt. 拂去灰尘, 撒, 弄成粉末\nvi. 拂去灰尘, 化为粉末",gk cet4 cet6 ky ielts
dustbin,'dʌstbin,n. 垃圾箱,gk
dusty,'dʌsti,"a. 灰尘多的, 无聊的, 含糊的, 粉末状的",gk
duties,,n. 关税（duty的复数）,ielts
dutiful,'dju:tiful,"a. 尽职的, 忠实的, 顺从的, 守本分的",gre
duty,'dju:ti,"n. 责任, 关税, 职务, 尊敬\n[化] 职责",zk gk cet4 cet6 ky ielts
dvd,,abbr. 数字化视频光盘（Digital Video Disk）,zk gk
dwarf,dwɒ:f,"n. 矮子, 侏儒\nv. (使)变矮小",cet6 ky toefl ielts gre
dwell,dwel,"vi. 居住, 居住(于), 存在(于)",cet6 ky toefl ielts
dweller,'dwelә,n. 居民,toefl
dwelling,'dweliŋ,n. 住处\n[医] 住房,cet4 cet6 ky toefl gre
dwindle,'dwindl,"vi. 减少, 缩小, 衰落\nvt. 使缩小",toefl ielts gre
dye,dai,"n. 颜料, 染料\nvt. 染, 染色\nvi. 被着色",cet4 cet6 ky toefl
dying,'daiiŋ,"a. 垂死的\n[法] 快要死的, 垂死的, 临终的",cet4 cet6
dynamic,dai'næmik,"a. 动态的, 有活力的, 有力的, 动力的, 不断变化的\nn. 动力, 动态\n[计] 动态的",gk cet4 cet6 ky toefl ielts gre
dynamical,dai'næmikәl,"a. 动力的, 动态的, 动力学的, (褒)有生气的, 有力的, 能动的, 精悍的, 机能上的\nn. 动力, 动态, 原动力\n[计] 动态的",cet6
dynamics,dai'næmiks,n. 动力学\n[化] 动力学,toefl
dynamo,'dainәmәu,"n. 发电机\n[医] 电机, 发电机",cet6 gre
dynasty,'dainæsti,"n. 朝代, 王朝",gk ky
dysfunctional,dɪsˈfʌŋkʃənl,a. 功能失调的,gre
dyslexia,dis'leksiә,n. 诵读困难\n[医] 诵读困难,gre
dyspeptic,dis'peptik,"a. 消化不良的, 引起消化不良的, 患消化不良的\nn. 消化不良者",gre
each,i:tʃ,"a. 每个, 每一\nadv. 每个\npron. 每个, 个人, 各自",zk gk
eager,'i:gә,"a. 热心的, 渴望的, 热望的",gk cet4 cet6 ky toefl
eagle,'i:gl,"n. 鹰, 鹰状标饰",gk cet4 cet6 ky ielts
eaglet,'i:glit,n. 小鹰,gre
ear,iә,"n. 耳朵, 倾听, 听觉, 穗\nvi. 抽穗",zk gk
early,'ә:li,"a. 早的, 早熟的\nadv. 很早, 初",zk gk
earn,ә:n,"vt. 赚得, 获得, 博得\n[计] 欧州科学研究网",gk cet4 ky
earnest,'ә:nist,"n. 定金, 诚挚, 认真\na. 认真的, 热心的, 重要的",cet4 cet6 ky toefl gre
earnings,'ә:niŋ,"n. 所赚的钱, 工资, 收入\n[经] 工资, 收入, 收益, 盈余",cet6
earplug,'iәplʌg,n. 耳塞\n[医] 耳塞,gre
earring,'iәriŋ,"n. 耳环, 耳饰",gre
earshot,'iәʃɒt,"n. 听力所及之范围, 可听距离",gre
earsplitting,'iәsplitiŋ,a. 震耳欲聋的,gre
earth,ә:θ,"n. 地球, 泥土, 世界, 尘世\nvt. 埋入土中, 赶入洞内\nvi. 躲入洞内",zk gk
earthenware,'ә:θәnweә,n. 陶器\n[化] 陶器; 土器,cet6 toefl
earthly,'ә:θli,"a. 地球的, 俗世的, 可能的",gre
earthquake,'ә:θkweik,n. 地震,gk cet4 cet6 ky toefl
earthshaking,'ә:θ.ʃeikiŋ,a. 惊天动地的,gre
earthy,'ә:θi,"a. 土的, 土质的, 土味的",gre
ease,i:z,"n. 安乐, 安逸, 悠闲\nvt. 使安乐, 使安心, 减轻, 放松\nvi. 减轻, 放松, 灵活地移动",gk cet4 cet6 ky ielts
easel,'i:zәl,"n. 画架, 黑板架",gre
easily,'i:zili,"adv. 容易地, 轻易地, 流利地",gk cet4
east,i:st,"n. 东方, 东\na. 东方的, 向东的\nadv. 向东方, 朝东方",zk gk
Easter,'i:stә,n. 复活节,gk ky ielts
eastern,'i:stәn,"n. 东方人, 东正教徒\na. 东方的, 向东的, 自东的",gk cet4 ky ielts
eastward,'i:stwәd,n. 朝东方向\na. 向东方的\nadv. 向东,cet6
eastwards,'i:stwәdz,adv. 向东方地,gk
easy,'i:zi,"a. 容易的, 缓缓的, 舒适的, 从容的, 宽容的, 流畅的, 随便的, 自在的, 疲软的\nadv. 容易地, 慢慢地",zk gk
eat,i:t,"v. 吃, 腐蚀",zk gk
eavesdrop,'i:vzdrɒp,"v. 偷听\nn. 屋檐水, 偷听",gre
ebb,eb,"n. 退潮, 衰退\nvi. 潮退, 衰退",ky toefl gre
ebullience,i'bʌljәns,"n. 沸腾, 热情, 热情洋溢\n[医] 沸腾",gre
eccentric,ik'sentrik,"n. 怪人, 偏心圆\na. 古怪的, 反常的, 不同圆心的",cet6 ky toefl ielts gre
eccentricity,.eksen'trisiti,"n. 古怪, 古怪行为, 怪癖\n[化] 偏心度; 偏心距; 偏心率",toefl
ecdysis,'ekdisis,"n. 蜕皮, 蜕化\n[医] 蜕皮, 换羽",gre
echo,'ekәu,"n. 回声, 回音, 回波\nvi. 发回声, 随声附和\nvt. 摹仿, 重复, 反射\n[计] 回显; DOS批处理命令:控制MS-DOS命令是否在屏幕上显示",cet4 cet6 ky toefl ielts
eclat,,"n. 大成功, 喝采",toefl
eclectic,ek'lektik,"n. 折衷主义者\na. 选择的, 折衷的",gre
eclecticism,ek'lektisizm,"n. 折衷派, 折衷主义, 折衷说\n[医] 折衷[主义]医学",toefl gre
eclipse,i'klips,"n. 日食, 月食, (地位名誉等的)消失\nvt. 引起日食, 引起月食, 使黯然失色",cet6 ky toefl ielts
eclogue,'eklɒg,"n. 牧歌, 田园诗",gre
ecological,.i:kә'lɒdʒikәl,"a. 生态学的, 主张生态保护的\n[法] 生态的, 生态学的",toefl
ecologist,i:'kɒlәdʒist,n. 生态学者,toefl gre
ecology,i:'kɒlәdʒi,"n. 生态学, 社会生态学\n[化] 生态学",gk cet6 ky toefl ielts
economic,.i:kә'nɒmik,"a. 经济上的, 实用的, 节省的\n[经] 经济的",cet4 cet6 ky toefl ielts
economical,.i:kә'nɒmikәl,"a. 节俭的, 经济的, 合算的\n[经] 经济的, 节约的",cet4 cet6 ky toefl ielts gre
economically,i:kә'nɔmikәli,"adv. 节约地, 不浪费地, 节省地, 节俭地, 在经济上, 在经济学上",cet6
economics,.i:kә'nɒmiks,n. 经济学\n[经] 经济学,cet4 cet6 ky toefl ielts
economize,i'kɒnәmaiz,"v. 节约, 节省, 有效地利用",toefl
economy,i'kɒnәmi,"n. 经济, 理财, 节约\n[医] 经济, 整体",cet4 cet6 ky ielts
ecosystem,'i:kәu.sistәm,n. 生态系统\n[医] 生态系,cet6 toefl
ecstasy,'ekstәsi,"n. 狂喜, 心醉神迷, 忘形\n[医] 入迷",toefl gre
ecstatic,ik'stætik,n. 狂喜的人\na. 狂喜的,gre
ecumenical,",i:kju(:)'menikәl","a. 一般的, 普遍的, 全基督教的, 泛基督教主义的",gre
eddy,'edi,"n. 逆流, 漩涡\nv. (使)起漩涡",ielts gre
edentate,i:'denteit,"a. 无齿的, 贫齿目的\nn. 贫齿目动物",toefl
edge,edʒ,"n. 边缘, 尖锐, 刀刃, 优势\nvt. 使锐利, 挤进, 镶边\nvi. 缓缓移动",zk gk cet4 cet6 ky toefl ielts
edible,'edibl,"n. 食品, 食物\na. 可食用的",cet6 ky toefl ielts
edict,'i:dikt,"n. 布告, 法令\n[经] 布告, 法令",gre
edifice,'edifis,"n. 大厦, 大建筑物",toefl gre
edify,'edifai,"vt. 启迪, 熏陶, 教诲",toefl gre
edit,'edit,"vt. 编辑, 编校, 修订, 剪辑\n[计] 编辑; DOS外部命令:该命令是一个用于编辑文本文件的全屏幕编辑程序",cet6 ky ielts
edition,i'diʃәn,"n. 版本, 版, 翻版",gk cet4 cet6 ky ielts
editor,'editә,"n. 编者, 编辑, 主笔, 编辑器, 编辑装置\n[计] 编辑器",gk cet4 cet6 ky ielts
editorial,.edi'tɒ:riәl,"n. 社论, 评论\na. 编辑的, 主笔的, 社论的",cet4 cet6 ky ielts
educable,'edjukәbl,a. 可教育的,toefl
educate,'edjukeit,"vt. 教育, 培养, 训练",gk cet4 ky
educated,'edjukeitid,"a. 受过教育的, 有教养的",toefl
education,.edju'keiʃәn,"n. 教育, 训练, 教育学\n[医] 教育, 训练",zk gk cet4 ky toefl ielts
educational,.edju'keiʃәnl,"a. 教育的, 教育性的",ielts
educator,'edjukeitә,n. 教育家,gk
educe,i'dju:s,"vt. 引出, 推断出, 使显出",toefl
eerie,'iәri,"a. 怪诞的, 可怕的, 奇异的, 令人迷惑不解的",gre
efface,i'feis,"vt. 抹去, 消除, 忘却",toefl gre
effect,i'fekt,"n. 结果, 影响, 效果, 印象\nvt. 实行, 引起, 完成\n[计] 效果",gk cet4 cet6 ky toefl ielts
effective,i'fektiv,"a. 有效的, 有力的, 实际的\nn. 有生力量",cet4 cet6 ky toefl ielts
effectively,i'fektivli,"adv. 有效地, 有力地, 实际上",ielts
effectiveness,i'fektivnis,"n. 效力\n[经] 有效性, 能行性",toefl
effects,,"n. 财物, 个人财产\n[经] 动产, 财物",ielts
effeminate,i'feminit,"a. 柔弱的, 女人气的",gre
effervesce,.efә'ves,"vi. 冒泡, 泡腾, 兴奋\n[医] 起泡, 发气泡",toefl gre
effete,i'fi:t,"a. 贫瘠的, 枯竭的, 衰微的",gre
efficacious,.efi'keiʃәs,"a. 有效的, 灵验的",gre
efficacy,'efikәsi,"n. 功效, 效力\n[医] 效能, 功效, 效验",toefl gre
efficiency,i'fiʃәnsi,"n. 效率, 效能, 功效\n[医] 效率, 效力",cet4 cet6 ky toefl
efficient,i'fiʃәnt,"a. 有效率的, 能干的",cet4 cet6 ky toefl ielts
effigy,'efidʒi,"n. 肖像, 雕像",toefl gre
effluent,'efluәnt,"a. 流出的, 射出的\nn. 流出物, 由河湖等流出之水流",toefl
effluvia,i'flu:vjә,"[医] 泄出, 排出, 排出物, 臭气",gre
effort,'efәt,"n. 努力, 成就",zk gk cet4 cet6 ky
effrontery,i'frʌntәri,n. 厚颜无耻,toefl gre
effulgent,i'fʌldʒәnt,a. 光辉灿烂的,gre
egalitarian,i.gæli'tєәriәn,a. 平等主义的\nn. 平等主义,gre
egg,eg,"n. 蛋, 卵\nvt. 挑唆, 煽动, 调蛋黄",zk gk
eggplant,'egplɑ:nt,n. 茄子,gk
eggshell,'egʃel,n. 蛋壳,toefl
ego,'egәu. 'i:gәu,n. 自我\n[医] 自我,cet6 ky ielts
egocentric,.egәu'sentrik,"a. 自我中心的, 利己主义的\nn. 利己主义者",gre
egoism,'egәuizm,"n. 自我主义, 利己主义",toefl gre
egotist,'egәutist,n. 自我中心主义者,gre
egregious,i'gri:dʒiәs,"a. 异乎寻常的, 过分的, 惊人的",gre
egress,'i:gres,"n. 出口, 外出\nvi. 外出",toefl gre
Egyptian,i'dʒipʃәn,"n. 埃及人\na. 埃及的, 埃及人的",gk cet6 ielts
eight,eit,"num. 八, 八个",zk gk
eighteen,'ei'ti:n,"num. 十八, 十八个",zk gk cet4 ky
eighth,eitθ,"num. 第八, 八分之一",zk gk
eighty,'eiti,"num. 八十, 八十个",zk gk cet4 ky
either,'i:ðә,"a. (两者之中)任一的, (两者之中)各一的\npron. (两者之中)任一\nconj. 或, 要么",zk gk
ejaculate,i'dʒækjuleit,"vt. 突然说出, 射出\nvi. 射出, 射精\nn. 精液",gre
eject,i'dʒekt,"vt. 逐放, 放逐, 喷射\n[化] 排出",cet6 ky toefl ielts
eke,i:k,"vt. 补充, 增加",ielts
elaborate,i'læbәreit,"a. 精细的, 详尽的, 精心计划(或制作)的\nvt. 详细地说明, 用心地制作, 发挥\nvi. 变复杂, 作详细说明",cet4 cet6 ky toefl ielts gre
elaborately,i'læbәreitli,"adv. 苦心经营地, 精巧地",toefl
elaboration,i.læbә'reiʃәn,"n. 苦心经营, 精巧\n[计] 确立",gre
elapse,i'læps,"vi. 逝去, 过去\nn. 逝去, 过去",cet6 ky toefl ielts
elastic,i'læstik,"n. 松紧带, 橡皮筋\na. 有弹性的, 能伸缩的, 可通融的",cet4 cet6 ky ielts
elasticity,i.læs'tisiti,"n. 弹力, 弹性\n[化] 弹性",toefl
elated,i'leitid,a. 兴高采烈的,ielts gre
elation,i'leiʃәn,"n. 得意洋洋, 兴高采烈\n[医] 得意[洋洋], 高兴",toefl
elbow,'elbәu,"n. 手肘, 弯头, 扶手\nv. 用手肘推开, 推挤",cet4 cet6 ky toefl ielts gre
elder,'eldә,"n. 年长者, 老人, 前辈\na. 年长的, 资深的",zk gk cet4 ky ielts
elderly,'eldәli,"a. 过了中年的, 稍老的",cet4 ky ielts
elect,i'lekt,"n. 当选人, 被选的人\na. 被选的, 选出的\nvt. 选举, 选择\nvi. 作选择",gk cet4 ky
election,i'lekʃәn,"n. 选举, 当选, 选择权\n[法] 选举, 当选",cet4 cet6 toefl
electorate,i'lektәrit,"n. 选民, 有选举权者, 选区\n[法] 选民, 选举团, 选区",gre
electric,i'lektik,"a. 电的, 导电的, 电动的\n[医] 电的",zk gk cet4 cet6 ky
electrical,i'lektrikәl,"a. 电的, 有关电的\n[医] 电的",gk cet4 cet6 ky ielts
electrician,.ilek'triʃәn,"n. 电学家, 电气技师, 电工\n[化] 电工; 电气工人",cet6 ky ielts
electricity,.ilek'trisiti,"n. 电, 电流, 电学, 热情, 电力供应\n[化] 电学; 电",gk cet4 cet6 ky ielts
electrode,i'lektrәud,n. 电极\n[化] 电极; 焊条; 电焊条,cet6
electromagnetic,ilektrәj'mæ^nitik,"a. 电磁的, 由电磁石产生的\n[电] 电磁的",toefl
electron,i'lektrɒn,n. 电子\n[化] 电子,cet4 cet6 ky toefl
electronic,.ilek'trɒnik,a. 电子的\n[计] 电子工业协会接口,gk cet4 cet6 ky ielts
electronics,.ilek'trɒniks,n. 电子学\n[计] 电子学,cet4 cet6 ielts
elegance,'eligәns,"n. 高雅, 典雅, 优雅",toefl
elegant,'eligәnt,"a. 优雅的, 端庄的, 高雅的",gk cet6 ky toefl ielts
elegy,'elidʒi,"n. 悲歌, 哀歌, 挽歌",gre
element,'elimәnt,"n. 元件, 元素, 要素\n[计] 部分; 成分; 单元; 码元; 元件; 元素; 单元",cet4 cet6 ky toefl
elemental,.eli'mentәl,"a. 元素的, 基本的",cet6
elementary,.eli'mentәri,"a. 初步的, 基本的\n[医] 元素的, 基础的, 初级的",cet4 cet6 ky toefl ielts gre
elements,'elimәnts,"n. 原理, 基础",ielts
elephant,'elifәnt,n. 象,zk gk cet4 cet6 ky
elephantine,.eli'fæntain,"a. 象的, 巨大的, 粗笨的",gre
elevate,'eliveit,"vt. 举起, 提拔, 鼓舞",cet6 ky toefl ielts gre
elevation,.eli'veiʃәn,"n. 海拔, 提高, 仰角\n[计] 仰角",cet6 toefl
elevator,'eliveitә,"n. 电梯, 升降机\n[化] 提升机",cet4 cet6 ky toefl ielts
eleven,i'levn,"num. 十一, 十一个",zk gk
elicit,i'lisit,"vt. 引出, 推导出, 引起",cet6 toefl ielts gre
eligible,'elidʒәbl,"a. 有资格当选的, 合格的\nn. 有资格者, 合格者, 适任者",cet6 ky toefl ielts gre
eliminate,i'limineit,"vt. 除去, 排除, 剔除, 消除",cet4 cet6 ky toefl ielts gre
elimination,i.limi'neiʃәn,"n. 除去, 消除, 消灭\n[化] 消去; 脱去",cet4 cet6 toefl
elite,ei'li:t,"n. 精华, 精锐, 中坚分子",cet6 ky toefl ielts gre
elixir,i'liksә,"n. 炼金药, 不老长寿药, 万能药\n[化] 酏剂",toefl gre
ellipsis,i'lipsis,"n. 省略, 省略符号\n[计] 省略号",gre
elliptical,i'liptikәl,a. 椭圆的\n[医] 椭圆形的,cet6 toefl gre
elm,elm,n. 榆树\n[计] unix操作系统的信件处理程序,gre
elocution,.elә'kju:ʃәn,"n. 雄辩术, 演说法",gre
elongate,'i:lɒŋgeit,"v. 延长, (使)伸延\na. 伸长的",toefl gre
eloquence,'elәkwәns,"n. 口才, 雄辩术, 雄辩\n[法] 善辩, 口才",cet6 toefl gre
eloquent,'elәkwәnt,"a. 雄辩的, 有口才的, 有说服力的",cet6 ky toefl ielts
else,els,"a. 别的, 其他的\nadv. 另外, 否则, 不然",zk gk
elsewhere,'elshwєә,adv. 在别处,cet4 cet6 ky ielts
elucidate,i'lu:sideit,"vt. 阐明, 说明",toefl gre
elude,i'lu:d,"vt. 逃避, 规避, 把...难倒",toefl gre
elusive,i'lu:siv,"a. 难懂的, 易忘的, 难以捉摸的",toefl gre
emaciate,i'meisieit,"vt. 使消瘦, 使憔悴\nvi. 消瘦",toefl gre
emaciated,i'meisieitid,"a. 瘦弱的, 衰弱的",toefl
emaciation,i.meisi'eiʃәn,"n. 瘦弱, 憔悴, 衰弱\n[医] 消瘦",gre
email,'i:'meil,n. 电子信函,zk ielts
emanate,'emәneit,"vi. 散发, 发出, 发源",toefl gre
emancipate,i'mænsipeit,"vt. 释放, 解放",toefl gre
emancipation,i.mænsi'peiʃәn,"n. 释放, 解放\n[医] 解放(胎儿在母体内成立局部自主状态)",toefl
emasculate,i'mæskjuleit,"vt. 阉割, 使柔弱\na. 阉割了的, 柔弱的",gre
embalm,im'bɑ:m,"vt. 以药物防腐, 铭记于心, 使不朽",toefl
embankment,im'bæŋkmәnt,"n. 堤防, 筑堤",gre
embargo,im'bɑ:gәu,"n. 封港令, 禁运\nvt. 禁止出入港口, 禁运",ielts gre
embark,im'bɑ:k,"vi. 乘船, 着手, 从事, 上飞机\nvt. 使上船, 使上飞机, 使从事",cet6 ky ielts
embarrass,im'bærәs,"vt. 使困窘, 使局促不安, 阻碍",gk cet4 cet6 ky toefl ielts gre
embassy,'embәsi,"n. 大使馆, 大使馆全体人员\n[经] 大使馆",gk cet6 ky ielts
embed,im'bed,"vt. 使插入, 使嵌入, 使深留脑中\n[计] 嵌入",ky toefl ielts gre
embellish,im'beliʃ,"vt. 修饰, 装饰, 润色",toefl gre
embellishment,im'beliʃmәnt,"n. 装饰, 润色, 修饰",toefl
embezzle,im'bezl,"vt. 盗用, 挪用\n[经] 贪污(公款), 盗用",toefl
embezzlement,im'bezlmәnt,"n. 盗用, 挪用, 侵占\n[经] 贪污, 盗用(公款), 监守自盗",gre
embitter,im'bitә,"vt. 使受苦, 使(更)恶化, 使怨恨, 加苦味于",toefl gre
emblazon,im'bleizn,"vt. 用纹章装饰, 盛饰, 颂扬",gre
emblem,'emblәm,"n. 象征, 徽章, 符号\nvt. 用象征表示",toefl
emblematic,",embli'mætik","a. 象征的, 典型的",gre
embodiment,im'bɒdimәnt,"n. 具体化, 化身",gre
embody,im'bɒdi,"vt. 具体表达, 使具体化\n[经] 合并, 具体化, 具体表现",cet6 ky toefl ielts gre
embolden,im'bәuldn,"vt. 使大胆, 使有胆量",gre
embosom,im'buzәm,"vt. 围绕, 环绕, 珍爱",toefl
emboss,im'bɒs,"vt. 浮雕, 加以浮饰, 装饰\n[化] 压印",toefl gre
embrace,im'breis,"n. 拥抱\nvt. 拥抱, 互相拥抱, 包含, 收买\nvi. 拥抱",cet4 cet6 ky toefl ielts gre
embroider,im'brɒidә,"vt. 刺绣, 镶边, 装饰\nvi. 绣花",toefl gre
embroidery,im'brɒidәri,"n. 刺绣品, 粉饰, 刺绣",cet6 toefl
embroil,im'brɒil,"vt. 使卷入, 牵连",gre
embryo,'embriәu,"n. 胚胎, 胎儿, 胚芽\n[医] 胚, 胚胎",toefl
embryological,ˌembrɪə'lɒdʒɪkl, [医]胚胎学的,toefl
embryonic,.embri'ɒnik,"a. 萌芽的, 初期的, 未成熟\n[医] 胚胎的",toefl gre
emend,i'mend,"vt. 修订, 校勘",toefl gre
emerald,'emәrәld,"n. 翡翠, 绿宝石, 翠绿色\na. 翡翠的, 翠绿色的",gre
emerge,i'mә:dʒ,"vi. 浮现, 形成, 出现, (事实)显露",cet4 cet6 ky toefl ielts
emergence,i'mә:dʒәns,"n. 出现, 浮现, 发生",toefl
emergencies,,n. 紧急需要；紧急事件,ielts
emergency,i'mә:dʒәnsi,"n. 紧急状况, 紧急事件, 紧急需要\n[化] 紧急情况",gk cet4 cet6 ky ielts gre
emerging,,"[法] 出现的, 发生的, 形成的",ky toefl
emigrant,'emigrәnt,"n. 移民, 侨民\na. 移民的, 移居的",toefl
emigrate,'emigreit,"v. (使)移居, (使)移民",cet6 ky toefl ielts gre
eminence,'eminәns,"n. 显赫, 名家, 高处\n[医] 隆起, 隆凸",toefl gre
eminent,'eminәnt,"a. 显赫的, 杰出的, 有名的",ky toefl ielts gre
emissary,'emisәri,"n. 密使, 间谍, 使者\na. 充当密使的, 充当间谍的",gre
emission,i'miʃәn,"n. 发射, 射出, 发行\n[医] 发射, 遗精",cet6 toefl
emit,i'mit,"vt. 发出, 放射, 发表(意见等), 散发, 发行\n[化] 放射",cet4 cet6 ky toefl ielts gre
emollient,i'mɒliәnt,"a. 使柔软的\nn. 软化剂, 润肤剂",gre
emolument,i'mɒljumәnt,"n. 薪水, 报酬",toefl gre
emote,i'mәut,"vi. 装模作样, 表现感情",gre
emotion,i'mәuʃәn,"n. 情绪, 激动, 强烈的情感\n[医] 情绪, 情感",cet4 cet6 ky toefl ielts
emotional,i'mәuʃәnәl,"a. 情绪的, 情感的\n[医] 情绪的",cet4 cet6 toefl
empathy,'empæθik,"n. 移情作用, 共鸣\n[医] 移情, 神入",gre
emperor,'empәrә,"n. 皇帝, 君主",gk cet4 cet6 ky ielts
emphasis,'emfәsis,"n. 强调, 加强, 重点, 强语气",cet4 cet6 ky toefl
emphasize,'emfәsaiz,"vt. 强调, 加强语气, 着重",cet4 cet6 ky toefl ielts
emphatic,im'fætik,"a. 语调强的, 着重的, 强调了的",toefl gre
empire,'empaiә,"n. 帝国, 帝权",gk cet4 cet6 ky
empirical,em'pirikәl,"a. 完全跟据经验的, 经验主义的\n[医] 经验主义的",cet6 ky ielts gre
empiricism,em'pirisizm,"n. 经验主义, 庸医的医术, 经验论\n[医] 经验[主义]医学",gre
employ,im'plɒi,"n. 雇用\nvt. 雇用, 使用, 使从事于",gk cet4 cet6 ky toefl
employee,.emplɒi'i:,"n. 职员, 员工, 受雇人员\n[化] 职工; 雇员",cet4 cet6 ky toefl ielts
employees,,n. 员工；雇员；从业人员（emploee的复数）,ielts
employer,im'plɒiә,"n. 雇主, 老板\n[经] 雇主, 业主",cet4 cet6 ky toefl ielts
employment,im'plɒimәnt,"n. 雇用, 职业, 工作\n[经] 职业, 雇用, 职工招请",cet4 cet6 ky ielts
empower,im'pauә,"vt. 授予权力, 允许, 使能够\n[法] 授权, 准许, 转委",toefl gre
empty,'empti,"a. 空的, 空虚的, 空腹的, 空洞的\nn. 空的东西, 空车\nvt. 倒空, 使变空, 使排出\nvi. 流空\n[计] 空",zk gk toefl ielts
empyreal,.empai'ri:әl,"a. 最高天的, 九天的, 苍天的",gre
empyrean,.empai'ri:әn,"n. 最高天, 九天, 苍天",gre
emulate,'emjuleit,"vt. 效法, 尽力赶上, 同...竞争\n[计] 仿真",toefl gre
emulsify,i'mʌlsifai,vt. 使乳化\n[医] 乳化,gre
enable,i'neibl,"vt. 使能够\n[计] 允许, 使能, 打开",cet4 cet6 ky toefl
enact,i'nækt,"vt. 制定法律, 扮演, 颁布\n[法] 法令, 法规, 条例",toefl gre
enactment,i'næktm(ә)nt,"n. 制定, 条例, 法规, 法令, 颁布, 规定\n[法] 制定, 规定, 颁布",toefl
enamel,i'næml,"n. 珐琅, 瓷釉\nvt. 涂以瓷釉, 彩饰",gre
enamored,i'næmәd,"a. 倾心于...的, 被迷住的, 迷恋的",gre
encapsulate,in'kæpsәleit,"vt. 装入胶囊, 封进内部, 压缩\nvi. 做成胶囊",gre
encase,in'keis,"vt. 把...装入箱内, 包住",toefl
enchant,in'tʃænt,"vt. 施魔法, 使入迷",cet6 toefl gre
encipher,in'saifә,vt. 译成密码\n[计] 编码,gre
enclose,in'klәuz,"vt. 围绕, 圈起, 放入封套, 附上",cet4 cet6 ky toefl ielts
enclosure,in'klәuʒә,"n. 附件, 围墙, 围绕\n[化] 机壳; 外壳",cet6 ky toefl ielts gre
encomiast,en'kәumiæst,"n. 宣读或写作颂辞之人, 赞美者, 阿谀者",gre
encomium,en'kәumjәm,"n. 赞辞, 称赞, 赞美",gre
encompass,in'kʌmpәs,"vt. 围绕, 完成, 包括, 包含, 环绕, 包围",toefl gre
encounter,in'kauntә,"n. 相会, 相遇, 遭遇\nvt. 遇见, 邂逅, 会战\nvi. 偶然相遇",cet4 cet6 ky toefl ielts gre
encourage,in'kʌridʒ,"vt. 鼓励, 支持, 激励\n[法] 怂恿, 煽动, 助长",zk gk cet4 cet6 ky toefl
encouragement,in'kʌridʒmәnt,"n. 鼓励, 激励, 奖励\n[法] 怂恿, 煽动, 助长",gk
encroach,in'krәutʃ,"vi. 侵犯, 侵蚀, 蚕食\n[法] 侵犯, 侵入, 侵占",toefl gre
encumber,in'kʌmbә,"vt. 妨害, 阻塞, 拖累\n[经] 使负(债等), 负有义务",toefl gre
encyclopedia,in.saiklәu'pi:diә,n. 百科全书,ky toefl ielts gre
encyclopedic,"en,saiklәu'pi:dik","a. 如百科辞典的, 百科全书式的",gre
end,end,"n. 结束, 终点, 目标, 末端, 梢, 死亡, 残余\nv. 结束, 终结, 终止\n[计] 端; 结束",zk gk ielts
endanger,in'deindʒә,"vt. 危及\n[法] 使危险, 危及",cet6 toefl
endangered,in'deindʒәd,a. 有生命危险的；濒临灭绝的,toefl
endearing,in'diәriŋ,"a. 引起爱情的, 令人钟爱的, 可爱的",gre
endeavor,in'devә,"n. 努力, 尽力\nvi. 努力, 尽力",cet6 ky toefl
endeavour,in'devә,"n. 努力, 力图, 尽力\nvi. 努力, 力图, 尽力",cet6 toefl ielts
endemic,en'demik,"n. 地方病\na. 某地(或某些人中)流行的, 地方的",gre
ending,'endiŋ,"n. 终止, 终了, 收场\n[医] 末梢",gk cet4 cet6 ky ielts
endless,'endlis,"a. 不停的, 无穷尽的, 无尽的\n[机] 无端的, 环状的",gk cet4 cet6 toefl
endlessly,'endlisli,"adv. 不断地, 无穷尽地",toefl
endorse,in'dɒ:s,"vt. 支持, 赞同, 背书于, 签署\n[经] 赞成, 背书",toefl ielts gre
endotherm,'endәθә:m,n. 热血动物\n[机] 吸热线,toefl
endotoxin,.endә'tɒksin,n. 内毒素\n[化] 内毒素,toefl
endow,in'dau,"vt. 捐赠, 捐助, 赋予\n[法] 赠送财产给, 分给寡妇一份遗产, 授与",cet6 ky toefl ielts gre
endowment,in'daumәnt,"n. 捐助, 天赋, 才能\n[经] 捐赠, 捐款, 养老金",toefl
endue,in'dju:,"vt. 授予, 赋予, 穿上",toefl gre
endurance,in'djuәrәns,"n. 忍耐, 忍耐力, 耐性\n[机] 持九性",cet6 ky toefl ielts
endure,in'djuә,"vt. 忍受, 忍耐, 容忍, 耐\nvi. (正式)持久, 持续\n[计] 仍能工作, 继续工作",cet4 cet6 ky toefl gre
enduring,in'djuәriŋ,"a. 持久的, 忍耐的",toefl gre
enemy,'enimi,"n. 敌人, 仇敌, 敌军\na. 敌人的",zk gk cet4 ky
energetic,.enә'dʒetik,"a. 精力充沛的, 积极的",gk cet6 ky toefl ielts
energies,ˈenədʒiz,n. 活力( energy的名词复数 ); [物理学]（原子、电、辐射的）能; [常用复数]精力; （有效地发挥的）力量,ielts
energize,'enәdʒaiz,"vt. 使活跃, 激励, 供给...能量\n[电] 激励",cet6 toefl
energy,'enәdʒi,"n. 精力, 精神, 活力, 能量\n[化] 能; 能量",zk cet4 cet6 ky ielts
enervate,'enәveit,"vt. 使衰弱\na. 衰弱的, 无力的",toefl gre
enfeeble,in'fi:bl,vt. 使衰弱,gre
enfetter,in'fetә,"vt. 给...上脚镣, 束缚, 使受制于",gre
enflame,in'fleim,v. 燃烧,gre
enforce,in'fɒ:s,"vt. 强迫, 执行, 坚持\n[经] 予以强制执行",cet4 cet6 ky ielts
engage,in'geidʒ,"vi. 答应, 从事, 交战\nvt. 使忙碌, 雇佣, 预定, 使从事于, 使参加",cet4 cet6 ky toefl ielts
engaged,in'geidʒd,"a. 忙碌的, 使用中的",gre
engagement,in'geidʒdmәnt,"n. 诺言, 约会, 婚约, 交战\n[医] 衔接",cet6 ky ielts
engaging,in'geidʒiŋ,"a. 动人的, 迷人的, 有魅力的",toefl gre
engender,in'dʒendә,"vt. 产生, 引起\nvi. 发生, 形成",toefl gre
engine,'endʒin,"n. 引擎, 发动机, 机车\nvt. 安装发动机于",gk cet4 cet6 ky ielts
engineer,.endʒi'niә,"n. 工程师, 工兵\nvt. 设计, 监造, 精明地处理, 策划",zk gk cet4 cet6 ky ielts
engineering,.endʒi'niәriŋ,"n. 工程学, 工程, 操纵\n[化] 机器; 机器学",cet4 cet6 ky ielts
engineers,,n. 工程师；机械师（engineer的复数）,ielts
England,'iŋglәnd,"n. 英格兰\n[法] 英格兰, 英国",zk ielts
English,'iŋgliʃ,"n. 英语\na. 英文的, 英国人的",zk gk
Englishman,'iŋgliʃmәn,n. 英国人,cet4
engrave,in'greiv,"vt. 刻上, 雕刻, 铭记",toefl ielts gre
engraving,in'greiviŋ,"n. 雕刻, 镌版术, 雕版",toefl
engross,in'grәus,"vt. 用大字体书写, 独占(市场), 使全神贯注\n[法] 正式誊写, 以大字写, 囤积",toefl ielts gre
engrossment,in'^rәjsmәnt,"n. 正式缮写的文件,专注",gre
engulf,in'gʌlf,"vt. 卷入, 吸进, 吞没, 使全神贯注",toefl gre
enhance,in'hæns,"vt. 提高, 加强, 增加",cet4 cet6 ky toefl ielts gre
enigma,i'nigmә,"n. 谜, 费解的事物",toefl
enigmatic,.enig'mætik,"a. 费解的, 谜一般的, 高深莫测的",toefl
enjoin,in'dʒɒin,"vt. 吩咐, 命令, 嘱咐, 禁止\n[法] 责成, 命令, 嘱咐",gre
enjoy,in'dʒɒi,"vt. 享受, 喜欢, 欣赏\n[法] 享受, 享有, 获得某种利益",zk gk
enjoyable,in'dʒɒiәbl,"a. 可从中得到乐趣的, 令人愉快的",gk
enlarge,in'lɑ:dʒ,"vt. 扩大, 增大\nvi. 扩大, 详述",gk cet4 cet6 ky
enlighten,in'laitn,"vt. 教育, 启发, 启蒙, 开导, 教导",cet6 ky toefl ielts gre
enlightening,,"a. 有启发作用的, 使人领悟的",gre
enlightenment,in'laitmәnt,"n. 启迪, 教化",toefl
enlist,in'list,"vt. 征募, 参与, 谋取\nvi. 从军, 应募, 赞助",ky toefl gre
enliven,in'laivn,"vt. 使活泼, 使生动",gre
enmesh,in'meʃ,"vt. 使绊住, 使陷入",gre
enmity,'enmәti,"n. 敌意, 憎恨",toefl gre
ennoble,i'nәubl,"vt. 授予爵位, 使高贵",gre
ennui,'ɒnwi:,"n. 倦怠, 厌倦\n[医] 厌倦",toefl gre
enormity,i'nɒ:miti,"n. 暴行, 极恶, 巨大\n[法] 重罪, 大罪, 暴行",toefl gre
enormous,i'nɒ:mәs,"a. 巨大的, 庞大的",cet4 cet6 ky toefl ielts gre
enough,i'nʌf,"n. 充足, 够, 很多\na. 充足的, 足够\nadv. 足够\ninterj. 够了",zk gk
enquire,in'kwaiә,v. 询问,ky ielts
enquiry,in'kwaiәri,"n. 询问\n[经] 询价, 询盘",gk ielts
enrage,in'reidʒ,"vt. 激怒, 使暴怒",toefl gre
enrapture,in'ræptʃә,vt. 使狂喜,toefl gre
enrich,in'ritʃ,"vt. 使富足, 使肥沃",cet6 ky toefl ielts
enroll,in'rәul,"vt. 登记, 使加入\nvi. 参军, 注册",cet4 cet6 ky toefl ielts
enrollment,in'rәulmәnt,"n. 登记, 注册, 入伍\n[经] 登记, 注册",ielts
enrolment,in'rәulmәnt,"n. 登记, 注册, 入伍, 入学, 入会, 注册人数, 入学人数",ielts
ensconce,in'skɒns,"vt. 安顿下来, 安置, 使隐藏",gre
ensemble,ɒn'sɒŋblә,"n. 全体, 合唱曲, (女人的)全套服装\n[化] 总体; 整体; 系综",toefl ielts gre
enshrine,in'ʃrain,"vt. 入庙祀奉, 铭记",gre
ensign,'ensain,"n. 旗, 海军少尉, 徽章",gre
enslave,in'sleiv,"vt. 奴役, 束缚, 使受控制, 征服",toefl gre
ensnare,in'snєә,"vt. 以陷阱捕捉, 诱入圈套, 诱捕",gre
ensue,en'su:,"vi. 跟着发生, 继起\nvt. 追求",cet6 ielts gre
ensure,in'ʃuә,"vt. 确定, 保证, 担保, 保护\n[经] 确保, 确定",cet4 cet6 ky gre
entail,in'teil,"vt. 使成为必需, 需要, 使承担, 遗传给\nn. 限定继承",cet6 ky toefl ielts gre
entangle,in'tæŋgl,"vt. 使纠缠, 卷入, 使混乱",toefl ielts gre
entanglement,in'tæŋglmәnt,"n. 纠缠, 卷入, 缠绕物\n[化] 缠结",toefl
enter,'entә,"vt. 进入, 参加, 开始, 输入, 回车\nvi. 进去, 参加\n[计] 输入, 回车",zk gk cet4 ky
enterprise,'entәpraiz,"n. 企业, 事业心, 进取心, 干事业\n[计] 企业",gk cet6 ky toefl ielts gre
enterprising,'entәpraiziŋ,"a. 有魄力的, 有进取心的, 有事业心的",toefl
entertain,.entә'tein,"vt. 娱乐, 招待, 怀抱\nvi. 款待",cet4 cet6 ky toefl
entertainer,.entә'teinә,"n. 表演娱乐节目的人, 演艺人员",toefl
entertainment,.entә'teinmәnt,"n. 娱乐, 款待, 娱乐表演",gk cet4 cet6 ky toefl ielts
enthral,in'θrɔ:l,"vt. 迷住, 奴役, 使做奴隶, 吸引住",toefl
enthrall,in'θrɒ:l,"vt. 迷惑, 奴役, 迷住",toefl gre
enthralling,in'θrɒ:liŋ,a. 迷人的,gre
enthusiasm,in'θju:ziæzәm,"n. 巨大的热情, 热心",cet4 cet6 ky toefl ielts
enthusiastic,in.θju:zi'æstik,"a. 狂热的, 热心的, 热烈的",gk cet4 cet6 ky ielts
enthusiastically,in.θju:zi'æstikli,"adv. 热心地, 狂热地",toefl
entice,in'tais,"vt. 诱骗, 引诱, 怂恿",toefl gre
entire,in'taiә,"n. 整个, 全部\na. 全体的, 完全的, 全部的",gk cet4 cet6 ky
entirety,in'taiәti,"n. 全部, 整体\n[法] 共有制, 整体, 全部",gre
entitle,in'taitl,"vt. 给...权利, 取名为, 给予名称, 叫做\n[法] 给...权利, 使有资格, 称呼",cet4 cet6 ky toefl ielts gre
entitled,in'taitld,a. 有资格的；给与名称的,toefl
entity,'entiti,"n. 实体, 实存物, 存在\n[计] 实体",cet6 ky toefl ielts gre
entourage,",ɔntu'rɑ:ʒ","n. 全体随行人员, 陪同人员",gre
entrance,'entrәns,"n. 入口, 进入点, 入场, 入学, 进入, 开始(阶段), 就任\nvt. 使出神, 使入迷\n[计] 入口",gk cet4 cet6 ky toefl ielts gre
entrancing,'entrәnsiŋ,"a. 使人神魂颠倒的, 使人入神的, 令人欣喜的",gre
entrap,in'træp,"vt. 骗入, 诱捕, 使陷入",toefl
entreat,in'tri:t,"v. 恳求, 乞求",cet6 ielts gre
entreaty,in'tri:ti,"n. 恳求, 乞求",gre
entrench,in'trentʃ,"vt. 围以壕沟, 防护, 保卫, 使处于牢固地位\nvi. 掘壕, 侵犯",gre
entrenched,,"a. 牢固的, 根深蒂固的",toefl
entrepreneur,.ɒntrәprә'nә:,"n. 企业家, 主办人\n[经] 承包商, 企业家",cet6 ky toefl ielts gre
entrust,in'trʌst,"vt. 信托, 交托, 委托\n[经] 委托",gre
entry,'entri,"n. 登录, 条目, 进入, 入口, 报关\n[计] 登录项, 输入项, 条目",gk cet4 cet6 ky toefl ielts gre
entwine,in'twain,"v. (使)缠住, (使)盘绕, (使)纠缠",gre
enumerate,i'nju:mәreit,"vt. 列举, 计算, 枚举, 数\n[法] 举出, 列举, 枚举",toefl gre
enunciate,i'nʌnsieit,"vt. 明确地叙述, 表明\nvi. 发音",toefl gre
envelop,in'velәp,"vt. 包封, 遮盖, 包围\nn. 信封",toefl
envelope,'envәlәup,"n. 信封, 封套, 封袋\n[医] 膜, 包袋",gk cet4 cet6 ky
envious,'enviәs,"a. 嫉妒的, 羡慕的",cet6
environ,in'vaiәrәn,"vt. 包围, 环绕",gre
environment,in'vairәnmәnt,"n. 环境, 外界, 围绕\n[计] 环境",zk gk cet4 cet6 ky ielts
environmental,in.vaiәrәn'mentәl,"a. 周围的, 环境的\n[经] 环境的, 环保的",cet6 ielts
environs,in'vaiәrәnz,"n. 市郊, 郊外",gre
envisage,in'vizidʒ,"vt. 面对, 正视, 想象",cet6 ky ielts gre
envision,in'viʒәn,"vt. 想象, 预想",toefl gre
envoy,'envɒi,"n. 外交使节, 特使\n[法] 使者, 代表, 使节",toefl
envy,'envi,"n. 羡慕, 嫉妒\nvt. 羡慕, 嫉妒",gk cet4 cet6 ky ielts
enzyme,'enzaim,n. 酶\n[化] 酶,toefl ielts gre
epaulet,'epәlet,"n. 肩章, 肩饰",gre
ephemeral,i'femәrәl,"a. 朝生暮死的, 短命的, 短暂的\n[医] 暂时的",toefl ielts gre
epic,'epik,"n. 史诗, 叙事诗\na. 史诗的, 叙事诗的",toefl gre
epicure,'epi.kjuә,"n. 美食家, 讲究饮食的人",gre
epicurean,.epikju'ri:әn,"n. 享乐主义者, 美食家\na. 贪口福的, 享乐主义的",gre
epidemic,.epi'demik,"n. 传染病, 流行病\na. 流行的, 传染性的",cet6 ky toefl ielts gre
epidermis,.epi'dә:mis,"n. 表皮, (昆虫的)真皮\n[医] 表皮",toefl gre
epigram,'epigræm,"n. 警句, 讽刺短诗",gre
epilogue,'epilɒg,"n. 结语, 尾声, 收场白\n[计] 收尾程序",gre
episode,'episәud,"n. 插曲, 插话, 有趣的事件, 一段情节\n[医] 插话, 插曲, 发作",cet4 cet6 ky toefl ielts gre
episodic,.epi'sɒdik,a. 插曲似的,gre
epitaph,'epitɑ:f,"n. 墓志铭, 碑文",gre
epithet,'epiθet,"n. 浑名, 绰号, 称号",gre
epitome,i'pitәmi,"n. 概要, 缩影, 象征",gre
epitomize,i'pitәmaiz,"vt. 摘要, 概括",gre
epoch,'i:pɒk,"n. 新纪元, 时代, 时期",cet6 ky toefl ielts gre
equable,'ekwәbl,"a. 平静的, 变动小的",gre
equal,'i:kwәl,"n. 对手, 匹敌, 同辈\na. 相等的, 平等的, 胜任的, 合适的, 平静的, 不相上下的\nvt. 等于, 比得上\n[计] 等长度编码",gk cet4 cet6 ky toefl ielts
equality,i:'kwɒliti,"n. 平等, 均匀, 相等\n[法] 同等, 平等, 相等",gk cet4 cet6 ky toefl
equanimity,.i:kwә'nimiti,"n. 平静, 镇定, 沉着",gre
equate,i'kweit,"vt. 使相等, 视为平等\nvi. 等同",cet6 toefl gre
equation,i'kweiʃәn,"n. 相等, 等式, 平衡\n[化] 方程式; 等式; 反应式; 公式",cet4 cet6 ky toefl ielts gre
equator,i'kweitә,"n. 赤道\n[医] 赤道, 中纬线",cet6 ky toefl ielts gre
equestrian,i'kwestriәn,"a. 骑术的, 马的, 骑在马背上的\nn. 骑手",toefl gre
equilibrium,.i:kwi'libriәm,"n. 平衡, 平静, 均衡\n[化] 平衡",cet6 toefl ielts gre
equine,'i:kwain,"n. 马\na. 马的, 象马的",gre
equip,i'kwip,"vt. 装备, 配备\n[机] 设备, 装置",gk cet4 cet6 ky toefl
equipe,e'kɪp,n. <法>运动队（或比赛队）及其装备,cet6
equipment,i'kwipmәnt,"n. 装备, 设备, 才能\n[化] 设备; 装备; 装置",gk cet4 cet6 ky toefl ielts
equitable,'ekwitәbl,"a. 公平的, 公正的\n[法] 公平的, 公正的, 平衡法的",toefl ielts
equity,'ekwiti,"n. 公平, 公正\n[经] 权益, 产权",ielts gre
equivalent,i'kwivәlәnt,"n. 同等物, 等价物, 相等物\na. 相等的, 相当的, 同意义的\n[计] 等价的",cet4 cet6 ky toefl ielts gre
equivocal,i'kwivәkl,"a. 意义不明确的, 模棱两可的\n[医] 双关的, 两可的",toefl ielts
equivocate,i'kwivәkeit,"vi. 说模棱两可的话, 支吾",toefl gre
equivocation,i.kwivә'keiʃәn,"n. 模棱两可的话, 含糊话\n[电] 等业",gre
era,'iәrә,"n. 时代, 纪元, 时期",cet4 cet6 ky toefl
eradicate,i'rædikeit,"vt. 根除, 扑灭, 根绝, 消灭",cet6 toefl ielts gre
erase,i'reis,"vt. 抹去, 擦掉\n[计] 清洗; 擦除; 抹除; DOS内部命令:从磁盘上删除一个或多个文件",ky toefl ielts gre
eraser,i'reisә,n. 擦子,zk gk
erasure,i'reiʃә,"n. 擦除, 抹掉\n[电] 擦掉",gre
erect,i'rekt,"a. 直立的, 竖立的, 笔直的\nvt. 使竖立, 使直立, 树立, 建立\nvi. 勃起",cet4 cet6 ky toefl ielts gre
erode,i'rәud,"vt. 腐蚀, 侵蚀\nvi. 受腐蚀",toefl
erosion,i'rәuʒәn,"n. 腐蚀, 冲蚀, 侵蚀\n[化] 磨耗; 侵蚀",cet6 ky toefl ielts
err,ә:,"vi. 犯错, 做错, 犯罪\n[法] 弄错, 犯错误, 陈述",toefl gre
errand,'erәnd,"n. 任务, 差使, 使命",cet6 ielts gre
erratic,i'rætik,"n. 古怪的人, 漂泊无定的人\na. 不稳定的, 奇怪的",toefl ielts gre
erratically,i'rætikәli,"adv. 不规律地, 不定地",toefl
erroneous,i'rәuniәs,"a. 错误的, 不正确的\n[法] 错误的, 不正确的",cet6 ky toefl ielts
error,'erә,"n. 错误, 过失, 失误, 误差\n[计] 错误",gk cet4 cet6 ky toefl
ersatz,eә'zɑ:tz,n. 代用品,gre
erstwhile,'ә:stwail,"adv. 以前, 往昔地\na. 以前的, 往昔的",gre
erudite,'eru:dait,a. 博学的\nn. 博学者,toefl gre
erupt,i'rʌpt,vi. 爆发\nvt. 喷出,gk cet6 ky toefl ielts gre
eruption,i'rʌpʃәn,"n. 爆发, 喷出物, 出疹\n[化] 喷发",cet6 toefl
escalate,'eskәleit,"vi. 逐步扩大, 逐步升高, 逐步增强\nvt. 使逐步上升",ky toefl ielts gre
escalation,.eskә'leiʃәn,"n. 扩大, 增加\n[经] 调查, 价格调整",gre
escalator,'eskәleitә,"n. 电动扶梯, 自动扶梯\n[机] 升降阶梯",toefl ielts
escape,i'skeip,"n. 逃亡, 避难设备, 逃跑\nvi. 逃脱, 避开, 溜走\nvt. 逃避, 避免, 被...忘掉",gk cet4 cet6 ky toefl
escapism,is'keipizәm,"n. 逃避现实, 逃避主义",gre
escapist,is'keipist,a. 逃避现实的\nn. 逃避现实者,toefl
eschew,is'tʃu:,"vt. 避开, 远避",toefl gre
escort,'eskɒ:t,"n. 护送者, 护卫者, 护航舰\nvt. 护卫, 护送",cet6 ky toefl ielts gre
esophagus,i:'sɒfәgәs,n. 食道\n[医] 食管,gre
esoteric,.esәu'terik,"a. 秘教的, 奥秘的, 秘传的\n[医] 体内的, 内部的, 隐的",gre
especially,i'speʃәli,"adv. 尤其, 特别, 格外",zk gk cet4 cet6 ky
espionage,.espiә'nɑ:ʒ,"n. 间谍活动\n[法] 间谍活动, 刺探, 间谍",gre
espousal,i'spauzl,"n. 拥护, 订婚, 婚礼",gre
espouse,i'spauz,"vt. 支持, 赞成, 嫁, 娶\n[法] 娶, 出嫁, 信奉",gre
espy,i'spai,"vt. 看出, 望见, 发现",gre
essay,'esei. e'sei,"n. 随笔, 短文, 评论, 企图\nvt. 试图",gk cet4 cet6 ky ielts
essence,'esns,"n. 实质, 本质, 香精\n[化] 香精",cet6 ky toefl ielts
essential,i'senʃәl,"n. 要素, 要点, 本质\na. 必要的, 重要的, 本质的\n[计] 本质冒险",cet4 cet6 ky toefl ielts gre
establish,i'stæbliʃ,"vt. 建立, 确立, 制定\nvi. 移植生长",cet4 cet6 ky ielts
establishment,i'stæbliʃmәnt,"n. 确立, 制定, 设施\n[经] 企业, 公司, 商店",cet4 cet6 ky
estate,i'steit,"n. 不动产, (人生的)阶段, 阶层, 财产\n[经] 房地产, 遗产, 财产",cet4 cet6 ky toefl ielts
esteem,i'sti:m,"n. 尊敬, 尊重\nvt. 尊敬, 尊重, 认为",ky toefl ielts
esthetic,es'θetik,a. 审美的\n[医] 感觉的,cet6
estimable,'estimәbl,"a. 可尊敬的, 可估计的",toefl gre
estimate,'estimeit,"n. 估计, 判断\nvt. 估计, 评价, 判断\nvi. 估计",cet4 cet6 ky toefl ielts
estrange,i'streindʒ,"vt. 使疏远, 离间, 使离开",gre
estranged,i'streindʒd,"a. 疏远的, 分离的, 隔离的",gre
estuary,'estjuәri,"n. 河口, 港湾",gre
etch,etʃ,"vt. 蚀刻, 蚀镂\nvi. 施行蚀刻法\nn. 腐蚀剂\n[计] 刻蚀; 侵蚀",toefl gre
etching,'etʃiŋ,"n. 蚀刻版画, 蚀刻画, 蚀刻术\n[化] 蚀刻; 浸蚀",gre
eternal,i'tә:nl,"a. 永恒的, 永远的, 不灭的",cet6 ky toefl ielts gre
ethereal,i'θiriәl,"a. 轻的, 飘渺的, 天上的\n[医] 醚制的, 挥发性的",gre
ethic,'eθik,"n. 道德规范, 伦理",toefl
ethical,'eθikәl,"a. 伦理的, 民族的, 民族特有的\n[医] 伦理的, 道德的",cet6
ethically,,adv. 伦理上,toefl
ethics,'eθiks,n. 道德规范\n[医] 伦理学,cet6 toefl gre
ethnic,'eθnik,"a. 人种的, 种族的\n[医] 人种的",cet6 ky toefl ielts gre
ethnology,eθ'nɒlәdʒi,n. 人种学\n[医] 人种学,gre
ethos,'i:θɔs,n. 气质；民族精神；社会思潮,gre
etiquette,eti'ket,"n. 礼仪, 礼节, 成规\n[法] 规则, 成规, 礼节",toefl ielts gre
etymology,.eti'mɔlәdʒi,"n. 语源, 语源学",gre
eucalyptus,.ju:kә'liptәs,n. 桉(树)属植物\n[化] 桉属,gre
eugenic,ju:'dʒenik,"a. 优生学的, 优种的\n[医] 优生学",gre
eulogistic,",ju:lә'dʒistik","a. 颂扬的, 歌功颂德的, 称赞的",gre
eulogize,'ju:lәdʒaiz,"vt. 称赞, 颂扬",gre
eulogy,'ju:lәdʒi,"n. 赞词, 称颂",toefl gre
euphemism,'ju:fәmizm,"n. 委婉说法, 委婉语",gre
euphonious,ju:'fәuniәs,"a. 音响好的, 悦耳的, 声音和谐的",toefl gre
euphony,'ju:fәni,n. 悦耳之音,toefl
euphoria,ju:'fɒ:riә,"n. 兴奋, 陶醉, 陶醉感\n[医] 精神愉快, 欣快",gre
Europe,'juәrәp,n. 欧洲,zk ielts
European,.juәrә'pi:әn,"n. 欧洲人\na. 欧洲的, 欧洲人的",zk gk ielts
evacuate,i'vækjueit,"v. 疏散, 撤出, 排泄",cet4 cet6 ky toefl ielts gre
evade,i'veid,"v. (巧妙地)逃脱, 规避, 逃避",ky toefl ielts gre
evaluate,i'væljueit,"vt. 评估, 评价, 赋值",gk cet4 cet6 ky toefl ielts
evaluation,i.vælju'eiʃәn,"n. 评估, 估价, 求值\n[计] 鉴定; 评价; 求值",cet6 gre
evanescent,.i:vә'nesnt,"a. 逐渐消失的, 容易消散的, 短暂的\n[医] 易消灭的, 渐消失的, 挥发性的",gre
evaporate,i'væpәreit,"vi. 蒸发, 失去水分, 消失\nvt. 使蒸发, 使脱水, 使消失",cet4 cet6 ky toefl ielts gre
evaporation,i.væpә'reiʃәn,"n. 蒸发, 脱水, 消失\n[化] 蒸发",cet6 toefl
evasion,i'veiʒәn,"n. 逃避, 藉口\n[法] 回避, 规避, 逃避",toefl gre
evasive,i'veisiv,"a. 逃避的, 回避的, 托辞的\n[法] 逃避的, 规避的, 推托的",toefl gre
eve,i:v,"n. 前夕, 前夜",cet4 ky
even,'i:vәn,"a. 平坦的, 相等的, 连贯的, 均等的, 公平的, 偶数的, 平均的, 平衡的, 恰好的\nvt. 使平坦, 使相等\nvi. 变平, 成为相等\nadv. 甚至, 实际上, 完全, 十分\nn. 偶数, 偶校验\n[计] 偶数, 偶校验",zk gk toefl ielts gre
even-tempered,,a. 性情平和的,gre
evenhanded,'i:vәn'hændid,"a. 公平的, 公平无私的",gre
evening,'i:vniŋ,"n. 傍晚, 晚间, 末期",zk gk ielts
evenly,'i:vәnli,"adv. 平衡地, 平坦地, 平等地",cet6 toefl
event,i'vent,"n. 事件, 结果, 事情的进程, 竞赛项目\n[计] 事件",gk cet4 ky ielts
eventful,i'ventful,"a. 变故多的, 多事的, 重要的",toefl
eventual,i'ventʃuәl,"a. 最后的, 终于的",toefl
eventually,i'ventʃuәli,"adv. 最后, 终于",gk cet4 cet6 ky toefl ielts
ever,'evә,"adv. 曾经, 究竟, 永远",zk gk
evergreen,'evәgri:n,"n. 常绿树, 常绿植物\na. 常绿的",toefl
everlasting,.evә'læstiŋ,"a. 永恒的, 持久的\nn. 上帝, 神",cet6 toefl ielts gre
every,'evri,"a. 每一, 所有的",zk gk
everybody,'evribɒdi,"pron. 每个人, 人人",zk gk
everyday,'evri'dei,"a. 每天的, 日常的, 平常的",zk gk cet4 ky
everyone,'evriwʌn,"pron. 每个人, 人人\n[计] 系统中的一个组名",zk gk
everything,'evriθiŋ,"pron. 每件事物, 所有事物",zk gk
everywhere,'evrihwєә,"adv. 各处, 到处",zk gk
evict,i'vikt,"vt. 逐出, 赶出, 驱逐\n[法] 逐出, 驱逐, 没收",ielts gre
eviction,i'vikʃәn,"n. 逐出, 赶出\n[法] 收回财产, 收回租地, 没收",gre
evidence,'evidәns,"n. 根据, 证据, 迹象\n[经] 证据, 凭证",gk cet4 cet6 ky toefl ielts
evident,'evidәnt,"a. 显然的, 明显的",gk cet4 cet6 ky toefl
evil,'i:vl,"n. 邪恶, 不幸, 罪恶\na. 邪恶的, 不幸的, 有害的, 讨厌的",cet4 cet6 ky
evince,i'vins,"vt. 表明(感情等), 表示出(特性等)",toefl gre
eviscerate,i'visәreit,"vt. 取出内脏, 除去精华, 切除(病人)器官\nvi. (因手术不良)内脏凸出",toefl gre
evocative,i'vɒkәtiv,"a. 唤出...的, 唤起...的",gre
evoke,i'vәuk,"vt. 唤起, 引起, 召(魂)\n[法] 提审, 移送",cet6 ky toefl ielts gre
evolution,.i:vә'lu:ʃәn,"n. 进化, 发展, 进展, (气体)放出, 开方\n[医] 进化, 演化, 旋出",gk cet4 cet6 ky toefl ielts
evolutionary,",i:vә'lu:ʃәnәri","a. 展开的, 进化论的, 进化的, 发展的\n[计] 进化的, 改良的, 发展的",cet6 toefl
evolve,i'vɒlv,"vi. 进展, 进化, 展开\nvt. 使发展, 使推断出, 使进化",cet4 cet6 ky toefl gre
ewe,ju:,n. 母羊,gre
ewer,'ju:ә,"n. (有柄的)大口水壶, 花瓶状水罐",gre
exacerbate,ek'sæsәbeit,"vt. 使恶化, 使增剧, 激怒, 使加剧",ielts gre
exact,ig'zækt,"a. 精确的, 准确的, 精密的\nvt. 强求, 急需",gk cet4 ky toefl gre
exacting,ig'zæktiŋ,"a. 苛求的, 吃力的",toefl gre
exactitude,ig'zæktitju:d,"n. 正确(性), 精密, 精确(性), 严格",gre
exactly,i^'zæktli,"adv. 确切地, 精确地, 恰好, 完全地, 确实, 恰恰正是, 确实如此",gk cet4
exaggerate,ig'zædʒәreit,"v. 夸大, 夸张",cet4 cet6 ky toefl ielts gre
exaggeration,ig.zædʒә'reiʃәn,"n. 夸张, 夸大的事物, 夸大之词",toefl gre
exalt,ig'zɒ:lt,"vt. 提升, 提高, 赞扬, 使得意\nvi. 使人兴奋, 使人得意",toefl gre
exaltation,.egzɒ:l'teiʃәn,"n. 提升, 提高, 得意洋洋\n[医] [异常]兴奋, 激越",gre
exalted,ig'zɒ:ltid,"a. 高尚的, 尊贵的, 高位的, 兴奋的",toefl
exam,ig'zæm,"n. 考试, 测验",zk ielts
examination,ig.zæmi'neiʃәn,"n. 考试, 测验, 审查\n[医] 检查, 诊察",zk cet4 cet6 ielts
examine,ig'zæmin,"v. 检查, 调查, 考试",zk gk cet4 cet6 ky
example,ig'zæmpl,"n. 例子, 样本, 实例\n[化] 实例",zk gk ielts
examples,,n. 例子；列证（example的复数形式）,ielts
exams,,n. 考试；检查（exam的复数）,ielts
exasperate,ig'zæspәreit,"vt. 使恼怒, 激怒, 恶化\na. 糙面的, 恼怒的, 激怒的",toefl ielts gre
excavate,'ekskәveit,"v. 挖空, 挖出, 凿通",toefl ielts gre
excavation,.ekskә'veiʃәn,"n. 挖掘, 发掘, 挖掘的洞\n[医] 陷凹, 挖除",toefl
exceed,ik'si:d,"vt. 超过, 超越, 胜过\nvi. 超过其他",cet4 cet6 ky toefl ielts gre
exceedingly,ik'si:diŋli,"adv. 极端地, 极度地, 非常",cet4 cet6 ky ielts
excel,ik'sel,"vt. 胜过, 优于, 擅长\nvi. 胜过其他",cet6 ky toefl ielts gre
excellent,'ekslәnt,"a. 优良的, 杰出的, 出色的",zk gk cet4 cet6 ky toefl
except,ik'sept,"vt. 除, 除外\nvi. 反对\nprep. 除了...之外, 若不是, 除非\nconj. 只是",zk gk
exception,ik'sepʃәn,"n. 例外, 除外, 异议\n[计] 例外; 异常",cet4 cet6 ky toefl ielts
exceptionable,ik'sepʃәnәbl,"a. 可反对的, 可抗议的",gre
exceptional,ik'sepʃәnәl,"a. 例外的, 异常的, 特别的",cet6 ky toefl ielts gre
exceptionally,,adv. 特殊地；异常地；例外地,toefl
excerpt,'eksә:pt,"n. 摘录\nv. 引用, 摘录",ky toefl ielts gre
excess,ik'ses,"n. 过度, 剩于, 超过, 超额\na. 过量的, 额外的",cet4 cet6 ky toefl ielts gre
excessive,ik'sesiv,"a. 过度的, 过多的, 极端的\n[法] 过度的, 过分的, 额外的",cet4 cet6 ky toefl
excessively,ik'sesivli,"adv. 过多, 极度, 过度, 过分",cet6
exchange,iks'tʃeindʒ,"n. 交换, (电话)交换局, 交换机, 汇兑, 交易所\nv. 交换, 交易, 兑换\n[计] 交换; 电话局",gk cet4 cet6 ky toefl ielts
exchequer,iks'tʃekә,"n. (英国)财政部, 国库\n[法] 国库, 财源, 财政法院",gre
excise,ek'saiz,"n. (烟、酒等)消费税, 货物税, 国产税\nvt. 切除",gre
excitability,ik.saitә'biliti,"n. 易兴奋性, 兴奋性, 激动性\n[医] 应激性, 刺激感受性, 兴奋性",gre
excitable,ik'saitәbl,"a. 能被激动的, 易兴奋的, 易怒的\n[医] 应激的, [可]兴奋的",toefl
excite,ik'sait,"vt. 刺激, 使兴奋, 激励",zk gk cet4 cet6 ky toefl
excitement,ik'saitmәnt,"n. 刺激, 兴奋\n[医] 兴奋, 激动",cet4 ky toefl ielts
exciting,ik'saitiŋ,"a. 令人兴奋的, 刺激的\n[电] 激磁",cet4 cet6 ky toefl ielts
exclaim,iks'kleim,"v. 大叫, 呼喊, 大声叫",cet4 cet6 ky toefl ielts gre
exclamation,.eksklә'meiʃәn,"n. 惊呼, 激烈言词, 惊叹词",cet6 gre
exclude,iks'klu:d,"vt. 除外, 排除, 排斥\n[医] 除外(诊断)",cet4 cet6 ky toefl ielts gre
exclusion,ik'sklu:ʒәn,"n. 排除, 除外, 逐出\n[医] 排除, 除外, 分离术",toefl
exclusive,ik'sklu:siv,"a. 排外的, 独占的, 唯一的\n[计] 独占的",cet4 cet6 ky toefl ielts gre
exclusively,ik'sklu:sivli,"adv. 排他地, 仅仅, 专门, 只, 仅, 唯一地, 专有地",cet4 cet6 toefl ielts
excogitate,eks'kɒdʒiteit,"vt. 想出, 研究出, 设计, 发明",gre
excoriate,ek'skɒ:rieit,"vt. 剥皮, 擦破皮肤, 严厉的责难",gre
excrement,'ekskrimәnt,"n. 排泄, 大便\n[医] 粪便",ielts
excrete,ek'skri:t,"vt. 排泄, 分泌\n[医] 排泄, 分泌",cet6 gre
excruciate,iks'kru:ʃieit,"vt. 施酷刑, 拷问, 使苦恼, 折磨",gre
exculpate,'ekskʌlpeit,"vt. 使无罪, 开脱\n[法] 使无罪, 申辩无罪, 辩解",toefl gre
excursion,ik'skә:ʒәn,"n. 远足, 游览圆, 短程旅行\n[医] 移动, 离轨, 逸出",cet4 cet6 ky toefl ielts gre
excursive,ik'skә:siv,"a. 游览的, 离题的, 散漫的\n[医] 移动性的",gre
excuse,ik'skju:z,"vt. 原谅, 申辩, 做为...的托辞\nn. 致歉, 理由, 饶恕, 借口",zk gk toefl ielts
execrable,'eksikrәbl,"a. 该咒的, 可憎恨的, 讨厌的",gre
execrate,'eksikreit,"vt. 憎恨, 憎恶, 诅咒\nvi. 诅咒",gre
execration,.eksi'kreiʃәn,"n. 憎恶, 诅咒, 被咒骂的人(或事)",gre
execute,'eksikju:t,"vt. 执行, 实行, 完成, 处死, 制成\n[计] 执行",cet4 cet6 ky toefl ielts gre
execution,.eksi'kju:ʃәn,"n. 实行, 完成, 执行, 死刑\n[计] 执行",cet6 toefl ielts
executive,ig'zekjutiv,"n. 执行部门, 执行委员会, 执行者, 经理主管人员\na. 执行的, 善于执行的, 善于经营的\n[计] 执行程序",cet4 cet6 ky toefl ielts
exemplary,ig'zemplәri,"a. 可仿效的, 可做模范的, 惩戒性的, 示范的\n[法] 惩罚性的, 警戒性的, 示范的",toefl gre
exemplify,ig'zemplifai,"vt. 例证, 例示\n[法] 制作经公章证明的誊本, 例证",cet6 ky toefl ielts gre
exempt,ig'zempt,"n. 免税者, 被免除义务者\na. 免除的\nvt. 使免除, 豁免",cet6 ky toefl ielts gre
exemption,ig'zempʃәn,"n. 解除, 免除, 免税\n[化] 免检",toefl
exercise,'eksәsaiz,"n. 行使, 执行, 运动, 练习, 作业\nvt. 运用, 练习, 运动\nvi. 练习, 锻炼",zk gk ielts
exert,ig'zә:t,"vt. 发挥, 运用, 施以影响\n[法] 施加, 产生, 行使",cet4 cet6 ky toefl ielts gre
exertion,ig'zә:ʃәn,"n. 努力, 发挥, 运用\n[医] 劳力, 用力",toefl
exhale,eks'heil,"v. 呼气, 发出, 散发",toefl gre
exhaust,ig'zɒ:st,"n. 排气, 排气装置, 废气\nvt. 抽完, 用尽, 耗尽, 使精疲力尽\nvi. 排气",cet4 cet6 ky toefl ielts gre
exhausted,iɡ'zɔ:stid,a. 耗尽的；疲惫的,toefl
exhausting,i^'zɔ:stiŋ,"a. 使耗尽的, 使人筋疲力尽的\n[计] 经验, 技巧, 穷举, 耗尽, 排气",toefl
exhaustion,ig'zɒ:stʃәn,"n. 抽空, 耗尽, 疲惫, 筋疲力尽\n[化] 抽空",cet4 toefl
exhaustive,ig'zɒ:stiv,"a. 消耗的, 枯竭的, 彻底的, 详尽的",toefl gre
exhibit,ig'zibit,"n. 显示, 显现, 展览品, 陈列品, 展览\nvt. 展现, 陈列, 展览\nvi. 开展览会",cet4 cet6 ky toefl
exhibition,.eksi'biʃәn,"n. 表现, 展览会, 展览品\n[医] 投药, 展览, 展出",gk cet4 cet6 ky toefl ielts
exhilarate,ig'zilәreit,"vt. 使高兴, 使愉快, 鼓励",toefl ielts gre
exhilarating,ig'zilәreitiŋ,"a. 令人喜欢的, 使人愉快的, 爽快的",toefl
exhilaration,ig.zilә'reiʃәn,"n. 令人高兴, 愉快",gre
exhort,ig'zɒ:t,"v. 劝诫, 忠告",ielts gre
exhume,ig'zju:m,"vt. 掘出, 发掘",toefl gre
exigent,'eksidʒәnt,"a. 紧急的, 迫切的, 苛求的\n[法] 催告书, 勒令, 限令",gre
exiguous,eg'zigjuәs,"a. 稀少的, 细微的, 细小的",gre
exile,'eksail,"n. 放逐, 流放, 被放逐者\nvt. 放逐, 流放, 使背井离乡",cet6 ky toefl ielts
exist,ig'zist,"vi. 存在, 生存, 发生",gk cet4 cet6 ky toefl
existence,ig'zistәns,"n. 存在, 生存\n[法] 存在, 存在状态, 实体",gk cet4 cet6 ky ielts
existent,ig'zistәnt,"a. 存在的, 生存的, 现存的\n[医] 生存者",ielts
existential,.egzis'tenʃәl,a. 有关存在的,gre
existing,i^'zistiŋ,"a. 存在的, 目前的, 现存的, 现有的\n[计] 现成的, 已有的, 现存的",ielts
exit,'eksit,"n. 出口, 退场, 离去, 去世\nvi. 退出, 脱离, 去世\n[计] 退出; DOS内部命令:本命令用于退出当前的命令处理器(COMMAND.COM)\n恢复前一个命令处理器",gk cet4 cet6 ky toefl
exocrine,'eksәkrain,"a. 外分泌的\n[医] 外分泌的, 外分泌物",toefl
exodus,'eksәdәs,"n. 大批的离去\n[法] 退出, 大批离去, 成一外出",toefl gre
exonerate,ig'zɒnәreit,"vt. 免除, 证明无罪\n[法] 解放, 开释, 免罪",gre
exorbitant,ig'zɒ:bitәnt,"a. 过度的, 过高的, 过分的",toefl ielts gre
exorcise,'eksɒ:saiz,"vt. 驱邪, 除怪",gre
exotic,ig'zɒtik,"a. 异国的, 外来的\nn. 外来人, 外来物, 舶来品",cet6 ky toefl ielts gre
expand,ik'spænd,"vt. 使膨胀, 详述, 扩张\nvi. 张开, 发展\nvt. 展开\nvi. 展开\n[计] 展开; DOS外部命令:将原始DOS磁盘上的压缩文件解压缩并拷贝到硬盘上",gk cet4 cet6 ky toefl ielts gre
expanding,iks'pændiŋ,[机] 扩张工作,toefl
expanse,ik'spæns,"n. 宽阔区域, 宽阔, 天空",toefl
expansion,ik'spænʃәn,"n. 扩充, 开展, 膨胀\n[计] 扩展",cet4 cet6 ky toefl ielts
expansive,ik'spænsiv,"a. 扩张性的, 使扩大的, 广阔的\n[化] 膨胀的; 可以膨胀的",toefl gre
expatiate,ek'speiʃieit,"vi. 详述, 细说, 漫游",gre
expatriate,eks'peitrieit,"n. 移居国外者, 侨民, 被流放者, 背井离乡者\nvt. 逐出国外, 脱离国籍, 放逐\nvi. 移居国外",gre
expect,iks'pekt,"vt. 预期, 盼望, 期待",zk gk
expectancy,ik'spektәnsi,"n. 期待, 期望的事物, 嘱望, 希望, 期望, 预期\n[医] 预期",ielts
expectation,.ekspek'teiʃәn,"n. 期待, 指望, 展望\n[化] 期望值",gk cet4 cet6 ky
expediency,ik'spi:djәnsi,"n. 权宜, 方便, 私利",gre
expedient,ik'spi:diәnt,"n. 权宜之计\na. 权宜的, 方便的, 有用的",toefl ielts gre
expedite,'ekspidait,"vt. 加快, 促进, 发出\na. 畅通的, 无阻碍的, 迅速的, 方便的",toefl
expedition,.ekspi'diʃәn,"n. 远征, 探险队, 迅速",cet6 ky toefl ielts
expeditious,.ekspi'diʃәs,"a. 迅速的, 敏捷的",toefl gre
expel,ik'spel,"vt. 驱逐, 逐出, 排出, 开除\n[医] 排除, 迫出",cet4 cet6 ky toefl ielts gre
expend,ik'spend,"vt. 花费, 消耗, 用光",cet4 ky ielts gre
expenditure,ik'spenditʃә,"n. 开支, 费用, 用光, 消费额\n[经] 支出, 费用, 消费",cet4 cet6 ky toefl ielts gre
expense,ik'spens,"n. 费用, 代价, 开支, 损失\n[经] 费用, 开支, 将支出转为费用",gk cet4 ky
expenses,,"n. 开支, 经费, 费用\n[法] 开支, 支出, 经费",ielts
expensive,ik'spensiv,"a. 贵的, 奢华的, 费用浩大的, 乱化钱的\n[经] 高价的, 昂贵的, 浪费的",zk gk ielts
experience,ik'spiәriәns,"n. 经历, 经验, 体验\nvt. 经历, 经验, 体验",zk gk cet4 cet6 ky ielts
experienced,ik'spiәriәnst,"a. 富有经验的, 老练的, 熟练的",toefl ielts
experiment,ik'sperimәnt,"n. 实验, 试验, 实验仪器\nvi. 实验, 尝试",zk gk cet4 cet6 ky ielts
experimental,ik.speri'mentәl,"a. 实验的, 根据实验的\n[医] 实验的",cet4 cet6 ky ielts
experimentally,ik.speri'mentli,"adv. 实验式地, 在实验上",cet6
experimentation,"eks,perimen'teiʃәn","n. 实验, 试验, 实验法\n[化] 实验; 实验过程",cet6
experiments,iksˈperimənts,n. 实验( experiment的名词复数 ); 试验; 尝试; 实践,ielts
expert,'ekspә:t,"n. 专家, 行家\na. 老练的, 内行的, 专门的\n[计] 高级",gk cet4 ky ielts
expertise,.ekspә:'ti:z,"n. 专家意见, 专门技术\n[法] 专门知识, 专家意见",cet6 ky toefl ielts gre
expiate,'ekspieit,"vt. 补偿, 赎\nvi. 抵偿, 赎罪",gre
expiation,.ekspi'eiʃәn,"n. 赎罪, 补偿\n[法] 偿罪, 赎罪",gre
expiration,.ekspi'reiʃәn,"n. 终止, 满期, 呼出, 呼气\n[医] 呼[气], 断气, 死亡",gre
expire,ik'spaiә,"vi. 期满, 呼气, 断气\nvt. 呼出",cet6 ky toefl ielts gre
explain,ik'splein,"v. 解释, 说明",zk gk cet4 cet6 ky
explanation,.eksplә'neiʃәn,"n. 解释, 说明, 辩解, 表明\n[经] 解释, 注释, 说明",gk cet4 cet6 ky
explicable,'eksplikәbl,"a. 可说明的, 可解释的",gre
explicate,'eksplikeit,"vt. 详细说明, 解释, 说明, 引伸",gre
explicit,ik'splisit,"a. 详述的, 清楚的, 直言的",gk cet6 ky toefl ielts gre
explode,ik'splәud,"vi. 爆炸, 爆发, 激增\nvt. 使爆炸",gk cet4 cet6 ky toefl ielts
exploit,'eksplɒit,"n. 功绩, 勋绩\nvt. 开发, 利用, 开拓, 剥削",gk cet4 cet6 ky toefl ielts gre
exploitation,.eksplɒi'teiʃәn,"n. 开发, 开采, 剥削\n[经] 开发, 剥削, 宜传",cet6 ky toefl
exploration,.eksplә'reiʃәn,"n. 探险, 踏勘, 探测\n[医] 探察",cet6 toefl
explore,ik'splɒ:,"v. 探险, 探测, 探究",gk cet4 cet6 ky toefl ielts
explorer,ik'splɒ:rә,"n. 探险家, 探测者, 勘探器\n[医] 探察器",gk toefl
explosion,ik'splәuʒәn,"n. 爆发, 激增, 爆炸(声)\n[化] 爆炸",cet4 cet6 ky ielts
explosive,ik'splәusiv,"n. 炸药, 爆破音\na. 易爆发的, 爆炸的, 暴躁的",cet4 cet6 ky toefl ielts gre
exponent,ik'spәunәnt,"n. 说明者, 倡导者, 说明物, 指数\na. 说明的\n[计] 指数",toefl gre
exponential,.ekspәu'nenʃәl,a. 指数的\nn. 指数\n[计] 指数,toefl
exponentially,ˌekspə'nenʃəlɪ,adv. 以指数方式,gre
export,ik'spɒ:t,"n. 输出品, 输出\nvt. 输出, 出口\nvi. 输出物资\n[计] 导出",gk cet4 ky ielts
expose,ik'spәuz,"vt. 使暴露, 使曝光, 揭穿, 陈列\n[医] 暴露, 露置",gk cet4 cet6 ky toefl ielts
exposition,.ekspә'ziʃәn,"n. 阐述, 讲解, 说明, 博览会, 展览会\n[经] 展览会, 集市, 义卖市场",cet6 toefl ielts gre
expository,ik'spɒzitәri,"a. 说明的, 解释的",gre
expostulate,ik'spɔstjuleit,"vi. 劝诫, 告诫；忠告",gre
exposure,ik'spәuʒә,"n. 暴露, 揭发, 揭露\n[化] 曝光量; 照射; 照射量",cet4 cet6 ky toefl ielts gre
expound,ik'spaund,"v. 详细说明, 解释",toefl gre
express,ik'spres,"n. 快车, 快递, 专使\na. 明确的, 丝毫不差的, 专门的, 快的\nvt. 表达, 表示, 表露",zk gk cet4 cet6 ky
expression,ik'spreʃәn,"n. 表达, 表现, 词语, 措辞\n[计] 表达式",gk cet4 cet6 ky
expressive,ik'spresiv,"a. 表达的, 富于表情的",toefl
expressly,ik'spresli,"adv. 明白地, 清楚地, 特意地",toefl gre
expropriate,eks'prәuprieit,"vt. 剥夺, 没收, 征用\n[法] 征用, 没收, 剥夺...的所有权",gre
expulsion,ik'spʌlʃәn,"n. 逐出, 开除, 驱逐, 排气\n[医] 逼出",ielts gre
expunge,ik'spʌndʒ,"vt. 擦掉, 删掉, 除去",gre
expurgate,'ekspә:geit,"vt. 删除, 修订, 使纯洁",gre
exquisite,'ekskwizit,"a. 精致的, 细腻的, 敏锐的",cet6 ky toefl ielts gre
extant,ek'stænt,"a. 现存的, 未毁的",toefl gre
extemporaneous,ik.stempә'reiniәs,"a. 无准备的, 即席的, 临时的\n[医] 临时的, 当时的",toefl gre
extemporize,ik'stempәraiz,"v. 即席演说, 即兴演奏, 当场作成",gre
extend,ik'stend,"v. 扩充, 延伸, 伸展, 扩大\n[计] 扩展",cet4 cet6 ky toefl ielts gre
extended,ik'stendid,"a. 延续的, 伸出的, 竭尽全力的, 广大的, 扩大范围的\n[法] 展期的, 延期的, 延长的",toefl
extension,ik'stenʃәn,"n. 延长, 扩充, 范围, 扩展名\na. 伸缩的\n[计] 扩展名, 扩充名",gk cet4 cet6 ky toefl ielts
extensive,ik'stensiv,"a. 广的, 广泛的, 多方面的\n[经] 广大的, 扩大的",cet4 cet6 ky toefl ielts
extent,ik'stent,"n. 范围, 程度, 区域\n[计] 范围",cet4 cet6 ky toefl ielts
extenuate,ik'stenjueit,"vt. 减轻, 为...找借口\n[法] 减轻, 低估, 藐视",toefl gre
exterior,ik'stiәriә,"n. 外部, 表面, 外貌\na. 外部的, 外在的, 表面的",cet4 cet6 ky toefl ielts
exterminate,ik'stә:mineit,"vt. 扑灭, 消灭, 根绝",toefl ielts gre
external,ik'stә:nl,"n. 外部, 外面\na. 外部的, 客观的, 表面的",cet4 cet6 ky toefl ielts
externalize,ik'stә:nәlaiz,"vt. 给...以外型, 使客观化, 使具体化\n[医] 表面化",gre
extinct,ik'stiŋkt,"a. 熄灭的, 灭绝的, 耗尽的\n[法] 消灭了的, 过时的, 无效的",cet4 cet6 ky toefl ielts gre
extinction,ik'stiŋkʃәn,"n. 消失, 消灭, 废止\n[化] 消光; 熄灭",cet6 toefl gre
extinguish,ik'stiŋgwiʃ,"vt. 熄灭, 使消亡, 压制, 使减色\n[医] 消灭",cet6 ky toefl ielts gre
extirpation,.ekstә:'peiʃәn,"n. 消灭, 根除, 毁灭\n[医] 摘除",gre
extol,ik'stәul,"vt. 颂扬, 称赞, 吹捧",toefl gre
extort,ik'stɒ:t,"vt. 勒索, 敲诈, 强要\n[医] 外旋",toefl ielts gre
extra,'ekstrә,"n. 额外的事物, 另外的收费\na. 额外的, 特别的\nadv. 额外地, 特别地, 非常地",gk cet4 cet6 ky ielts
extract,ik'strækt,"n. 榨出物, 精汁, 摘录, 选段\nvt. (费力地)取出, 采掘, 榨取, 摘录, 吸取\n[计] 提取",cet6 ky toefl ielts gre
extraction,ik'strækʃәn,"n. 抽出, 取出, 拔出术, 抽出物\n[化] 萃取; 提取",cet6
extracurricular,.ekstrәkә'rikjulә,"a. 课外的, 业余的",cet6
extradite,'ekstrәdait,"vt. 引渡, 获取(逃犯等)的引渡\n[法] 引渡, 使被引渡",gre
extraneous,ek'streiniәs,"a. 外来的, 非必要的, 无关的\n[医] 体外的",toefl gre
extraordinarily,ik'strɔ:dθnәrili,"adv. 非凡, 破例, 特别, 非常, 离奇, 使人惊奇, 惊人, 特命, 特派",cet6
extraordinary,ik'strɒ:dәnәri,"a. 非常的, 特别的, 非凡的\n[经] 非常的, 特别的, 临时的",gk cet4 cet6 ky toefl
extrapolate,ek'stræpәleit,"v. 推断, 外推",gre
extravagance,ik'strævәgәns,"n. 奢侈, 浪费, 放肆的言行",gre
extravagant,ik'strævgәnt,"a. 奢侈的, 挥霍无度的, 浪费的",cet6 ky toefl ielts
extreme,ik'stri:m,"n. 极端, 末端\na. 极端的, 尽头的, 极度的, 偏激的",gk cet4 cet6 ky ielts
extremely,ik'stri:mli,"adv. 极端地, 非常地",gk cet4 cet6
extremist,iks'tri:mist,[经] 偏激份子,gre
extremity,ik'stremiti,"n. 极端, 极点, 困境, 绝境\n[医] 肢, 端",toefl
extricable,'ekstrikәbl,"a. 可救出的, 可解救的",gre
extricate,'ekstrikeit,"vt. 使解脱, 救出",toefl gre
extrinsic,ek'strinsik,"a. 外在的, 外来的, 非国有的, 外表的\n[医] 外部的, 体外的",gre
extrovert,'ekstrәuvә:t,n. 外向性格的人\n[医] 外倾[性格]者,gre
extrude,ek'stru:d,"vt. 挤出, 压出, 逐出\nvi. 伸出, 突出",toefl gre
exuberance,ig'zju:bәrәns,"n. 茂盛, 茂盛的生长物, 丰富",gre
exuberant,ig'zju:bәrәnt,"a. 繁茂的, 丰富的, 生气勃勃的\n[医] 生成过多的, 高度增生的",toefl ielts gre
exude,ig'zju:d,"v. (使)流出, (使)渗出",toefl gre
exult,ig'zʌlt,"vi. 非常高兴, 欢欣",gre
exultant,ig'zʌltәnt,"a. 非常高兴的, 欢欣的",toefl gre
eye,ai,"n. 眼睛, 视力, 看\nvt. 看, 注视",zk gk ielts
eye-catching,,"a. 引人注目的, 引人瞩目的",toefl
eyebrow,'aibrau,n. 眉毛\n[医] 眉,ky
eyesight,'aisait,"n. 视力, 目力",gk cet4 cet6 ky ielts
eyewitness,ai'witnis,"n. 目击者, 见证人",gk toefl
F,ef,"[计] 故障, 假, 法拉, 字段, 标记, 特征, 分数, 频率, 函数, 功能",gk
fable,'feibl,"n. 寓言, 神话, 谎言\nvi. 虚构, 作寓言",cet6 ky toefl
fabric,'fæbrik,"n. 织物, 布, 结构, 构造, 建筑物\n[经] 组织, 建筑物, 工厂",cet4 cet6 ky toefl ielts gre
fabricate,'fæbrikeit,"vt. 制造, 建造, 装配, 伪造",cet6 ky toefl ielts gre
fabrication,.fæbri'keiʃәn,"n. 制造, 建造, 虚构的谎言\n[医] 虚谈症",cet6
fabulous,'fæbjulәs,"a. 传说的, 寓言般的, 难以置信的",ky ielts gre
facade,fә'sɑ:d,"n. 建筑物的正面, 外观, 表面",toefl gre
face,feis,"n. 脸, 面容, 正面, 外观\nvt. 面对, 朝, 正视, 面临\nvi. 朝, 向\n[计] 现场可改变的控制元件",zk gk toefl ielts
facelift,,n. 除去面部皱纹的整容手术,toefl
facet,'fæsit,"n. (多面体的)面, 方面, 琢面\n[医] 小平面, 小面",cet6 toefl ielts gre
facetious,fә'si:ʃәs,"a. 滑稽的, 爱开玩笑的",toefl gre
facial,'feiʃәl,"n. 美颜, 脸部按摩\na. 脸的, 表面的, 脸部用的",gk
facile,'fæsil,"a. 容易的, 灵巧的, 温和的",toefl gre
facilitate,fә'siliteit,"vt. 使容易, 促进, 帮助\n[法] 使容易, 使便利, 推进",cet6 ky toefl ielts gre
facilitation,"fә,sili'teiʃәn","[医] 容易化, 助长, 接通[作用]",toefl
facilities,,"n. 工具, 设施, 设备",ielts gre
facility,fә'siliti,"n. 容易, 灵巧, 设备\n[计] 设施; 设备; 装备",cet4 cet6 ky toefl ielts
facsimile,fæk'simili,"n. 摹(真)本, 传真\nvt. 传真, 临摹\na. 复制的\n[计] 复制; 传真; 精确复制",toefl gre
fact,fækt,"n. 事实, 真实性, 真相, 细节, 论据",zk gk cet4 ky
faction,'fækʃәn,"n. 小派系, 内讧\n[法] 宗派, 派别, 小集团",cet6 toefl gre
factious,'fækʃәs,"a. 好搞派系的, 好结党营私的",toefl
factitious,fæk'tiʃәs,"a. 人为的, 人工的, 不自然的\n[医] 人工的, 人造的, 假的",toefl gre
factor,'fæktә,"n. 因素, 因数, 系数, 基因, 代理人\n[计] 因式",cet4 ky toefl ielts
factorable,,[计] 可分解因子的,gre
factories,,"n. 工厂, 车厂（factory复数形式）",ielts
factors,,n. 因素（factor的复数）,ielts
factory,'fæktәri,"n. 工厂, 产生地, 代理店\n[经] 工厂, 代理店, 商行在国外的代理处",zk gk ielts
factotum,fæk'tәutәm,"n. 家务总管, 杂役, 爱管闲事者\n[经] 杂工",gre
factual,'fæktʃuәl,"a. 事实的, 实际的\n[法] 事实的, 与事实有关的, 实际的",toefl gre
faculty,'fækәlti,"n. 才能, 能力, 全体教员, (大学的)系\n[医] 能力, [大学]院系",cet4 cet6 ky toefl ielts gre
fad,fæd,n. 时尚\n[化] 黄素腺嘌呤二核苷酸,gre
faddish,'fædiʃ,"a. 趋于时尚的, 风行的, 流行的",gre
fade,feid,"vi. 褪色, 消失, 凋谢\nvt. 使褪色\nn. 淡入, 淡出\na. 平淡的",gk cet4 cet6 ky toefl ielts gre
fag,fæg,"n. 吃力的工作, 苦工\nvi. 努力地工作\nvt. 使劳累",gre
fagot,'fægәt,"n. 柴把, 束薪\nvt. 捆, 束",toefl
fahrenheit,'færәnhait,a. 华氏温度计的\nn. 华氏温度计,cet4 cet6 toefl ielts
fail,feil,"vi. 失败, 缺乏, 中断, 衰退, 失灵\nvt. 忘记, 使...失望, 缺乏, 不及格\nn. 不及格",zk gk
fail-safe,,n. 自动防故障装置\na. 自动防故障装置的\n[计] 故障保险,gre
failure,'feiljә,"n. 失败, 失败者, 不足, 缺乏, 破产\n[计] 故障; 失效",gk cet4 ky ielts
faint,feint,"n. 昏厥, 昏倒\na. 模糊的, 微弱的, 无力的\nvi. 昏倒, 变得微弱",cet4 cet6 ky toefl ielts
fainthearted,'feint'hɑ:tid,"a. 懦弱的, 无精神的, 胆小的",gre
fair,fєә,"n. 展览会, 市集, 美好的事物\na. 公平的, 按规则进行的, 不好不坏的, 晴朗的, 美丽的\nadv. 公平地, 正面地, 有教养地, 清楚地\nvi. 转晴",zk gk cet4 cet6 ky toefl
fairly,'fєәli,"adv. 美观地, 公平地, 相当地, 清楚地",gk cet4 cet6 ky toefl
fairness,'fєәnis,"n. 晴朗, 光明正大, 美丽\n[经] 公正, 适当",gk
fairy,'fєәri,"n. 仙女, 精灵\na. 仙女的",ky
faith,feiθ,"n. 信心, 信任, 忠实, 保证\n[法] 信任, 信仰, 信念",gk cet4 cet6 ky toefl ielts
faithful,'feiθful,"a. 忠实的, 详确的, 可靠的\nn. 信徒",cet4 cet6 ky toefl
faithfulness,'feiθfulnis,"n. 忠诚, 诚实, 正确",toefl
fake,feik,"n. 假货, 欺骗, 诡计\na. 假的\nvt. 假造, 仿造\nvi. 伪装",cet6 ky toefl ielts gre
falcon,'fɒ:lkәn,"n. 隼, 猎鹰",toefl gre
falconer,'fɒ:lkәnә,"n. 以鹰狩猎者, 放鹰者, 养鹰者",toefl
falcons,,n. 猎鹰；隼鹰队；猎鹰导弹（falcon的复数形式）,ielts
fall,fɒ:l,"n. 落下, 瀑布, 采伐量, 下降, 落差, 降低, 堕落, 秋天\nvi. 倒下, 落下, 来临, 失守, 阵亡, 下跌, 减弱, 倾斜, 垮台, 轮到, 变成, 降低\na. 秋天的",zk gk ielts
fallacious,fә'leiʃәs,"a. 使人误解的, 谬误的, 不合理的, 骗人的",toefl gre
fallacy,'fælәsi,"n. 错误的观念(或信念), 谬见, 谬论\n[医] 错觉, 幻觉, 虚妄",ielts gre
fallibility,.fælә'biliti,"n. 易错, 易误, 出错性",gre
fallible,'fælәbl,"a. 易错的, 可能犯错的",toefl ielts gre
fallow,'fælәu,"n. 休耕地\na. 休耕的, 淡棕色的",toefl gre
false,fɒ:ls,"a. 错误的, 虚伪的, 假的, 不老实的\nadv. 不准确地, 欺诈地",gk cet4 cet6 ky
falsehood,'fɒ:lshud,"n. 谎言, 虚假(性)\n[法] 虚伪陈述, 谎言, 谬误",gre
falsify,'fɒ:lsifai,"vt. 伪造, 歪曲\nvi. 说谎",gre
falter,'fɒ:ltә,"vt. 支吾地说\nvi. 支吾, 蹒跚地走\nn. 颤抖, 支吾, 踌躇",ky toefl ielts gre
fame,feim,"n. 名望, 名声, 传说",cet4 cet6 ky toefl ielts
familiar,fә'miljә,"a. 熟悉的, 常见的, 亲密的\nn. 熟友, 常客",gk cet4 cet6 ky ielts
familiarity,fә.mili'æriti,"n. 熟悉, 精通, 亲密",gre
familiarize,fә'miljәraiz,"vt. 使熟悉, 使熟知, 使通俗化",toefl
families,,n. 家族；家庭（family的复数）,ielts
family,'fæmәli,"n. 家庭, 家人, 族\na. 家庭的",zk gk ielts
famine,'fæmin,"n. 饥荒, 缺乏, 饥饿",cet4 cet6 ky toefl ielts gre
famish,'fæmiʃ,"vt. 使挨饿\nvi. 饥饿, 挨饿",toefl gre
famous,'feimәs,"a. 出名的, 极好的",zk gk ielts
fan,fæn,"n. 风扇, 迷, 狂热者, 爱好者\nvt. 煽动, 刺激, 吹拂\nvi. 飘动, 成扇形散开",zk gk cet4 cet6 ky
fanatic,fә'nætik,"n. 狂热者, 盲信\na. 狂热的, 盲信的",toefl ielts gre
fanatical,fә'nætikәl,"a. 狂热的, 盲信的",toefl
fanaticism,fә'nætisizm,"n. 狂热, 入迷",toefl
fanciful,'fænsiful,"a. 奇怪的, 稀奇的, 想像的",toefl
fancy,'fænsi,"n. 想象力, 幻想, 喜好\na. 想象的, 精美的, 新奇的, 奇特的, 高价的, 特级的\nvt. 想象, 设想, 相信, 喜爱\nvi. 想象, 幻想",gk cet4 cet6 ky toefl ielts
fanfare,'fænfєә,"n. 喇叭边(或号角)嘹亮吹奏声, 吹牛",gre
fang,'fæŋ,"n. 尖牙, 犬牙\n[医] 牙根, 尖牙, 蛇类毒牙",gre
fantasia,fæn'teizjә,n. 幻想曲,gre
fantastic,fæn'tæstik,"a. 奇妙的, 稀奇的, 空想的",zk gk cet6 ky toefl ielts
fantasy,'fæntәsi,"n. 幻想, 想象的产物\n[医] 幻想",gk cet4 ky toefl ielts gre
far,fɑ:,"a. 远的, 久远的, 遥远的\nadv. 甚远地, 很, 到很深的程度, 到很远的距离",zk gk
far-reaching,,"a. 深远的, 广泛的, 伸至远处的",toefl gre
farce,fɑ:s,"n. 闹剧, 滑稽剧, 胡闹",toefl gre
fare,fєә,"n. 费用, 旅客, 食物\nvi. 进展, 进步, 经营, 过活",gk cet4 cet6 ky ielts
farewell,'fєә'wel,"n. 辞别, 再见, 再会\ninterj. 再会",cet4 cet6 ky ielts gre
farm,fɑ:m,"n. 农场, 农田\nvt. 耕种\nvi. 种田",zk gk ielts
farmer,'fɑ:mә,"n. 农夫, 农场主\n[法] 农民, 农场主, 承包者",zk gk cet4 cet6 ky
farmers,,n. 农民（farmer的复数）,ielts
farming,'fɑ:miŋ,"n. 农业, 耕作",ielts
farms,,n. 农场；庄园（farm的复数形式）,ielts
farrow,'færәu,"n. 一窝小猪, 猪的一胎",gre
farther,'fɑ:ðә,"a. 更远的, 进一步的\nadv. 更远的, 此外, far的比较级",cet4 cet6 ky
fascia,'feiʃiә,"n. 带, 招牌\n[医] 筋膜, 绷带",gre
fascinate,'fæsineit,"vt. 令人入神, 使着迷\nvi. 入迷",cet6 ky toefl ielts gre
fascinating,'fæsineitiŋ,"a. 迷人的, 吸引人的, 使人神魂颠倒的",cet6 toefl ielts
fascination,.fæsi'neiʃәn,"n. 令人着迷的事物, 入迷, 魅力",toefl
fashion,'fæʃәn,"n. 流行, 风尚, 时样\nvt. 形成, 造, 作",cet4 cet6 ky toefl ielts
fashionable,'fæʃәnәbl,"a. 时髦的, 上流社会的, 流行的",cet4 cet6 ky toefl
fast,fɑ:st,"a. 快速的, 紧的\nadv. 很快地, 紧紧地, 彻底地\nn. 绝食, 斋戒\nvi. 绝食, 斋戒",zk gk gre
fasten,'fɑ:sәn,"vt. 拴紧, 使固定, 系, 集中于, 强加于\nvi. 扣紧",gk cet4 cet6 ky toefl gre
fastener,'fɑ:sәnә,"n. 结扎工, 使系牢之物\n[化] 紧固零件",cet6
fastidious,fæs'tidiәs,"a. 难取悦的, 挑剔的, 苛求的",ielts gre
fastness,'fɑ:stnis,"n. 要塞, 巩固, 迅速\n[医] 抗拒性",gre
fat,fæt,"n. 脂肪, 脂油, 肥肉\na. 肥的, 胖的, 油腻的\nn. 文件分配表\n[计] 文件分配表",zk gk ky
fatal,'feitәl,"a. 致命的, 重大的, 命运注定的, 粗心的, 不幸的\n[医] 致命的, 致死的",cet4 cet6 ky toefl ielts gre
fatalism,'feitәlizm,n. 宿命论,toefl
fate,feit,"n. 命运, 运气\nvt. 注定",cet4 cet6 ky
fateful,'feitful,"a. 宿命的, 重大的, 决定性的",toefl
father,'fɑ:ðә,"n. 父亲, 祖先, 长辈, 神父, 创始者\nvt. 当...的父亲, 保护, 创作, 发明, 培养",zk gk
father-in-law,'fɑ:ðәrinlɔ:,"n. 公公, 岳父",cet4 cet6
fathom,'fæðәm,"n. 英寻(长度单位,合6英尺)\nvt. 测量深度, 看穿, 彻底了解\nvi. 测深",gre
fatigue,fә'ti:g,"n. 疲乏, 疲劳\nvt. 使疲劳, 使心智衰弱\nvi. 疲劳\na. 疲劳的",cet4 cet6 ky toefl ielts gre
fatten,'fætn,vi. 养肥\nvt. 使肥胖,gre
fatuity,fә'tju:әti,"n. 愚钝, 昏庸, 愚蠢言行\n[医] 愚昧",gre
fatuous,'fætjuәs,"a. 发呆的, 愚笨的",toefl ielts gre
faucet,'fɒ:sit,"n. 龙头, 开关, 旋塞",toefl gre
fault,fɒ:lt,"n. 过错, 故障, 毛病\nvt. 挑剔\nvi. 产生断层, 弄错\n[计] 故障",gk cet4 ky toefl ielts gre
faultfinder,'fɒ:ltfaindә,n. 吹毛求疵的人,gre
faultless,'fɒ:ltlis,"a. 完美的, 无缺点的\n[化] 无故障的",cet6
faulty,'fɒ:lti,"a. 有过失的, 有缺点的, 不完美的, 应受责备的\n[经] 缺点多的",cet4 cet6 ky
fauna,'fɒ:nә,n. 动物群\n[医] 动物区系,toefl
favor,'feivә,"n. 好意, 喜爱\nvt. 赐予, 支持, 喜欢, 证实",cet4 ky ielts
favorable,'feivәrәbl,"a. 有利的, 赞许的, 良好的",cet4 ky toefl gre
favored,'feivәd,"a. 有利的, 受惠的, 幸运的",toefl
favorite,'feivәrit,"n. 喜欢的事物, 幸运儿\na. 特别受喜爱的, 喜爱的, 宠爱的, 中意的",cet4 ky ielts
favour,'feivә,"n. 好感, 偏爱, 喜爱, 相信, 庇护, 赞同, 支持, 信赖, 善行, 恩惠, 徽章, 礼物\nvt. 赞成, 帮助, 支持, 喜爱, 偏袒, 关切, 赐与, 给与, 有利于, 有助于, 像, 体恤",gk cet4 cet6 ielts
favourable,'feivәrәbl,"a. 有用的, 良好的, 赞成的, 顺利的\n[医] 良好的, 顺利的",cet4 cet6
favourite,'feivәrit,"n. 喜欢的事物\na. 喜爱的, 宠爱的",zk gk
fawn,fɒ:n,"n. 小鹿\nvi. 摇尾乞怜, 奉承",gre
FAX,fæks,n. 传真\nvt. 发传真\n[计] 传真系统; 传真,gk cet4 ky
faze,feiz,"vt. 打扰, 折磨, 使狼狈",gre
fealty,'fi:әlti,"n. 忠诚, 忠贞, 忠实",toefl gre
fear,fiә,"n. 恐怖, 害怕, 担心\nv. 害怕, 恐惧, 为...担心, 敬畏",zk gk cet4 cet6 ky
fearful,'fiәful,"a. 可怕的, 恐怕的, 担心的",cet4 cet6 ky
fearless,'fiәlis,"a. 大胆的, 勇敢的, 无畏的",cet6
feasible,'fi:zәbl,"a. 能实行的, 可行的, 适宜的\n[法] 可行的, 可执行的, 可完成的",cet4 cet6 ky toefl ielts gre
feast,fi:st,"n. 宴会, 酒席, 享受, 节日\nvt. 款待, 享乐, 请客\nvi. 参加宴会, 尽情地吃, 享受",gk cet4 cet6 ky ielts
feat,fi:t,"n. 壮举, 功绩, 技艺表演\na. 灵巧的, 合适的, 整洁的",ky toefl ielts gre
feather,'feðә,n. 羽毛\nvi. 长羽毛\nvt. 用羽毛装饰,gk cet4 cet6 ky
feature,'fi:tʃә,"n. 面孔的一部分(如眼、口等), 特征, 容貌, 特色, 特写\nvt. 是...的特色, 特写, 放映\nvi. 起重要作用\n[计] 特性",cet4 cet6 ky ielts gre
features,,"n. 容貌；产品特点, 特征；嘴脸（feature的复数）",ielts
febrile,'fi:brail,"a. 发热的, 热病的, 热性的\n[医] 热性的, 发热的",gre
February,'februәri,n. 二月,zk gk
feckless,'feklis,"a. 无效的, 无能的, 不负责任的",gre
fecund,'fi:kәnd,"a. 生殖力旺盛的, 多产的, 丰饶的, 肥沃的",gre
fecundity,fi'kʌnditi,"n. 多产, 丰饶, 肥沃, 繁殖力\n[医] 生殖能, 生殖力",toefl gre
federal,'fedәrәl,"a. 联邦的, 联合的, 同盟的\n[法] 联邦的, 联邦制的, 联盟的",cet4 cet6 ky toefl
federation,fedә'reiʃәn,"n. 联邦, 联合, 联盟\n[法] 联邦, 联盟, 联邦政府",ky ielts
fee,fi:,"n. 费用, 小费, 封地, 所有权\nvt. 付费给",gk cet4 ky ielts
feeble,fi:bl,"a. 微弱的, 衰弱的, 无效的\n[医] 无力的, 衰弱的",cet4 cet6 ky toefl ielts gre
feed,fi:d,"n. 饲料, 一餐, 饲养\nvt. 喂, 饲养, 放牧, 靠...为生\nvi. 吃东西, 用餐, 流入\n[计] 送纸",zk gk cet4 cet6 ky toefl
feedback,'fi:dbæk,"n. 反馈, 反应\n[计] 反馈",cet4 cet6 ky ielts gre
feeder,'fi:dә,"n. 饲养者, 供给者, 奶瓶\n[化] 给料器",toefl
feel,fi:l,"vt. 感觉, 觉得, 触摸, 以为\nvi. 有知觉, 摸索, 同情\nn. 感觉, 觉得, 触摸",zk gk ielts
feeling,'fi:liŋ,"n. 摸, 触觉, 知觉, 感觉, 情绪, 同情\na. 有同情心的, 有感觉的, 仁慈的, 动人的",zk gk cet4 ky
fees,,n. 规费；费用（fee的复数）,ielts
feet,fi:t,pl. 脚\nn. 尺,ielts
feign,fein,"vt. 假装, 装作\nvi. 作假",toefl gre
feigned,feind,"a. 假的, 做作的, 捏造的\n[法] 伪造的, 假装的, 虚构的",gre
feint,feint,"n. 伪装, 假装, 假托, 佯攻\nvi. 装作, 假装, 佯攻\na. 假的, 虚饰的",toefl gre
feisty,'faisti,"a. 激动的, 活跃的, 好争吵的, 坐立不安的",gre
felicitate,fә'lisiteit,"vt. 庆祝, 庆贺",gre
felicitous,fә'lisitәs,"a. 巧妙的, 极为适当的, 善于措辞的, 可喜的",gre
feline,'fi:lain,"a. 猫的, 猫科的, 猫一样的\nn. 猫, 猫科动物",gre
fell,fel,"vt. 击倒\nn. 一季所伐的木材, 折缝\na. 凶猛的, 可怕的\nfall的过去式",cet6 ky toefl gre
fellow,'felәu,"n. 男人, 朋友, 同事\na. 同伴的, 同事的, 同道的",gk cet4 cet6 ky
fellowship,'felәuʃip,"n. 伙伴关系, 共同参与, 团体, 奖学金, 友谊\n[经] 合伙关系, 研究员薪金, 研究员基金",cet6 ky ielts
felon,'felәn,"n. 重罪犯, 恶棍, 瘭疽\n[医] 瘭疽, 指头脓炎",gre
felony,'felәni,"n. 重罪\n[法] 重罪, 重刑罪",gre
felt,felt,"n. 毛毯, 毡\nvt. 制毡, 使粘结\nvi. 粘结\nfeel的过去式和过去分词",toefl
female,'fi:meil,"n. 女性, 女人, 雌性动物\na. 女性的, 女子的",gk cet4 cet6 ky ielts
feminine,'feminin,"a. 女性的, 阴性的, 柔弱的\n[医] 女性的, 雌性的",cet6 ky
feminism,'feminizm,"n. 女权主义, 男女平等主义\n[医] 男子女性",toefl
feminist,'feminist,n. 男女平等主义者,toefl gre
fence,fens,"n. 围墙, 栅栏, 买卖赃物的人, 剑术\nvt. 用篱笆围住, 练习剑术, 防护\nvi. 击剑, 搪塞",gk cet4 cet6 ky
fencing,'fensiŋ,"n. 围墙, 剑术\n[法] 围栏, 买卖赃物, 辩论",toefl gre
fend,fend,"vt. 击退, 保护, 供养",ielts
fender,'fendә,"n. 防卫物, 挡泥板",toefl gre
feral,'fiәrәl,"a. 野生的, 凶猛的, 野兽的\n[医] 凶猛的, 野生的",gre
ferment,'fә:ment,"n. 酵素, 发酵, 动乱\nv. (使)发酵, (使)动乱",toefl gre
fermentation,",fә:men'teiʃәn",n. 发酵\n[化] 发酵,toefl gre
fern,fә:n,n. 蕨类植物\n[医] 蕨类植物,gre
ferocious,fә'rәuʃәs,"a. 残忍的, 凶猛的, 可怕的",toefl ielts gre
ferret,'ferit,"n. 白鼬, 雪貂, 侦探\nvt. 用雪貂打猎, 搜出, 驱出\nvi. 搜索",toefl gre
ferries,ˈferiz,"n. 渡船( ferry的名词复数 ); 渡口; 摆渡; 飞机渡运\nv. 运送( ferry的第三人称单数 ); （乘渡船）渡过（河等）; 渡运飞机; 摆渡, 用（渡）船渡, （船）来往行驶",ielts
ferromagnetic,.ferәumæg'netik,a. 铁磁体\n[医] 磁性铁的,toefl
ferrous,'ferәs,"a. 铁的, 含铁的, 亚铁的\n[医] 亚铁的",cet6 gre
ferry,'feri,"n. 渡船, 渡口\n[法] 摆渡营业权, 轮渡",gk cet6 ky toefl ielts gre
fertile,'fә:tail,"a. 可繁殖的, 肥沃的, 生产多的\n[医] 能生育的",cet4 cet6 ky toefl ielts gre
fertilize,'fә:tilaiz,"vt. 施肥, 使丰饶, 使受精",toefl gre
fertilizer,'fә:tilaizә,"n. 肥料, 促进发展者, 受精媒介物\n[化] 肥料",cet4 cet6 ky toefl gre
fervent,'fә:vәnt,"a. 热的, 炎热的, 热心的",toefl ielts
fervid,'fә:vid,"a. 热的, 热心的",toefl gre
fervor,'fә:vә,"n. 热情, 热心, 炽热",toefl gre
festal,'festәl,"a. 节日的, 祭日的, 欢乐的",gre
fester,'festә,"vi. 溃烂, 生脓\nvt. 使溃烂\nn. 脓疮, 溃烂",toefl ielts gre
festival,'festәvәl,"a. 节日的, 喜庆的, 快乐的\nn. 节日, 庆祝, 欢宴",zk gk cet4 cet6 ky toefl ielts
festive,'festiv,"a. 庆祝的, 喜庆的, 欢乐的",toefl gre
fetch,fetʃ,"n. 取得, 拿, 诡计, 魂\nvt. 接来, 取来, 售得, 带来, 推出, 引出, 杀死, 吸引, 到达\nvi. 取物, 前进\n[计] 取",zk gk cet4 cet6 ky ielts
fete,feit,"n. 庆祝, 祭祀, 节日\nvt. 宴请, 招待",toefl
fetid,'fetid,a. 恶臭的\n[医] 恶臭的,gre
fetish,'fi:tiʃ,"n. 物神, 偶像, 迷信\n[医] 恋物对象",toefl gre
fetter,'fetә,"n. 脚镣, 羁绊, 束缚\nvt. 束缚, 加脚镣",toefl ielts gre
fetus,'fi:tәs,"n. 胎儿\n[医] 胎, 胎儿",gre
feud,fju:d,"n. 不和, 封地, 争执\nvi. 长期不和, 擦亮",toefl ielts gre
feudal,'fju:dәl,"a. 封建制度的, 封地的, 领地的",ky toefl
fever,'fi:vә,"n. 发烧, 发热, 热病\n[医] 发热, 热",zk gk cet4 cet6 ky ielts
feverish,'fi:vәriʃ,"a. 发热的, 极度兴奋的, 不安的",toefl
few,fju:,"a. 很少的, 不多的, 少数的\nn. 少数",zk gk
fiasco,fi'æskәu,"n. 惨败, 大失败",gre
fiat,'faiæt,"n. 命令, 严命, 许可\n[医] 制成, 作成",gre
fiber,'faibә,"n. 纤维, 构造, 纤维制品\n[化] 纤维",cet6 ky toefl ielts
fibre,'faibә,"n. 纤维, 构造, 纤维制品\n[化] 纤维",gk cet4 cet6 ielts
fickle,'fikl,"a. 变幻无常的, 浮燥的, 薄情的",toefl ielts gre
fiction,'fikʃәn,"n. 小说, 虚构故事\n[法] 虚构的事实, 捏造, 拟制",gk cet4 cet6 ky toefl
fictional,'fikʃәnl,"a. 虚构的, 编造的, 小说式的\n[法] 拟制的, 假定的, 虚构的",toefl
fictitious,fik'tiʃәs,"a. 假想的, 编造的, 虚伪的\n[法] 假定的, 假设的, 虚构的",toefl gre
fidelity,fi'deliti,"n. 忠实, 诚实, 忠诚, 保真度\n[电] 逼真度",toefl ielts
fidget,'fidʒit,"vi. 坐卧不安, 摆弄\nvt. 使烦乱, 使不安\nn. 烦躁不安, 坐立不安的人",gre
field,fi:ld,"n. 领域, 田地, 场地, 战场, 场, 域\nvt. 使...晒在场上, 使上场\na. 田间的, 野生的, 野外的, 田赛的\n[计] 域, 字段",zk gk ielts
fiend,fi:nd,"n. 魔鬼, 邪神, 能手, 成癖者",gre
fierce,fiәs,"a. 凶猛的, 猛烈的, 热烈的, 暴躁的",gk cet4 cet6 ky toefl ielts
fifteen,'fif'ti:n,"num. 十五, 十五个",zk gk
fifth,fifθ,"num. 第五, 五分之一",zk gk ielts
fifty,'fifti,"num. 五十, 五十个",zk gk
fig,fig,"n. 无花果, 无价值的东西, 少许, 服装\nvt. 打扮, 使马跑快",gre
fight,fait,"n. 打架, 争吵, 斗志\nv. 对抗, 打架",zk gk cet4 cet6 ky
fighter,'faitә,"n. 斗士, 战士, 好战者, 战斗机",gk cet6
figment,'figmәnt,n. 虚构的事,toefl gre
figurative,'figjurәtiv,"a. 比喻的, 象征的, 修饰丰富的",gre
figure,'figә,"n. 数字, 价格, 图形, 形状\nvt. 描绘, 表示, 演算, 认为\nvi. 计算, 出现, 估计",gk cet4 cet6 ky toefl ielts
figurehead,'figәhed,"n. 装饰船头的人像, 傀儡领袖",toefl gre
figures,,"n. 图形, 图表；价格, 金额, 数字；规定动作；人物（figure的复数）",ielts
figurine,'figjuri:n,n. 小雕像,gre
filament,'filәmәnt,"n. 细丝, 细线, 灯丝, 单纤维\n[化] 长丝; 单丝(复丝中的单根细丝); 丝极",cet6 gre
filch,filtʃ,"vt. 偷窃, 窃取",toefl gre
file,fail,"n. 档案, 公文箱, 文件夹, 文件, 卷宗, 锉刀\nvi. 列队行进, 用锉刀做\nvt. 归档, 申请, 锉, 琢磨\n[计] 文件",gk cet4 ky toefl ielts gre
filial,'filiәl,"a. 子女的, 当做子女的, 孝顺的\n[医] 子女的",gre
filibuster,'filibʌstә,"n. 阻挠议事的活动, 掠夺兵, 暴兵, 海盗\nvi. 掠夺\nvt. (以冗长的演说)阻碍议案通过",gre
filigree,'filә^ri:,"n. 金银细丝工艺, 精致华丽而不很坚固的物品, 金丝的细工饰品\n[医] 银丝网",gre
filings,,n. 锉屑\n[医] 锉屑,gre
fill,fil,"vt. 装满, 填充, 弥漫, 供给, 满足, 供应\nvi. 充满, 变得沉重\nn. 满足, 装满, 充分, 填方\nvt. 填充\nvi. 填充\n[计] 填充",zk gk
fillet,'filit,"n. 头带, 带子\nvt. 用带缚",gre
filly,'fili,"n. 小雌马, 小姑娘",gre
film,film,"n. 软片, 薄膜, 胶卷, 电影\nvt. 覆以薄膜, 拍摄\nvi. 生薄膜, 拍电影",zk gk ielts
filmed,,v. 拍摄（复以薄膜）,ielts
filter,'filtә,"n. 滤波器, 过滤器, 滤光器, 过滤嘴, 去尘器\nvt. 过滤, 渗透, 走漏\nvi. 滤过, 渗入\n[计] 过滤器, 筛选",cet4 cet6 ky toefl ielts gre
filth,filθ,"n. 污秽, 不洁, 猥亵\n[法] 污秽, 污物, 淫猥",cet6 ielts gre
filthy,'filθi,"a. 污秽的, 丑恶的",toefl
finable,'fainәbl,"a. 应罚款的\n[法] 可罚款的, 该罚款的",gre
final,'fainl,"n. 期末考试, 结局, 决赛\na. 最后的, 终极的, 决定性的",zk gk cet4 ky toefl ielts
finale,fi'nɑ:li,"n. 结局, 最后乐章, 终曲",gre
finally,'fainәli,"adv. 最后, 终于",cet4 ky
finance,fai'næns,"n. 财政, 财务\nvt. 供给...经费, 负担经费\nvi. 筹措资金",gk cet4 cet6 ky toefl ielts
financial,fai'nænʃәl,"a. 财政的, 金融的\n[经] 财政的, 金融的, 财务的",cet4 cet6 ky toefl ielts
financing,fai'nænsiŋ,"n. 融资, 理财, 筹集的资金\n[经] 筹措资金, 理财",toefl
finch,fintʃ,n. 雀科鸣鸟,toefl
find,faind,"vt. 发现, 感到, 找到, 认为, 得到\nvi. 裁决\nn. 发现\n[计] 查找; DOS外部命令:在指定的文件或从键盘输入的文本行中\n寻找指定的字符串, 将符合条件的行或行数输出到标准输出设备上",zk gk
finding,'faindiŋ,"n. 发现, 发现物, 决定, 裁决\n[法] 调查结果, 对事实的认定, 判定的要素",cet4 cet6 ky ielts
fine,fain,"n. 罚款, 罚金, 晴天, 精细\na. 好的, 晴朗的, 健康的, 细小的, 精细的\nvt. 罚款, 精炼, 澄清\nvi. 变清, 变细\nadv. 很好\n[计] 精细",zk gk toefl ielts
finely,'fainli,"adv. 雅致地, 仔细地, 敏锐地, 微细地",cet6
finery,'fainәri,"n. (华丽的)装饰, (华丽的)服饰, 鲜艳服装, 幽雅, 精炼炉\n[化] 木炭吹炼炉; 木炭精炼炉",gre
finesse,fi'nes,"n. 策略, 手段, (桥牌中的)飞牌\nv. 用计谋处理, 出小牌",toefl gre
finger,'fiŋgә,"n. 手指, 指状物, (手套的)手指部分, 指针\nv. 用手指拨弄, 伸出\n[计] 网络命令",zk gk cet4 cet6 ky
fingernail,'fiŋgәneil,n. 手指甲,gk
fingers,,"n. 梳状剔除器；手指头, 指头（finger复数）",ielts
fingertip,'fiŋgәtip,"n. 指尖, 指套",toefl
finicky,'finiki,"a. 过分注意的, 过分周到的, 过分讲究的",gre
finish,'finiʃ,"n. 完成, 结束, 末道漆, 磨光, 完美\nvt. 完成, 结束, 用完, 毁掉\nvi. 结束\n[计] 完成",zk gk toefl
finite,'fainait,"a. 有限的, 有穷的, 限定的\nn. 有限物",cet6 ky ielts gre
fir,fә:,"n. 枞树, 杉木\n[机] 枞木",toefl
fire,'faiә,"n. 火, 炉火, 电炉, 火灾, 闪光体, 炮火, 热情\nvt. 点燃, 烧制, 使发光, 激动, 放枪, 解雇\nvi. 着火, 烧火, 开枪, 射击, 激动",zk gk ielts
firearm,'faiә'ɑ:m,"n. 火器, 枪炮",gre
firebrand,'faiәbrænd,"n. 火把, 在燃烧的木柴, 煽动叛乱者",gre
firefighter,ˈfaɪəfaɪtə(r),n. <美>消防队员,gk
firefly,'faiәflai,n. 萤火虫,gre
fireman,'faiәmәn,"n. 救火队员, 消防队员\n[机] 司炉",cet4 cet6 ky
fireplace,'faiәpleis,n. 壁炉,gk cet6 ky
fireproof,'faiәpru:f,"a. 耐火的, 防火的\nvi. 变成有耐火性",toefl
firewood,'faiәwud,n. 木柴,gk
firework,,"n. 烟火具, 烟火, 烟火信号弹, 焰火, 激情的表现",gk cet6
firm,fә:m,"n. 公司, 商号\na. 坚定的, 坚强的, 牢固的, 结实的, 坚硬的, 坚挺的, 严格的, 确定的\nvt. 使牢固, 使坚定\nvi. 变稳固, 变坚实\nadv. 稳固地",gk cet4 cet6 ky toefl ielts
firmly,'fә:mli,"adv. 坚固, 坚定, 断然",gk
firmness,'fә:mnis,"n. 坚固, 坚牢, 坚定",cet6
firms,,"n. 公司, 厂商（firm的复数）",ielts
first,fә:st,"adv. 首先, 第一, 优先\na. 第一的\nnum. 第一\nn. 开始, 第一",zk gk
first-aid,'f\\\\:st'eid,a. 急救的,ielts
first-rate,,"a. 第一流的, 最上等的, 非常好的\nadv. 非常好地, 一流地",cet6
fiscal,'fiskәl,"a. 财政的, 国库的\n[经] 财政上的, 会计的, 国库的",gre
fish,fiʃ,"n. 鱼, 鱼肉, 鱼类, 接合板\nvt. 钓, 钓鱼, 查出, 用接合板连接\nvi. 捕鱼, 钓鱼, 用钩捞取, 摸索寻找",zk gk ielts
fisherman,'fiʃәmәn,"n. 渔夫, 钓鱼者, 渔船",zk gk cet4 cet6 ky
fishery,'fiʃәri,"n. 渔业\n[法] 捕鱼, 捕鱼权",ky gre
fishing,'fiʃiŋ,"n. 钓鱼, 鱼业\na. 钓鱼的",ielts
fishy,'fiʃi,"a. 鱼似的, 多鱼的, 腥臭的, 呆滞的",toefl
fissile,'fisail,"a. 易分裂的, 易裂的, 分裂性的\n[医] 可裂的",gre
fission,'fiʃәn,"n. 裂开, 分裂, 分体\n[化] 裂变",cet6
fissure,'fiʃә,"n. 裂缝, 裂沟\nv. (使)裂开, (使)分裂",gre
fist,fist,"n. 拳头, 手\nvt. 拳打, 握成拳, 紧握",gk cet4 cet6 ky toefl ielts
fit,fit,"n. 适宜, 合身, 发作, 痉挛\na. 适宜的, 对的, 准备好的\nvt. 适合, 安装, 使合身, 使适应, 使合格\nvi. 适合, 符合, 合身\n[计] 非特",zk gk toefl ielts
fitful,'fitful,"a. 断断续续的, 一阵阵的, 间歇的",toefl gre
fitness,'fitnis,"n. 适合, 合宜, 合理, 恰当, 健康\n[医] 适合性, 适应性",cet6 toefl ielts
fitting,'fitiŋ,"a. 适宜的\nn. 试穿, 试衣, 装配, 装置",cet6 ky toefl ielts
fittingly,'fɪtɪŋlɪ,"adv. 适切地, 适合地",toefl
five,faiv,"num. 五, 五个",zk gk
fix,fiks,"vt. 使固定, 修理, 准备, 安装, 凝视, 牢记, 确定, 整理\nvi. 固定, 注视, 确定\nn. 困境, 方位, 维修, 贿赂",zk gk cet4 cet6 ky
fixate,'fikseit,"vi. 使固定, 使不变, 注视\nvt. 使固定, 注视",gre
fixed,fikst,"a. 固定的, 不变的\n[法] 固定的, 确定的, 不变的",toefl
fixture,'fikstʃә,"n. 固定(状态), 固定物, 设备\n[计] 夹具",cet6 ky toefl ielts
flabby,'flæbi,"a. 软弱的, 没气力的, 不稳的, 松弛的",toefl ielts gre
flaccid,'flæksid,"a. 软弱的, 没气力的, 无活力的\n[医] 弛缓的",toefl gre
flag,flæg,"n. 标志, 旗标, 旗子, 信号旗, 菖蒲\nvt. 悬旗, 打旗号, 铺石板\nvi. 无力地下垂\n[计] 标志; 属性标记命令",zk gk cet4 cet6 ky toefl ielts gre
flagella,flә'dʒelә,"[医] 鞭毛(原虫), 鞭节(昆虫)",toefl
flagellate,'flædʒәleit,"vt. 鞭打, 鞭挞\na. 鞭状的, 鞭索形的, 有鞭毛的\nn. 鞭毛虫",gre
flagging,'flægiŋ,"n. 铺砌石板, 铺石材料, 石板路\na. 下垂的, 衰弱的, 萎靡不振的",gre
flaggy,'flægi,"a. 多扁石的, 多菖蒲的, 凋萎的, 松软的",gre
flagrant,'fleigrәnt,"a. 极端明显的, 不能容忍的, 恶名昭著的\n[法] 公然的, 罪恶昭彰的, 现行的",gre
flail,fleil,"n. 连枷\nv. 用连枷打, 打",gre
flair,fleә,"n. 鉴别力, 才能, 天资, 资质, 眼光",toefl gre
flak,flæk,"n. 高射炮, 对空炮火, 广告, 宣传",gre
flake,fleik,"n. 小薄片, 扁薄的一层, 火星, 晒鱼架子\nvt. 使成薄片\nvi. 剥落",cet6 toefl ielts
flamboyant,flæm'bɒiәnt,"a. 火焰似的, 辉耀的, 华丽的",toefl gre
flame,fleim,"n. 火焰, 火舌, 热情, 光辉\nvt. 焚烧, 用火焰给...灭菌, 用火焰传送(信号), 点燃, 激动\nvi. 燃烧, 爆发, 闪耀\n[计] 无聊邮件, 无益邮件",gk cet4 cet6 ky toefl ielts
flaming,'fleimiŋ,"a. 燃烧的, 热烈的, 色彩鲜明的",gk
flammable,'flæmәbl,"a. 易燃的, 可燃性的\n[电] 可燃的",gre
flange,flændʒ,"n. 边缘, 轮缘, 凸缘\nvt. 装凸缘",gre
flank,flæŋk,"n. 侧面, 侧腹, 胁, 腰窝肉\nvt. 攻击侧面, 守侧面\nvi. 侧面与...相接",cet6 ielts
flannel,'flænl,"n. 法兰绒, 法兰绒衣服",cet6 gre
flap,flæp,"n. 飘, 摆动, 拍打, 拍打声, 片状垂悬物\nv. 拍打, 鼓翼而飞, 飘动",cet6 ky toefl ielts
flare,'flєә,"n. 闪光, 闪耀\nvi. 闪光, 闪耀\nvt. 用发光信号发出, 使闪耀, 使张开",cet4 cet6 ky toefl ielts gre
flash,flæʃ,"n. 闪光, 闪现, 一瞬间\nvi. 闪光, 闪现, 反射\nvt. 使闪光, 反射",gk cet4 cet6 ky toefl ielts
flashlight,'flæʃlait,"n. 手电筒, 闪光信号灯",gk toefl
flashy,'flæʃi,"a. 闪光的, 一瞬间的, 浮华的",toefl
flask,flæsk,"n. 细颈瓶, 烧瓶, 小水瓶\n[化] 瓶; 烧瓶",cet6 ielts gre
flat,flæt,"a. 平坦的, 单调的, 无力的, 浅的, 萧条的, 干脆的, 无聊的\nadv. 平直地, 断然地\nn. 扁平物, 平面, 平地, 平原, 平板车\nv. (使)变平",zk gk cet4 cet6 ky toefl ielts
flatcar,'flætkɑ:,"n. 平板货车, 平板车",gre
flats,flæts,"n. 平原, 扁钢；低沼泽（flat的复数形式）",ielts
flatten,'flætn,"vi. 使...不活跃, 变平\nvt. 弄平, 打倒, 使失去光泽",cet6 gre
flatter,'flætә,"vt. 奉承, 阿谀, 使高兴\n[机] 平面锤",cet6 ky toefl ielts gre
flattering,'flætәriŋ,"a. 谄媚的, 讨人欢喜的",toefl
flatulence,,"n. 肠胃气胀, 空虚, 自负, 浮夸\n[医] (肠胃)气胀",gre
flaunt,flaunt,"n. 炫耀, 飘扬\nv. 炫耀, 飘扬",toefl ielts gre
flaunty,'flɔ:nti,a. 虚华的,gre
flavor,'fleivә,"n. 滋味, 调味品\nvt. 加味于",ky toefl
flavoring,'fleivәriŋ,n. 调味料,toefl gre
flavour,'fleivә,"n. 味, 调味香料, 滋味, 香味, 气味, 风味, 情味, 情趣, 风韵\nvt. 给...调味, 给...增添风趣, 加香料, 加味于",cet4 cet6 toefl ielts
flaw,flɒ:,"n. 缺点, 裂纹, 瑕疵, 一阵狂风\n[化] 划痕; 裂缝; 裂纹",cet6 ky toefl ielts gre
flax,flæks,"n. 亚麻, 麻布, 亚麻织品\n[医] 亚麻",toefl gre
flay,flei,"vt. 剥皮, 去皮, 抢夺\n[医] 剥皮, 剥兽皮",toefl gre
flea,fli:,n. 跳蚤\n[医] 蚤,toefl
fleck,flek,"n. 斑点, 雀斑, 斑纹\nvt. 使起斑点, 使有斑纹, 使有斑驳",toefl gre
fledge,fledʒ,"vt. 喂养, 用羽毛盖上, 装上羽毛\nvi. 长羽毛",gre
fledgling,'fledʒliŋ,"n. 羽毛初长的雏鸟, 刚会飞的幼鸟, 无经验的人",gre
flee,fli:,"vt. 逃避, 逃跑, 逃走\nvi. 逃, 消失",gk cet4 cet6 ky toefl ielts
fleece,fli:s,"n. 羊毛, 羊毛制的覆盖物\nvt. 剪下羊毛, 诈取",gre
fleet,fli:t,"n. 舰队, 港湾, 小河\na. 快速的, 敏捷的, 浅的, 短暂的\nadv. 浅\nvi. 疾驰, 飞逝, 掠过\nvt. 消磨, 变换船(或船员)的位置",cet4 cet6 ky ielts gre
fleeting,,"a. 疾驰的, 短暂的, 飞逝的",toefl ielts gre
flesh,'fleʃ,"n. 肉, 肉体, 肉欲, 人性, 亲属, 人类, 众生, 人体\nvt. 以肉喂, 激起...的杀戳情绪, 使肥, 赋以血肉\nvi. 长胖",gk cet4 ky ielts
flexibility,.fleksi'biliti,"n. 弹性, 适应性\n[计] 灵活性; 适应性",toefl
flexible,'fleksәbl,"a. 易曲的, 灵活的, 柔顺的, 能变形的, 可通融的\n[医] 能屈的",gk cet4 cet6 ky toefl ielts gre
flick,flik,"n. 快速的轻打, 轻打声, 弹开\nv. 轻弹, 轻轻拂去, 忽然摇动",gre
flicker,'flikә,"n. 闪烁, 闪光, 颤动\nvi. 闪动, 闪烁, 摇动, 扑动翅膀\nvt. 使摇曳, 使闪烁",toefl ielts gre
flickering,'flikәriŋ,"a. 闪烁的, 摇曳的, 微弱的\n[计] 闪烁",toefl
flight,flait,"n. 飞行, 射程, 逃走, 飞跃, 飞机航程, 班机, 迁徙, 飞逝\nvi. 迁徙\nvt. 射击(飞禽), 为(箭)装上羽毛, 使惊飞",gk ielts gre
flighty,'flaiti,"a. 轻浮的, 轻狂的, 心情浮动的",toefl
flimsy,'flimzi,"a. 易坏的, 脆弱的, 浅薄的\nn. 易损坏的东西(或材料), 薄纸, 描图用薄纸, 薄纸稿纸",toefl gre
flinch,flintʃ,"vi. 畏缩, 退缩, 畏首畏尾\nn. 退缩, 弗林奇戏",gre
fling,fliŋ,"n. 投掷, 急冲, 嘲弄\nvt. 投, 丢下, 抛弃, 使陷入, 挥动, 嘲笑, 扫视\nvi. 猛冲",cet6 ky ielts
flint,flint,"n. 打火石, 燧石, 极硬的东西\n[化] 燧石",toefl gre
flip,flip,"vt. 掷, 弹, 轻击, 空翻\nvi. 用指轻弹, 抽打, 蹦跳\nn. 抛, 弹, 筋斗\na. 无礼的\n[计] 翻转",toefl ielts gre
flippant,'flipәnt,"a. 轻率的, 没礼貌的, 嘴碎的",gre
flirt,flә:t,"n. 卖弄风骚的人, 急动, 急扔\nvt. 忽然弹出, 轻快摆动, 挥动\nvi. 调情, 玩弄, 摆动, 轻率地对待",ielts gre
flit,flit,"n. 掠过, 迁徙\nvi. 掠过, 迁徙",gre
float,flәut,"n. 漂流物, 浮舟, 漂浮, 浮萍, 彩车\nvi. 浮动, 飘动, 散播, 摇摆, 动摇, 浮动\nvt. 使漂浮, 容纳, 淹没, 发行, 实行\n[计] 浮动",gk cet4 cet6 ky toefl ielts
flock,flɒk,"n. 兽群, 鸟群, 一群人, 大量, 棉束\nvi. 成群而行, 聚集\nvt. 用棉束填满",cet4 cet6 ky toefl ielts gre
flood,flʌd,"n. 洪水, 大量之水, 涨潮\nvt. 淹没, 使泛滥, 注满\nvi. 被淹, 溢出, 涌进",gk cet4 cet6 ky toefl
floodgate,'flʌdgeit,"n. 水门, 水闸, 防潮水闸",gre
floodplain,'flʌdplein,n. 泛滥平原,toefl
floor,flɒ:,"n. 地板, 楼层, 底部, 底价\nvt. 铺地板, 打倒\nn. 地面, 地板, 基底\n[计] 基底",zk gk
floors,flɔ:z,n. 楼地面；地板；楼层；层数（floor的复数）,ielts
floppy,'flɒpi,"a. 叭嗒叭嗒响的, 松软的",gre
flora,'flɒ:rә,"n. 植物群\n[医] 植物区系, 植物丛, 植物群, 菌丛",toefl gre
floral,'flɒ:rәl,"a. 花似的, 花的, 植物的",toefl
florescence,flɒ:'resәns,"n. 开花, 花期, 全盛期\n[医] 开花期, 花候",gre
florid,'flɒrid,"a. 华丽的, 红润的\n[医] 鲜红的",toefl gre
flounder,'flaundә,"vi. 挣扎, 折腾；错乱地做事或说话",toefl gre
flour,'flauә,"n. 面粉, 粉沫, 碎粉\n[医] 面粉, 麦粉",gk cet4 cet6 ky toefl ielts
flourish,'flʌriʃ,"vi. 繁荣, 茂盛, 活跃, 手舞足蹈\nvt. 挥舞, 夸耀\nn. 挥舞, 炫耀, 茂盛, 兴旺, 华丽词藻",cet4 cet6 ky toefl ielts gre
flourishment,'flʌriʃmənt,n. 繁荣,ielts
flout,flaut,"vt. 嘲笑, 愚弄\nvi. 表示轻蔑\nn. 嘲笑, 愚弄, 轻视",toefl gre
flow,flәu,"n. 流程, 流动, 流量, 洋溢, 泛滥, 涨潮\nvi. 流动, 流泄, 畅流, 川流不息, 飘扬, 涌出\nvt. 使流动, 淹没, 流出",gk cet4 ky
flower,'flauә,"n. 花, 开花植物, 精华, 盛时\nvi. 开花, 发育, 旺盛, 成熟\nvt. 用花装饰, 使开花",zk gk ielts
flowers,,[医] 花; 升华制成的药物; 月经,ielts
flu,flu:,"n. 流感, 流行性感冒",zk gk cet4 cet6 ky ielts
fluctuate,'flʌktʃueit,"vi. 变动, 起伏, 动摇\nvt. 使波动, 使动摇",cet6 ky toefl ielts gre
fluctuation,.flʌktʃu'eiʃәn,"n. 变动, 波动, 动摇\n[化] 涨落; 起伏; 波动; 脉动",cet6 toefl
fluency,'flu:әnsi,"n. 流畅, 雄辩, 善辩",gk
fluent,'flu:әnt,"a. 流利的, 流畅的",gk cet4 cet6 ky toefl ielts
fluff,flʌf,"n. 软毛, 柔毛, 绒毛, 错误, 无价值的东西\nvi. 起毛, 变松, 出错\nvt. 使起毛, 抖松, 念错",ielts
fluffy,'flʌfi,"a. 毛绒绒的, 蓬松的, 空洞的, 无内容的, 不明确的\n[医] 绒毛状的",toefl gre
fluid,'flu:id,"n. 液体, 分泌液, 流体\na. 流动的, 可改变的",cet4 cet6 ky toefl ielts
fluke,flu:k,"v. 侥幸成功\nn. 锚爪, 侥幸, 偶然事故",gre
flunk,flʌŋk,"n. 失败, 不及格\nvi. 失败, 考试不及格, 放弃\nvt. 使不及格",gre
fluorescent,.fluә'resәnt,n. 荧光\na. 荧光的,cet6 toefl gre
flush,flʌʃ,"n. 流溢, 面红, 旺盛, 发烧, 惊飞的鸟, 同花牌\na. 丰足的, 齐平的, 满盈的, 泛滥的\nadv. 齐平地, 直接地\nvi. 脸发红, 奔涌, 旺盛, 惊飞\nvt. 淹没, 冲洗, 使脸红, 使激动, 使齐平, 使惊飞",cet4 cet6 ky toefl ielts gre
fluster,'flʌstә,"n. 慌乱, 激动, 紧张不安\nvt. 使紧张, 使慌张, 使激动\nvi. 慌乱",toefl
flustered,'flʌstəd,"a. 慌张的; 激动不安的\nv. 使慌乱, 使不安( fluster的过去式和过去分词)",gre
flutter,'flʌtә,"n. 摆动, 鼓翼, 烦扰\nvi. 摆动, 鼓翼, 烦扰\nvt. 拍(翅), 使焦急\n[计] 颤动",cet6 ielts gre
fluvial,'flu:vjәl,a. 河流的,gre
flux,flʌks,"n. 流出, 涨潮, 变迁\nvi. 熔化, 流出\nvt. 使熔融\n[计] 助焊剂",cet6 toefl ielts gre
fly,flai,"n. 苍蝇, 两翼昆虫, 飞行\nvi. 飞, 飞翔, 飘扬, 逃走\nvt. 飞, 飞越, 使飘扬, 逃出\na. 敏捷的",zk gk ielts
flyover,'flaiәjvә(r),"n. 立交桥, 天桥, 立交马路",ielts
flyspeck,'flaispek,"n. 蝇粪留下的污点, 小斑, 污点\nvi. 弄脏",toefl
foam,fәum,"n. 泡沫, 水沫, 泡沫材料\nvi. 起泡沫, 吐白沫\nvt. 使起泡沫",cet6 ky toefl ielts
focus,'fәukәs,"n. 焦点, 焦距\nvi. 聚焦, 注视\nvt. 使聚焦, 调焦, 集中\n[计] 焦点",gk cet4 cet6 ky toefl ielts
fodder,'fɒdә,"n. 饲料, 草料, 素材, 弹药\nvt. 喂",gre
foe,fou,"n. 仇敌, 反对者, 敌人, 对手",toefl
fog,fɒg,"n. 雾, 迷惑, (割后的)最生草, 苔藓\nvi. 被雾笼罩, 变模糊\nvt. 使困惑, 以雾笼罩",gk cet4 cet6 ky toefl
fogged,fɔɡd,a. 有灰雾的；不清晰的,toefl
foggy,'fɒgi,"a. 雾深的, 模糊的",gk toefl
foghorn,'fɒghɒ:n,"n. 雾号, 响而尖的声音",toefl
foible,'fɒibl,"n. 弱点, 缺点",gre
foil,fɒil,"n. 箔, 烘托, 衬托\nvt. 贴箔于, 衬托, 阻止, 挡开, 挫败",cet6 toefl ielts gre
foist,fɒist,"vt. 硬卖给, 偷偷插入, 使混入",toefl
fold,fәuld,"n. 折层, 折, 羊栏, 折痕, 信徒\nvt. 折叠, 包, 合拢, 交迭\nvi. 折叠起来, 彻底失败\n[计] 折叠; 合并",gk cet4 cet6 ky toefl gre
folder,'fәuldә,"n. 文件夹, 折纸机, 折叠式书本, 卷宗\n[计] 文件夹",ielts gre
folding,'fәuldiŋ,a. 可折叠的\n[化] 折叠; 折叠效应,toefl
foliage,'fәuliidʒ,"n. 树叶, 植物",toefl gre
folk,fәuk,"n. 人们, 家人, 亲属, 民族\na. 民间的",gk cet4 cet6 ky toefl
folklore,'fәuklɒ:,"n. 民俗学, 民间风俗, 民间传说",toefl gre
follow,'fɒlәu,"vt. 跟随, 沿行, 遵循, 追求\nvi. 跟随, 接着\nn. 跟随, 追随",zk gk cet4 cet6 ky
follower,'fɒlәuә,"n. 从者, 属下, 追补者\n[电] 随动机",cet6
following,'fɒlәuiŋ,"n. 下列各项, 部下, 追随者\na. 下列的, 其次的",gk cet4 cet6 ky
folly,'fɒli,"n. 愚蠢, 荒唐事, 讽刺剧",toefl gre
foment,fәu'ment,"vt. 热敷, 煽动",toefl gre
fond,fɒnd,"a. 喜欢的, 宠爱的, 温柔的",gk cet4 cet6 ky
fondle,'fɒndl,"vt. 爱, 爱抚, 溺爱\nvi. 爱抚",gre
food,fu:d,"n. 食物, 养料\n[医] 食物, 食品",zk gk ielts
foodstuff,'fu:dstæf,"n. 食品, 粮食",gre
fool,fu:l,"n. 愚人, 受骗者, 奶油拌水果\nvt. 愚弄, 欺骗, 浪费\nvi. 干傻事, 开玩笑, 游荡\na. 傻的",gk cet4 ky
foolish,'fu:liʃ,"a. 愚蠢的, 傻的",gk cet4 ky toefl
foolproof,'fu:lpru:f,"a. 十分简单的, 十分安全的",gre
foot,fut,"n. 脚, 步调, 英尺, 底部, 末尾, 步兵\nvt. 走在...上, 给...换底, 支付\nvi. 跳舞, 步行, 总计",zk gk ielts
football,'futbɒ:l,"n. 足球, 橄榄球",zk gk
foothold,'futhәuld,"n. 立足处, 据点, 根据地",gre
footle,'fu:tl,"n. 废话, 傻话, 愚蠢的做法, 呓语, 呆话\nvi. 说呆话, 做笨事",gre
footnote,'futnәut,n. 脚注\n[计] 脚注,toefl
footpath,'futpæθ,"n. 步道, 人行道, 小路",cet6 toefl
footstep,'futstep,"n. 脚步, 脚步声, 足迹",cet4 cet6 ky
fop,fɒp,"n. 自高自大的人, 花花公子",gre
foppish,'fɒpiʃ,"a. 浮华的, 矫饰的, 纨绔的, 傻的",gre
for,fɒ:,"prep. 为, 因为, 至于\nconj. 因为\n[计] DOS批处理命令:对一组参数重复执行指定的命令",zk gk
forage,'fɒridʒ,"n. 粮草, 饲料, 搜寻粮草\nvt. 喂, 掠夺, 搜寻粮秣\nvi. 搜寻粮草, 掠夺",toefl gre
forager,'fɒridʒә,"n. 粮秣征收员, 抢劫者",gre
foray,'fɒrei,"vi. 侵略, 劫掠, 袭击\nn. 侵掠, 侵略, 攻击",toefl gre
forbearance,fɒ:'bєәrәns,"n. 节制, 自制, 忍耐\n[法] 债务偿还期的延展, 忍耐, 宽容",gre
forbes,"'fɔ:bz, 'fɔ:bis",n. 福布斯（美国出版及媒体集团）；福布斯（美国著名财经杂志）；福布斯（姓氏）,ielts
forbid,fә'bid,"vt. 禁止, 不准, 妨碍\n[法] 不许, 禁止, 阻止",gk cet4 cet6 ky toefl gre
forbidding,fә'bidiŋ,"a. 严峻的, 可怕的, 令人难亲近的",toefl gre
force,fɒ:s,"n. 力量, 武力, 势力, 影响力, 军队, 力, 效力\nvt. 强迫, 强夺, 推动, 提高\n[计] 人工转移; 强制",zk gk cet4 cet6 ky
forcible,'fɒ:sәbl,"a. 强制的, 强迫的, 有气力的\n[法] 强制的, 强迫的, 有势力的",toefl
ford,fɒ:d,"n. 浅滩, 福特汽车\nv. 涉过, 涉水",toefl gre
fore,fɒ:,"a. 在前的, 以前的\nadv. 在前面, 在船头\nprep. 在...前",cet6 ky
forebear,'fɒ:bєә,"n. 祖先, 祖宗",toefl gre
forebode,fɒ:'bәud,"v. 预示, 预兆, 预感",gre
forecast,'fɒ:kɑ:st,"n. 预想, 预测, 预报\nvt. 预想, 预测, 预报\n[计] 趋势预测",gk cet4 cet6 ky toefl ielts gre
foreclose,fɒ:'klәus,"vt. 阻止, 排除, 预先处理, 取消抵押品赎回权\nvi. 取消抵押品赎回权",gre
forefather,'fɒ:fɑ:ðә,n. 祖先,toefl
forefront,'fɒ:frʌnt,"n. 最前部, 最前线",toefl
forehead,'fɒ:rid,"n. 额, 前额, 前部\n[医] 额",gk cet4 cet6 ky
foreign,'fɒ:rin,"a. 外国的, 外交的, 外省的, 外来的, 不相关的\n[机] 外来的",zk gk ielts
foreigner,'fɒ:rinә,"n. 外国人, 外地人\n[法] 外国人, 进口货, 外国货",zk gk cet4 cet6 ky
foreknowledge,'fɒ:nɒlidʒ,"n. 预知, 先见之明",gre
foremost,'fәumәust,"a. 最初的, 最重要的\nadv. 在最前",cet4 cet6 ky toefl ielts
forensic,fә'rensik,"a. 辩论的, 法院的, 关于法庭的\nn. 辩论练习",gre
forerunner,fɒ:'rʌnә,"n. 先驱, 前兆",toefl ielts gre
foresee,fɒ:'si:,"vt. 预见, 预知",gk cet6 ky toefl ielts
foreseeable,'fɒ:'si:әbl,"a. 可预知的, 能预测的\n[法] 可预见的, 可预料的",ky
foreshadow,fɒ:'ʃædәu,"vt. 成为前兆, 预示",toefl gre
foresight,'fɒ:sait,"n. 远见, 深谋远虑\n[法] 先见, 预见, 预见的能力",toefl gre
forest,'fɒrist,"n. 森林, 林区\nvt. 植树于",zk gk cet4 cet6 ky ielts
forestall,fɒ:'stɒ:l,"vt. 预先阻止, 先...一步行动, 占先一步, 垄断, 阻碍\n[法] 先采取行动预防或阻止, 垄断",toefl gre
forestry,'fɒristri,"n. 林学, 森林地\n[法] 林地, 林学, 林业",ielts gre
foretell,fɒ:'tel,"vt. 预言, 预告, 预示",toefl
forever,fә'revә,adv. 永远,gk cet4 cet6 ky
foreword,'fɒ:wә:d,"n. 前言, 序",gre
forfeit,'fɒ:fit,"n. 没收物, 罚金, 丧失\nvt. 没收, 丧失\na. 丧失了的",ky ielts gre
forfeiture,'fɒ:fitʃә,"n. 没收物, 罚金, 丧失\n[经] 没收, 没收物, 罚金",gre
forge,fɒ:dʒ,"n. 熔炉, 铁工厂\nvt. 打制, 锻造, 伪造\nvi. 锻造, 伪造",cet6 ky toefl ielts gre
forger,'fɒ:dʒә,"n. 铁匠, 伪造者, 赝造者\n[法] 伪造者, 伪造犯",gre
forgery,'fɒ:dʒәri,"n. 伪造, 伪造罪, 伪造物\n[经] 伪造签字, 伪造品",gre
forget,fә'get,"vt. 忘记, 忽略, 忘\nvi. 忘记",zk gk
forgetful,fә'getful,"a. 健忘的, 易忘的",gk
forgive,fә'giv,"vt. 原谅, 宽恕, 免除\n[法] 免除, 宽恕, 原谅",gk cet4 cet6 ky ielts
forgo,fɒ:'gәu,"vt. 摒绝, 放弃",gre
fork,fɒ:k,"n. 叉子, 叉状物, 分岔\nvi. 分支, 分歧\nvt. 做成叉形, 叉起\n[计] 派生指令",zk gk cet4 cet6 ky
forlorn,fә'lɒ:n,"a. 孤独的, 悲惨的, 凄凉的",toefl gre
form,fɒ:m,"n. 形状, 形体, 类型, 方式, 表格, 形式\nv. 形成, 排列, (使)组成\nn. 表单\n[计] 表单",zk gk ielts
formal,'fɒ:mәl,"a. 正式的, 形式的, 礼仪的, 拘于礼节的, 拘谨的\nn. 正式的社交活动",cet4 cet6 ky toefl ielts
formality,fɒ:'mæliti,"n. 礼节, 拘谨, 正式手续\n[化] 克式浓度",gre
formalized,'fɔ:məlaizd,"v. 使（协议、计划等）成书面文字形式( formalize的过去式和过去分词); 使成为正式, 使具有一定形式",toefl
format,'fɒ:mæt,"n. 开本, 版式, 形式, 格式\nvt. 格式化\n[计] 格式; DOS外部命令:对磁盘进行格式化",gk ky toefl ielts
formation,fɒ:'meiʃәn,"n. 形成, 构造, 编队\n[医] 形成, 结构",cet4 cet6 ky toefl gre
formative,'fɒ:mәtiv,"a. 有助于形成的, 造型的, 形成的\nn. 构词要素",toefl gre
former,'fɒ:mә,"a. 从前的, 前者的\nn. 起形成作用的人(或物), 模型, 样板",gk cet4 ky toefl ielts
formerly,'fɒ:mәli,"adv. 从前, 以前",cet6 toefl
formidable,'fɒ:midәbl,"a. 巨大的, 优秀的, 可怕的, 艰难的",cet6 ky toefl ielts gre
forms,,n. 窗体；表单；表格（form的复数形式）,ielts
formula,'fɒ:mjulә,"n. 客套语, 公式, 准则\n[计] 公式",cet4 cet6 ky toefl ielts gre
formulate,'fɒ:mjuleit,"vt. 用公式表示, 明确叙述, 制订\n[机] 公式化, 公式表示",cet6 ky toefl ielts
formulation,.fɒ:mju'leiʃәn,"n. 系统陈述, 公式化, 配制\n[化] 表述; 数学表述; 数式化; 数学表述",cet6 ky
forsake,fә'seik,"vt. 放弃, 断念, 抛弃\n[法] 遗弃, 抛弃, 摒绝",cet6 toefl gre
forswear,fɒ:'swєә,"vt. 发誓抛弃, 发誓否定\nvi. 发伪誓, 作伪证",gre
fort,fɒ:t,"n. 堡垒, 要塞, 易货站\nvt. 设要塞保卫\nvi. 设要塞",cet6 toefl ielts gre
forte,fɔ:t,"n. 长处, 特长, 拿手, 优点",toefl ielts gre
forth,fɒ:θ,"adv. 往前, 以后, 向外",cet4 cet6 ky toefl
forthcoming,'fɒ:θ'kʌmɑŋ,a. 即将来临的\nn. 来临,cet6 ky ielts
forthright,fɒ:θ'rait,"adv. 直率地, 直接地, 马上, 立即\na. 直接的, 直率的, 坦白的\nn. 直路",toefl gre
fortify,'fɒ:tifai,"vt. 设要塞于, 加强, 使坚强, 增加\nvi. 筑防御工事",toefl ielts gre
fortitude,'fɒ:titju:d,"n. 刚毅, 坚毅, 不屈不挠",toefl gre
fortnight,'fɒ:tnait,n. 两星期,gk cet4 cet6 ky ielts
fortress,'fɒ:tris,"n. 城堡, 要塞\nvt. 筑要塞, 以要塞防守",cet6 toefl
fortuitous,fɒ:'tju:itәs,"a. 偶然的\n[医] 偶然的, 机会的",toefl gre
fortuitously,fɔ:'tju:ɪtəslɪ," 偶然地, 意外地",toefl
fortunate,'fɒ:tʃәnit,"a. 幸运的, 幸福的",gk cet4 cet6 ky toefl
fortunately,'fɒitʃәnitli,"adv. 幸运地, 幸亏",cet4 cet6
fortune,'fɒ:tʃәn,"n. 财富, 运气, 兴隆, 大量财产, 好运, 命运\n[法] 命运, 财产, 大量财产",gk cet4 cet6 ky toefl
forty,'fɒ:ti,"num. 四十, 四十个",zk gk
forum,'fɒ:rәm,"n. 论坛, 公开讨论的广场, 法庭, 讨论会\n[法] 讨论会, 专题讨论, 公共论坛",cet6 ky ielts gre
forward,'fɒ:wәd,"a. 向前的, 早的, 迅速的, 在前的, 进步的\nvt. 促进...的生长, 转寄, 运送\nadv. 向前地\n[计] 前推, 转信",zk gk gre
fosse,fɒs,"n. 壕, 沟渠, 护城河",gre
fossil,'fɒsәl,"n. 化石, 古物\na. 化石的, 陈腐的, 守旧的",cet6 ky toefl ielts
fossilize,'fɒsilaiz,"vt. 使成化石, 使陈腐\nvi. 变成化石, 变陈腐",toefl gre
fossilized,'fɔsilaizd,v. 使成化石( fossilize的过去式和过去分词); 使陈腐; 变成化石; 变陈腐,toefl
fossils,'fɒslz,n. 化石( fossil的名词复数 ); 老顽固; 食古不化的人; 老古董（老人）,ielts
foster,'fɒstә,"a. 收养的, 养育的\nvt. 养育, 抚育, 培养, 鼓励, 抱(希望)",cet6 ky toefl ielts gre
foul,faul,"a. 污秽的, 邪恶的, 恶臭的, 肮脏的, 恶劣的, 淤塞的\nvt. 弄脏, 妨害, 污蔑, 犯规, 淤塞\nvi. 腐烂, 犯规, 缠结\nadv. 违反规则地, 不正当地\nn. 犯规, 缠绕",cet6 ky toefl ielts gre
found,faund,"vt. 建立, 创立, 铸造\nfind的过去式和过去分词",gk cet4 cet6 ky
foundation,faun'deiʃәn,"n. 基础, 根据, 建立\n[化] 地基",cet4 cet6 ky
founder,'faundә,"n. 创立者, 建立者\nvt. 使沉没, 使摔倒, 弄跛, 浸水, 破坏\nvi. 沉没, 摔到, 变跛, 倒塌, 失败",toefl gre
founding,'faundiŋ,[计] 铸造,gk
fountain,'fauntin,"n. 水源, 源, 喷泉, 泉水, 本源\n[医] 泉",gk cet4 cet6 ky toefl ielts
four,fɒ:,"num. 四, 四个\n[机] 四冲程循环",zk gk
four-poster,,n. 四柱大型卧床,gre
fourteen,'fɒ:'ti:n,"num. 十四, 十四个",zk gk
fourth,fɒ:θ,"num. 第四, 四分之一",zk gk
fowl,faul,"n. 鸟, 飞禽, 家禽\nvi. 打鸟",cet6 toefl
fox,fɒks,"n. 狐狸, 狡猾的人\nvi. 奸狡地行动, (书页)生斑, 变酸\nvt. 欺骗, 使变酸, 为(鞋等)换面, 使生黄斑",zk gk cet4 cet6 ky
foyer,'fɔiei,"n. 门厅, 入门大堂",ielts gre
fracas,'frækɑ:,"n. 喧噪, 吵闹, 纷扰",gre
fraction,'frækʃәn,"n. 小部分, 破片, 分数\n[医] 部分, 成分, 分散",cet4 cet6 ky toefl ielts gre
fractional,'frækʃәnәl,"a. 部分的, 碎片的, 微少的, 断片的, 分数的, 分馏的\n[计] T1电路",gre
fractious,'frækʃәs,"a. 易怒的, 倔强的, 脾气不好的",toefl gre
fracture,'fræktʃә,"n. 破碎, 骨折\nv. (使)破碎, (使)破裂",cet6 ky toefl ielts gre
fragile,'frædʒail,"a. 易碎的, 脆的\n[医] 脆弱的, 脆的",gk cet6 ky toefl ielts gre
fragility,frә'dʒiliti,"n. 脆弱, 虚弱\n[化] 易碎性",toefl
fragment,'frægmәnt,"n. 碎片, 破片, 片段\n[计] 段落; 片段; 分段",cet4 cet6 ky toefl ielts gre
fragmentary,'fræ^mәntәri,"a. 碎片的, 碎屑的, 片断的, 断片的, 碎块的, 不完全的, 不连续的, 不完整的",toefl
fragrance,'freigrәns,"n. 芬芳, 香味",toefl ielts gre
fragrant,'freigrәnt,"a. 芬香的, 馥郁的, 愉快的",gk cet6 ky toefl gre
frail,freil,"a. 脆弱的, 虚弱的, 意志薄弱的\nn. 少女, 少妇, 灯心草篓",cet6 toefl ielts gre
frame,freim,"n. 框, 结构, 体格\nvt. 构成, 设计, 制定, 使适合, 陷害\n[计] 框架, 图文框, 帧",cet4 cet6 ky toefl
framework,'freimwә:k,"n. 结构, 骨架, 参照标准, 准则, 观点\n[医] 构架组织",gk cet4 cet6 ky toefl ielts
franc,fræŋk,n. 法郎,gk
France,frɑ:ns,n. 法国,cet4 cet6 ielts
frank,fræŋk,"a. 坦白的, 率直的, 老实的\nvt. 免费邮寄\nn. 免费邮寄特权",cet4 cet6 ky toefl
frantic,'fræntik,"a. 狂乱的, 疯狂的",toefl ielts gre
fraternal,frә'tә:nl,"a. 兄弟的, 兄弟似的, 友爱的",toefl gre
fraternity,frә'tә:niti,"n. 友爱, 互助会, 大学生联谊会",gre
fraud,frɒ:d,"n. 欺骗, 欺诈, 诡计, 骗子\n[经] 欺诈, 舞弊, 骗子",cet6 ky toefl ielts gre
fraudulent,'frɒ:djulәnt,"a. 欺诈的, 不正的, 不诚实的\n[法] 欺诈的, 欺骗的, 骗取的",toefl gre
fraught,frɒ:t,"a. 含有...的, 伴着...的, 充满...的",toefl ielts gre
fray,frei,"n. 磨损, 打架, 争论\nvt. 使磨损\nvi. 被磨损",toefl gre
freak,fri:k,"n. 畸形人, 畸形物, 不正常的事物, 反复无常\na. 奇异的, 反常的",ielts gre
freckle,'frekl,"n. 雀斑, 斑点\n[医] 非曝露部雀斑",gre
free,fri:,"a. 自由的, 享受政治权力的, 允许的, 免费的, 丰富的\nvt. 释放, 解放, 使自由\nadv. 自由地, 免费",zk gk
freedom,'fri:dәm,"n. 自由, 坦率, 特权\n[法] 自由, 自主, 免除",gk cet4 cet6 ky ielts
freelancer,,n. 自由记者；自由作家,gre
freely,'fri:li,"adv. 自由地, 随意地, 无拘束地, 直率地, 坦白地, 慷慨地, 免费地, 大量地\n[计] 浮动地",cet4 cet6
freeway,'fri:wei,n. 高速公路,gk
freeze,fri:z,"vi. 冻结, 冷冻, 僵硬, 楞住\nvt. 使结冰, 使冻住, 使呆住\nn. 结冰, 凝固\n[计] 冻结",zk gk cet4 cet6 ky
freezing,'fri:ziŋ,"a. 冰冻的, 冷冻用的, 严寒的\n[化] 冻结; 冻结作用; 凝固; 凝固作用",gk
freight,'freit,"n. 船货, 运费, 货运\nvt. 装货, 使充满, 以货运运送, 租(或出租)(船等)",cet4 cet6 ky toefl ielts gre
freighter,'freitә,"n. 租船人, 承运人, 托运人, 货船, 运输机\n[经] 装货人, 货主, 承运人",toefl
French,frentʃ,"n. 法国人, 法文, 法式\na. 法国的, 法国人的, 法语的",gk ielts
Frenchman,'frentʃmәn,n. 法国人,gk
frenetic,fri'netik,"a. 发狂的, 狂热的\nn. 发狂者",toefl gre
frenzy,'frenzi,"n. 疯狂, 狂暴, 狂怒\n[医] 暴怒, 狂乱",toefl gre
frequency,'fri:kwәnsi,"n. 频率, 频数\n[计] 频率",cet4 cet6 ky ielts gre
frequent,'fri:kwәnt,"a. 时常发生的, 频繁的, 快速的\nvt. 时常来访, 常常聚集, 常与...交往",gk cet4 cet6 ky toefl ielts gre
frequently,'fri:kwәntli,"adv. 频繁, 经常地",cet4 cet6
fresco,'freskәu,"n. 湿壁画, 湿壁画技法\nvt. 作湿壁画于",toefl gre
fresh,freʃ,"a. 新鲜的, 新奇的, 另外的, 淡的, 精神饱满的, 冒失的\nadv. 最新地, 刚刚\nn. 开始, 泛滥",zk gk cet4 cet6 ky
freshen,'freʃn,"v. (使)显得新鲜, (使)精神饱满, (使)减少咸味",cet6
freshly,'freʃli,"adv. 新, 新近, 精神饱满",toefl
freshness,'freʃnis,"n. 新, 新鲜, 精神饱满",toefl
fret,fret,"n. 烦躁, 磨损, 焦急, 网状饰物\nvi. 烦恼, 不满, 磨损\nvt. 使烦恼, 腐蚀, 使磨损, 使起波纹",cet6 toefl ielts gre
fretwork,'fretwә:k,"n. 回纹装饰, 浮凸雕工",gre
friable,'fraiәbl,"a. 易碎的, 易成粉末的, 脆弱的\n[医] 易碎的, 脆的",gre
friction,'frikʃәn,"n. 摩擦, 摩擦治疗, 不和\n[医] 摩擦",gk cet4 cet6 ky toefl ielts gre
Friday,'fraidi,n. 星期五,zk gk ielts
fridge,fridʒ,n. 电冰箱,zk cet4 cet6 ky ielts
fried,fraid,a. 油炸的,gk
friend,frend,"n. 朋友, 支持者, 赞助者\n[法] 朋友, 友人, 赞助者",zk gk
friendly,'frendli,"a. 友好的, 亲切的, 互助的\nadv. 友善地, 温和地",zk gk
friendship,'frendʃip,"n. 友谊, 友爱, 友善",zk gk
frieze,fri:z,"n. 饰带, 带状物, 起绒粗呢\nvt. 使起绒毛",gre
fright,frait,"n. 惊骇, 吃惊\n[医] 惊吓",gk cet6 ky toefl
frighten,'fraitn,vt. 使惊吓\nvi. 惊恐,gk cet4 cet6 ky
frightening,'fraitәniŋ,a. 令人恐惧的；引起突然惊恐的,toefl
frightful,'fraitful,"a. 可怕的, 惊人的, 丑的, 非常的",cet6
frigid,'frigid,"a. 寒冷的, 严寒的, 冷淡的\n[医] 寒冷的, 冷淡的, 性感缺失的",toefl gre
frigidity,fri'dʒiditi,"n. 寒冷, 冷淡\n[医] 寒冷, 冷淡, 性感缺失",gre
fringe,frindʒ,"n. 边缘, 端, 流苏, 穗, 初步\nvt. 加穗于, 加饰边于\na. 边缘的, 附加的",cet6 ky toefl ielts gre
frisk,frisk,"n. 乱跳, 欢闹, 活跃\nvi. 欢跃, 蹦跳\nvt. 轻摇",gre
frisky,'friski,"a. 乱跳的, 欢闹的",toefl gre
fritter,'fritә,"vt. 浪费, 细切, 剁碎\nn. 细片, 屑",toefl gre
frivolity,fri'vɒliti,"n. 轻薄, 轻率, 不足取的事",toefl
frivolous,'frivәlәs,"a. 轻佻的, 妄动的, 琐碎的\n[法] 轻薄的, 轻浮的, 无意义的",gre
fro,frәu,"adv. 向那边, 向后",cet6
frock,frɒk,"n. 女礼服, 连衣裙, 工装, 罩袍, 僧衣",cet6
frog,frɒg,"n. 青蛙\n[医] 蛙, 马蹄叉",zk gk cet4 cet6 ky
frolic,'frɒlik,"n. 嬉戏\nvi. 嬉戏\na. 嬉戏的, 欢乐的",gre
frolicsome,'frɒliksәm,"a. 嬉戏的, 爱闹着玩的",gre
from,frɒm,"prep. 从, 来自, 根据",zk gk
frond,'frɒnd,"n. 叶, 植物体\n[医] 叶(指蕨类、棕榈类、苏铁类)",gre
front,frʌnt,"n. 前面, 开头, 前线, 阵线, 态度\nvt. 面对, 朝向, 对抗\nvi. 朝向",zk gk
frontier,'frʌntjә,"n. 边界, 边境\n[法] 国境, 边境, 边界",gk cet4 cet6 ky toefl ielts
frost,frɒst,"n. 霜, 冰冻, 冷漠\nvt. 覆着霜, 冻结, 结霜\nvi. 受冻, 起霜",gk cet4 cet6 ky toefl ielts
frothy,'frɒθi,"a. 有泡的, 起泡的, 多泡的",gre
frown,fraun,n. 皱眉\nvi. 皱眉头\nvt. 皱眉表示,cet4 cet6 ky toefl ielts
frowzy,'frauzi,"a. 不整洁的, 有臭味的, 很闷的",toefl gre
fructify,'frʌktifai,"vi. 结果实\nvt. 使结果实, 使肥沃",gre
frugal,'fru:gәl,"a. 节俭的, 朴素的",toefl ielts gre
frugality,fru:'gæliti,"n. 节俭, 俭省",toefl
fruit,fru:t,"n. 水果, 果类, 结果\n[医] 果实, 种实",zk gk ielts
fruitful,'fru:tful,"a. 结果实的, 多实的, 产量多的",cet4 cet6 ky toefl
fruitfulness,,"n. 丰收, 丰硕；多实, 肥沃",toefl
fruition,fru:'iʃәn,"n. 成就, 实现, 结果实",toefl ielts gre
fruitless,'fru:tlis,"a. 不结果的, 不长果实的, 无子的",toefl
fruitlessly,,"adv. 不结果实的, 徒劳的, 无益的, 无效的, 无结果的",toefl
frustrate,'frʌstreit,"vt. 挫败, 击败, 破坏\na. 无益的, 挫败的, 挫折的",cet4 cet6 ky toefl ielts gre
frustrating,frʌ'streitiŋ,a. 令人沮丧的,toefl
frustration,frʌs'treiʃәn,"n. 挫折, 顿挫\n[医] 挫折",toefl
fry,frai,"n. 油炸食物, 鱼苗\nv. 油炸, 煎",gk cet4 cet6 ky ielts
fuel,'fjuәl,"n. 燃料, 木炭\nvt. 加燃料, 供燃料\nvi. 得到燃料",gk cet4 ky toefl ielts
fulcrum,'fʌlkrәm,"n. 杠杆支点, 支点\n[机] 支点",gre
fulfil,ful'fil,"vt. 实践, 履行, 实行, 完成, 结束, 满足\n[经] 履行(契约), 满期",cet4 cet6 ielts gre
fulfill,ful'fil,"vt. 实践, 履行, 实行, 完成, 结束, 满足\n[法] 履行, 完成, 达到",cet6 ky
full,ful,"n. 全部, 完整\na. 充满的, 完全的, 丰富的, 完美的, 丰满的, 详尽的\nadv. 完全地, 整整, 十分\nvt. 把(衣服等)缝得宽松, 漂洗\n[计] 完整",zk gk
full-blown,,"a. 盛开的, 成熟的, (帆等)满张的",gre
full-bodied,,"a. 肥胖的, 魁梧的, 浓郁的, 范围广的",gre
full-fledged,'fjl'fledʒd,"a. 羽毛生齐的, 发育完全的, 有充分资格的",gre
full-time,,"a. 全部时间的, 专任的",ielts
fulminate,'fʌlmineit,"vt. 使爆发, 以严词谴责\nvi. 爆炸, 怒喝, 电闪\nn. 雷酸盐, 烈性炸药",toefl gre
fulsome,'fulsәm,"a. 过度的, 过分的, 令人生厌的",toefl gre
fumble,'fʌmbl,"n. 摸索, 笨拙的行动, 漏球\nvt. 摸索, 乱摸, 笨拙的处理, 漏接(球)\nvi. 摸索, 笨手笨脚, 漏球",gre
fume,fju:m,"n. 臭气, 烟, 激怒\nvt. 熏\nvi. 冒烟",ky toefl ielts gre
fumigate,'fju:migeit,vt. 熏制\n[医] 熏烟,toefl gre
fun,fʌn,"n. 乐趣, 玩笑, 娱乐\nvi. 开玩笑\na. 供娱乐用的",zk gk
function,'fʌŋkʃәn,"n. 官能, 职务, 功能, 函数\nvi. 活动, 运行, 行使职责\n[计] 功能, 函数",gk cet4 cet6 ky ielts
functional,'fʌŋkʃәnәl,"a. 功能的\n[医] 机能的, 功能的, 官能的",toefl gre
functionary,'fʌŋkʃәnәri,"n. 职员, 负责人员, 官员\na. 机能的, 作用的, 职务的",gre
functioning,'fʌŋkʃәniŋ,"n. 运行, 运作；功能；机能；起酌（function的动名词）",toefl
fund,fʌnd,"n. 基金, 资金, 存款, 财源, 贮藏\nvt. 提供资金, 积累",cet4 cet6 ky toefl
fund-raising,,(fund-raise 的现在分词) 募金,ielts
fundamental,.fʌndә'mentәl,"n. 基本原理, 原则, 基波\na. 基本的, 重要的, 原音的",gk cet4 cet6 ky toefl ielts gre
funding,'fʌndiŋ,[经] 债务转期,cet6 toefl
funeral,'fju:nәrәl,"n. 葬礼, 出殡",gk cet4 cet6 ky ielts
funereal,fju:'niәriәl,"a. 送葬的, 适合葬礼的, 悲哀的",toefl gre
fungi,"'fʌndʒai, 'fʌŋ^ai","pl. 真菌, 突然发生而迅速生长的东西\n[医] 真菌, 霉菌, 蕈, 海绵肿",toefl gre
fungicide,'fʌndʒisaid,n. 杀真菌剂\n[化] 杀菌剂; 防霉剂,gre
fungus,'fʌŋgәs,"n. 真菌, 真菌类植物\n[医] 真菌, 霉菌, , 蕈, 海绵肿",toefl
funnel,'fʌnl,"n. 漏斗, 漏斗状的东西, 烟囱\n[化] 漏斗",toefl ielts
funny,'fʌni,"a. 好笑的, 有趣的, 滑稽的\nn. 滑稽人物",zk gk cet4 ky
fur,fә:,"n. 毛皮\nvt. 以毛皮制作, 使生苔, 使生水垢\nvi. 生苔, 积水垢",gk cet4 cet6 ky toefl ielts
furbish,'fә:biʃ,"vt. 擦亮, 研磨, 磨光",gre
furious,'fjuәriәs,"a. 狂怒的, 激烈的, 吵闹的",cet4 cet6 ky toefl ielts
furnace,'fә:nis,"n. 火炉, 熔炉, 考验\nvt. 在炉中烧",cet4 cet6 ky toefl ielts gre
furnish,'fә:niʃ,"vt. 供给, 提供, 装设\n[化] 供应; 供给; 配料",cet4 cet6 ky toefl ielts
furnished,,"a. 家具, 有家具的",gk
furnishing,'fә:niʃiŋ,"n. 家具, 服饰品, 陈设品, 设备",toefl
furniture,'fәnitʃә,"n. 家具, 帆具",zk gk cet4 cet6 ky toefl ielts
furor,'fjuәrɒ:,"n. 喧闹, 激怒, 感动, 狂热\n[医] 狂乱, 狂暴, 狂怒",gre
furrow,'fʌrәu,"n. 犁沟, 车辙, 皱纹\nvt. 犁, 耕, 弄绉\nvi. 起波纹",gre
furry,'fә:ri,"a. 毛皮的, 盖着毛皮的, 似毛皮的",toefl
further,'fә:ðә,"a. 更远的, 此外的, 更多的\nvt. 促进, 增进, 助长\nadv. 更进一步地, 更远地, 此外",cet4 cet6 ky toefl ielts
furthermore,'fә:ðә'mɒ:,"adv. 此外, 而且",cet4 cet6 ky
furtive,'fә:tiv,"a. 秘密的, 隐密的, 偷偷摸摸的",gre
fury,'fjuri,"n. 愤怒, 狂暴, 狂怒的人\n[医] 狂乱, 狂暴, 狂怒",cet6 ky toefl ielts gre
fuse,fju:z,"n. 保险丝, 导火线\nv. 熔化, 融合",cet6 ky toefl ielts
fused,fju:zd,"a. 熔化的, 熔凝的",toefl
fusillade,.fju:zi'leid,"n. 枪炮的齐射, 以连续齐发的炮火攻击, 猛射\nvt. 齐射",gre
fusion,'fju:ʒәn,"n. 熔合物, 结合, 熔合\n[化] 熔融; 熔化; 聚变",toefl ielts gre
fuss,fʌs,"n. 大惊小怪, 小题大作, 忙乱\nvi. 无事自扰, 焦急, 焦燥, 忙乱\nvt. 使激动, 使烦燥",cet6 ky ielts gre
fussy,'fʌsi,"a. 易怒的, 爱挑剔的, 难取悦的, 易烦恼的",toefl gre
fustian,'fʌstiәn,"n. 棉麻粗布, 浮夸的话\na. 棉麻粗布的, 浮夸的",gre
fusty,'fʌsti,"a. 发霉的, 守旧的, 陈腐的",gre
futile,'fju:tail,"a. 无用的, 琐细的, 不重要的",ky toefl gre
futility,fju:'tiliti,"n. 无用, 无益, 无价值",ky gre
future,'fju:tʃә,"n. 未来, 将来\na. 将来的, 未来的",zk gk ielts
fuzz,fʌz,"n. 细毛, 绒毛, 警察\nvi. 作绒毛状飞散, 变成绒毛状\nvt. 起毛, 使模糊",toefl
gab,gæb,"n. 空谈, 爱说话, 多嘴\nvi. 空谈, 瞎扯, 唠叨",gre
gabble,'gæbl,"vi. 七嘴八嘴地说, 喋喋不休地说\nvt. 急促地说\nn. 急促讲出而叫人听不清的话, 废话",toefl gre
gadfly,'gædflai,"n. 形似苍蝇, 牛虻, 讨厌的人\n[医] 虻",gre
gadget,'gædʒit,"n. 小配件, 小玩意, 诡计",gre
gaffe,gæf,"n. 过失, 失态, 出丑",gre
gag,gæg,"n. 箝口物, 箝制言论, 讨论终结\nvt. 阻塞, 压制言论自由, 使窒息, 使呕吐, 插科打浑, 欺骗\nvi. 窒息, 作呕, 欺骗, 插科打浑",toefl
gage,geidʒ,"n. 抵押品, 挑战\nvt. 以...为担保, 以...为赌注\nn. 抵押品, 标准度量, 计量器\nvt. 精确计量, 估计",toefl
gaggle,'gægl,"n. 鹅群, 一群, 嘎嘎叫声\nvi. 嘎嘎地叫",gre
gaiety,'geiәti,"n. 愉快, 快活, 高兴",gre
gaily,'geili,"adv. 华丽地, 欢乐地",ielts
gain,gein,"n. 增益, 获得, 利润, 收获, 增加\nvt. 得到, 增进, 赚到\nvi. 获利, 增加\n[计] 增益",gk cet4 cet6 ky
gainful,'geinful,"a. 有利益的, 唯利是图的",toefl
gainsay,gein'sei,"vt. 否定, 反驳\nn. 否认, 反驳, 反对",toefl gre
gait,geit,"n. 步法, 步态\nvt. 训练...的步法",toefl gre
galaxy,'gælәksi,"n. 银河, 星系, 一群(显赫的人物)\n[电] 银河系",cet6 ky toefl ielts gre
gale,geil,"n. 狂风, 大风, 定期租金\n[经] 地租, 年金",gk toefl ielts gre
gall,gɒ:l,"n. 胆汁, 五倍子, 苦味, 肿痛, 恼怒, 磨损处\nvt. 烦恼, 屈辱, 磨伤\nvi. 被磨伤",gre
gallant,'gælәnt,"a. 英勇的, 壮丽的, 华丽的",toefl gre
gallantry,'gælәntri,"n. 华丽, 豪勇, 勇敢行为",toefl
gallery,'gælәri,"n. 走廊, 最高楼座, 画廊, 收集, 图库\n[计] 图库",gk cet4 cet6 ky toefl ielts
galley,'gæli,"n. 战舰, 军舰",gre
gallon,'gælәn,n. 加仑\n[医] 加仑,gk cet4 cet6 ky toefl gre
gallop,'gælәp,"n. 疾驰, 飞奔\nvi. 飞驰, 急速进行, 急急忙忙地说\nvt. 使飞跑, 迅速运输",ky gre
gallows,'gælәuz,"n. 绞架, 绞刑\n[法] 绞刑架, 绞台, 绞刑",gre
galvanization,.gælvәnai'zeiʃәn,"n. 通电, 镀锌, 震惊\n[化] 镀锌; 镀锌作用",toefl
galvanize,'gælvәnaiz,"vt. 通电, 镀锌, 使...感到震惊",toefl gre
gamble,'gæmbl,"n. 赌博, 冒险\nv. 赌博, 孤注一掷",cet6 ky ielts gre
gambol,'gæmbәl,"n. 跳跃, 雀跃, 嬉戏\nvi. 跳跃, 雀跃, 耍闹",toefl gre
game,geim,"n. 比赛, 玩耍, 比分, 得胜, 比赛规则, 策略, 游戏, 野味\nvi. 赌博\na. 勇敢的, 有胆量的, 关于野味的, 跛的\n[计] 博弈; 对策",zk gk
gamma,'^æmә,"n. 希腊语的第三个字母(Γ,γ)\n[医] γ(希腊文第三个字母), 丙种, 微克(千分之一毫克)",toefl
gamut,'gæmәt,"n. 音阶, 整个范围, 全部, 音域",gre
gander,'gændә,"n. 雄鹅, 笨人, 呆子",gre
gang,gæŋ,"n. 队, 群, 帮\nvi. 成群结队, 结成一伙\nvt. 使成群结队",cet4 cet6 ky ielts
gangling,'gæŋgliŋ,a. 瘦长难看的,gre
gangly,'^ŋ^li,a. 身材瘦长的,gre
gangrene,'gæŋgri:n,"n. 坏疽, 腐败堕落\nvi. 生坏疽, 腐败\nvt. 使生坏疽",gre
gangster,'gæŋstә,"n. 流氓, 歹徒\n[法] 暴徒, 恶棍, 打手",cet6 toefl
gangway,'gæŋwei,"n. 通道, 通路, 跳板\ninterj. 让路",gre
gaol,dʒeil,"n. 监禁, 监狱\nvt. 监禁",cet6 ky ielts
gap,gæp,"n. 缝隙, 缺口, 间断, 间距, 通用汇编程序\nvt. 打开缺口, 造成缝隙\nvi. 豁开\n[计] 通用汇编程序, 图形应用程序, 间距",cet4 cet6 ky toefl ielts
gape,geip,"n. 裂口, 张嘴, 打哈欠\nvi. 裂开, 张嘴, 打哈欠",toefl ielts gre
garage,gә'rɑ:ʒ. 'gærɑ:ʒ,"n. 车库, 汽车修理厂, 机库\nvt. 把车送入修车场",gk cet4 cet6 ky ielts
garb,gɑ:b,"n. 打扮, 装束\nvt. 打扮, 穿衣",toefl
garbage,'gɑ:bidʒ,"n. 垃圾, 废物\n[计] 无用信息",gk cet4 cet6 ky toefl ielts
garble,'gɑ:bl,"vt. 断章取义, 混淆\n[电] 曲解",gre
garbled,,"a. 断章取义的, 曲解的, 篡改的, 歪曲事实的, 混淆不清的\n[计] 错乱的",gre
garden,'gɑ:dn,"n. 花园, 果园, 菜园\nvi. 栽培花木\nvt. 造园\na. 花园的, 普通的",zk gk ielts
gardener,'gɑ:dәnә,"n. 园丁, 花匠, 园艺家",cet4 cet6
gardenia,gɑ:'di:njә,n. 栀子,gre
gardening,'gɑ:dniŋ,n. 园艺(学),gk
gargantuan,gɑ:'gæntʃuәn,"a. 巨大的, 庞大的",gre
gargoyle,'ɡɑ:ɡɔil,n. 滴水嘴,gre
garish,'gєәriʃ,"a. 穿着花哨的, 炫耀的, 过分装饰的",gre
garland,'gɑ:lәnd,"n. 花环, 荣誉\nvt. 戴花环",gre
garlic,'gɑ:lik,n. 大蒜\n[化] 大蒜,gk cet6 ky
garment,'gɑ:mәnt,"n. 衣服, 衣装, 外表",gk cet6 ky toefl ielts gre
garner,'gɑ:nә,"n. 谷仓, 积蓄\nvt. 储存, 贮藏",toefl gre
garnish,'gɑ:niʃ,"n. 装饰, 装饰品\nvt. 装饰",toefl gre
garret,'gærәt,"n. 层顶层, 阁楼, 顶楼, 头",gre
garrulity,gæ'ru:liti,"n. 饶舌, 多嘴\n[医] 多言",toefl gre
garrulous,'gærulәs,"a. 饶舌的, 多嘴的, 喋喋不休的",toefl gre
gas,gæs,"n. 气体, 汽油, 瓦斯\n[化] 气体; 煤气; 瓦斯; 毒气",gk cet4 ky
gaseous,'gæsiәs,"a. 气体的, 气态的, 无实质的\n[医] 气[体]的",cet4 cet6 toefl gre
gash,gæʃ,"n. 深长的伤口, 很深的裂缝\nv. (使)负深伤, 划开, 砍入很深",toefl gre
gasification,.ɡæsifi'keiʃәn,n. 气化,gre
gasoline,'gæsәli:n,n. 汽油\n[化] 汽油,cet4 cet6 ky toefl
gasp,gæsp,"n. 喘气\nvi. 喘气, 喘息, 渴望\nvt. 气喘吁吁地说",cet4 cet6 ky toefl ielts
gastric,'gæstrik,a. 胃的\n[医] 胃的,gre
gastritis,gæs'tritis,n. 胃炎\n[医] 胃炎,gre
gastronomy,gæs'trɒnәmi,"n. 美食法, 烹饪法",gre
gate,geit,"n. 门, 牌楼, 大门, 通道, 闸\nvt. 装门于\n[计] 门; 栅",zk gk
gather,'gæðә,"n. 集合, 聚集\nvi. 聚集, 集合, 渐增\nvt. 使聚集, 搜集, 积聚",gk cet4 cet6 ky
gathering,'gæðәriŋ,"n. 聚集, 集中, 采集\n[化] 富集",cet6
gauche,gәuʃ,"a. 缺乏社经验的, 笨拙的, 粗鲁的, 无礼的, 偏转的",toefl gre
gaucherie,'gәuʃәri:,"n. 笨拙, 不老练, 无礼",gre
gaudy,'gɒ:di,"a. 俗丽的, 华而不实的\nn. 盛大宴会",ielts gre
gauge,geidʒ,"n. 标准度量, 计量器\nvt. 精确计量, 估计\n[计] 线规",cet4 cet6 ky toefl ielts gre
gaunt,gɒ:nt,"a. 瘦削的, 憔悴的, 荒凉的",ielts gre
gavel,'gævәl,"n. 槌\n[法] 赋税或租金, 议事槌, 小木槌",gre
gay,gei,"a. 欢快的, 艳丽的, 快乐的, 放荡的",gk cet4 cet6 ky
gaze,geiz,"n. 注视, 凝视\nvi. 注视, 凝视",cet4 cet6 ky toefl gre
gazette,gә'zet,"n. 报, 公报, 报纸\nvt. 在公报上宣布, 刊载于公报",toefl
gazetteer,.gæzә'tiә,"n. 地名辞典, 公报作者",gre
gear,giә,"n. 齿轮, 工具\nvt. 以齿轮连起, 开动, 使适应, 安排\nvi. 连接上, 适合",cet4 cet6 ky toefl ielts gre
gem,dʒem,"n. 珠宝, 宝石, 珍贵之物\nvt. 饰以宝石",toefl gre
gemstone,"'dʒem,stәun",n. 经雕琢的宝石,toefl
gender,'dʒendә,n. 性\nvt. 产生,ky ielts
gene,dʒi:n,n. 基因\n[化] 基因(遗传因子),cet4 ky ielts gre
genealogist,.dʒi:ni'ælәdʒist,"n. 系谱学者, 系谱专家",ky
genealogy,.dʒi:ni'ælәdʒi,"n. 系谱, 宗谱, 家系, 世系, 血统\n[医] 家系, 血统, 家系学",gre
general,'dʒenәrәl,"n. 一般, 将军, 大体\na. 全面的, 大体的, 总的, 一般的, 普遍的\nn. 常规\n[计] 常规",zk gk cet4 cet6 ky toefl ielts
generality,.dʒenә'ræliti,"n. 概论, 概说, 大要\n[计] 相关率",gre
generalization,",dʒenәrәlai'zeiʃәn","n. 一般化, 普遍化, 概括\n[化] 推广; 普适化",cet6 toefl
generalize,'dʒenәrәlaiz,"vt. 一般化, 概括, 推广\nvi. 形成概念, 笼统讲",cet6 ky toefl ielts gre
generally,'dʒenәrәli,"adv. 通常, 逐渐地, 普遍地",cet4 cet6 toefl
generate,'dʒenәreit,"vt. 产生, 发生, 导致\n[电] 产生",cet4 cet6 ky toefl ielts gre
generation,.dʒenә'reiʃәn,"n. 一代, 一世, 产生\n[医] 生殖, 世代",gk cet4 cet6 ky gre
generator,'dʒenәreitә,"n. 产生器, 发电机, 生产者\n[计] 发生器",cet4 cet6 ky gre
generic,dʒi'nerik,"a. 属类的, 一般的\n[计] 一般的",ielts gre
generosity,.dʒenә'rɒsiti,"n. 慷慨, 宽大",cet6 gre
generous,'dʒenәrәs,"a. 慷慨的, 有雅量的, 大量的, 丰富的",gk cet4 cet6 ky toefl ielts
genesis,'dʒenisis,"n. 发生, 起源, 创世记\n[医] 生殖, 发生",toefl gre
genetic,dʒi'netik,"a. 创始的, 遗传的, 起源的, 遗传学的\n[医] 生殖的, 遗传的",cet4 ky toefl ielts gre
genetically,,"adv. 创始, 遗传学, 生殖, 基因, 遗传, 发生",toefl
genetics,dʒi'netiks,n. 遗传学\n[化] 遗传学,cet6 toefl gre
genial,'dʒi:njәl,"a. 和蔼的, 亲切的, 友善的\n[医] 颏的",toefl ielts gre
genius,'dʒi:njәs,"n. 天才, 天赋, 精神, 神魔\n[医] 特征",cet4 cet6 ky toefl ielts
genome,'dʒi:nәum,[化] 基因组\n[医] 染色体组,gre
genre,'ʒɒŋrә,"n. 类型, 流派",toefl gre
genteel,dʒen'ti:l,"a. 有教养的, 上流的, 优雅的",toefl gre
gentility,dʒen'tiliti,"n. 出身高贵, 绅士们, 上流阶层, 斯文, 有教养, 彬彬有礼, 文雅, 装体面, 假斯文",toefl
gentle,'dʒentl,"a. 温和的, 文雅的",gk cet4 cet6 ky toefl ielts gre
gentleman,'dʒentlmәn,"n. 绅士, 先生",zk gk cet4 cet6 ky
gently,'dʒentli,"adv. 温和地, 温柔地, 轻轻地, 逐渐地",cet4 cet6 ky
gentry,'dʒentri,n. 贵族们,toefl gre
genuflect,'dʒenjuflekt,"vi. 曲膝, 跪, 屈服",gre
genuine,'dʒenjuin,"a. 真正的, 真实的, 诚恳的\n[医] 真性的",cet4 cet6 ky toefl ielts gre
genus,'dʒi:nәs,"n. 种, 类\n[医] 属(分类)",toefl gre
geographic,",dʒiә'^ræfik","a. 地理(学)的, 地区(性)的",toefl ielts
geographical,dʒiә'græfikl,"a. 地理学的, 地理的",cet6
geography,dʒi'ɒgrәfi,"n. 地理学, 地理\n[医] 地理",zk gk cet4 cet6 ky ielts
geologic,dʒiә'lɔdʒik,"a. 地质的, 地质学的",toefl
geology,dʒi'ɒlәdʒi,"n. 地质学, 地质情况",cet4 cet6 ky ielts
geomagnetic,.dʒi:әumæg'netik,a. 地磁的,toefl
geometric,.dʒiәu'metrik,"a. 几何学的, 几何学上的, 几何学图形的",toefl
geometrical,.dʒiәu'metrikl,"a. 几何学的, 几何的\n[机] 几何学的",cet6
geometrician,.dʒiәumә'triʃәn,n. 几何学者,gre
geometry,dʒi'ɒmәtri,n. 几何学\n[机] 几何学,gk cet4 cet6 ky toefl ielts
germ,dʒә:m,"n. 细菌, 种子, 生殖细胞, 根源\n[医] 芽胞, 胚, 胚芽, 病菌",cet4 cet6 ky toefl ielts gre
German,'dʒә:mәn,"n. 德国人, 德语\na. 德国的, 德国人的, 德国语的, 同父母的",gk cet4 cet6 ielts
germane,dʒә:'mein,"a. 关系密切的, 有关的, 同样的, 恰当的, 贴切的\n[机] 锗烷",toefl gre
Germany,'dʒә:mәni,n. 德国,gk cet4 cet6 ielts
germicide,'dʒә:misaid,n. 杀菌剂\n[化] 杀菌剂,gre
germinate,'dʒә:mineit,"vi. 发芽, 萌芽, 开始发育\nvt. 使发芽, 使发育",toefl gre
gerontocracy,.dʒerɒn'tɒkrәsi,"n. 老人统治, 老人管理, 老人集团",gre
gerontology,.dʒerɒn'tɒlәdʒi,"n. 老年医学, 老人学\n[医] 老年医学, 老年病学, 老人学",gre
gerrymander,'dʒerimændә,vt. 为政党利益改划选区\nvi. 不公正地划分选区\nn. 改变选举区,gre
gestate,'dʒesteit,vt. 孕育,gre
gesticulate,dʒes'tikjuleit,"v. 用手势谈话, 用姿势表达",gre
gesture,'dʒestʃә,"n. 手势, 姿态\nvi. 作手势, 作姿态",zk gk cet4 cet6 ky ielts gre
get,get,"vt. 得到, 获得, 变成, 使得, 收获, 接通, 抓住, 染上\nvi. 到达, 成为, 变得\nn. (网球等)救球, 生殖, 幼兽\n[计] 取得指令, 获取文件",zk gk ielts
geyser,'gaizә,"n. 喷泉, 间歇泉",gre
ghastly,'gɑ:stli,"a. 可怕的, 惨白的, 极坏的\nadv. 可怖地, 惨白地",ielts gre
ghost,gәust,"n. 鬼, 灵魂, 幻影, 一丝, 一点\nv. 鬼似地游荡",cet4 ky
giant,'dʒaiәnt,"n. 巨人, 大力士, 巨大怪物\na. 庞大的, 巨大的",cet4 cet6 ky toefl
gibbon,'gibәn,n. 长臂猿\n[医] 长臂猿,toefl
gibe,dʒaib,v. 嘲笑\nn. 嘲笑,toefl gre
giddy,'gidi,"a. 眼花的, 头晕的\nv. (使)眼花, (使)眩晕",gre
gift,gift,"n. 礼物, 赠予, 天才\nvt. 赋予",zk gk
gifted,'giftid,a. 有天才的,gk toefl
gigantic,dʒai'gæntik,"a. 巨人般的, 巨大的",cet6 ky toefl ielts
giggle,'gigl,"v. 吃吃地笑, 咯咯地笑\nn. 咯咯笑, 傻笑",ky ielts gre
gild,gild,"vt. 镀金, 虚饰, 装饰, 供给钱",toefl gre
gilding,'^ildiŋ,"n. 镀金, 镀金材料, 涂金, 虚饰的外观, 假象\n[计] 镀金, 装金",toefl
gimmick,'gimik,"n. 暗机关\nvt. 耍花招改变, 使暗机关",gre
ginger,'dʒindʒә,"n. 姜, 精力, 姜黄色\na. 姜黄色的\nvt. 用姜调味, 使活泼, 使有生气",cet6 gre
gingerly,'dʒindʒәli,"adv. 小心翼翼地, 慎重地\na. 慎重的, 谨慎的",gre
giraffe,dʒi'rɑ:f,"n. 长颈鹿, 鹿豹座",zk gk
girder,'gә:dә,"n. 大梁, 主梁\n[化] 撑杆",toefl gre
girdle,'gә:dl,"n. 腰带, 围绕物\nvt. 用腰带束缚, 围绕",toefl gre
girl,gә:l,"n. 女孩, 少女, 女佣",zk gk
girlfriend,,n. 女朋友,ielts
girth,gә:θ,"n. (树的)干围, 周长, 肚带\nvt. 围绕, 包围\nvi. 围长为",gre
gist,dʒist,"n. 要点, 要旨, 依据\n[法] 依据, 要旨, 要点",toefl ielts gre
give,giv,"n. 弹性, 适应性\nvt. 给, 授予, 供给, 产生, 发表, 付出, 献出, 让出\nvi. 捐赠, 支持不住, 让步",zk gk ielts
glacial,'gleiʃәl,"a. 冰的, 冰川的, 冰川时代的, 冰冷的\n[医] 冰的, 冰样的",toefl gre
glacier,'gleiʃә,n. 冰川,toefl ielts
glad,glæd,"a. 高兴的, 喜欢的, 情愿的",zk gk
glade,gleid,"n. 林间空地, 沼泽地",gre
gladiator,'glædieitә,"n. 斗士, 斗剑者, 争论者",gre
glamor,'glæmә,"n. 魅力, 迷人的美, 魔法\nvt. 迷惑",ky
glamorous,'glæmәrәs,"a. 富有魅力的, 迷人的",toefl gre
glamour,'glæmә,"n. 魅力, 迷人的美, 魔法\nvt. 迷惑",cet6 ky toefl ielts
glance,'glɑ:ns,"n. 一瞥, 闪光, 掠过, 辉矿类\nvi. 扫视, 闪光, 掠过, 提到, 略说\nvt. 扫视, 反射, 使掠过",gk cet4 cet6 ky gre
gland,glænd,"n. 腺, 密封套\n[化] 衬片; 密封垫",toefl ielts
glandular,'^lændjulә,"a. 腺的, 含腺的, 天生的, 固有的, 肉体的\n[医] 腺的",toefl
glare,glєә,"n. 闪耀光, 刺眼\nvi. 发眩光, 瞪视\nvt. 瞪眼表示",gk cet4 cet6 ky toefl ielts gre
glaring,'glєәriŋ,"a. 闪耀的, 炫目的, 瞪视的",toefl
glass,glɑ:s,"n. 玻璃, 玻璃杯, 透镜\nvt. 装玻璃于, 反射, 反映\nvi. 成玻璃状",zk gk ielts
glasshouse,'glɑ:shaus,"n. 温室, 玻璃工场, 禁闭房",gk
glassware,'glɑ:swєә,n. 玻璃器具\n[化] 玻璃器皿; 玻璃仪器,toefl
glassy,'glɑ:si,"a. 玻璃质的, 玻璃状的, 如镜的\n[医] 玻璃状的",toefl
glaze,'gleiz,"n. 釉, 上光, 光滑面\nvt. 装以玻璃, 上釉于\nvi. 变得光滑, (目光)变呆滞",toefl gre
glazed,ɡleizd,a. 像玻璃的；光滑的；上过釉的；呆滞无神的,toefl
gleam,gli:m,"n. 光束, 微光, 反光\nvi. 闪烁, 隐约地闪现\nvt. 使发微光, 使闪烁",cet6 toefl ielts gre
glean,gli:n,"v. 拾落穗, 收集",toefl gre
glee,gli:,"n. 欢乐, 高兴",gre
glib,glib,"a. 能说善道的, 流畅的",toefl gre
glide,glaid,"n. 滑动, 滑过, 流水\nvi. 滑动, 滑翔, 溜走, 流逝\nvt. 使滑动",cet4 cet6 ky toefl ielts gre
glider,'glaidә,"n. 滑翔员, 滑翔机",cet6 toefl
glimmer,'glimә,"n. 一丝光线, 微光, 少许\nvi. 发微光",ielts gre
glimpse,glimps,"n. 一瞥, 一闪\nvi. 投以一瞥, 闪烁不定\nvt. 瞥见",cet4 cet6 ky toefl ielts gre
glisten,'glisn,"vi. 闪亮, 辉耀\nn. 闪光, 闪耀",gre
glitch,^litʃ,[计] 假信号,gre
glitter,'glitә,"n. 灿烂, 闪烁, 辉耀\nvi. 灿烂, 闪烁, 辉耀",cet4 cet6 ky ielts gre
gloaming,'glәumiŋ,"n. 夕幕, 黄昏, 薄明",gre
gloat,glәut,"vi. 满足地看, 幸灾乐祸, 贪婪地盯视\nn. 贪婪的盯视, 满足的注视, 幸灾乐祸",toefl gre
global,'glәubl,"a. 通用的, 全球的, 球形的, 综合的, 普遍的\n[计] 共用",cet4 cet6 ky toefl ielts
globe,glәub,"n. 球, 球状物, 地球仪, 天体\nv. (使)成球状",gk cet4 cet6 ky
gloom,glu:m,"n. 忧郁, 暗处, 幽暗\nvi. 变忧沉, 变黑暗\nvt. 使忧郁, 使黑暗",toefl gre
gloomy,'glu:mi,"a. 抑沉的, 忧闷的, 黑暗的, 悲观的",cet4 cet6 ky toefl ielts gre
glorify,'glɒ:rifai,"vt. 赞美, 美化, 赞扬, 使辉煌",cet6 toefl gre
glorious,'glɒ:riәs,a. 光荣的,cet4 cet6 ky toefl ielts
glory,'glɒ:ri,"n. 光荣, 荣耀, 荣誉, 壮丽, 繁荣\nvi. 自豪",gk cet4 cet6 ky
gloss,glɒs,"n. 光彩, 假象, 注释\nvt. 使光彩, 掩盖, 上光于, 注释, 曲解\nvi. 发光, 作注释",ielts gre
glossary,'glɒsәri,"n. 专业词典, 术语集, 词表\n[计] 图文集",cet6 toefl ielts gre
glossy,'glɒ:si,"a. 平滑的, 有光泽的",toefl gre
glove,glʌv,n. 手套\nvt. 给...戴手套,zk gk cet4 cet6 ky
glow,glәu,"n. 赤热, 光辉, 热情, 热烈, 红光\nvi. 发红光, 红光焕发, 发热, 洋溢, 激动",cet4 cet6 ky ielts gre
glower,'glәuә,"vi. 瞪眼, 怒目而视, 凝视\nn. 怒视, 热切的注视, 灯丝",gre
glowing,'glәuiŋ,"a. 白热的, 灼热的, 通红的, 鲜艳的\n[化] 辉光",toefl gre
glucose,'glu:kәus,n. 葡萄糖\n[化] 葡萄糖; 右旋糖; 葡糖(用于复合词中),gre
glue,glu:,"n. 胶, 粘性物\nvt. 粘合, 胶合",gk cet4 cet6 ky toefl ielts
glut,glʌt,"n. 大量, 供过于求\nvt. 使充满, 使吃饱, 过多供应\nvi. 吃得过多, 狼吞虎咽",toefl gre
glutinous,'glu:tinәs,"a. 粘性的\n[医] 胶状的, 粘的",gre
gluttonous,'glʌtnәs,"a. 暴食的, 贪吃的, 贪心的",gre
gnarled,nɑ:ld,"a. 多节的, 扭曲的, 多瘤的, 粗糙的, 乖僻的, 乖戾的",gre
gnat,næt,"n. 小昆虫, 蚊子, 小烦扰\n[医] 蚊, 蚋",gre
gnaw,nɒ:,"v. 咬, 啃, 侵蚀, 消耗, 折磨",cet6 toefl gre
gnawing,'nɒ:iŋ,"n. 咬, 不断的苦痛\na. 咬的, 令人苦恼的",gre
gnome,nәum,"n. 格言, 箴言, 侏儒, 土地神",gre
gnomic,'nәumik,"a. 格言的, 含格言的",gre
go,gou,"vi. 去, 走, 达到, 运转, 查阅, 消失, 结束, 放弃, 花费, 流传, 趋于, 打算, 剩下\nvt. 以...打赌, 对付, 忍受, 出产, 为被捕者出(保释金)\nn. 去, 尝试, 进行",zk gk ielts
goad,gәud,"n. 赶牛棒, 激励, 刺激\nvt. 用刺棒驱赶, 激励, 刺激, 唆使, 煽动",toefl ielts gre
goal,gәul,"n. 目标, 终点, 得分, 球门, 守门员\nvi. 攻门, 射门得分",gk cet4 cet6 ky toefl ielts
goals,,"n. 目标, 目的；进球, 射中次数",ielts
goat,gәut,"n. 山羊, 替罪羊, 色鬼",zk gk cet4 cet6 ky
gobble,'gɒbl,"n. 火鸡叫声\nvt. 狼吞虎咽\nvi. 贪食, 咯咯叫",gre
goblet,'gɒblit,"n. 高脚杯, 酒杯",gre
God,^ɔd,"n. 上帝, 神像, 偶像\nvt. 使神化",zk gk cet4 ky
goddess,'gɒdis,"n. 女神, 美女, 受崇拜的女性",cet6
goggle,'gɒgl,"n. 眼睛瞪视, 护目镜\na. 突出的, 瞪眼的\nvi. 瞪眼看, 眼珠转动\nvt. 使瞪眼, 使眼珠转动",gre
gold,gәuld,"n. 黄金, 钱财, 金块, 金色, 宝贵\na. 金的, 似金的, 金色的, 金制的",zk gk cet4 ky ielts
goldbrick,'gәuldbrik,"vi. 逃避工作, 游手好闲\nn. 假金砖, 赝品, 懒汉",gre
golden,'gәuldn,"a. 金的, 含金的, 金色的, 贵重的, 繁盛的\n[法] 金制的, 金色的, 兴隆的",zk gk cet4 cet6 ky
goldfish,'gәuldfiʃ,n. 金鱼,gk
golf,gɒlf,n. 高尔夫球\nvi. 打高尔夫球,gk cet4 cet6 ky ielts
gong,gɒŋ,"n. 铜锣, 皿形钟\nvt. 鸣锣召唤",gre
good,gud,"n. 善行, 好处, 利益\na. 好的, 优良的, 上等的, 愉快的, 有益的, 好心的, 慈善的, 虔诚的",zk gk ielts
goodby,.ɡud'bai,int. 再见（等于goodbye）,ky
goodbye,gud'bai,interj. 再见,zk
goodness,'gudnis,"n. 仁慈, 善良",gk cet4 cet6 ky
goods,guds,"n. 货物\n[经] 货物, 商品, 动产",gk cet4 cet6 ky ielts
goodwill,^jd'wil,"n. 友好, 好意, 善意, 亲善, (企业享有的)信誉, 声誉\n[经] (企业的)商誉, 信誉",gre
goose,gu:s,"n. 鹅, 雌鹅, 鹅肉, 弯把熨斗\nvt. 与...性交, 突然加大油门, 使生色, 喝倒彩",zk gk cet4 cet6 ky
gorge,gɒ:dʒ,"n. 峡谷, 凹槽, 塞饱, 咽喉\nvi. 狼吞虎咽\nvt. 塞饱, 狼吞虎咽地吃",toefl gre
gorgeous,'gɒ:dʒәs,"a. 华丽的, 灿烂的",cet6 ky toefl ielts gre
gorilla,gә'rilә,"n. 大猩猩, 残暴的男人, 歹徒",cet6 toefl gre
gormandize,'gɒ:mәndaiz,"v. 狼吞虎咽\nn. 讲究饮食, 大吃大喝",gre
gosling,'gɒzliŋ,"n. 小鹅, 年轻无知的人",gre
gospel,'gɒspәl,"n. 福音, 信仰, 真理",toefl gre
gossamer,'gɒsәmә,"n. 小蜘蛛网, 蛛丝, 薄纱\na. 薄弱的, 轻飘飘的",gre
gossip,'gɒsip,"n. 闲聊, 随笔, 流言, 爱讲闲话的人\nvi. 说闲话, 闲聊",cet6 ky toefl ielts
gouge,gaudʒ,"n. 圆凿, 用圆凿凿成的槽, 挖, 掘\nvt. 用圆凿削, 挖出, 欺骗",gre
gourmand,'guәmәnd,n. 美食家,toefl gre
gourmet,'guәmei,n. 美食家,toefl gre
govern,'gʌvәn,"v. 统治, 支配, 管理",gk cet4 cet6 ky toefl
governance,'gʌvәnәns,"n. 统治, 统辖, 管理\n[法] 统治, 管理, 支配",gre
government,'gʌvәnmәnt,"n. 政府, 内阁\n[经] 政府, 政治, 政体",zk gk cet4 cet6 ky ielts
governments,,n. 政权；政府；可转让政府证券（government的复数）,ielts
governor,'gʌvәnә,"n. (美)州长, (英)总督, 统治者, 管理者, 理事\n[医] 节制器, 调节器",cet4 cet6 ky toefl
gown,gaun,"n. 睡衣, 法衣, 大学全体师生\nvt. 使穿睡衣",gk cet4 cet6 ky ielts
grab,græb,"n. 抓握, 掠夺, 强占, 东方沿岸帆船\nvi. 抓取, 抢去\nvt. 攫取, 捕获, 霸占",cet6 ky toefl ielts
grace,greis,"n. 优雅, 风度, 慈悲, 恩惠, 体面, 赦免, 恩典, 谢恩祷告\nvt. 使优美",cet4 cet6 ky toefl ielts gre
graceful,'greisful,a. 优美的,cet4 cet6 ky toefl
gracious,'greiʃәs,"a. 亲切的, 慈善的",cet4 cet6 ky toefl ielts gre
gradation,grei'deiʃәn,"n. 逐渐变化, 分等级, 阶级, 顺序\n[电] 阶度",gre
grade,greid,"n. 等级, 年级, 阶段, 成绩, 程度, 坡度, 斜坡\nvt. 分等, 分级, 评分\nvi. 属于某等级, 逐渐变化",zk gk ielts
gradient,'greidiәnt,"n. 倾斜度, 梯度, 坡度, 斜率\na. 渐升的, 渐降的, 步行的",cet6 toefl
gradual,'grædʒuәl,"a. 逐渐的, 渐增的\nn. 弥撒升阶圣歌",cet4 cet6 ky ielts
gradually,'grædʒuәli,adv. 逐渐地,gk cet4 cet6
graduate,'grædʒueit,"n. 毕业生, 量杯\na. 已得学位的, 研究生的, 毕业的\nvi. 毕业, 得学位, 逐渐变为\nvt. 准予...毕业, 授予...学位, 分等级, 刻刻度",gk cet4 cet6 ky toefl
graduated,,"a. 毕业了的, 分等级的, 分度的, 刻度的\n[医] 有刻度的",gre
graduates,ˈɡrædjuits,n. <美>毕业生( graduate的名词复数 ); <英>大学毕业生; （已经取得学士学位正在攻读高级学位的）研究生; 量筒\nv. 渐变( graduate的第三人称单数 ); 渐渐变为（与into连用）; 渐渐消逝（与away连用）; 取得资格（与as连用）,ielts
graduation,.grædʒu'eiʃәn,"n. 毕业, 得学位, 分划, 刻度, 分等级\n[医] 刻度, 分度, 毕业",gk
graft,grɑ:ft,"n. 嫁接, 贪污\nv. 嫁接, 移植, 贪污",toefl gre
grain,grein,"n. 谷粒, 颗粒, 谷类, 纹理, 本质\nv. (使)成谷粒",gk cet4 cet6 ky toefl ielts gre
gram,græm,"n. 克, 绿豆, 鹰嘴豆\n[医] 克",gk
grammar,'græmә,"n. 语法学, 入门书\n[计] 语法检查",zk gk cet4 cet6 ky ielts
grammatical,grә'mætikl,"a. 语法的, 合乎语法的\n[法] 语法上的, 符合语法规则的, 文法上的",cet4 cet6
gramme,græm,n. 克\n[医] 克,cet4 cet6 ky
gramophone,'græmәfәun,n. 留声机,cet6
granary,'grænәri,"n. 谷仓, 谷物仓, 主要来源, 主要贮藏所",ielts gre
grand,grænd,"a. 庄重的, 壮观的, 显赫的, 重大的, 最高的, 雄伟的, 宏大的, 豪华的, 傲慢的\n[法] 重大的, 主要的, 伟大的",gk cet4 cet6 ky toefl ielts
grandchild,'^rændtʃaild,"n. 孙, 外孙女, 外孙, 孙女, 孙子",zk gk
granddaughter,'^rændɔ:tә(r),"n. 孙女, 外孙女",zk gk cet4 cet6
grandeur,'grændʒә,"n. 庄严, 伟大, 壮丽",toefl gre
grandfather,'grændfɑ:ðә,"n. 祖父, 始祖\n[电] 原始资料组",zk cet4 cet6
grandiose,'grændiәus,"a. 宏伟的, 壮丽的, 夸张的\n[医] 夸大的",gre
grandma,'grændmɑ:,"n. 奶奶, 外婆",zk
grandmother,'grændmʌðә,"n. 祖母, 女祖先",zk cet4 cet6 ky
grandpa,"'^rænpɑ:, '^rændpɑ:","爷爷, 老太爷, 外公",zk
grandparent,'grændperәnt,n. 祖父母,zk
grandparents,,n. 外祖父母；祖父母（grandparent的复数）,gk
grandson,'grændsʌn,"n. 孙子, 外孙",zk gk cet4 cet6
grandstand,'grændstænd,"n. 正面看台, 观众",gre
granite,'grænit,n. 花岗岩\n[化] 花岗岩,cet6 toefl gre
granny,'^ræni,"n. 奶奶, 老奶奶, 老婆婆, 外婆, 婆婆妈妈的人, 唠叨挑剔的人, 接生婆",zk gk
grant,grænt,"n. 授予, 授予物, 允许\nvt. 允许, 承认, 授与\n[计] 授权命令",cet4 cet6 ky ielts gre
grants,,"[经] 补助金, 拨款, 津贴",cet6 ielts
granular,'grænjulә,"a. 颗粒的, 粒状的\n[医] 粒状的, 颗粒状的",ielts
granule,'grænju:l,"n. 小粒, 细粒, 颗粒\n[计] 区组",gre
grape,greip,"n. 葡萄, 葡萄树\n[医] 葡萄",zk gk cet4 cet6 ky
graph,græf,"n. 曲线图, 图表, 图形\n[计] 图形",gk cet4 cet6 ky toefl ielts
graphic,'græfik,"a. 生动的, 轮廓分明的, 绘画似的, 图解的\n[计] 图形的",ky toefl ielts gre
graphics,'græfiks,"n. 制图法, 制图学, 图解算法, 图形显示\n[计] 图形; DOS外部命令:打印图形方式下的屏幕内容",toefl
graphite,'græfait,n. 石墨\n[化] 石墨,cet6 toefl gre
grasp,græsp,"n. 把握, 抓紧, 理解, 抓, 柄, 控制\nvt. 抓住, 紧握, 领会\nvi. 抓",gk cet4 cet6 ky toefl
grasping,'græspiŋ,"a. 抓的, 握的, 贪婪的",gre
grass,græs,"n. 草, 草原, 牧场\n[医] 草, 禾本",zk gk ielts
grasshopper,'græshɒpә,"n. 蚱蜢, 蝗虫",cet6 toefl
grassy,'græsi,"a. 草绿色的, 象草的, 长满草的",cet6
grate,^reit,"n. 炉格, 炉篦, 炉栅, 火炉, 壁炉, 格栅\nvt. 装格栅于, 磨擦, 轧碎, 磨碎, 使焦急, 触怒, 使人烦躁, 刺激, 激怒\nvt.vi. 擦响, 发出刺耳的尖厉声",ielts gre
grateful,'greitful,"a. 感谢的, 感激的, 令人快意的, 受欢迎的",gk cet4 cet6 ky toefl gre
gratification,.grætifi'keiʃәn,"n. 令人满足的事(或物), 满足, 喜悦\n[医] 愿望满足, 满意",gre
gratify,'grætifai,vt. 使满足,toefl gre
grating,'greitiŋ,"n. 光栅, 摩擦, 摩擦声\na. 令人气恼的, 刺耳的",gre
gratis,'greitis,"adv. 免费地, 白送地\na. 免费的",gre
gratitude,'grætitju:d,n. 感激之情,cet4 cet6 ky toefl ielts gre
gratuitous,grә'tju:itәs,"a. 免费的, 无理由的\n[经] 无代价的",toefl gre
gratuity,grә'tju:iti,"n. 小费, 赠物, 赏钱\n[经] 小帐, 赏金, 退职金",ielts gre
grave,greiv,"n. 墓穴, 坟墓, 终结, 死亡\na. 庄重的, 严肃的, 重大的, 低沉的\nvt. 雕刻",cet4 cet6 ky ielts gre
gravel,'grævәl,"n. 砂砾, 碎石\n[医] 沙砾, 尿沙",cet6 ielts gre
gravitation,.grævi'teiʃәn,"n. 引力, 重力, 沉下\n[化] 引力",toefl
gravitational,.grævi'teiʃәnәl,a. 重力的,toefl gre
gravity,'græviti,"n. 地心引力, 重力\n[化] 重力",gk cet4 cet6 ky toefl ielts gre
gray,grei,"n. 灰色, 暗淡\na. 灰色的, 灰白的, 面色苍白的, 年老的, 老练的, 阴沉的\nv. (使)变灰色",cet4 cet6
graze,greiz,"n. 吃草, 放牧, 擦伤, 轻擦\nv. (使)吃草, 放牧, 轻擦, 擦伤",cet6 ky toefl ielts gre
grease,gri:s,"n. 脂肪, 兽脂, 油脂, 贿赂\nvt. 涂脂于, 贿赂",cet6 ky toefl ielts gre
greasy,'gri:zi,"a. 油腻的, 含脂肪多的",toefl
great,greit,"a. 大的, 非常的, 主要的, 重大的, 崇高的, 伟大的\nadv. 顺利地, 得意地\nn. 全部, 大人物, 大师",zk gk
greatly,'greitli,"adv. 很, 非常",cet4 cet6
Greece,gri:s,n. 希腊,gk ielts
greed,gri:d,"n. 贪欲, 贪婪",cet6
greedy,'gri:di,"a. 贪婪的, 贪得的, 贪吃的",gk cet4 cet6 ky toefl ielts
Greek,gri:k,"n. 希腊人, 希腊语\na. 希腊的, 希腊人的\n[计] 希腊",gk cet4 cet6
green,gri:n,"n. 绿色, 绿色颜料\na. 绿色的, 未成熟的, 新鲜的, 青春的, 无经验的, 脸色发青的",zk gk ielts gre
greengrocer,'gri:ngrәusә,"n. 蔬菜水果商, 菜贩",gk
greenhorn,'gri:nhɒ:n,"n. 生手, 无经验的人, 不懂世故的人",gre
greenhouse,'gri:nhaus,n. 温室,cet4 cet6 ky gre
greet,gri:t,"vt. 问候, 致敬, 欢迎, 映入眼帘",gk cet4 cet6 ky
greeting,'gri:tiŋ,"n. 祝贺, 问候",zk gk cet4 cet6 ky
gregarious,gre'gєәriәs,"a. 社交的, 群居的",toefl gre
gregariousness,ɡrɪ'ɡerɪəsnəs, 集群性; 簇聚性,gre
grenade,gri'neid,n. 手榴弹,gre
grey,grei,"n. 灰色\na. 灰色的, 阴沉的\nv. (使)成灰色",cet4 cet6 ky
grid,grid,"n. 格子, 栅格\n[计] 网格",ielts
gridiron,'gridaiәn,"n. 烤架, 格状物",gre
grief,gri:f,"n. 伤心, 忧愁, 悲痛, 不幸, 灾难",cet6 ky ielts gre
grievance,'gri:vәns,"n. 委屈, 冤情, 苦况\n[经] 不满(对雇用条件的)",toefl gre
grieve,gri:v,"vt. 使悲伤\nvi. 悲痛, 伤心",cet4 cet6 ky toefl ielts gre
grievous,'gri:vәs,"a. 痛苦的, 严重的, 充满悲伤的\n[法] 极大的, 严重的, 惨无人道的",gre
grill,gril,"n. 烤架, 铁格子, 烤肉\nv. 烧, 烤, 严加盘问, 给...装栅栏",gk ielts gre
grim,grim,"a. 冷酷的, 坚强的, 残忍的, 可怕的, 讨厌的",cet6 ky toefl ielts gre
grimace,gri'meis,"n. 鬼脸, 怪相\nvi. 扮鬼脸, 作怪相",gre
grin,grin,n. 露齿笑\nv. 露齿而笑,cet6 ky ielts gre
grind,graind,"n. 磨, 碾, 苦差, 摩擦声, 用功的学生\nvt. 磨擦, 磨碎, 磨光, 折磨, 压榨\nvi. 磨, 磨碎, 苦干",cet4 cet6 ky toefl ielts gre
grip,grip,"n. 紧握, 柄, 握力, 握手方式, 手提包, 掌握, 支配, 控制\nvt. 抓紧, 抱住, 吸住, 掌握\nvi. 握牢, 有吸引力",cet4 cet6 ky toefl ielts
gripe,graip,"n. 紧握, 柄, 把手, 控制\nvt. 抓紧, 抱住, 使肠痛, 激怒\nvi. 肠绞痛, 抱怨",gre
gripping,,"a. 抓的, 吸引人的, 扣人心弦的, 夹的",gre
grisly,'grizli,"a. 可怕的, 厉害的, 令人畏惧的",gre
gristle,'grisl,n. 软骨\n[医] 软骨,gre
grit,grit,"n. 砂砾, 粗砂石\nvt. 覆以砂砾, 咬牙切齿地说\nvi. 摩擦作声",ielts gre
groan,grәun,"n. 呻吟, 叹息\nvi. 呻吟, 抱怨, 受压迫\nvt. 呻吟地说",cet4 cet6 ky ielts gre
grocer,'grәusә,n. 食品商,gk cet4 cet6 ky
grocery,'grәusәri,"n. 食品杂货店, 食品杂货业",cet4 cet6
groom,gru:m,"n. 马夫, 新郎, 男仆\nvt. 喂马, 使...整洁, 推荐\nvi. 打扮, 穿戴",gre
groove,gru:v,"n. 凹槽, 惯例, 理想境况\nvt. 开槽于",cet6 gre
grope,grәup,v. 摸索\nn. 摸索,cet6 ky toefl ielts gre
gross,grәus,"n. 总数, 总量\na. 总共的, 未打折扣的, 恶劣的, 粗野的\nvt. 总共收入",cet4 cet6 ky ielts gre
grotesque,grәu'tesk,"n. 奇异风格, 怪异图案\na. 奇怪的, 可笑的",gre
grotto,'grɒtәu,"n. 洞穴, 岩穴, 洞室",gre
grouch,grautʃ,"n. 脾气的发作, 坏脾气, 不高兴的人, 心怀不满\nvi. 闹脾气, 发牢骚",gre
grouchy,'grautʃi,"a. 不高兴的, 不平的",toefl
ground,graund,"n. 土地, 战场, 场地, 地面, 范围\na. 土地的, 地面上的\nvt. 放在地上, 使搁浅, 打基础, 给...以训练\nvi. 搁浅, 落地, 根据, 基于\na. 磨过的\ngrind的过去式和过去分词",zk gk ielts
grounded,'^raundid,a. [物]接地的；有基础的,gre
group,gru:p,"n. 团体, 组, 团, 群\nv. 聚合, 成群\n[计] 创建组; 组, 用户组",zk gk ielts gre
groups,,"n. 群组, 组；用户组；团体（group的复数形式）",ielts
grouse,graus,"n. 松鸡, 牢骚\nvi. 埋怨",gre
grove,grәuv,n. 小树林,cet6 gre
grovel,'grɒvl,"vi. 趴, 匍匐, 卑躬屈膝",gre
grow,grәu,"vt. 种植, 使长满\nvi. 生长, 变成, 发展",zk gk
growl,graul,"n. 吠声, 咆哮声\nv. 怒吠, 咆哮, 吼",cet6 ielts gre
growth,grәuθ,"n. 生长, 栽培, 增长\n[计] 等比级数",gk cet4 cet6 ky ielts
grudge,grʌdʒ,"n. 怨恨, 恶意\nvt. 怀恨, 嫉妒, 吝惜",toefl ielts gre
gruel,'gru:әl,"n. 稀粥\nvt. 使极度疲劳, 惩罚",gk
grueling,'^ruәliŋ,"a. 折磨人的, 使人精疲力尽的\nn. 痛打, 惩罚",gre
gruesome,'gru:sәm,"a. 可怕的, 令人毛骨悚然的, 阴森的",gre
gruff,grʌf,"a. 粗哑的, 粗鲁的, 粗率的, 板着脸孔的",toefl gre
grumble,'grʌmbl,"n. 怨言, 满腹牢骚\nvi. 抱怨, 发牢骚, 发隆隆声\nvt. 抱怨",cet6 toefl ielts gre
grumpy,'grʌmpi,"a. 性情乖戾的, 脾气暴躁的, 生气的",toefl gre
grunt,grʌnt,"vi. 作呼噜声\nvt. 咕哝\nn. 呼噜声, 咕哝",cet6
guarantee,.gærәn'ti:,"n. 担保, 抵押品, 保证书\nvt. 保证, 担保",gk cet4 cet6 ky toefl ielts gre
guard,gɑ:d,"n. 守卫者, 警戒, 护卫队, 防护装置\nvt. 保卫, 看守, 当心\nvi. 防止, 警惕, 警卫, 看守",zk gk cet4 cet6 ky
guardian,'gɑ:diәn,"n. 看守者, 监护人, 保护人\na. 保护的",ielts
guess,ges,"n. 猜测, 臆测\nv. 猜测, 臆测",zk gk
guest,gest,"n. 客人, 来宾, 旅客\n[化] 客体",zk gk ielts
guests,,n. 客人；来宾（guest的复数）,ielts
guffaw,gʌ'fɒ:,"v. 哄笑, 狂笑\nn. 哄笑, 狂笑",gre
guidance,'gaidns,"n. 指导, 领导\n[医] 导",gk cet4 cet6 ky ielts
guide,gaid,"n. 引导者, 导游, 指南, 路标\nvt. 指导, 支配, 管理, 带领, 操纵\nvi. 任向导\n[计] 辅助线",gk cet4 cet6 ky ielts
guideline,'gaidlain,"n. 指导路线, 方针, 指标\n[经] 指导路线, 方针, 准则",ky ielts
guild,gild,"n. 团体, 协会, 行业协会\n[经] 同业公会",ielts
guile,gail,"n. 狡猾, 狡计",toefl gre
guileless,'gailis,"a. 不狡猾的, 诚实的",toefl gre
guillotine,'gilәti:n,"n. 断头台, 截断机, 切除器\nvt. 用断头台斩首, 用截断机切",gre
guilt,gilt,"n. 罪行, 内疚\n[法] 罪, 犯罪, 罪行",cet6 ky gre
guilty,'gilti,"a. 犯罪的, 有过失的, 自觉有错的, 心虚的\n[法] 有罪的, 犯罪的, 自觉有罪的",gk cet4 cet6 ky gre
guise,gaiz,"n. 相似, 外观, 伪装\nv. 穿戴, 伪装",toefl gre
guitar,gi'tɑ:,n. 吉他,zk gk cet6 ky ielts
gulch,gʌlʃ,"n. 地沟, 冲沟",gre
gulf,gʌlf,"n. 海湾, 深渊, 漩涡, 隔阂\nvt. 吞没",cet4 cet6 ky toefl
gull,gʌl,"n. 鸥, 易受骗之人, 呆子\nvt. 欺诈, 骗",toefl gre
gullible,'gʌlibl,"a. 易受骗的\n[法] 易受骗的, 轻信的",gre
gully,'gʌli,"n. 小峡谷, 排水沟",gre
gulp,gʌlp,"vt. 吞, 大口大口地吸气, 吸收, 抑制\nvi. 吞咽\nn. 吞咽\n[计] 字节组",toefl gre
gum,gʌm,"n. 树胶, 橡皮, 橡皮糖, 牙床, 老天\nvt. 涂以树胶, 用胶粘, 使有粘性\nvi. 分泌树胶, 发粘",cet4 cet6 ky gre
gun,gʌn,n. 枪\n[医] 枪,zk gk cet4 cet6 ky
gunpowder,'gʌnpaudә,n. 火药\n[化] 有烟火药; 火药,cet4 cet6
guru,'guru:,n. 古鲁(印度教导师)\n[医] 柯拉子,gre
gush,gʌʃ,"n. 涌出, 滔滔不绝地讲话\nv. 涌出, 迸出, 滔滔不绝的讲话",toefl ielts gre
gusher,'^ʌʃә(r),"[经] 喷油井, 自喷井",gre
gust,gʌst,"n. 突然一阵, 趣味, 爱好",cet6 toefl ielts gre
gustation,gʌs'teiʃәn,"n. 尝味, 味觉\n[医] 味觉, 尝味",gre
gustatory,'gʌstәtәri,"a. 尝味的, 味觉的\n[医] 味觉的, 味的",gre
gusto,'gʌstәu,"n. 爱好, 嗜好, 由衷的高兴",gre
gusty,'gʌsti,"a. 刮风的, 阵阵猛急的, 突发的, 津津有味的",toefl
gut,gʌt,"n. 剧情, 内容, 内脏, 肚子, 海峡, 勇气\nvt. 取出内脏, 毁坏...的内部",ky
gutless,'gʌtlis,a. 无胆量的,gre
gutter,'gʌtә,"n. 排水沟, 槽, 贫民区\nvt. 开沟于\nvi. 流\n[计] 装订线",cet6 gre
guttle,'gʌtl,v. 狼吞虎咽地吃喝,gre
guy,gai,"n. 家伙, 支索\nvt. 用支索撑住, 取笑, 嘲弄\nvi. 逃跑",cet4 ky ielts gre
guzzle,'gʌzl,"v. 狂饮, 暴食, 喝酒化掉(钱)",gre
gym,dʒim,"n. +体育馆, 体育训练, 体育课, 体操",zk ielts
gymnasium,dʒim'neiziәm,"n. 健身房, 体育馆\n[医] 体育馆, 健身室, 运动场",zk cet4 cet6 ky ielts
gymnastic,dʒim'næstik,"a. 体操的, 体育的",toefl
gymnastics,dʒim'næstiks,"n. 体操, 体育\n[医] 体操, 体育",gk toefl
gynaecocracy,",dʒaini'kɔkrәsi, ^ai-","n. 妇女当政, 女权政治",gre
gyrate,'dʒaireit,"a. 旋涡状的\nvi. 旋转, 不停地转动",gre
gyration,dʒai'reiʃәn,"n. 旋回, 回转, 旋转\n[医] 回旋, 环旋",toefl
ha,hɑ:,"interj. 嘿, 哈, 哈哈",gk
habit,'hæbit,"n. 习惯, 嗜好, 习性\nvt. 使穿衣",zk gk cet4 cet6 ky ielts
habitable,'hæbitәbl,"a. 适于居住的, 可居住的",gre
habitat,'hæbitæt,"n. 栖息地, 居留地, 自生地, 聚集处\n[医] 习生地, 产地, 生境, 栖所",ky toefl gre
habits,,n. 习性；习惯（habit的复数）,ielts
habitual,hә'hitʃuәl,"a. 习惯的, 惯常的, 平常的\n[法] 习惯的, 以习惯为常业的, 惯常的",cet4 cet6
habituate,hә'bitjueit,"vt. 使习惯于, 使熟习于",gre
hack,hæk,"n. 劈, 砍, 砍痕, 出租车, 干咳, 晒架, 鹤嘴锄\nvt. 劈, 砍, 出租, 用旧\nvi. 劈, 砍, 干咳, 驾驶出租车\na. 出租的",gre
hackneyed,'hæknid,"a. 使用过于频繁的, 常见的, 陈腐的",toefl gre
haft,hɑ:ft,"n. 柄, 把手\nvt. 装上柄",gre
haggard,'hægәd,"n. 野鹰\na. 憔悴的, 形容枯槁的, 野性的",gre
haggle,hægl,"vi. 争论, 杀价\nvt. 乱砍, 乱劈\nn. 杀价, 讨论, 争论",toefl gre
hail,heil,"n. 冰雹, 致敬, 欢呼, 招呼\nvt. 向...欢呼, 致敬, 招呼, 使象下雹样落下\nvi. 招呼, 下雹\ninterj. 万岁, 欢迎",cet6 ky toefl ielts gre
hair,hєә,"n. 头发, 毛发, 些微\n[医] 毛, 发",zk gk
haircut,'hєәkʌt,"n. 理发, (男子的)发式",gk cet4 cet6
halcyon,'hælsiәn,"n. 神翠鸟, 翡翠鸟\na. 宁静的, 平稳的, 翡翠鸟的",gre
hale,heil,"a. 强壮的, 矍铄的, 健壮的\nvt. 猛拉, 拖曳",gre
half,hɑ:f,"n. 一半, 半场, 不完全\na. 一半的, 不完全的, 部分的, 半场的\nadv. 一半地, 部分地, 在某种程度上地, 几乎",zk gk
halfhearted,'hɑ:f'hɑ:tid,"a. 不认真的, 无兴趣的, 不热心的",gre
hall,hɒ:l,"n. 门厅, 走廊, 会堂",zk gk cet4 cet6 ky toefl ielts
hallmark,'hɑ:lmɑ:k,"n. 纯度检验证明, 品质证明\nvt. 加盖纯度检验证明",toefl gre
hallow,'hælәu,"vt. 使...神圣, 视为神圣\nn. 圣徒",gre
hallowed,'hælәuid,"a. 神圣化的, 神圣的",gre
hallucination,hә.lu:si'neiʃәn,"n. 幻觉, 幻想\n[医] 幻觉",gre
hallway,'hɔ:lwei,n. 门厅；玄关；走廊,toefl
halo,'heilәu,"n. 晕轮, 光圈, 晕状物, 荣光\nvt. 使有晕轮, 围以光环\nvi. 成晕轮",gre
halt,hɒ:lt,"n. 停止, 立定, 休息\nvt. 使停止, 使立定\nvi. 立定, 停止, 蹒跚, 踌躇, 有缺点\n[计] 停止",cet4 cet6 ky toefl ielts
halting,'hɒ:ltiŋ,"a. 跛的, 蹒跚的, 犹豫的",gre
halve,hɑ:v,"vt. 二等分, 对半分享, 把...减半",cet6
ham,hæm,"n. 火腿, 后腿, 笨拙演员\na. 过火的, 做作的\nv. 演得过火",zk gk cet6 ky toefl
hamburger,'hæmbә:gә,"n. 汉堡(德国港口), 肉饼, 汉堡包, 纯精牛肉, 汉堡牛排",zk gk cet4 cet6 ky toefl
hamlet,'hæmlit,"n. 小村, 部落",toefl
hammer,'hæmә,"n. 锤, 铁锤, 钉锤\nvt. 锤打, 敲打, 钉\nvi. 连续锤打\n[计] 锤头",gk cet4 cet6 ky toefl gre
hamper,'hæpә,"n. 食篮, 阻碍物, 食盒\nvt. 阻碍, 使困累, 妨碍, 牵制",cet6 ky toefl ielts gre
hamstring,'hæmstriŋ,"n. 后腿腱\nvt. 切断腿腱使成跛腿, 使瘫痪",gre
hand,hænd,"n. 手, 爪, 指针, 掌握, 协助, 人手, 手艺, 手迹, 支配, 插手\nvt. 交给, 支持, 搀扶",zk gk ielts
handbag,'hændbæg,n. 手提包,zk gk
handball,'hændbɒ:l,"n. 墙手球, 墙手球运动",ielts
handbook,"'hænd,buk",n. 手册\n[计] 手册,cet6 ky ielts
handcrafted,ˈhændkrɑ:ftɪd,"v. 手工, 手艺( handcraft的过去式和过去分词 )",toefl
handedness,'hændidnis,[医] 左利或右利(偏于用一侧手工作),toefl
handful,'hændful,"n. 少数, 一把, 棘手事",gk cet4 cet6 ky toefl
handicap,'hændikæp,"n. 障碍, 困难, 不利条件\nvt. 加障碍于, 妨碍",cet6 ky toefl ielts
handicraft,'hændikræft,"n. 手工艺, 手艺\n[经] 手工业, 手工",toefl
handkerchief,'hæŋkәtʃif,"n. 手帕, 头巾, 围巾",gk cet4 cet6 ky
handle,hændl,"n. 柄, 把手, 把柄, 柄状物, 手感\nvt. 触摸, 运用, 买卖, 处理, 操作\nvi. 搬运, 易于操纵\nn. 句柄\n[计] 句柄",gk cet4 cet6 ky toefl gre
handling,'hændliŋ,n. 处理\na. 操作的,ielts
handout,'hændaut,"n. 施舍物, 救济品, 分发的印刷品资料, 广告物品",cet6 ielts
hands-on,,"[计] 动手上机, 实际训练",toefl
handsome,'hænsәm,"a. 英俊的, 大方的, 慷慨的, 相当可观的, 美观的, 灵敏的",zk gk cet4 cet6 ky ielts
handtruck,'hændtrʌk,"n. 手推车,手推运货车",gk
handwriting,'hændraitiŋ,n. 笔迹,zk gk cet4 cet6 ky
handy,'hændi,"a. 便利的, 敏捷的, 容易取得的\n[化] 便于使用的; 易操作的",gk cet4 cet6 ky toefl ielts
hang,hæŋ,"n. 悬挂, 诀窍, 意义\nvt. 悬挂, 附着, 装饰, 垂下, 踌躇, 绞死, 使悬而未决\nvi. 悬着, 垂下, 被绞死, 悬而不决",zk gk cet4 cet6 ky toefl ielts
hangar,'hæŋә,"n. 棚厂, 飞机库",gre
hangdog,'hæŋdɒg,"a. 鬼鬼祟祟的, 卑躬屈膝的, 低贱的\nn. 卑微的人",gre
hankering,'hæŋkәriŋ,"n. 渴望, 切望",gre
haphazard,hæp'hæzәd,"n. 偶然性, 偶然事件\na. 无计划的, 偶然的, 随便的\nadv. 偶然地",toefl ielts gre
happen,'hæpәn,"vi. 发生, 发生, 恰巧",zk gk cet4 ky
happily,'hæpili,"adv. 幸福地, 快乐地, 幸好",gk
happiness,'hæpinis,"n. 快乐, 幸运, 适当",gk cet4
happy,'hæpi,"a. 快乐的, 幸福的, 愉快的, 恰当的",zk gk
harangue,hә'ræŋ,"n. 演讲, 热烈讨论, 长篇大论, 夸夸其谈\nvt. 向...夸夸其谈地讲话",gre
harass,'hærәs,"vt. 使困扰, 使烦恼, 折磨",ky toefl ielts gre
harassment,'hærәsmәnt,"n. 困扰, 烦扰, 烦恼\n[法] 折磨, 骚扰, 侵扰",ky ielts
harbinger,'hɑ:bindʒә,"n. 通告者, 预告者, 先驱, 预兆\nvt. 预告, 充做...的前驱",gre
harbor,'hɑ:bә,"n. 港, 避难所\nv. 庇护, 藏匿, (使)入港停泊",cet6 ky toefl ielts gre
harbour,'hɑ:bә,"n. 港, 避难所\nv. 庇护, 藏匿, (使)入港停泊",gk cet4 cet6 ielts
hard,hɑ:d,"a. 坚硬的, 硬的, 难的, 艰苦的, 困难的, 坚固的, 猛烈的, 艰难的, 结实的, 确实的\nadv. 坚硬地, 努力地, 辛苦地, 接近地, 猛烈地, 牢固地",zk gk ielts
hard-working,,(hard-work 的现在分词) 努力工作；[劳经] 繁重的工作,ielts
hardbitten,ˌhɑ:dˈbɪtn,"a. 顽强的, 坚韧的",gre
harden,hɑ:dn,"vt. 使变硬, 使坚强, 使冷酷\nvi. 变硬, 变冷酷",cet4 cet6 ky toefl gre
hardheaded,'hɑ:d'hedid,"a. 不易激动的, 冷静的, 脚踏实地的, 无懈可击的",toefl gre
hardihood,'hɑ:dihud,"n. 胆大无敌, 刚毅, 厚颜, 强壮",gre
hardly,'hɑ:dli,"adv. 刚刚, 几乎不, 勉强是",zk gk cet4 cet6 ky toefl
hardness,'hɑ:dnis,"n. 坚硬, 困难, 严厉, 勇气\n[化] 硬度",toefl
hardship,'hɑ:dʃip,"n. 艰难, 辛苦, 苦难\n[法] 受苦, 吃苦, 苦难",gk cet4 cet6 ky toefl
hardware,'hɑ:dwєә,"n. 硬件, 五金器具, 零件\n[计] 硬件",cet4 cet6 ky toefl ielts
hardworking,'hɑ:d.wә:kiŋ,"a. 苦干的, 不辞辛劳的",gk
hardy,'hɑ:di,"a. 难的, 艰苦的, 坚硬的, 勇敢的\nadv. 努力地, 辛苦地, 坚硬地",cet6 toefl ielts gre
hare,hєә,n. 野兔\nvi. 飞跑,cet4 cet6
harm,hɑ:m,"n. 伤害, 害处\nvt. 伤害, 损害",gk cet4 cet6 ky toefl
harmful,'hɑ:mful,"a. 有害的, 伤害的",gk cet4 cet6 toefl ielts
harmless,'hɑ:mlis,"a. 无害处的, 未受损害的, 无辜的, 无恶意的\n[法] 无害的, 无恶意的, 无损害的",gk toefl
harmonic,hɑ:'mɒnik,"a. 和谐的, 音乐般的, 和声的\nn. 泛音, 谐波",toefl
harmonica,hɑ:'mɒnikә,"n. 口琴, 玻璃钟琴\n[医] 氢气发音管",toefl
harmonious,hɑ:'mәuniәs,"a. 和睦的, 调和的, 和谐的, 协调的",cet6 toefl
harmonize,'hɑ:mәnaiz,"vi. 协调, 以和声唱\nvt. 使一致, 使和谐",toefl
harmony,'hɑ:mәni,"n. 协调, 和睦, 调和\n[电] 和声学",gk cet4 cet6 ky toefl ielts gre
harness,'hɑ:nis,"n. 马具, 挽具状带子, 甲胄\nvt. 给...上挽具, 驾驭, 披上甲胄, 利用...以产生动力",cet4 cet6 ky toefl ielts gre
harp,hɑ:p,"n. 竖琴\nvi. 弹奏竖琴, 不停地说",cet6 gre
harpoon,hɑ:'pu:n,"n. 鱼叉\nvt. 用鱼叉叉, 用鱼叉捕获",gre
harpsichord,'hɑ:psikɒ:d,n. 羽管键琴,gre
harridan,'hæridәn,"n. 凶恶的老妇, 丑婆, 鬼婆",gre
harrow,'hærәu,"n. 哈罗公学, 耙\nvt. 耙掘, 伤害, 使苦恼\nvi. 被耙松",toefl gre
harrowing,'hærәuiŋ,"a. 痛心的, 悲惨的\n[医] 神经纤维松解法",gre
harry,'hæri,"vt. 掠夺, 使苦恼, 强使前行, 折磨, 骚扰",toefl gre
harsh,hɑ:ʃ,"a. 粗糙的, 刺耳的, 严厉的\n[法] 粗糙的, 严厉的, 苛刻的",cet4 cet6 ky toefl ielts gre
harshly,'hɑ:ʃli,"adv. 粗糙地, 粗暴地, 刺耳地",gre
harshness,'hɑ:ʃnis,"n. 粗糙事物, 刺耳, 严肃",toefl
harvest,'hɑ:vist,"n. 收获, 成果, 收获物, 收获期\nv. 收割, 收获",gk cet4 cet6 ky toefl
hassle,'hæsl,"n. 激烈而持久的争论\nvi. 争论\nvt. 与...争辩, 使烦恼",cet6 gre
haste,heist,"n. 匆忙, 急忙",cet4 cet6 ky toefl ielts
hasten,'heisn,"vt. 催促, 加紧\nvi. 赶快, 急忙",cet4 cet6 toefl gre
hasty,'heisti,"a. 匆匆的, 轻率的, 性怠的",cet4 cet6 ky toefl ielts gre
hat,hæt,n. 帽子\nvt. 给...戴帽子,zk gk ielts
hatch,hætʃ,"n. 孵化, 舱口\nvt. 孵, 孵出, 策划\nvi. 孵化",gk cet4 cet6 ky toefl ielts gre
hatchery,'hætʃәri,n. 孵卵处,toefl
hatchet,'hætʃit,"n. 斧头, 手斧, 战斧\n[机] 小斧, 手斧",toefl gre
hatchling,'hætʃliŋ,n. 人工孵化的鱼苗或小鸟,toefl
hate,heit,"n. 憎恨, 恨, 厌恶\nvt. 憎恨, 憎恶\nvi. 仇恨",zk gk cet4 cet6 ky
hateful,'heitful,"a. 憎恨的, 可恨的, 可恶的",cet4 cet6
hatred,'heitrid,"n. 憎恨, 仇恨, 憎恶\n[法] 敌意, 憎恨, 憎恶",cet4 cet6 ky toefl
hats,,abbr. 转换终端应用程序（Host Access Transformation Services）,ielts
haughty,'hɒ:ti,"a. 傲慢的, 骄傲的, 崇高的",cet6 toefl gre
haul,hɒ:l,"n. 用力拖拉, 拖运, 强拉, 捕获量, 拖运距离\nvi. 拖, 拉, 改变方向, 改变主意\nvt. 拖拉, 拖运",cet6 ky toefl ielts
haunt,hɒ:nt,"n. 常到的地方, 生息地\nvt. 常到, 出没于, 萦绕于\nvi. 出没, 作祟",cet6 toefl ielts gre
haunted,'hɔ:ntid,"a. 常出现鬼的, 闹鬼的",toefl
hauteur,әu'tә:,n. 傲慢；自大,gre
have,hæv,"vt. 有, 怀有, 拿, 进行\naux. 已经",zk gk
haven,'heivn,"n. 港, 避难所, 安息所\nvt. 安置...于港中, 庇护, 入港",toefl ielts gre
havoc,'hævәk,"n. 大破坏, 蹂躏\nvt. 严重破坏",ielts gre
hawk,hɒ:k,"n. 鹰, 掠夺者, 鹰派成员\nvi. 放鹰行猎, 像鹰一般地袭击, 清嗓, 咳嗽\nvt. 捕捉, 咳出, 兜售, 叫卖, 散播",gk cet4 cet6 ky ielts gre
hawker,'hɒ:kә,"n. 饲鹰者, 以鹰行猎者, 叫卖小贩\n[经] 推车叫卖小贩",gre
hawser,'hɒ:zә,"n. 大缆, 系船索, 曳船索",gre
hay,hei,"n. 干草\nvt. 制干草, 供给干草\nvi. 晒干草",gk cet4 cet6 ky toefl
hazard,'hæzәd,"n. 冒险, 危险, 机会\nvt. 冒...的危险, 赌运气, 使冒危险\n[计] 相关危险; 冒险",cet4 cet6 ky toefl ielts gre
hazardous,'hæzәdәs,"a. 危险的, 冒险的, 碰运气的\n[法] 危险的, 冒险的, 碰运气的",cet6 toefl ielts gre
haze,heiz,"n. 薄雾, 阴霾, 疑惑\nvt. 使变朦胧, 使变糊涂\nvi. 变朦胧, 变糊涂",toefl
hazel,'heizl,"n. 榛子, 榛树, 淡褐色\na. 榛树的, 淡褐色的",toefl
hazy,'heizi,"a. 朦胧的, 模糊的, 烟雾弥漫的",toefl
he,hi:,"pron. 他\nn. 男孩, 男人, 雄性动物",zk gk
head,hed,"n. 头, 头脑, 领袖, 脑袋, 最前的部分\nvt. 为首, 朝向, 前进, 用头顶\nvi. 朝特定方向行进, (作物)结穗\na. 头的, 在顶端的, 主要的\n[计] 磁头; 冲头",zk gk toefl
headache,'hedeik,"n. 头痛, 令人头痛之事\n[医] 头痛",zk gk cet4 cet6 ky ielts
heading,'hediŋ,"n. 标题, 起始字, 方向\n[计] 上标题",cet4 cet6 ky ielts
headline,'hedlain,"n. 大标题, 新闻摘要\nvt. 为...做标题, 写标题",gk cet4 cet6 ky
headlong,'hedlɒŋ,"a. 头向前的, 仓猝而用力的, 轻率的\nadv. 头向前地, 猛然地, 用力地",cet6 gre
headmaster,'hed'mɑ:stә,"n. (中小学)校长, 监工",gk cet4 cet6 ky ielts
headmistress,'hed'mistris,n. (中小学)女校长,gk
headquarters,hed'kwɒ:tәz,"n. 总部, 司令部, 总部人员\n[经] 本部, 总部, 总署",cet4 cet6 ky toefl
headstrong,'hedstrɒŋ,"a. 顽固的, 刚愎的, 任性的",toefl ielts gre
headteacher,hed'ti:tʃər,n. 中小学的校长,gk
headway,'hedwei,"n. 前进, 航行速度, 进展\n[经] 进尺, 钻井",gre
heal,hi:l,"vi. 痊愈\nvt. 使复原, 使和解, 治愈",cet4 cet6 ky toefl ielts gre
healing,'hi:liŋ,"a. 治愈的, 恢复健康的\n[计] 修复, 恢复",toefl
health,'helθ,"n. 健康, 卫生, 蓬勃, 健康状态\n[医] 健康",zk gk ielts
healthcare,'helθkεә,"n. 医疗保健；卫生保健；健康护理, 健康服务",ielts
healthful,'helθful,"a. 有益健康的, 使人健康的, 卫生的\n[法] 有益健康的, 健康的, 卫生的",toefl
healthy,'helθi,"a. 健康的, 有益健康的, 卫生的\n[医] 健康的",zk gk
heap,hi:p,"n. 堆, 许多, 累积\nvt. 堆积, 装满\n[计] 堆",gk cet4 cet6 ky ielts
hear,hiә,"vt. 听到, 倾听, 听说, 审理\nvi. 听见, 听",zk gk
hearing,'hiәriŋ,"n. 听, 听觉, 听讯\n[医] 听, 听觉",gk ky ielts
hearken,'hɑ:kәn,vi. 倾听,gre
hearsay,'hiәsei,"n. 传闻, 谣言",toefl gre
heart,hɑ:t,"n. 心, 心脏, 中心, 内心, 感情, 精神, 心情, 宝贝儿\nvt. 鼓励",zk gk ielts
heartbeat,'hɑ:tbi:t,n. 心跳,ielts
hearten,'hɑ:tn,"vt. 使振作, 激励\nvi. 振作",gre
hearth,hɑ:θ,"n. 炉床, 灶台, 炉边\n[化] 锻造炉; 敞炉; 炉缸; 炉床; 火床; 炉膛",cet6
heartrending,'hɑ:t.rendiŋ,"a. 令人心碎的, 悲惨的",gre
hearty,'hɑ:ti,"a. 诚恳的, 健壮的, 热烈的, 丰盛的",cet6
heat,hi:t,"n. 热, 热度, 体温, 高潮\nvi. 加热, 激昂, 加剧\nvt. 把...加热, 使激动",zk gk cet4 cet6 ky
heater,'hi:tә,"n. 加热器, 灯丝, 加热工\n[化] 加热器",cet6 ielts
heating,'hi:tiŋ,"n. 加热, 供热, 暖气设备, 供暖系统, 暖气装置\na. 加热的, 供暖的",cet4 cet6
heave,hi:v,"n. 举, 抛, 起伏, 鼓起\nvt. 用力举起, 使举起, 使鼓起\nvi. 抛出, 起伏, 喘息, 凸起",cet6 ky toefl ielts gre
heaven,'hevn,"n. 天堂, 上帝, 天空",zk gk cet4 cet6 ky toefl
heavenly,'hevnli,"a. 天上的, 神圣的, 天国似的",toefl
heavily,'hevili,"adv. 很重地, 严重地, 难以忍受地",gk cet4 cet6
heavy,'hevi,"a. 重的, 巨大的, 沉重的, 笨重的, 过度的\nadv. 沉重地\nn. 重物, 严肃角色",zk gk ielts
heavy-handedness,,笨手笨脚的,gre
heckle,'hekl,"vt. 诘问, 以麻梳梳理, 激烈质问\nn. 针排",gre
hectic,'hektik,"a. 脸上发红, 发热的, 潮热的, 肺病的\nn. 脸红, 潮热病人",toefl ielts gre
hector,'hektә,"n. 威吓者, 虚张声势的人\nvt.vi. 说大话, 吓唬, 折磨, 愚弄",gre
hedge,hedʒ,"n. 树篱, 障碍, 套头交易\nvt. 用树篱围, 套期保值, 妨碍, 两面下注以防...的损失\nvi. 筑树篱, 躲闪, 两面下注以防损失\na. 树篱的, 偷偷摸摸的",cet4 cet6 ky ielts gre
hedgehog,'hedʒhɒg,"n. 豪猪, 刺猬, 难交朋友的人, 防卫森严的阵地",gre
hedonic,hi:'dɒnik,"a. 快乐的, 快乐论的\nn. 快乐论",gre
hedonism,'hi:dәunizm,"n. 快乐论, 享乐主义\n[医] 享乐主义, 欢乐主义",gre
hedonist,'hi:dәunist,"n. 快乐主义者, 享乐主义者",gre
heed,hi:d,"n. 注意, 留心\nv. 注意, 留心",toefl gre
heedless,'hi:dlis,"a. 不注意的, 不留心的, 不谨慎的",toefl
heel,hi:l,"n. 脚后跟, 踵, 后部, 倾侧\nvt. 尾随, 装以鞋跟, 倾侧, 追赶\nvi. 紧随, 用脚后跟传球",gk cet4 cet6 ky toefl
hegemony,hi:'dʒemәni,"n. 霸权, 领导权, 支配权, 拥有支配权的政府\n[法] 霸权, 盟主权",gre
height,hait,"n. 高度, 海拔, 高地, 顶点\n[化] 高度",zk gk cet4 cet6 ky toefl ielts
heighten,'haitn,"vt. 增高, 提高, 加强\nvi. 升高, 变大",cet6 ky toefl ielts
heinous,'heinәs,"a. 可憎的, 令人发指的",gre
heir,єә,"n. 继承人, 嗣子, 后嗣\n[法] 继承人, 后嗣",cet4 cet6 ky toefl ielts gre
heirloom,'єәlum,"n. 传家宝, 动产继承物\n[法] 祖传动产, 传家宝",gre
helicopter,'helikɒptә,n. 直升机\nvt. 由直升机运送\nvi. 乘直升机,gk cet4 cet6 ky ielts
heliotrope,'hi:liәtrәup,"n. 天芥菜属植物, 淡紫色\n[化] 向阳植物; 鸡血石",gre
helium,'hi:liәm,n. 氦\n[化] 氦,toefl
hell,hel,"n. 地狱, 邪恶势力, 苦境, 阴间, 毁坏, 训斥\nvi. 狂饮, 飞驰",cet4 cet6 ky ielts
hello,hә'lәu,"interj. 喂, 嘿",zk gk
helm,helm,"n. 舵, 驾驶盘, 枢机, 头盔\nvt. 给...掌舵, 指挥, 给...戴头盔",gre
helmet,'helmit,"n. 钢盔, 盔, 防护帽\nvt. 给...戴头盔",gk cet4 cet6 ky ielts gre
helot,'helәt,"n. 希洛人(古斯巴达奴隶), 奴隶, 农奴",gre
help,help,"n. 帮忙, 帮助者, 补救办法, 有益的东西\nvt. 帮助, 帮忙, 接济, 治疗, 款待\nvi. 有用, 救命, 招待\n[计] 帮助, 帮助程序; DOS外部命令: DOS命令的电子文件帮助程序",zk gk
helper,'helpә,"n. 帮忙者, 有益的东西\n[机] 助手",toefl
helpful,'helpful,"a. 有帮助的, 有益的, 有用的",zk gk cet4 cet6 ky toefl
helpless,'helplis,"a. 无助的, 无能为力的, 无依无靠的",cet4 cet6 toefl
helpline,ˈhelplaɪn,n. 热线服务电话,ielts
helve,helv,n. 柄\nvt. 装柄于,gre
hem,hem,"n. 边缘, 折边, 哼声\nvt. 缝边, 包围, 关闭\nvi. 做折边, 发哼声\ninterj. 哼",toefl gre
hemisphere,'hemisfiә,"n. 半球, 地球的半面, 大脑半球\n[医] 半球",cet6 ky toefl ielts gre
hemophilia,.hi:mә'filiә,n. 血友病,gre
hemorrhage,'hemәridʒ,n. 出血\n[医] 出血,gre
hemostat,'hi:mәstæt,"n. 止血钳子, 止血剂\n[医] 止血器, 止血剂",gre
hen,hen,"n. 母鸡, 雌禽",zk gk cet4 ky
hence,hens,"adv. 因此, 从此",cet4 cet6 ky toefl ielts
henceforth,hens'fɒ:θ,"adv. 自此以后, 今后",cet6 ky ielts
henpecked,'henpekt,"a. 怕老婆的, 惧内的, 老婆当家的",gre
hens,henz,n. 母鸡( hen的名词复数 ); 雌禽,ielts
hepatitis,.hepә'taitis,n. 肝炎\n[医] 肝炎,gre
her,hә:,"pron. 她的, 她",zk gk
herald,'herәld,"n. 使者, 传令官, 先驱\nvt. 预报, 宣布, 传达, 欢呼",cet6 toefl gre
herb,hә:b,"n. 药草, 香草\n[医] 草, 草本, 草药",gk cet6 ky toefl ielts
herbaceous,hә'beiʃәs,"a. 草本的, 叶状的, 绿色的\n[医] 草的",gre
herbicide,'hә:bisaid,n. 除草剂\n[化] 除草剂,gre
herbivorous,hә'bivәrәs,"a. 食草的\n[医] 草食的, 食草的",gre
herculean,",hә:kju:'ljәn",a. 魁梧有力的,toefl
herd,hә:d,"n. 兽群, 人群, 牧人\nvt. 群集, 使成群, 放牧\nvi. 聚在一起",cet4 cet6 ky toefl ielts gre
herder,'h\\\\:dә(r),"n. 牧人, (美)(非正式)监狱看守\n[计] 首部, 首标, 标题, 头标, 报头, 管座, 端板",toefl
herdsman,'hә:dzmәn,"n. 牧人, 牧主",gre
here,hiә,"adv. 在这里, 此时, 这里\nn. 这里",zk gk
hereditary,hi'reditәri,"a. 世袭的, 遗传的\n[医] 遗传的",ielts gre
heredity,hi'rediti,"n. 遗传, 形质遗传\n[医] 遗传",toefl
heresy,'herәsi,"n. 异端, 异教\n[法] 异端邪说, 异教, 信奉异教",toefl gre
heretic,'herәtik,"n. 异教徒, 异端者",gre
heretical,hi'retikәl,"a. 异教的, 异端的",gre
heritage,'heritidʒ,"n. 遗产, 祖先遗留物, 继承物\n[医] 遗传性",cet6 ky toefl ielts
hermetic,hә:'metik,"a. 奥妙的, 密封的, 不透气的, 不漏气的, 与外界隔绝的\n[计] 全密封的",gre
hermit,'hә:mit,"n. 隐士, 隐居者",toefl gre
hero,'hiәrәu,"n. 英雄, 超越常人者, 男主角",zk gk cet4 cet6 ky ielts
heroic,hi'rәuik,"a. 英勇的, 英雄式的, 壮丽雄伟的\nn. 英雄诗, 史诗, 英勇行为",cet4 cet6 ky
heroin,'herәuin,"n. 海洛因, 吗啡\n[化] 海洛因; 二醋吗啡; 二乙酰吗啡",ky
heroine,'herәuin,"n. 巾帼英雄, 烈妇, 女主角\n[化] 海洛因; 二醋吗啡; 二乙酰吗啡",gk cet4 cet6 ky ielts
heroism,'herәuizm,"n. 英勇, 勇敢事迹, 豪侠行为",toefl
herpetologist,,n. 爬虫学者,gre
hers,hә:z,pron. 她的,zk gk
herself,hә:'self,"pron. 她自己, 她亲自",zk gk
hesitate,'heziteit,"vi. 犹豫, 迟疑, 踌躇, 支吾, 停顿",cet4 cet6 ky toefl
heterodox,'hetәrәdɒks,"a. 非正统的, 异端的",gre
heterogeneous,.hetәrәu'dʒi:njәs,"a. 异种的, 异质的, 由不同成分形成的\n[医] 不均匀的, 多相的, 异质的",toefl gre
hew,hju:,"vt. 砍, 砍倒, 砍成\nvi. 砍, 劈, 坚持",toefl gre
hexagon,'heksәgәn,"n. 六角形, 六边形\n[机] 六角, 六角形, 六角边",toefl gre
hey,hei,interj. 嗨,gk
heyday,'heidei,n. 全盛期\ninterj. 嘿,toefl gre
hi,hai,interj. 喂,gk
hiatus,hai'eitәs,"n. 裂缝, 中断, 空隙, 间隙, 裂孔, (稿件)脱字, 漏句\npl. 裂缝, 中断, 空隙, 间隙, 裂孔, (稿件)脱字, 漏句",gre
hibernate,'haibәneit,"vi. 过冬, 冬眠, 避寒",gk toefl gre
hibernation,.haibә'neiʃәn,"n. 过冬, 冬眠, 避寒\n[医] 冬眠, 冬蛰",gk toefl
hide,haid,"n. 兽皮, 迹象, 躲藏处\nvt. 藏, 隐瞒, 遮避, 剥...的皮, 隐藏\nvi. 躲藏\n[计] 隐藏",zk gk cet4 cet6 ky toefl gre
hidebound,'haidbaund,"a. 思想偏狭顽固的, 死板的, 量小的\n[医] 绷紧的, 包紧的(皮肤)",gre
hideous,'hidiәs,"a. 丑恶的, 可憎的, 令人沮丧的",toefl gre
hie,hai,"vt. 使急行, 催促",gre
hierarchy,'haiәrɑ:ki,"n. 等级制度, 僧侣统治, 等级体系\n[计] 分级结构; 分层结构; 新闻组, 新闻组分层",cet6 ky toefl ielts gre
hieroglyph,'haiәrәglif,"n. 象形文字, 图画文字",gre
hieroglyphic,.haiәrәu'ɡlifik,n. 象形文字；象形文字写的文章,gre
high,hai,"n. 高度, 高处\na. 高的, 高级的, 主要的, 高尚的, 高原的, 高音的, 昂贵的, 傲慢的\nadv. 高度地, 奢侈地",zk gk
high-rise,,"a. 有多层的, 高楼的\nn. 高楼, 大厦",ielts
highbrow,'haibrau,"n. (自以为)文化修养高的人, 卖弄知识的人\na. 自炫博学的, 知识分子的, 不切实际的",gre
higher,'haiә,[经] 上扬,ielts
highland,'hailәnd,"n. 高地, 苏格兰高地",ky
highlight,'hailait,"n. 加亮区, 精彩场面\nvt. 加亮, 使显著, 以强光照射, 突出\n[计] 突出",cet4 cet6 ky toefl ielts
highly,'haili,"adv. 非常, 非常赞许地\n[电] 大大地",cet4 cet6 ky
highway,'haiwei,"n. 公路, 大道, 捷径\n[法] 公路, 大路",gk cet4 cet6 ky
hijack,'haidʒæk,"vt. 抢劫, 劫持, 敲诈\n[法] 挡路抢劫, 抢劫, 绑架",ky ielts
hike,haik,"n. 徒步旅行, 远足, 涨价, 提高\nvi. 步行, 徒步旅行, 上升\nvt. 使高涨, 拉起",cet6 ky toefl ielts gre
hilarious,hi'lєәriәs,"a. 喜不自禁的, 欢闹的, 引人发笑的",toefl ielts gre
hilarity,hi'læriti,"n. 欢喜, 高兴",toefl
hill,hil,"n. 小山, 丘陵, 小土堆\nvt. 作成土堆, 堆成小丘",zk gk
hillbilly,'hil.bili,"n. 乡下人, 乡巴佬；山地内部的贫农, 山地人",toefl
hillside,'hilsaid,"n. 山坡, 山腹",gk cet4 cet6
hilly,'hili,"a. 多丘陵的, 多山岗的, 险峻的",gk toefl
hilt,hilt,"n. 柄, 刀把",gre
him,him,pron. 他,zk gk
himself,him'self,"pron. 他自己, 他亲自",zk gk
hinder,'hindә,"a. 后面的\nv. 阻碍, 打扰",cet6 ky toefl ielts gre
hindrance,'hindrәns,"n. 妨害, 障碍, 阻碍物",cet6
hinge,hindʒ,"n. 铰链, 关键, 枢纽\nvt. 装铰链\nvi. 靠铰链移动, 依...而转移",cet6 ky toefl ielts gre
hint,hint,"n. 暗示, 提示\nv. 暗示, 示意",cet4 cet6 ky toefl ielts
hinterland,'hintәlænd,"n. 内地, 腹地, 偏僻地区\n[经] 腹地",toefl gre
hints,,"n. 暗示, 提示（hint的复数形式）",ielts
hip,hip,"n. 臀部, 蔷薇果, 忧郁\na. 熟悉内情的\nvt. 使忧郁, 给(屋顶)造屋脊\ninterj. 喝彩声",cet6 ky
hippopotamus,.hipә'pɒtәmәs,n. 河马,gre
hire,haiә,"n. 租金, 租用, 雇用\nvt. 雇请, 出租\nvi. 受雇",gk cet4 cet6 ky
hiring,'haiәriŋ,"[法] 租用, 雇用",ielts
hirsute,'hә:sju:t,"a. 多毛的, 有粗毛的\n[医] 多毛的",toefl gre
his,hiz,pron. 他的\n[化] 组氨酸,zk gk
Hispanic,his'pænik,a. 西班牙的,toefl
hiss,his,"n. 嘘声, 嘶嘶声\nvi. 发出嘘声, 发嘶嘶声\nvt. 发嘶嘶声表示",cet6 gre
histology,hi'stɒlәdʒi,n. 组织学\n[化] 组织学,gre
historian,hi'stɒ:riәn,"n. 历史学家, 记事者",cet6 ky ielts
historic,hi'stɒrik,"a. 历史上著名的, 有历史性的",cet6 ky ielts
historical,hi'stɒrikәl,"a. 历史的, 史实的, 历史上的\n[法] 历史性的",cet4 cet6 ky ielts
history,'histәri,"n. 历史, 过去, 经历, 发展过程, 历史学, 过去的事, 历史记录\n[计] 历史记录",zk gk cet4 cet6 ky ielts
histrionic,.histri'ɒnik,"a. 演员的, 演剧的, 矫揉造作的\nn. 演员, 演剧, 戏剧性",gre
hit,hit,"n. 打击, 打, 冲撞, 讽刺\nvt. 打, 打击, 碰撞, 打中, 袭击, 偶然碰上\nvi. 打, 打中, 打击, 碰撞, 偶然碰上\n[计] 击中; 找到; 瞬时打扰",zk gk cet4 cet6 ky ielts
hitchhike,'hitʃhaik,vi. 搭便车\nvt. 要求(搭便车),ielts
hitherto,.hiðә'tu:,"adv. 迄今, 至今",cet6 ky ielts gre
hits,,n. 击打；网页点击数；采样数（hit的复数）,ielts
hive,haiv,"n. 蜂房, 闹区, 蜜蜂群\nvi. 进入蜂房, 储藏蜜于蜂房, 如蜂般群居\nvt. 使进蜂房, 储备\n[计] 蜂巢",gk toefl gre
hoard,hɒ:d,"n. 贮藏物, 密藏的金钱\nv. 囤积, 贮藏",gre
hoarse,hɒ:s,"a. 沙哑的, 嘶哑的\n[医] 声嘶的",cet6 toefl gre
hoary,'hɒ:ri,"a. 灰白的, 陈旧的\n[医] 灰发的, 白发的",gre
hoax,hәuks,"vt. 欺骗, 哄骗, 愚弄\nn. 愚弄人, 恶作剧",toefl gre
hobbies,,n. 嗜好；兴趣爱好；燕隼；[英方]小马（hobby的复数）,ielts
hobble,'hɒbl,"vi. 蹒跚\nvt. 使跛行, 阻碍\nn. 跛行",gre
hobby,'hɒbi,"n. 嗜好, 癖好, 爱好",zk gk ielts
hodgepodge,'hɒdʒpɒdʒ,"n. 杂烩菜, 混杂物",gre
hoe,hәu,"n. 锄头\nv. 用锄耕地, 锄",cet6 toefl gre
hoist,hɒist,"n. 升高, 起重机, 推动\nv. 升起, 升高, 举起",cet6 ky toefl ielts gre
hold,hәuld,"n. 把握, 把持力, 柄, 控制, 掌握, 监禁\nvt. 保存, 握住, 拿住, 占据, 持有, 拥有\nvi. 支持, 持续, 有效\nn. 保留\n[计] 保留",zk gk ielts gre
holder,'hәuldә,"n. 持有人, 所有人, 支持物\n[化] 夹持器; 夹具; 贮罐",ky
hole,hәul,"n. 孔, 洞, 穴, 漏洞\nvt. 挖洞, 掘坑\nvi. 进洞, 凿洞",zk gk cet4 cet6 ky
holiday,'hɒlәdi,"n. 假日, 假期, 节日\nvi. 度假",zk gk ielts
hollow,'hɒlәu,"n. 洞, 窟窿, 山谷\na. 空的, 虚伪的, 空腹的, 凹的\nvi. 形成空洞\nvt. 挖空",cet4 cet6 ky toefl
holocaust,'hɔlәkɔ:st,"n. 大屠杀, 大火灾, 毁灭, 大规模烧杀",toefl ielts gre
holograph,'hɒlәugræf,n. 亲笔文件\na. 亲笔的,gre
holster,'hәulstә,n. 手枪皮套,gre
holy,'hәuli,"a. 神圣的, 圣洁的, 至善的\nn. 神圣的东西",gk cet4 cet6 ky
homage,'hɒmidʒ,"n. 尊崇, 尊敬, 效忠",toefl gre
home,hәum,"n. 家, 避难所, 故乡\na. 家庭的, 国内的, 打中目标的\nadv. 在家, 在本国, 打中目标地\n[计] 返回始位",zk gk
homeland,'hәumlænd,"n. 本国, 故国",gk
homely,'hәumli,"a. 家常的, 平凡的, 朴实无华的",cet6 gre
homemade,'hәum'meid,"a. 自制的, 国产的",toefl
homeostasis,",hәumiәu'steisis","n. 体内平衡, 内环境稳定\n[计] 动态静止; 动态平衡",gre
homesick,'hәumsik,"a. 思家的, 思乡病的",toefl
homespun,'hәjmspʌn,"a. 家里纺的, 家里做的, 简朴的, 不做作的, 平凡的, 朴素的, 朴实的, 粗陋的\nn. 土布",toefl
hometown,hәum'taun,"n. 故乡, 家乡",zk gk
homework,'hәumwә:k,"n. 家庭作业, 家里做的工作\n[经] 家庭作业",zk gk ielts
homicide,'hɒmisaid,"n. 杀人, 杀人者\n[医] 杀人, 杀人者",toefl
homiletics,.hɒmi'letiks,n. 说教术,gre
homily,'hɒmili,"n. 说教, 训诫",toefl gre
hominid,'hɒminid,n. 人科的动物,toefl
homogeneity,.hɒmәdʒe'ni:iti,"n. 同种, 同质, 齐性\n[医] 同种性, 纯一性, 同质性, 均匀性",gre
homogeneous,.hәumә'dʒi:niәs,"a. 同种的, 同质的, 齐性的\n[医] 同种的, 纯一的, 同质的, 均匀的",cet6 ky toefl ielts gre
homogenize,hɒ'mɒdʒәnaiz,vi. 变均匀\nvt. 使均匀,toefl gre
homograph,'hɒmәugræf,n. 同形异义字,gre
hone,hәun,"n. 磨刀石, 抱怨, 想念\nvt. 用磨刀石磨, 磨练",gre
honest,'ɒnist,"a. 诚实的, 坦直的, 可靠的",zk gk cet4 ky
honesty,'ɒnisti,"n. 诚实, 公正, 正直",cet4 cet6
honey,'hʌni,"n. 蜂蜜, 甜蜜, 爱人\na. 蜂蜜似的, 甜蜜的, 甘美的\nvt. 加蜜使甜, 对...说甜言蜜语\nvi. 说甜言蜜语, 奉承",gk cet4 ky
honeymoon,'hʌnimu:n,"n. 蜜月, 蜜月假期\nvi. 渡蜜月",cet4 cet6
honor,'ɒnә,"n. 荣誉, 头衔, 信用, 尊敬, 名誉, 阁下, 勋章\nvt. 尊敬, 授予荣誉, 承兑, 实践",ky toefl
honorable,'ɒnәrәbl,"a. 值得尊敬的, 荣耀的, 高贵的",ky
honorarium,.ɒnә'rєәriәm,"n. 酬金, 谢礼\n[经] 酬金, 谢礼",gre
honour,'ɒnә,"n. 荣誉, 头衔, 信用, 尊敬, 名誉, 阁下, 勋章\nvt. 尊敬, 授予荣誉, 承兑, 实践",zk gk cet4 cet6
honourable,'ɒnәrәbl,"a. 值得尊敬的, 荣耀的, 高贵的\n[法] 荣誉的, 正直的, 体面的",cet4 cet6
hoodwink,'hudwiŋk,"vt. 遮眼, 蒙蔽, 欺骗",gre
hoof,hu:f,"n. 蹄, (人的)脚\nvt. 以蹄踢, 行走, 步行\nvi. 走, 踢, 踏",gre
hook,huk,"n. 钩, 钩状, 镰刀, 陷阱\nvt. 挂...于钩上, 钩住, 引上钩, 偷窃\nvi. 弯成钩状, 钩紧\n[计] 钩",gk cet4 cet6 ky toefl
hoop,hu:p,"n. 箍, 铁环, 呼呼声\nvt. 加箍于, 包围\nvi. 发呼呼声",gre
hooray,hu'rei,interj. 万岁\nn. 万岁\nv. 呼万岁,gk
hop,hɒp,"n. 单脚跳, 跳跃, 舞会, 飞行\nvi. 单脚跳, 跳跃\nvt. 跃过, 跳上, 加蛇麻子于, 服麻醉药\n[计] 跳跃式传输",cet6 ky ielts
hope,hәup,"n. 希望, 信心, 期待\nv. 希望, 期望, 信赖",zk gk
hopeful,'hәupful,"n. 有希望之人, 有前途之人\na. 有希望的, 怀抱希望的, 保持乐观的",gk cet4 cet6 ky
hopeless,'hәuplis,"a. 无希望的, 绝望的, 不可救药的",gk cet4 cet6
horde,hɒ:d,"n. (一)群, 游牧部落, 移动群\nvi. 成群结队",toefl
horizon,hә'raizәn,"n. 地平线, 眼界, (天)视地平",cet4 cet6 ky toefl ielts
horizontal,.hɒri'zɒntәl,"n. 水平线, 水平面, 水平位置\na. 水平线的, 平坦的, 横的\nn. 水平\n[计] 水平",cet4 cet6 ky toefl gre
hormone,'hɒ:mәun,n. 荷尔蒙\n[化] 激素(旧称荷尔蒙),toefl gre
horn,hɒ:n,"n. 角, 角质, 喇叭, 号角\na. 角制的\nvt. 用角触, 长角于",cet4 cet6 ky toefl gre
hornbill,'hɒ:nbil,n. 犀鸟,toefl
horned,hɒ:nd,"a. 有角的, 角状的",toefl
hornet,'hɒ:nit,n. 大黄蜂,toefl
horology,hɒ'rɒlәdʒi,"n. 测时法, 钟表制造术",gre
horrendous,hɒ'rendәs,"a. 可怕的, 骇人的, 不得了的",gre
horrible,'hɒrәbl,"a. 可怕的, 遭透的, 极讨厌的",gk cet4 cet6 ky ielts
horrific,hɒ'rifik,"a. 令人毛骨悚然的, 感到恐惧的",gre
horror,'hɒrә,"n. 惊骇, 恐怖, 惨状\n[医] 恐怖, 恐惧",cet4 cet6 ky toefl
horse,hɒ:s,"n. 马, 骑兵, 脚架\nvi. 骑马, 取笑\nvt. 使骑马, 系马于",zk gk ielts
horsepower,'hɒ:spauә,n. 马力\n[电] 马力,cet4 cet6 ky toefl
horses,,n. 马；马匹（horse的复数形式）,ielts
hortative,'hɒ:tәtiv,"a. 劝告的, 奖励的",gre
horticulture,.hɒ:ti'kʌltʃә,n. 园艺,toefl ielts gre
hose,hәuz,"n. 水管, 橡皮软管, 长统袜\nvt. 用水管浇",cet6 ky ielts
hospitable,'hɒspitәbl,"a. 好客的, 招待周到的",toefl gre
hospital,'hɒspitәl,n. 医院\n[医] 医院,zk gk ielts
hospitality,.hɒspi'tæliti,"n. 款待, 亲切, 殷勤",cet6 ky ielts
host,hәust,"n. 主人, 旅馆老板, 节目主持人\nvt. 当主人招待, 作...节目主持人\n[计] 主机, 宿主机",gk cet4 cet6 ky ielts
hostage,'hɒstidʒ,"n. 人质, 抵押品\n[经] 人质, 抵押品",cet6 ky ielts
hostess,'hәustis,"n. 女主人, 女房东, 女老板",gk cet4 cet6 ky
hostile,'hɒstail,"a. 敌人的, 怀敌意的, 敌对的\nn. 敌对分子",cet4 cet6 ky toefl ielts gre
hostility,hɒs'tiliti,"n. 敌意, 敌对, 反对",toefl gre
hot,hɒt,"a. 热的, 热心的, 辣的, 热情的, 激动的, 猛烈的, 紧迫的\nadv. 热, 紧迫地",zk gk
hotdog,,v. 卖弄,zk
hotel,hәu'tel,"n. 旅馆, 客栈",zk gk ielts
hound,haund,"n. 猎犬\nvt. 带猎犬狩猎, 追捕, 激励, 使追逐",cet6 ky ielts
hour,auә,"n. 小时, 钟头, 时间, ...点钟, 课时",zk gk
house,haus,"n. 房子, 住宅, 机构, 议院, 家族, 家庭\nvt. 给...房子住, 收藏\nvi. 住, 躲藏",zk gk toefl ielts
household,'haushәuld,"n. 一家人, 家庭, 家族, 王室\na. 家庭的, 家常的, 王室的",cet4 cet6 ky toefl
households,'haʊshəʊldz,"n. 同住在一所房子里的人, 一家人, 户( household的名词复数 )",ielts
housekeeping,'hauski:piŋ,"n. 家事, 家政, 持家\n[计] 内务处理",ielts
housewife,'hauswaif,"n. 主妇, 家庭妇女",gk cet4 cet6 ky
housework,'hauswә:k,"n. 家事, 家务",zk gk ky
housing,'hausiŋ,"n. 遮盖, 住房供给, 居留(处), 房屋, 装饰\n[化] 外壳",ky ielts
hovel,'hʌvәl,"n. 简陋小屋, 杂物间, 家畜小屋",gre
hover,'hʌvә,"vi. 盘旋, 翱翔, 徘徊\nvt. 孵\nn. 翱翔",cet6 ky toefl ielts gre
hovercraft,'hʌvәkræft,n. 气垫船,toefl
how,hau,"adv. 如何, 怎样, 多少, 多么\nn. 方式",zk gk
however,hau'evә,"adv. 然而, 无论如何, 究竟怎样\nconj. 然而, 可是",zk gk cet4 ky
howl,haul,"n. 嗥叫, 吠声, 号叫\nvi. 狂吠, 咆哮, 呼啸\nvt. 对...吼叫, 狂喊着说",gk cet6 ky toefl ielts
howler,'haulә,"n. 咆哮者, 号哭的人\n[电] 啸鸣电路",gre
hub,hʌb,"n. 毂, 木片, 中心\n[计] 插座; 插孔; 集线器, 集中器, 连接器, 中继站",toefl gre
hubbub,'hʌbʌb,"n. 吵闹声, 叫嚷声, 混乱",toefl ielts gre
hubris,'hju:bris,"n. 傲慢, 狂妄野心",gre
huckster,'hʌkstә,"n. 小商人, 叫卖的小贩, 吃广告饭的人\nvt. 贩卖, 叫卖, 还价\nvi. 叫卖, 讨价还价",gre
huddle,'hʌdl,"n. 杂乱一团, 混乱, 拥挤\nvt. 把...挤在一起, 乱堆, 草率了事, 蜷曲\nvi. 挤作一团, 蜷缩",cet6 ky toefl ielts gre
hue,hju:,"n. 样子, 色度, 色彩, 叫声, 色调\n[计] 色调",toefl gre
hug,hʌg,"n. 紧抱, 拥抱\nvt. 紧抱, 坚持, 使沾沾自喜",gk cet6 ky ielts
huge,hju:dʒ,"a. 极大的, 巨大的, 无限的",zk gk cet4 ky
hulk,hʌlk,"n. 船体, 笨重的船, 废然大物",gre
hull,hʌl,"n. 壳, 皮, 船体\nvt. 去壳",cet6 gre
hum,hʌm,"n. 嗡嗡声, 哼声, 杂声\nvi. 发低哼声\nvt. 哼, 用哼声表示\ninterj. 哼, 嗯",cet6 ky ielts
human,'hju:mәn,"n. 人, 人类\na. 人类的, 似人类的, 人性的, 有同情心的",zk gk cet4 ky toefl ielts
humane,hju:'mein,"a. 有人情的, 人道的, 仁慈的",toefl gre
humanist,'hju:mәnist,"n. 人道主义者, 人文学者",toefl
humanistic,.hju:mә'nistik,"a. 人本主义的, 人道主义的\n[法] 人道主义的, 人文主义的, 人本主义的",toefl
humanitarian,hju:.mæni'tєәriәn,"n. 人道主义者, 博爱者, 基督凡人论者\na. 人道主义的, 博爱的, 凡人论的",cet6 toefl
humanity,hju:'mæniti,"n. 人性, 人类, 博爱",cet6 ky toefl ielts
humans,,n. 人类（human的复数形式）,ielts
humble,'hʌmbl,"a. 低下的, 谦逊的, 粗陋的\nvt. 使...卑下, 降低...地位, 贬抑",cet4 cet6 ky toefl ielts gre
humdrum,'hʌmdrʌm,"a. 平凡的, 单调的, 令人厌烦的\nn. 平凡, 单调, 无聊\nvi. 单调令味地进行",ielts gre
humid,'hju:mid,"a. 潮湿的, 湿润的, 多湿气的",cet4 cet6 ky toefl gre
humidity,hju:'miditi,"n. 湿气, 潮湿, 湿度\n[计] 湿度",cet6 ky toefl ielts gre
humiliate,hju:'milieit,"vt. 使丢脸, 使蒙羞, 屈辱",ky toefl ielts gre
humiliation,hju:.mili'eiʃәn,"n. 耻辱, 丢脸, 谦卑",cet6
humility,hju:'militi,"n. 谦逊, 谦虚, 谦卑",toefl gre
hummingbird,'hʌmiŋb\\\\:d,n. 蜂鸟,toefl
humor,'hju:mә,"n. 幽默, 诙谐, 心情\nvt. 迎合, 牵就, 顺应",cet4 ky gre
humorous,'hju:mәrәs,"a. 富幽默感的, 滑稽的, 诙谐的",zk gk cet4 cet6 ky toefl
humour,'hju:mә,"n. 幽默, 诙谐, 情绪, 体液\nvt. 使满足, 迁就",gk cet4 cet6
hump,hʌmp,"n. 驼背, 圆形隆起物, 鸵峰\nvi. 隆起, 急速行进, 努力\nvt. 使弓起, 使烦恼, 使努力干",toefl
hunch,hʌntʃ,"n. 肉峰, 预感, 大块\nvt. 弯腰驼背, 预感到, 耸肩\nvi. 向前移动, 隆起",gre
hundred,'hʌndrәd,"n. 百, 百个东西\nnum. 百, 百个\na. 一百的, 许多的",zk gk
hunger,'hʌŋgә,"n. 饥饿, 渴望, 饥荒\nvt. 使挨饿\nvi. 挨饿, 渴望",gk cet4 cet6 ky toefl
hungry,'hʌŋgi,"a. 饥饿的, 荒年的, 渴望的, 不毛的\n[化] 欠鞣皮",zk gk
hunk,hʌŋk,"n. 大块\na. 行的, 好的",gre
hunt,hʌnt,"n. 狩猎, 追捕, 搜寻, 猎区\nvt. 狩猎, 打猎, 搜索\nvi. 打猎, 猎食, 搜寻",gk cet4 cet6 ky ielts
hunter,'hʌntә,"n. 猎人, 猎犬, 追求者",gk
hunting,'hʌntiŋ,"n. 狩猎, 猎狐, 探求\n[计] 寻找平衡; 寻找",ielts
hurdle,'hә:dl,"n. 障碍, 跳栏, 临时活动篱笆\nvt. 用篱笆围, 越过, 克服",toefl gre
hurl,hә:l,"n. 用力的投掷\nvt. 用力投掷, 发射, 愤慨地说出, 丢下\nvi. 猛投, 猛掷",cet6 ky toefl ielts gre
hurrah,hu'rɑ:,"n. 欢呼声, 骚动, 欢乐\nv. 欢呼, 呼万岁, 以欢呼迎接\ninterj. 万岁",cet6
hurricane,'hә:rikәn,"n. 飓风, 暴风, 暴风雨",gk cet6 ky toefl ielts gre
hurry,'hʌri,"n. 匆忙, 急忙, 急促\nvt. 急派, 催促\nvi. 匆忙, 赶快",zk gk
hurt,hә:t,"n. 伤害, 创伤, 损害\nv. 伤害, (使)伤心, 危害, 刺痛",zk gk cet4 cet6 ky
husband,'hʌzbәnd,"n. 丈夫, 管理人, 节俭的人\nvt. 节俭, 使成丈夫, 持有",zk gk gre
husbandry,'hʌzbәndri,"n. 农事, 饲养业, 家政",toefl gre
hush,hʌʃ,"n. 肃静, 安静, 沉默\nvt. (使)肃静, (使)安静, (使)缄默\ninterj. 嘘, 别作声",cet6 gre
husk,hʌsk,"n. 外壳, 皮, 无价值之物\nvt. 剥...的壳, 削皮",toefl gre
husky,'hʌski,"n. 强壮结实之人, 爱斯基摩人\na. 有壳的, 声音沙哑的, 强壮的",gre
hustle,'hʌsl,"n. 心碌, 挤, 推, 拥挤喧嚷\nvt. 催促, 乱挤活动, 硬逼, 强夺\nvi. 赶紧, 硬挤过去",toefl
hut,hʌt,"n. 小屋, 茅舍, 临时军营\nv. (使)住在茅舍",cet4 cet6 ky gre
hybrid,'haibrid,"n. 混血儿, 杂种, 混合物\na. 混合的, 杂种的, 混合语的\n[计] NetWare的主机实用程序, 双重用户建立程序",toefl gre
hydrant,'haidrәnt,"n. 给水栓, 水龙头, 消火栓",gre
hydrate,'haidreit,"n. 水合物, 水化合物, 氢氧化物\nvt. 使成水化合物",gre
hydraulic,hai'drɒ:lik,"a. 与水有关的, 水力的, 水压的\n[电] 水力的",cet6
hydrocarbon,.haidrәu'kɑ:bәn,n. 碳氢化合物\n[化] 烃; 碳氢化合物,cet6
hydrogen,'haidrәdʒәn,n. 氢\n[化] 氢H-2,gk cet4 cet6 ky toefl ielts
hydrosphere,'haidrәsfiә,"n. 水圈, 水界, 水气",toefl
hygiene,'haidʒi:n,"n. 卫生保健, 卫生学, 保健法\n[医] 卫生, 卫生学",toefl ielts gre
hymn,him,"n. 赞美诗, 圣歌\nv. 唱赞美歌",cet6 gre
hyperactivity,,"n. 活动过多, 机能亢进, 机能过敏\n[医] 活动过强, 机能亢进",gre
hyperbole,hai'pә:bәli,n. 夸张法,gre
hypersensitive,.haipә'sensitiv,"a. 过敏的, 高灵敏度的\n[医] 过敏的",toefl
hypertension,.haipә'tenʃәn,"n. 高血压, 过度紧张\n[医] 高血压, 血压过高, 张力过强, 压力过高",gre
hyphen,'haifәn,n. 连字符\nvt. 用连字符连接,gre
hypnotic,hip'nɒtik,"a. 催眠的, 在受催眠状态中, 易于催眠的\nn. 催眠药, 安眠药, 催眠状态的人",gre
hypocrisy,hi'pɒkrәsi,"n. 伪善\n[法] 伪善, 虚伪",ky
hypocrite,'hipәkrit,"n. 伪君子, 伪善者",gre
hypocritical,.hipә'kritikl,"a. 伪善的, 伪善者的",gre
hypodermic,.haipә'dә:mik,"a. 皮下的, 真皮的\nn. 皮下注射, 皮下注射器",gre
hypotenuse,hai'pɒtnju:s,n. (直角三角形之)斜边,gre
hypotheses,,"pl. 假说, 前提, 假设, 假定",cet6
hypothesis,hai'pɒθәsis,n. 假设\n[化] 假设,cet6 ky toefl ielts gre
hypothesize,hai'pɔθisaiz,"vt. 假设, 假定",toefl
hypothetical,",haipәu'θetikәl","a. 假设的, 有待证实的, 假定的, 有前提的\n[计] 理想的",gre
hysteria,his'tiәriә,"n. 歇斯底里症, 不正常的兴奋, 癔病\n[医] 癔病, 歇斯底里",cet6 gre
hysterical,his'terikәl,"a. 歇斯底里的, 异常兴奋的\n[医] 癔病的, 歇斯底里的",cet6 ky ielts
I,ai,"pron. 我\n[计] 电流, 中断, 指令, 指示符",zk gk
i.e.,'ai'i:,adv. 也就是,cet4 cet6
ice,ais,"n. 冰, 冰淇淋, 糖衣, 冷若冰霜, 矜持, 贿赂\nvt. 使结冰, 冰镇, 覆以糖衣\nvi. 结冰",zk gk ielts
ice cream,,冰淇淋\n[化] 冰淇淋,zk
ice-cream,'aiskri:m,"a. 冰淇淋的, 乳白色的",cet4
iceberg,'aisbә:g,"n. 冰山, 冷冰冰的人",toefl
Iceland,'aislәnd,n. 冰岛,gk
ichthyosaur,'ikθiәsɒ:,n. 鱼龙,toefl
icicle,'aisikl,"n. 垂冰, 冰柱, 冷冰冰的人",toefl gre
icing,'aisiŋ,"n. 糖衣, 结冰",gre
icon,'aikɒn,"n. 画像, 肖像, 偶像, 图标, 像标\n[计] 像标, 图标",toefl gre
iconoclast,ai'kɒnәklæst,"n. 反对偶象崇拜者, 提倡打破旧习的人",gre
iconoclastic,ai.kɒnәu'klæstik,"a. 反对偶象崇拜的, 打破旧习的",gre
iconographic,ai.kɔnә'ɡræfik,a. 图像材料的；肖像学的；肖像的；图示法的象征,toefl
icy,'aisi,"a. 冰的, 冰冷的, 冷淡的, 滑溜的",cet6
idea,ai'diә,"n. 主意, 办法, 理想, 思想, 概念, 意见\n[医] 观念, 思想",zk gk ielts
ideal,ai'diәl,"n. 理想, 典范, 观念, 思想, 最后目标\na. 理想的, 完美的, 空想的, 观念的, 唯心论的",cet4 cet6 ky toefl ielts
idealism,ai'diәlizm,"n. 唯心主义, 观念论, 唯心论, 理想主义",cet6
ideally,ai'diәli,"adv. 完美地, 理想地",cet6
ideas,,abbr. 工业设计优秀奖,ielts
identical,ai'dentikәl,"a. 同一的, 恒等的, 完全相同的\n[医] 同一的, 同等的",cet4 cet6 ky toefl ielts
identifiable,ai'dentifaiәbl,"a. 可辨认的\n[法] 可证明为同一的, 可以办清的",toefl
identification,ai.dentifi'keiʃәn,"n. 识别, 身份证明, 认同\n[化] 鉴定; 鉴别; 鉴别法; 认证",gk cet4 cet6 ky toefl ielts
identify,ai'dentifai,"vt. 识别, 认为...等同于, 确定, 使参与\nvi. 一致, 认同",cet4 cet6 ky toefl ielts
identities,aiˈdentitiz,n. 身份( identity的名词复数 ); 同一性; 个性; 同一人,ielts
identity,ai'dentiti,"n. 身份, 相同, 一致, 特性, 恒等式\n[计] (打)标记, 标识",gk cet4 ky toefl ielts
ideological,.aidiә'lɒdʒikәl,"a. 意识形态的, 空想的\n[法] 思想的, 思想上的, 意识形态的",toefl
ideology,.aidi'ɒlәdʒi,"n. 思想体系, 意识形态, 观念学, 空论\n[医] 观念学, 观念形态",cet6 ky toefl ielts gre
idiocy,'idiәsi,"n. 白痴, 极端愚蠢\n[医] 白痴",toefl
idiom,'idiәm,"n. 习语, 成语, 惯用语法, 方言",gk cet4 cet6 ky toefl ielts gre
idiomatic,.idiә'mætik,"a. 符合语言习惯的, 惯用的, 有许多习语的",toefl
idiosyncrasy,.idiә'siŋkrәsi,"n. 气质, 特性, 风格\n[化] 特异反应; 特异性体质",toefl
idiot,'idiәt,"n. 白痴, 极蠢之人\n[医] 白痴者, 痴子",cet6 ky toefl ielts
idiotic,.idi'ɒtik,"a. 白痴的, 愚蠢的, 呆头呆脑的",toefl
idle,'aidl,"a. 懒惰的, 闲散的, 停顿的, 空闲的, 无用的\nvi. 无所事事, 闲散, 浪费, 空转\nvt. 虚度, 使闲散, 使空转\nn. 空转, 空闲时间\n[计] 空闲时间",cet4 cet6 ky ielts gre
idleness,'aidlnis,"n. 懒惰, 闲散, 失业\n[化] 空载",cet6
idol,'aidәl,"n. 偶像, 崇拜物, 宠儿, 幻象, 谬论",toefl gre
idolater,ai'dɒlәtә,"n. 偶像崇拜者, 崇拜者, 皈依者",gre
idolatrize,ai'dɔlәtraiz,vt. 把…奉为偶像；盲目崇拜,gre
idolize,'aidәlaiz,"vt. 把...当偶像崇拜, 极端崇拜, 醉心于\nvi. 崇拜偶像",gre
idyll,"'idil, 'aidil","n. 叙事诗, 田园景色, 田园诗, 田园乐曲, 牧歌",gre
idyllic,ai'dilik,"a. 田园诗的, 牧歌的, 悠闲的",toefl
if,if,"conj. 如果, 是否, 无论何时, 假设, 即使\nn. 条件\n[计] DOS批处理命令:根据所测试的条件决定是否执行另一条命令",zk gk
igneous,'igniәs,"a. 火的, 似火的, 火成的",toefl gre
ignite,ig'nait,"vt. 点燃, 使灼热, 使兴奋",cet6 ky toefl ielts gre
ignoble,ig'nәubl,"a. 卑贱的, 卑鄙的, 低级的",toefl gre
ignominious,.ignәu'miniәs,"a. 可耻的, 不名誉的, 下流的",toefl gre
ignominy,'ignәmini,"n. 耻辱, 无耻行为, 不体面\n[法] 无耻行为, 丑行, 耻辱",gre
ignorance,'ignәrәns,"n. 无知, 愚味\n[法] 无知, 不知情, 愚昧",cet6 ky toefl ielts
ignorant,'ignәrәnt,"a. 无知识的, 不知道的, 由无知产生的\n[法] 无知的, 愚昧的, 不知情的",cet4 cet6 ky toefl gre
ignore,ig'nɒ:,"vt. 不理睬, 忽视, 驳回, 忽略\n[计] 忽略",gk cet4 cet6 ky toefl
ill,il,"n. 疾病, 坏事, 罪恶, 灾难\na. 生病的, 邪恶的, 不吉利的, 敌意的, 不良的, 不顺利的\nadv. 有害地, 不幸地, 几乎不",zk gk
illegal,i'li:gәl,"a. 违法的, 不合规定的\n[经] 非法的, 犯规的",gk cet4 cet6 ky ielts gre
illegible,i'ledʒәbl,"a. 难辨认的, 字迹模糊的",toefl gre
illegitimate,.ili'dʒitimәt,"a. 不法的, 私生的, 不合规则的, 不合理的, 不符合习惯的\nn. 无合法身份的人\nvt. 宣告...为非法, 证明...为私生",toefl gre
illiberal,i'libәrәl,"a. 狭隘的, 无教养的, 吝啬的",gre
illicit,i'lisit,"a. 不法的, 不正当的, 禁止的\n[法] 违法的, 违禁的, 被禁止的",toefl gre
illiterate,i'litәrәt,"n. 文盲\na. 目不识丁的, 没受教育的",cet6 ky toefl ielts gre
illness,'ilnis,"n. 疾病, 恶意\n[医] 病",zk gk cet4 ky ielts
illuminate,i'lju:mineit,"vt. 照明, 用灯装饰, 阐明, 说明, 使灿烂\nvi. 照亮, 用灯装饰",cet6 ky toefl ielts gre
illuminati,i.lu:mi'nɑ:ti:,n. 先觉者,gre
illumination,i.lju:mi'neiʃәn,"n. 照明, 阐明, 启发\n[医] 照明, 映光",toefl
illusion,i'lju:ʒәn,"n. 幻影, 错觉, 幻想\n[医] 错觉",cet4 cet6 ky toefl ielts gre
illusive,i'lju:siv,"a. 幻影的, 错觉的, 迷惑人的",toefl gre
illusory,i'lju:sәri,"a. 产生幻觉的, 幻影的, 错觉的\n[法] 因错觉产生的, 虚幻的",gre
illustrate,'ilәstreit,"vt. 举例说明, 作图解, 阐明\nvi. 举例说明",cet4 cet6 ky toefl ielts gre
illustration,.ilә'streiʃәn,"n. 例证, 插图\n[化] 插图",cet4 cet6 ky toefl
illustrious,i'lʌstriәs,"a. 著名的, 辉煌的, 明亮的",toefl gre
image,'imidʒ,"n. 影像, 肖像, 想象, 图像, 形象, 翻版\nvt. 作...的像, 反映, 想象, 象征\nn. 图像\n[计] 图象",cet4 cet6 ky toefl ielts
imagery,'imidʒәri,"n. 肖像, 比喻, 雕刻\n[化] 成像",toefl
imaginary,i'mædʒinәri,"a. 想像的, 虚构的, 假想的",cet4 cet6 ky toefl
imagination,i.mædʒi'neiʃәn,"n. 想像, 听觉, 想像力\n[医] 想像",cet4 cet6 ky
imaginative,i'mædʒinәtiv,"a. 想像的, 虚构的",cet6 ky toefl ielts
imagine,i'mædʒin,"vt. 想像, 设想, 猜测\nvi. 想像起来",zk gk cet4 cet6 ky toefl
imbalance,im'bælәns,"n. 不平衡, 不均衡\n[医] 不平衡, 失调",toefl
imbecile,'imbisi:l,"a. 低能的, 愚钝的, 虚弱的\nn. 低能者, 痴呆, 蠢人",gre
imbibe,im'baib,"vt. 饮, 吸取, 吸入\nvi. 喝, 吸收水分",toefl gre
imbroglio,im'brәuljәu,"n. 纷乱, 纠葛, 一团糟",gre
imbue,im'bju:,"vt. 使感染, 灌输, 使浸透",toefl gre
imitate,'imiteit,"vt. 模仿, 效法, 冒充, 仿造",cet4 cet6 ky toefl ielts
imitation,.imi'teiʃәn,"n. 模仿, 效法, 冒充, 赝品\n[医] 模仿, 仿制, 仿制品",cet6 ky toefl ielts gre
imitative,'imitәtiv,"a. 喜模仿的, 伪造的, 仿制的, 摹拟的",gre
immaculate,i'mækjulit,"a. 无污点的, 纯洁的, 无缺点的, 无辜的\n[医] 无斑点, 无瑕疵的, 洁净的",gre
immanent,'imәnәnt,"a. 内在的, 固有的",gre
immediate,i'mi:diәt,"a. 立即的, 直接的, 接近的\n[医] 直接的, 立即的",gk cet4 cet6 ky toefl
immediately,i'mi:diәtli,"adv. 直接地, 立刻, 立即",zk gk cet4 cet6 toefl
immemorial,.imi'mɒ:riәl,"a. 太古的, 远古的, 无法追忆的\n[法] 无法追溯的, 无法记忆的, 太古的",gre
immense,i'mens,"a. 极广大的, 无边的, 非常好的",cet4 cet6 ky toefl ielts gre
immensity,i'mensiti,"n. 广大, 无边, 巨物",gre
immerse,i'mә:s,"vt. 沉浸, 使陷入\n[医] 浸[入]",cet6 ky toefl ielts gre
immigrant,'imigrәnt,"n. 移民\na. 移入的, 移民的",cet4 cet6 ky toefl ielts
immigrate,'imigreit,vt. 使移居入境\nvi. 移入,cet4 cet6 toefl
immigration,.imi'greiʃәn,"n. 移民, 移居\n[医] 移民",gk cet6 toefl
imminent,'iminәnt,"a. 即将来临的, 逼近的",toefl ielts gre
immobile,i'mәubail,"a. 不动的, 不变的, 固定的, 静止的",toefl
immobility,.imәu'biliti,"n. 不动性, 不动, 固定\n[医] 不动[性]",toefl
immobilize,i'mәubilaiz,"vt. 使不动, 使固定, 使不能移动\n[医] 制动, 固定",toefl
immodesty,i'mɔdisti,无礼,toefl
immolate,'imәuleit,"vt. 为供神而宰杀, 牺牲, 杀死",toefl gre
immortal,i'mɒ:tәl,"n. 不朽人物, 神仙\na. 永远的, 不死的, 长久的",cet6 toefl gre
immune,i'mju:n,"a. 免疫的, 免除的, 不受影响的\nn. 免疫者",cet6 ky toefl ielts gre
immunity,i'mju:niti,"n. 免疫, 免疫性, 免除\n[化] 免疫性",cet6 toefl gre
immunize,'imju:naiz,"vt. 使免疫, 赋予免疫性",gre
immure,i'mjuә,"vt. 监禁, 禁闭",gre
imp,imp,"n. 顽童\nvt. 加强, 给...装上翅膀\n[计] 图象处理程序, 接口信息处理器",gre
impact,'impækt,"n. 冲击, 冲突, 影响, 效果\nvt. 挤入, 撞击, 压紧, 对...发生影响",cet4 cet6 ky toefl ielts gre
impair,im'pєә,"vt. 损害, 减少, 削弱\n[法] 损害, 伤害, 减少",cet6 ky toefl ielts gre
impale,im'peil,"vt. 刺穿, 使绝望, 钉住",toefl gre
impalpable,im'pælpәbl,"a. 不可触知的, 不能感知的, 难以理解的\n[医] 不可接触的, 极细微的",gre
impart,im'pɑ:t,"vt. 给予, 传授, 告知",cet6 ky toefl ielts gre
impartial,im'pɑ:ʃәl,"a. 公平的, 不偏不倚的\n[法] 公正无私的, 不偏袒的, 公平的",cet6 ky toefl gre
impartially,ˌɪmˌpɑ:ʃəlɪ,"adv. 公平地, 无私地; 秉公",toefl
impasse,'impɑ:s,"n. 难局, 僵局, 死路, 死胡同",gre
impassible,im'pæsibl,"a. 不觉痛苦的, 不受伤害的, 无感觉的, 无感情的",toefl
impassioned,im'pæʃәnd,"a. 充满激情的, 狂热的, 热烈的",toefl gre
impassive,im'pæsiv,"a. 无感情的, 冷淡的, 无感觉的, 不能伤害的",toefl gre
impatient,im'peiʃәnt,"a. 不耐烦的, 着急的, 急切的",cet4 cet6 ky toefl
impeach,im'pi:tʃ,"vt. 控告, 怀疑, 检举, 弹劾\n[法] 控告, 检举, 弹劾",toefl gre
impeccable,im'pekәbl,"a. 无懈可击的, 勿容置疑的, 无瑕疵的, 不会做坏事的",toefl gre
impecunious,.impi'kju:njәs,"a. 没有钱的, 身无分文的, 贫穷的",gre
impede,im'pi:d,"vt. 妨碍, 阻碍, 阻止",toefl ielts gre
impediment,im'pedimәnt,"n. 妨碍, 障碍, 阻止, 口吃\n[经] 对履行义务的阻碍",toefl gre
impel,im'pel,"vt. 推动, 激励, 驱使, 迫使",toefl gre
impend,im'pend,"vi. 迫近, 威胁, 悬挂",gre
impending,im'pendiŋ,"a. 即将发生的, 迫切的, 悬空的\n[法] 就要来的, 逼在眼前的, 紧急的",toefl gre
impenetrable,im'penitrәbl,"a. 不能通过的, 不可理喻的, 费解的, 顽固的",gre
impenitent,im'penitәnt,"a. 不知悔改的, 顽固的\nn. 不知悔改的人, 顽固的人",gre
imperative,im'perәtiv,"n. 命令, 必要的事, 规则, 祈使语气\na. 命令式的, 急需的, 势在必行的, 强制的",cet6 ky toefl ielts gre
imperial,im'piәriәl,"a. 帝王的, 宗主国的, 至尊的, 壮丽的\nn. 特等品",cet6 ky ielts gre
imperil,im'peril,"vt. 使处于危险, 危害",gre
imperious,im'piәriәs,"a. 专横的, 傲慢的, 迫切的\n[医] 强制的, 不随意的",gre
impermanent,im'pә:mәnәnt,"a. 暂时的, 非永久的",gre
impermeability,im.pә:miә'biliti,"n. 不渗透性, 不透过性\n[医] 不[渗]透性",gre
impermeable,im'pә:miәbl,"a. 不能渗透的, 不能通过的\n[医] 不[渗]透性",toefl gre
impersonal,im'pә:sәnәl,"a. 客观的, 和个人无关的, 没有人情味的, 非人称的\nn. 非人称动词(或代词)",toefl
impersonate,im'pә:sәneit,"vt. 模仿, 扮演, 体现, 使人格化\n[法] 体现, 模仿, 拟人",toefl gre
impersonation,im.pә:sә'neiʃәn,"n. 扮演, 装扮, 模仿\n[计] 模仿",toefl
impertinence,im'pә:tinәns,"n. 不切题, 鲁莽, 无礼, 不恰当\n[法] 不切题, 不对题, 不适合",gre
impertinent,im'pә:tinәnt,"a. 不切题的, 鲁莽的, 无礼的, 粗鲁的, 不恰当的",toefl
imperturbable,.impә'tә:bәbl,"a. 沉着的, 泰然自若的, 镇静的",gre
impervious,im'pә:viәs,"a. 透不过的, 不易损坏的, 无动于衷的, 不受影响的\n[医] 不能透过的",toefl gre
impetuous,im'petʃuәs,"a. 冲动的, 猛烈的, 轻率的, 狂暴的",toefl gre
impetus,'impitәs,"n. 动力, 推动力, 动量\n[医] 冲动, 动能, 起始(病)",cet6 ky toefl ielts gre
impinge,im'pindʒ,"vi. 撞击, 起作用, 侵犯\nvt. 撞击",gre
impious,'impiәs,"a. 无信仰的, 不敬神的, 不虔诚的, 不孝的",toefl
implant,im'plɑ:nt,"vt. 深植, 灌输, 嵌入\nn. 植入物, 植入管",gre
implausible,im'plɒ:zәbl,"a. 难以置信的, 不象真实的",gre
implement,'implimәnt,"n. 工具, 器具, 手段\nvt. 实现, 使生效, 执行",cet4 cet6 ky toefl ielts gre
implicate,'implikeit,"vt. 涉及, 含意, 暗示, 牵连\nn. 包含的东西",toefl gre
implication,.impli'keiʃәn,"n. 牵连, 含义, 暗示\n[法] 推断, 含蓄之意, 暗示",cet4 cet6 ky toefl gre
implicit,im'plisit,"a. 暗示的, 含蓄的, 固有的, 绝对的\n[经] 不讲明的, 含蓄的",cet6 ky toefl ielts gre
implode,im'plәud,"vi. 内爆, 向内破裂, 爆裂\n[电] 内裂",gre
implore,im'plɒ:,"vt. 恳求, 哀求",cet6 gre
imply,im'plai,"vt. 暗示, 意味\n[计] 隐含",cet4 cet6 ky toefl
impolitic,im'pɒlitik,"a. 失策的, 不得当的",gre
imponderable,im'pɒndәrәbl,"a. 无重量的, 无法计算的, 不可估价的\nn. 无法衡量的事物",gre
import,im'pɒ:t,"n. 进口货, 进口, 输入, 含义, 重要性\nvt. 输入, 引入, 进口, 含...的意思, 重要\nvi. 有关系\n[计] 引入",gk cet4 cet6 ky toefl gre
importance,im'pɒ:tәns,"n. 重要, 重要性, 重要地位, 自大\n[机] 重要, 重要性",gk cet4 cet6 ky
important,im'pɒ:tәnt,"a. 重要的, 有地位的, 大量的, 显要的, 自负的\n[计] 要点",zk gk ielts
imports,,n. 进口商品；进口总额（import的复数）,ielts
importune,.impɒ:'tju:n,"vt. 强求, 硬要\nvi. 强求, 纠缠",toefl gre
impose,im'pәuz,"vt. 征(税), 把...强加于, 以...欺骗\nvi. 利用, 欺骗, 施加影响",cet4 cet6 ky toefl ielts gre
imposing,im'pәuziŋ,"a. 令人难忘的, 壮丽的, 威风的",toefl ielts gre
impossible,im'pɒsәbl,"a. 不可能的, 难以置信的, 令人无法忍受的",zk gk cet4 cet6 ky ielts
impostor,im'pɒstә,"n. 冒名顶替者, 骗子, 冒牌",gre
imposture,im'pɒstʃә,"n. 欺诈, 冒牌",gre
impotence,'impәtәns,"n. 无力, 虚弱, 无效, 阳萎\n[医] 阳萎, 无能力",toefl
impoverish,im'pɒvәriʃ,"vt. 使贫穷, 耗尽...的力气",cet6 gre
impracticality,"im,prækti'kæliti","n. 不切实际, 办不到",toefl
imprecate,'imprikeit,"vt. 祈求, 诅咒",toefl
imprecation,.impri'keiʃәn,"n. 祈求, 诅咒",gre
imprecise,.impri'saiz,"a. 不严密的, 不精确的, 不明确的",gre
impregnable,im'pregnәbl,"a. 无法攻取的, 坚强不屈的, 驳不倒的",gre
impresario,.impri'sɑ:riәu,"n. 演出者, 主持人",gre
impress,im'pres,"n. 印象, 特征, 印记\nvt. 使有印象, 印, 铭刻, 传送, 影响, 强征\nvi. 给人印象",gk cet4 cet6 ky
impressed,,a. 外加的；印象深刻的；了不起的；受感动的,gre
impression,im'preʃәn,"n. 印象, 意念, 盖印, 印记, 印数, 底色, 效果\n[医] 压迹, 印模, 印象, 影响",gk cet4 cet6 ky gre
impressionable,im'preʃәnәbl,"a. 易感的, 敏感的, 可塑的",gre
impressive,im'presiv,"a. 给人深刻印象的, 威严的",cet4 cet6 ky toefl ielts
imprint,im'print,"vt. 印, 铭刻\nn. 印, 印记, 特征, 痕迹, 版本说明",toefl gre
imprison,im'prizn,"vt. 使下狱, 关闭, 拘禁, 限制\n[法] 关押, 监禁, 限制",cet4 cet6
imprisonment,im'priznmәnt,"n. 监禁, 下狱, 坐牢\n[法] 监禁, 徒刑, 拘禁",toefl
improbable,im'prɒbәbl,"a. 不大可能的, 不象发生的, 荒谬可笑的\n[法] 未必会的, 不大可能发生的, 未必确实的",toefl
impromptu,im'prɒmptju:,"n. 即席演出, 即兴曲\na. 即席的\nadv. 即席",toefl ielts gre
improper,im'prɒpә,"a. 不合适的, 错误的, 不成体统的, 不道德的\n[法] 不适当的, 不合适的, 不正确的",cet6
impropriety,.imprә'praiәti,"n. 不适当, 不得体, 不正当行为, 用词不当",toefl
improve,im'pru:v,"vt. 改良, 提高...的价值, 改善, 利用\nvi. 变得更好, 增加",zk gk cet4 cet6 ky
improvement,im'pru:vmәnt,"n. 进步, 改善, 利用\n[医] 改善, 好转, 进步",cet4 cet6 ky ielts
improvident,im'prɒvidәnt,"a. 无远见的, 浪费的",toefl gre
improvise,'imprәvaiz,"vt. 即席创作, 临时做",toefl ielts gre
improvised,'imprәvaizd,a. 临时准备的；即兴的,gre
improviser,'imprәvaizә,n. 即兴创作者,toefl
imprudent,im'pru:dәnt,"a. 轻率的, 鲁莽的",toefl gre
impudent,'impjudәnt,"a. 鲁莽的, 卑鄙的, 厚颜无耻的",toefl gre
impugn,im'pju:n,"vt. 责难, 抨击, 攻击\n[法] 驳斥, 指责, 非难",gre
impuissance,im'pju(:)isns,"n. 无力, 虚弱, 无能",gre
impulse,'impʌls,"n. 冲动, 驱使, 刺激, 推动, 冲力, 建议, 脉冲\nvt. 推动",cet6 ky toefl ielts gre
impulsive,im'pʌlsiv,"a. 冲动的, 受感情驱使的, 任性的\n[医] 冲动的",toefl gre
impunity,im'pju:niti,"n. 不受惩罚, 无事, 无患\n[法] 不受刑罚, 免罚, 免罪",toefl gre
impure,im'pjuә,"a. 不纯的, 肮脏的, 掺杂的, 混合的\n[医] 不纯的",toefl
impurity,im'pjuәriti,"n. 杂质, 不洁, 不纯\n[化] 杂质",cet6 toefl
imputation,.impju:'teiʃәn,"n. 归罪, 非难\n[法] 归属, 归罪, 转嫁",gre
impute,im'pju:t,"vt. 归罪, 使负责, 嫁祸于",toefl gre
in,in,"prep. 在...期间, 在...之内, 处于...之中, 从事于, 按照, 穿着\nadv. 进入, 朝里, 在里面, 在屋里\na. 在里面的, 在朝的\nn. 执政者, 交情",zk gk ielts
in spite of,,不管,toefl
inability,.inә'biliti,"n. 无能, 无力",toefl ielts
inaccessible,.inæk'sesәbl,"a. 难得到的, 难接近的, 难达成的",cet6 ky toefl
inaccurate,in'ækjurit,"a. 错误的, 不准确的\n[化] 不精确",cet6 ielts
inactivate,in'æktiveit,"vt. 使不活动, 撤销, 使失去活性, 灭活\n[医] 灭活, 使不活动",toefl
inadequate,in'ædikwәt,"a. 不充分的, 不适当的\n[法] 不充分的, 不适当的",cet6 toefl ielts
inadvertence,",inәd'v\\\\:tәns","n. 漫不经心, 粗心大意, 疏漏, 错误\n[法] 粗心大意, 疏漏, 漫不经心",gre
inadvertently,ˌɪnədˈvɜ:təntli,"adv. 漫不经心地, 疏忽地; 非故意地",gre
inalienable,in'eiljәnәbl,"a. 不能让与的, 不能转售的, 不能夺取的, 不可分割的",gre
inane,i'nein,"a. 空虚的, 愚蠢的, 空洞的\nn. 空洞乏物",gre
inanimate,in'ænimәt,"a. 失去知觉的, 没生命的, 无精打采的\n[医] 无生命的, 无生机的",toefl gre
inappreciable,.inә'pri:ʃәbl,a. 微不足道的,gre
inappropriate,.inә'prәupriәt,"a. 不适当的, 不相称的",toefl
inapt,in'æpt,"a. 不适当的, 不熟练的",ielts
inasmuch,.inәz'mʌtʃ,"adv. 因...之故, 在...范围内",cet6
inaugural,i'nɒ:gjurәl,"a. 就任的, 开幕的\nn. 就职演讲",gre
inaugurate,i'nɒ:gjureit,"vt. 开始, 举行...就职典礼",cet6 toefl ielts gre
inborn,'inbɔ:n,a. 天生的；先天的,toefl gre
incandescence,.inkæn'desәns,"n. 白热, 炽热\n[化] 炽热; 灼热",gre
incandescent,.inkæn'desnt,"a. 白热的, 闪闪发光的, 辉耀的, 灿烂的\n[医] 白炽的, 白热的",cet6 toefl
incantation,.inkæn'teiʃәn,n. 咒语,gre
incapable,in'keipәbl,"a. 无能力的, 不能的\n[机] 不能行的, 耐不住的",cet6
incapacitate,.inkә'pæsiteit,"vt. 使无能力, 使无行为能力\n[法] 使无资格, 使无能力, 剥夺资格",toefl
incarcerate,in'kɑ:sәreit,"vt. 下狱, 监禁, 禁闭\n[法] 监禁, 使下狱, 禁闭",toefl gre
incarnate,in'kɑ:neit,"vt. 体现, 使具体化, 使实体化\na. 化身的, 实体化的, 肉色的, 深红色的",gre
incendiary,in'sendjәri,"a. 放火的, 煽动的, 燃烧的\nn. 纵火犯人, 煽动者, 燃烧弹",gre
incense,'inseins,"n. 香, 香气, 奉承\nvi. 焚香\nvt. 用香焚, 使发怒",cet6 toefl gre
incentive,in'sentiv,n. 动机\na. 激励的,cet6 ky toefl ielts gre
inception,in'sepʃәn,"n. 起初, 获得学位",gre
incertitude,in'sә:titju:d,"n. 不确实, 无信心, 不安全",gre
incessant,in'sesnt,"a. 不断的, 不绝的, 无尽的",toefl gre
inch,intʃ,"n. 英寸, 身高, 小岛\nvi. 慢慢前进, 慢慢移动\nvt. 使缓慢地移动",zk gk cet4 cet6 ky gre
inchoate,in'kәueit,"a. 刚开始的, 不成熟的, 未发达的\n[经] 不完整",gre
incidence,'insidәns,"n. 发生, 发生率, 影响, 负担者, 入射, 倾角\n[医] 入射, 发生率, 发生数",cet6 ky toefl ielts gre
incident,'insidәnt,"n. 事件, 事变, 小事\na. 附带的, 易于发生的, 外来的, 入射的",gk cet4 cet6 ky toefl
incidentally,.insi'dentәli,"adv. 伴随地, 偶然, 顺便",cet6 ky toefl ielts
incinerate,in'sinәreit,"vi. 烧成灰, 灰化\nvt. 焚化",gre
incipient,in'sipiәnt,"a. 起初的, 发端的, 初期的\n[医] 初发的, 初期的",toefl ielts gre
incise,in'saiz,"vt. 切割, 雕刻\n[医] 切",toefl gre
incision,in'siʒәn,"n. 切口, 切割, 雕刻, 切入\n[医] 切口, 切开, 缺口(叶)",gre
incisive,in'saisiv,"a. 敏锐的, 机敏的, 激烈的, 切入的, 锋利的\n[医] 切牙的, 切的",toefl gre
incisor,in'saizә,"n. 门牙\n[医] 切牙, 门齿",gre
incite,in'sait,"vt. 刺激, 激励, 引诱\n[法] 鼓动, 煽动",toefl ielts gre
inclement,in'klemәnt,"a. 险恶的, 严酷的",gre
inclination,.inkli'neiʃәn,"n. 倾向, 趋向, 倾斜度, 点头\n[化] 倾角",cet6 toefl ielts
incline,in'klain,"n. 倾斜, 斜坡, 斜面\nvt. 使倾向于, 使倾斜\nvi. 倾向, 倾斜, 爱好, 易于",cet4 cet6 ky ielts
inclined,in'klaind,"a. 倾向于...的, 想要...的, 可能的, 趋向于...的",toefl
include,in'klu:d,"vt. 包括, 把...算入, 包住\n[计] DOS内部命令:在CONFIG.SYS文件的一个配置块中包含另一配置块的内容",zk gk cet4 cet6 ky
inclusive,in'klu:siv,"a. 包含的, 包括的",cet6 ky toefl ielts gre
incogitant,in'kɔdʒitәnt,a. 无思想的；粗心的；不体谅的,gre
incoherent,.inkәu'hiәrәnt,"a. 不连贯的, 语无伦次的\n[医] 不连贯的",toefl
income,'inkʌm,"n. 收入, 收益, 流入\n[经] 收益",gk cet4 cet6 ky
incoming,'inkʌmiŋ,"a. 进来的, 刚开始的, 新来的\nn. 进来",ielts
incommensurate,.inkә'menʃәreit,"a. 不相称的, 不适应的",gre
incompatible,.inkәm'pætәbl,"a. 不相容的, 不能并存的, 矛盾的\n[化] 不协调",cet6 toefl gre
incompetent,in'kɒmpitәnt,"a. 无能力的, 无资格的, 机能不全的, 不胜任的\nn. 无能力者",toefl gre
incomplete,.inkәm'pli:t,"a. 不完全的, 未完成的, 不完善的\n[机] 不完全的",cet6
incomprehensible,in.kɒmpri'hensәbl,"a. 不能理解的, 费解的, 无限的",toefl
inconceivable,.inkәn'si:vәbl,"a. 不能想象的, 想不到的, 难信的",toefl
inconclusive,.inkәn'klu:siv,"a. 非决定性的, 无效果的, 不得要领的\n[法] 非决定性的, 不确定的, 无结果的",toefl
incongruent,in'kɔŋɡruәnt,"a. 不一致的；不协调的；不和谐的；不合适的（名词incongruence, 副词incongruently）",gre
incongruity,.inkɒŋ'gru:iti,"n. 不协调, 不一致, 不合适\n[化] 异元性; 不相容性",toefl gre
incongruous,in'kɒŋgruәs,"a. 不协调的, 不一致的, 不合适的",toefl ielts
inconsequential,.inkɒnsi'kwenʃәl,"a. 不合逻辑的, 不合理的, 不重要的",gre
inconstancy,in'kɒnstәnsi,"n. 易变, 不定性, 反复无常",gre
incontrovertible,.inkɒntrә'vә:tәbl,"a. 无争论余地的, 无疑的, 明白的\n[法] 不可辩驳的, 不容置疑的",gre
inconvenient,.nkәn'vi:njәnt,"a. 不便的, 有困难的",toefl
incorporate,in'kɒ:pәreit,"a. 合并的, 组成公司的, 一体化的\nvt. 吸收, 合并, 使组成公司, 体现\nvi. 合并, 混合, 组成公司",cet6 ky toefl ielts gre
incorporation,in.kɒ:pә'reiʃәn,"n. 包含, 结合, 编入, 团体组织\n[医] 惨合, 混合, 合并",toefl
incorporeal,.inkɒ:'pɒ:riәl,"a. 无实体的, 灵魂的, 无形体的\n[法] 无形体的, 非物质的, 精神的",gre
incorrect,.inkә'rekt,"a. 不正确的\n[法] 不正确, 错误的, 不适当的",gk cet4 cet6
incorrigibility,in.kɒridʒә'biliti,"n. 屡教不改, 难望矫正",gre
incorrigible,in'kɒridʒәbl,"a. 无药可救的, 积习难改的\nn. 不可救药的人",gre
incorruptible,.inkә'rʌptibl,"a. 不腐败的, 不能收买的, 清廉的",toefl gre
increase,in'kri:s,"n. 增加, 增进, 利益\nvt. 增加, 加大\nvi. 增加, 繁殖",zk gk cet4 cet6 ky
increasingly,in'kri:siŋli,"adv. 逐渐地, 渐增地",cet4 cet6 ky
incredible,in'kredәbl,a. 难以置信的,cet6 ky toefl ielts
incredulity,.inkri'dju:liti,"n. 不轻信, 怀疑, 疑心",toefl gre
increment,'inkrimәnt,"n. 增加, 增值, 盈余\n[计] 增量",ielts gre
incriminate,in'krimineit,"vt. 连累, 暗示...有罪, 控告\n[法] 控告, 使入罪, 连累",toefl gre
incrustation,.inkrʌs'teiʃәn,"n. 用硬壳包, 镶嵌, 痂, 硬壳\n[医] 结痂, 痂",gre
incubate,'inkjubeit,"vt. 孵, 培养, 使发展\nvi. 孵蛋, 潜伏, 筑巢, 孵化, 酝酿\nn. 孵育物",toefl gre
incubation,.inkju'beiʃәn,"n. 抱蛋, 孵化, 酝酿\n[医] 孵育, 孵化, 潜伏, 宿庙求梦(古希腊)",gre
incubator,'inkjubeitә,"n. 孵卵器, 细菌培养器, 早产儿保育器\n[化] 恒温箱; 孵化箱",gre
incubus,'iŋkjubәs,"n. 梦淫妖, 梦魇, 沉重的负担\n[医] 梦魔, 梦魇",gre
inculcate,'inkʌlkeit,"vt. 反复灌输, 谆谆教诲",toefl gre
inculpate,'inkʌlpeit,"vt. 使负罪, 控告, 使连累\n[法] 控告, 连累, 归罪于",gre
incumbent,in'kʌmbәnt,"a. 现任的, 依靠的, 负有义务的\nn. 领圣俸者, 在职者",gre
incur,in'kә:,"vt. 招致, 蒙受, 遭遇\n[经] 招致, 蒙受, 担负",cet6 ky toefl ielts gre
indebted,in'detid,"a. 负债的, 受惠的\n[法] 负债的, 法律上有义务偿还的",gre
indecent,in'di:sәnt,"a. 下流的, 不礼貌的\n[医] 猥亵的",toefl
indecipherable,.indi'saifәrәbl,"a. 辨读不出的, 破译不出的, 无法解释的",gre
indecisive,.indi'saisiv,"a. 非决定性的, 犹豫不决的, 不明确的",gre
indeed,in'di:d,"adv. 的确, 实在, 真正地, 甚至",gk cet4 cet6 ky
indefatigable,.indi'fætigәbl,"a. 不知疲倦的, 有耐性的, 不屈不挠的",toefl gre
indefinite,in'definit,"a. 模糊的, 不确定的, 无限的\n[法] 不确定的, 无限制的",cet4 cet6 toefl ielts
indefinitely,,adv. 无期限地,cet6 toefl
indelible,in'delibl,"a. 难以消除的, 不能拭除的, 难忘的",ielts gre
indemnify,in'demnifai,"vt. 赔偿, 补偿, 保护, 保障\n[经] 赔偿",toefl gre
indemnity,in'demniti,"n. 赔偿, 保障, 补偿, 赦免, 保护\n[经] 赔偿, 补偿, 赔偿金",toefl ielts gre
indent,in'dent,"n. 契约, 订货单, 凹痕\nvi. 切割成锯齿状\nvt. 缩排, 定货, 印凹痕\n[计] 缩进",toefl gre
indented,in'dentid,a. 犬牙交错的；受契约约束的；[印刷]缩进排印的,toefl
indenture,in'dentʃә,"n. 契约, 契据, 凹痕\nvt. 以契约束缚",toefl gre
independence,.indi'pendәns,"n. 独立, 自立, 自主\n[医] 自主性, 独立性",gk cet4 cet6 ky ielts
independent,.indi'pendәnt,"n. 独立自主者, 无党派者\na. 独立的, 有主见的, 不须依赖的, 不受约束的",gk cet4 cet6 ky toefl
indeterminate,.indi'tә:minәt,"a. 不明确的, 不确定的, 含混的\n[法] 不明确的, 无定期的, 不确定的",gre
index,'indeks,"n. 索引, 指针, 指数, 指标\nvt. 编入索引中, 指出\nvi. 做索引\n[计] 下标; 附标; 变址; 索引; 编索引",cet4 cet6 ky ielts
India,'indjә,n. 印度,zk gk cet4 cet6
Indian,'indiәn,"n. 印度人, 印第安人, 印第安语\na. 印度的, 印度群岛的, 印第安语的",zk gk cet4 cet6 ielts
indicate,'indikeit,"vt. 显示, 象征, 指示, 指出\n[医] 指示",gk cet4 cet6 ky toefl gre
indication,.indi'keiʃәn,"n. 指示, 象征, 暗示\n[医] 指示, 指征, 适应征",cet4 cet6 ky
indicative,in'dikәtiv,"a. 指示的, 象征的, 表示...的\n[经] 指标的",cet6 ky toefl ielts gre
indicator,'indikeitә,"n. 指示器, 指示剂, 指标\n[计] 指示器",ielts
indices,'indisi:z,"pl. 索引, 指针, 指数, 指标",gre
indict,in'dait,"vt. 起诉, 控告, 指控\n[法] 控告, 揭发, 对...起诉",gre
indictment,in'daitmәnt,"n. 起诉, 控告, 起诉状\n[经] 起诉书",toefl
indifference,in'difәrәns,"n. 不重视, 无兴趣, 漠不关心\n[法] 中立, 不偏袒, 不重视",toefl
indifferent,in'difәrәnt,"a. 漠不关心的, 无重要性的, 中立的\n[医] 中性的, 无作用的, 无亲和力的, 淡漠的",cet4 cet6 ky toefl ielts gre
indigence,'indidʒәns,"n. 贫乏, 穷困的人们",gre
indigenous,in'didʒinәs,"a. 本土的, 国产的, 固有的\n[医] 原产的, 本土的",toefl ielts gre
indigent,'indidʒәnt,"a. 贫乏的, 穷困的",toefl gre
indigestion,.indi'dʒestʃәn,"n. 消化不良\n[医] 消化不良, 不消化",toefl
indignant,in'dignәnt,"a. 愤怒的, 愤慨的",cet4 cet6 ky toefl ielts gre
indignation,.indig'neiʃәn,"n. 愤怒, 愤慨, 义愤",cet6 ky gre
indignity,in'digniti,"n. 侮辱\n[法] 侮辱的言行, 无礼, 有伤尊严",toefl gre
indirect,.indi'rekt,"a. 间接的, 非直截了当的, 不坦率的\n[医] 间接的",cet4 cet6
indiscriminately,ˌɪndɪ'skrɪmɪnətlɪ,"adv. 无差别, 任意地; 不分青红皂白地; 滥; 不分皂白",cet6 toefl
indiscrimination,"'indis,krimi'neiʃәn","n. 无差别, 不加区别的事物(行为)",toefl
indispensability,,"n. 不可缺少, 责无旁贷",gre
indispensable,.indis'pensәbl,"n. 不可缺少之物\na. 不可缺少的, 责无旁贷的, 绝对必要的",cet4 cet6 ky toefl ielts
indite,in'dait,"vt. 写成文章, 创作",toefl gre
individual,.indi'vidʒuәl,"n. 人, 个人, 个体\na. 个别的, 个人的, 独特的",cet4 cet6 ky ielts gre
individualism,.indi'vidʒuәlizm,"n. 个人主义, 个人特征\n[经] 个人主义",toefl
indoctrinate,in'dɒktrineit,"vt. 教训, 教导, 灌输",gre
indolent,'indәlәnt,"a. 懒惰的, 无痛的\n[医] 无痛的",toefl gre
indomitable,in'dɒmitәbl,"a. 不屈服的, 不屈不挠的",toefl
indoor,'indɒ:,"a. 户内的, 室内的",cet4 cet6 ky
indoors,'in'dɒ:z,adv. 在户内,cet4 cet6
indubitable,in'dju:bitәbl,"a. 无疑的, 确实的, 明显的\n[法] 不容置疑的, 明确的",gre
induce,in'dju:s,"vt. 引诱, 招致, 归纳出, 感应\n[医] 诱导, 感应",cet6 ky toefl ielts gre
inducible,in'dju:sәbl,a. 可导致的；可诱导的,toefl
induct,in'dʌkt,"vt. 引导, 使入门, 引入, 使就职",gre
induction,in'dʌkʃәn,"n. 归纳法, 感应, 就职, 入门\n[计] 归纳法",cet6 gre
indulge,in'dʌldʒ,"vt. 纵情于, 使高兴, 放任, 迁就\nvi. 沉溺",cet6 ky ielts gre
indurate,'indjureit,"vt. 使硬化, 使无感觉, 使确立\na. 顽固的, 冷酷的",gre
industrial,in'dʌstriәl,"a. 工业的, 供工业用的, 工业高度发展的, 产业的\nn. 工业工人, 工业股票",cet4 cet6 ky toefl ielts
industrialization,"in,dʌstriәlai'zeiʃn","n. 工业化, 产业化\n[经] 工业化",toefl
industrialize,in'dʌstriәlaiz,vt. 使工业化\nvi. 实现工业化,cet4 cet6 ky
industrialized,in'dʌstriәlaizd,a. 工业化的,toefl
industrious,in'dʌstriәs,"a. 勤勉的, 刻苦的",cet6 toefl gre
industry,'indәstri,"n. 勤劳, 工业, 企业, 产业, 有组织的劳动\n[经] 工业, 实业",zk gk cet4 cet6 ky ielts
inebriate,i'ni:briәt,"a. 酒醉的\nn. 酒鬼\nvt. 使醉, 使陶醉",gre
ineffable,in'efәbl,"a. 无法形容的, 不可言喻的, 避讳的",gre
ineffaceable,.ini'feisәbl,"a. 不能消除的, 不能抹掉的",gre
ineffectual,.ini'fektʃuәl,"a. 无效的, 无益的",gre
inefficient,.ini'fiʃәnt,"a. 无效率的, 无能的\n[医] 无效的, 无效力的",cet4 cet6
inelastic,.ini'læstik,"a. 无弹性的, 无弹力的, 无适应性的\n[医] 无弹性的",toefl
inelasticity,.inilæs'tisiti,"n. 无弹力, 生硬, 不适应性\n[化] 非弹性",gre
ineligible,in'elidʒәbl,"a. 无被选任资格的, 不适任的, 无益的\nn. 无被选任资格的人, 不合录用资格的人",toefl gre
ineluctable,.ini'lʌktәbl,"a. 不可避免的, 无法逃避的",gre
inept,in'ept,"a. 不适当的, 不理智的, 笨拙的\n[法] 不称职者, 无能的, 不符要求的",toefl ielts gre
ineptitude,in'eptitju:d,"n. 不适当, 愚笨, 愚昧言行\n[法] 不称职, 无能, 不适当",gre
inequity,in'ekwiti,"n. 不公平, 不公正",gre
inert,i'nә:t,"a. 惰性的, 迟钝的, 无活力的, 呆滞的\n[医] 惰性的, 无作用的, 无效的",toefl ielts gre
inertia,i'nә:ʃә,"n. 惯性, 惰性, 迟钝\n[化] 惯性",cet6 ky ielts gre
inevitable,in'evitәbl,"a. 不可避免的, 必然的\n[法] 不可避免的, 无法规避的, 必然的",cet4 cet6 ky toefl ielts
inevitably,in'evitәbli,adv. 不可避免地,cet6 toefl
inexhaustible,.inig'zɒ:stәbl,"a. 用不完的, 无穷尽的, 不知疲倦的",gre
inexorable,in'eksәrәbl,"a. 无情的, 冷酷的",gre
inexpedient,.inik'spi:djәnt,"a. 不便的, 不适当的, 失策的",gre
inexpensive,.inik'spensiv,"a. 便宜的, 不贵重的",cet4 cet6
inexpiable,in'ekspiәbl,"a. 不能抵偿的, 不能平息的",gre
inexplicable,in'eksplikәbl,"a. 不能说明的, 不能解释的, 费解的",gre
inextricably,,"adv. 无法摆脱地, 解不开地, 不能解决地",toefl
infallible,in'fælәbl,"a. 绝无错误的, 绝对可靠的\nn. 一贯正确的人",toefl
infamous,'infәmәs,"a. 无耻的, 不名誉的, 声名狼藉的",cet4 toefl
infancy,'infәnsi,"n. 幼年, 初期, 幼儿期\n[医] 婴儿期(一足岁以内)",cet6 ky toefl
infant,'infәnt,"n. 婴儿, 儿童, 初学者\na. 婴儿的, 幼稚的",cet4 cet6 ky toefl ielts gre
infantile,'infәntail,"a. 婴儿的, 幼稚的, 初期的\n[医] 婴儿的, 幼稚的",gre
infantry,'infәntri,"n. 步兵, 步兵团",gre
infatuate,in'fætjueit,"vt. 使迷恋, 使糊涂\na. 着迷的\nn. 迷恋者",gre
infatuated,in'fætjjeitid,"a. 迷恋着的, 昏头昏脑的",gre
infatuation,in.fætju'eiʃәn,"n. 迷惑, 迷恋, 醉心",gre
infect,in'fekt,"vt. 传染, 感染\n[医] 传染, 感染",cet4 cet6 ky toefl ielts
infection,in'fekʃәn,"n. 传染, 影响, 传染病\n[医] 传染, 感染",ky toefl ielts gre
infectious,in'fekʃәs,"a. 有传染性的, 易传染的\n[医] 传染性的",cet6 ky toefl ielts
infelicitous,.infi'lisitәs,"a. 不幸的, 不完善的, 不适当的",gre
infelicity,.infi'lisiti,"n. 不幸, 不适当",gre
infer,in'fә:,"vt. 推论出, 推断\nvi. 作推论",cet4 cet6 ky toefl gre
inference,'infәrәns,"n. 推论\n[法] 推论, 推理, 推断",cet6 ky ielts
inferior,in'fiәriә,"a. 次等的, 较差的, 下方的, 下级的\nn. 部下, 次品, 下标(符号)",cet4 cet6 ky toefl ielts gre
inferiority,in.fiәri'ɒriti,"n. 自卑, 次等\n[医] 下位, 下级, 次级, 劣等",cet6 toefl
infernal,in'fә:nl,"a. 阴间的, 恶魔的",gre
inferno,in'fә:nәu,"n. 地狱, 地狱似的地方",gre
infertile,in'fә:tail,"a. 不肥沃的, 不毛的, 不结果实的",toefl
infest,in'fest,"vt. 骚扰, 寄生于, 大批出没\n[医] 传染, 感染",toefl ielts gre
infiltrate,in'filtreit,"vt. 使浸润, 使潜入, 使渗入\nvi. 渗入\nn. 渗透物",toefl gre
infinite,'infinit,"n. 无限, 神\na. 无穷的, 无限的, 极大的",cet4 cet6 ky ielts
infinitely,'infinitli,"adv. 无限地, 无数地, 庞大地",cet6
infinitesimal,.infini'tesiml,"a. 极小的, 极微的, 无限小的\nn. 极小量, 极微量, 无限小",gre
infinity,in'finiti,"n. 无限大, 无限\n[计] 无穷",cet6 gre
infirm,in'fә:m,"a. 弱的, 虚弱的, 柔弱的\n[医] 衰弱的",gre
infirmary,in'fә:mәri,"n. 医院, 养老院\n[医] 医务所, 医务室, 小医院",toefl ielts
infirmity,in'fә:miti,"n. 虚弱, 病身, 疾病\n[医] 衰弱",toefl
inflame,in'fleim,"vt. 激怒, 点火, 激起\nvi. 着火, 激动, 发炎",gre
inflamed,,"a. 红肿的, 发炎的",gre
inflammation,.inflә'meiʃәn,"n. 怒火, 发火, 燃烧, 发炎\n[医] 炎[症]",gre
inflate,in'fleit,"vt. 使膨胀, 使得意, 使通货膨胀, 使充气\nvi. 充气, 膨胀",cet6 toefl gre
inflation,in'fleiʃәn,"n. 胀大, 夸张, 通货膨胀\n[化] 充气吹胀; 膨胀",cet6 ky toefl ielts
inflexible,in'fleksәbl,"a. 不屈曲的, 不屈挠的, 顽固的",toefl
inflict,in'flikt,"vt. 施以, 加害, 使承受\n[法] 处, 加, 予以",cet6 toefl ielts gre
infliction,in'flikʃәn,"[法] 处罚, 加刑, 刑罚",gre
influence,'influәns,"n. 影响力, 权力, 势力\nvt. 影响, 改变",zk gk cet4 cet6 ky ielts
influential,.infu'enʃәl,"a. 有影响的, 有势力的",cet4 cet6 ky toefl
influenza,.influ'enzә,"n. 流行性感冒\n[医] 流行性感冒, 流感",toefl
influx,'inflʌks,"n. 流入, 河口, 汇集\n[医] 注入, 流入",toefl ielts gre
inform,in'fɒ:m,"vt. 通知, 使了解, 使充满\nvi. 提供资料, 告发",gk cet4 cet6 ky
informal,in'fɒ:mәl,"a. 非正式的, 不拘礼的, 通俗的\n[经] 非正式的, 日常使用的",toefl
information,.infә'meiʃәn,"n. 消息, 知识, 通知, 情报, 信息, 问讯处, 起诉\n[计] 信息",zk gk ielts
informative,in'fɒ:mәtiv,"a. 提供消息的, 见闻广博的",toefl ielts
informed,in'fɒ:md,a. 见多识广的,toefl gre
informer,in'fɒ:mә,"n. 密告者, 控告者, 通知者\n[法] 控告人, 通知者, 告密者",gre
infraction,in'frækʃәn,"n. 违反, 侵害\n[医] 不全骨折",gre
infrared,.infrә'red,a. 红外线的\nn. 红外线,ky
infrastructure,'infrәstrʌktʃә,"n. 基础结构, 基础设施\n[经] 基础设施",cet6 ky
infringe,in'frindʒ,"v. 破坏, 侵犯, 违反",toefl ielts gre
infuriate,in'fjuәrieit,a. 狂怒的\nvt. 激怒,gre
infuse,in'fju:z,"vt. 注入, 使充满, 泡制, 鼓舞\nvi. 泡",toefl gre
infusion,in'fju:ʒәn,"n. 注入, 泡制, 注入物\n[化] 浸渍; 浸泡",cet6 toefl
ingenious,in'dʒi:njәs,"a. 灵敏的, 精巧的, 聪明的",cet6 ky toefl ielts gre
ingeniously,ɪn'dʒi:nɪəslɪ,"adv. 有才能地, 贤明地",toefl
ingenuity,.indʒi'nju:iti,"n. 心灵手巧, 精巧, 精巧设计",cet6 gre
ingenuous,in'dʒenjuәs,"a. 坦白的, 正直的, 天真的",gre
ingest,in'dʒest,"vt. 摄取, 咽下, 吸取",gre
ingestion,in'dʒestʃәn,"n. 摄取\n[医] 食入, 摄食",gre
ingrained,in'greind,"a. 根深蒂固的, 彻底的, 深染的",gre
ingrate,in'greit,"n. 忘恩者\na. 不知恩的, 忘恩的",gre
ingratiate,in'greiʃieit,"vt. 使迎合, 使讨好",gre
ingratiating,in'greiʃieitiŋ,"a. 逢迎的, 迎合的",gre
ingredient,in'gri:diәnt,"n. 成分, 因素\n[化] 配合剂; 拼料; 成分; 组分",cet4 cet6 ky toefl ielts gre
ingress,'ingres,"n. 进入, 入口, 准许进入\n[法] 进入, 入境, 入口",gre
inhabit,in'hæbit,"vt. 居住于, 占据, 栖息",cet4 cet6 ky toefl ielts gre
inhabitant,in'hæbitәnt,"n. 居民, 居住者\n[医] 居民",cet4 cet6 ky toefl ielts gre
inhale,in'heil,vt. 吸入\nvi. 吸气,ky gre
inherent,in'hiәrәnt,"a. 固有的, 与生俱来的\n[医] 固有的, 生来的",cet6 ky toefl ielts
inherit,in'herit,"vt. 继承, 遗传\nvi. 接受遗产",cet4 cet6 ky toefl ielts gre
inheritance,in'heritәns,"n. 遗传, 遗产\n[医] 遗传",toefl
inhibit,in'hibit,"vt. 禁止, 抑制\nvi. 起抑制作用",cet6 ky toefl ielts gre
inhibitor,in'hibitә(r),"n. 禁止者, 抑制人, 抑制物, 抑制因素, 抑制剂, 阻化剂\n[计] 禁止器, 抑制剂",gre
inhumane,.inhju:'mein,"a. 无人情味的, 薄情的, 残忍的",gre
inimical,i'nimikәl,"a. 有敌意的, 有害的, 抵触的",gre
inimitable,i'nimitәbl,"a. 无法仿效的, 独特的, 无比的",gre
iniquitous,i'nikwәtәs,"a. 不公正的, 邪恶的",gre
iniquity,i'nikwiti,"n. 不公正, 不公正行为",gre
initial,i'niʃәl,"n. 字首, 首字母\na. 开始的, 最初的, 字首的\nvt. 用姓名的首字母签名",gk cet4 cet6 ky toefl ielts gre
initially,i'niʃәli,"adv. 最初, 开头",cet6 toefl
initiate,i'niʃieit,"n. 入会, 开始\na. 新加入的\nvt. 开始, 传授基本知识给",cet6 ky toefl ielts gre
initiative,i'niʃiәtiv,"n. 主动行动, 首创精神, 主动权\na. 自发的, 起始的",cet4 cet6 ky ielts gre
inject,in'dʒekt,"vt. 注射, 注入, 使入轨\n[医] 注射",cet6 ky toefl ielts
injection,in'dʒekʃәn,"n. 注射, 注射剂\n[化] 注入; 注射",cet4 cet6 ielts gre
injunction,in'dʒʌŋkʃәn,"n. 命令, 禁令, 劝告\n[经] 指令, 禁令",gre
injure,'indʒә,"vt. 伤害, 损害, 使受冤屈\n[医] 损伤",gk cet4 cet6 ky toefl
injurious,in'dʒuәriәs,"a. 有害的, 不公正的\n[法] 伤害的, 有害的, 不公平的",toefl gre
injury,'indʒәri,"n. 伤害, 侮辱\n[医] 伤, 损伤",gk cet4 cet6 ky toefl ielts
injustice,in'dʒʌstis,"n. 不公平, 非正义的行为\n[法] 不公正, 不公平, 权利侵害",toefl
ink,iŋk,"n. 墨水, 墨汁\nvt. 涂墨水于, 签署, 加墨水",zk gk cet4 cet6 ky
inkling,'iŋkliŋ,"n. 暗示, 微微觉得",toefl gre
inland,'inlәnd,"a. 内陆的, 国内的\nn. 内地",gk cet6 ky toefl ielts
inlet,'inlet,"n. 进口, 插入物\n[化] 入口; 进口; 投料口; 供料口",cet6 ky
inn,in,"n. 旅馆, 客栈\nvi. 住旅馆",gk cet4 cet6 ky
innate,i'neit,"a. 先天的, 天生的\n[医] 先天的, 生来的",cet6 toefl gre
inner,'inә,"a. 内部的, 内心的\nn. 内部",cet4 cet6 ky toefl
innermost,'inәmәust,"a. 内心的, 秘密的, 最深处的",toefl
innocence,'inәsәns,"n. 无罪, 无知, 天真无邪\n[法] 无罪, 无罪的人, 清白无辜者",gre
innocent,'inәsәnt,"a. 无罪的, 不懂事的, 无知的\nn. 天真的人, 笨蛋",gk cet4 cet6 ky toefl ielts
innocuous,i'nɒkjuәs,"a. 无害的, 无伤大雅的\n[医] 无害的, 良性的",gre
innovate,'inәuveit,"vi. 改革, 创新",ky
innovation,.inәu'veiʃәn,"n. 改革, 创新\n[法] 创新, 改革, 刷新",cet6 ky toefl ielts gre
innovative,'inәjveitiv,"a. 革新的, 创新的, 富有革新精神的",toefl gre
innuendo,.inju:'endәu,"n. 讽刺, 暗讽\nvi. 说讽刺话\nvt. 暗示",toefl gre
innumerable,i'nju:mәrәbl,"a. 无数的, 数不清的",cet6 ky toefl ielts
inoculate,i'nɒkjuleit,"vt. 接种, 嫁接\n[医] 接种",gre
inoffensive,.inә'fensiv,"a. 无害的, 不触犯人的, 不讨厌的",toefl
inordinate,i'nɒ:dinәt,"a. 过度的, 紊乱的, 过分的",toefl gre
inorganic,.inɒ:'gænik,"a. 无机的, 无生物的, 非自然形成的\n[医] 无机的",cet6
input,'input,"n. 输入, 输入电路\nvt. 输入\n[计] 输入",cet4 cet6 ky
inquire,in'kwaiә,"v. 询问, 问明, 查究",cet4 cet6 ielts
inquiries,inˈkwaiəriz,n. 调查( inquiry的名词复数 ); 疑问; 探究; 打听,ielts
inquiry,in'kwaiәri,"n. 质询, 探索, 调查, 询盘\n[计] 询问; 查询",cet4 cet6 ky toefl gre
inquisitive,in'kwizәtiv,"a. 好问的, 想知道的, 好追根究底的",toefl gre
inroad,'inrәud,"n. 侵入, 得手, 侵害\n[法] 袭击, 侵犯, 损害",gre
insane,in'sein,"a. 患精神病的, 极愚蠢的\n[医] 神经错乱的",cet6 toefl ielts gre
insanity,in'sæniti,"n. 疯狂, 愚顽, 精神错乱\n[医] 精神病",cet6 toefl gre
insatiable,in'seiʃjәbl,"a. 不知足的, 贪求无厌的\n[医] 不能满足的, 不饱的",gre
inscribe,in'skraib,"vt. 登记, 铭记于, 题写, 雕刻\n[电] 书写",gre
inscription,in'skripʃәn,"n. 题字, 碑铭\n[医] 划, 药量记载",gre
inscrutable,in'skru:tәbl,"a. 难以了解的, 不能预测的\n[法] 不可理解的, 不可思议的, 不可测知的",gre
insect,'insekt,"n. 昆虫, 卑鄙的人\n[医] 昆虫",gk cet4 cet6 ky ielts
insecticide,in'sektisaid,n. 杀虫剂\n[化] 杀虫剂,gre
insects,,"n. 昆虫；昆虫类, 昆虫纲（insect的复数形式）",ielts
insensate,in'senseit,"a. 无感觉的, 迟钝的, 无生命的, 无情的",gre
insentient,in'senʃiәnt,"a. 无知觉的, 无生命的",gre
insert,in'sә:t,"n. 插入物\nvt. 插入, 把(人造卫星)射入(轨道), 添写\nvi. 附着\n[计] 插入",gk cet4 cet6 ky toefl ielts gre
inside,'in'said,"n. 内部, 内脏, 内幕\na. 内部的, 秘密的, 户内的\nadv. 在里面\nprep. 在...之内",zk gk cet4 cet6 ky
insider,'in'saidә,"n. 内部的人, 权威人士, 知道内情的人\n[经] 熟悉内情者",gre
insidious,in'sidiәs,"a. 隐伏的, 阴险的, 狡猾的\n[医] 隐袭的",cet6 toefl gre
insight,'insait,"n. 察看, 洞察力, 见识\n[医] 自知力, 洞察, 顿悟",cet4 cet6 ky toefl ielts
insightful,'in.saitful,"a. 有深刻见解的, 富有洞察力的",ky
insignia,in'signiә,"n. 勋章, 徽章\n[法] 勋章, 徽章, 荣誉",gre
insignificant,.insig'nifikәnt,"a. 无关紧要的, 无意义的, 琐碎的",cet4 cet6 toefl
insincerity,.insin'seriti,"n. 不诚实, 无诚意, 伪善\n[经] 不诚实",gre
insinuate,in'sinjueit,"vt. 巴结, 暗示, 使滋长\nvi. 旁敲侧击",toefl gre
insipid,in'sipid,"a. 乏味的, 清淡的, 难吃的\n[医] 无味的",ielts gre
insist,in'sist,"v. 坚持, 坚决主张, 强调",zk gk cet4 cet6 ky toefl
insistence,in'sistәns,"n. 坚持, 坚决主张",toefl
insistent,in'sistәnt,"a. 坚持的, 迫切的",cet6
insolate,'insәleit,vt. 使曝晒,gre
insolence,'insәlәns,"n. 傲慢, 无耻, 傲慢态度\n[法] 无礼, 蛮横, 侮辱性言行",gre
insolent,'insәlәnt,"n. 侮慢无礼的人\na. 粗野的, 无礼的, 侮慢的",toefl ielts gre
insoluble,in'sɒljubl,"a. 不能溶解的, 不能解决的\n[医] 不溶解的",gre
insolvency,in'sɒlvәnsi,"n. 无力偿还, 破产\n[经] 破产, 无力偿付, 不足抵偿债务",gre
insolvent,in'sɒlvәnt,"a. 无力偿还的, 破产的\nn. 无力偿还者, 破产者",ielts
insomnia,in'sɒmniә,n. 失眠症\n[医] 失眠[症],toefl ielts gre
insouciance,in'su:sjәns,n. 无忧无虑,gre
insouciant,in'su:siәnt,"a. 漫不经心的, 无忧虑的, 不在意的, 满不在乎的",gre
inspect,in'spekt,"vt. 检查, 检阅, 检验\nvi. 检查",gk cet4 cet6 ky toefl
inspection,in'spekʃәn,"n. 检验, 检查, 视察\n[医] 检查, 视察, 监督, 望诊",cet4 cet6 toefl ielts gre
inspector,in'spektә,"n. 检查员, 巡视员\n[化] 检查员",cet6 toefl
inspiration,.inspә'reiʃәn,"n. 灵感, 鼓舞人心的人或物, 妙计, 吸气\n[医] 吸[气]",cet6 ky toefl ielts gre
inspire,in'spaiә,"vt. 使感动, 激发, 启示, 吸入, 鼓舞, 产生, 使生灵感\nvi. 吸入, 赋予灵感",gk cet4 cet6 ky toefl ielts
inspired,in'spaiәd,"a. 得到灵感的, 有灵感的, 官方授意的",gre
inspiring,in'spaiәriŋ,a. 鼓舞人心的,toefl ielts
instability,.instә'biliti,"n. 不安定, 不稳定\n[医] 不稳定性",cet6
install,in'stɒ:l,"vt. 安装, 安置, 使就职\n[计] 安装, 安装程序; DOS内部命令:安装常驻程序",cet4 cet6 ky toefl ielts gre
installation,.instә'leiʃәn,"n. 安装, 装置, 就职\n[医] 结构, 装置, 设立",cet4 cet6 ky
installment,in'stɒ:lmәnt,"n. 就职, 装设, 分期付款\n[经] 分期付款",cet6 ky toefl gre
instalment,in'stɒ:lmәnt,"n. 就职, 装设, 分期付款",ielts
instance,'instәns,"n. 建议, 情况, 例子, 场合\nvt. 引以为例, 举例说明",cet4 cet6 ky
instant,'instәnt,"n. 立即, 瞬间\na. 紧急的, 立即的, 即时的",gk cet4 cet6 ky toefl
instantaneous,.instәn'teinjәs,"a. 即时的, 瞬间的, 猝发的\n[机] 瞬时的",cet6 ky toefl ielts gre
instantly,'instәntli,"adv. 立即地, 即刻地",cet4 cet6
instate,in'steit,"vt. 任命\n[法] 授予人职位, 任命, 安置",gre
instead,in'sted,"adv. 作为替代, 反而",zk gk
instigate,'instigeit,"vt. 教唆, 怂恿, 煽动\n[法] 教唆, 煽动, 怂恿",toefl gre
instill,in'stil,"vt. 滴注, 慢慢地灌输",toefl gre
instinct,'instiŋkt,"n. 本能, 直觉\na. 充满着的",cet4 cet6 ky toefl ielts
instinctive,in'stiŋktiv,"a. 本能的, 天生的, 直觉的\n[医] 本能的",toefl gre
instinctively,,"adv. 本能地, 直觉地",cet6 toefl
institute,'institju:t,"n. 学会, 学院, 协会\nvt. 创立, 开始, 制定, 任命",gk cet4 cet6 ky toefl ielts gre
institutes,,n. 学院（institute的复数）,ielts
institution,.insti'tju:ʃәn,"n. 机构, 惯例, 制度\n[医] 机关, 机构, 设施",gk cet4 cet6 ky toefl ielts gre
institutionalize,",insti'tju:ʃәnәlaiz","vt. 使制度化, 使成为惯常的行为, 使一成不变, 把...送进疯人院",toefl
institutionalized,.insti'tju:ʃәnәlaizd,a. 使成惯例的；有组织的；遭受收容机构所产生的不良影响的,gre
institutions,,n. 体系,ielts
instruct,in'strʌkt,"vt. 教, 教育, 命令, 通知\n[法] 托办, 指导, 指示",gk cet4 cet6 ky toefl
instruction,in'strʌkʃәn,"n. 指令, 教导, 命令\n[计] 指令",zk gk cet4 cet6 ky toefl ielts
instructive,in'strʌktiv,"a. 有益的, 增进知识的",toefl gre
instructor,in'strʌktә,"n. 教员, 讲师\n[法] 指导者, 教员, 讲师",cet6
instructors,ɪnst'rʌktəz,"n. 指导者, 教师( instructor的名词复数 )",ielts
instrument,'instrumәnt,"n. 工具, 手段, 仪器\n[化] 仪器",gk cet4 cet6 ky toefl ielts
instrumental,.instru'mentәl,"a. 仪器的, 器具的, 可作为手段的\n[医] 器械的",cet6 ky toefl ielts gre
instrumentalist,.instru'mentәlist. instrә-,n. 工具主义者；乐器演奏家,ky toefl gre
instruments,,n. 乐器；工具；仪器（instrument的复数）,ielts
insubordinate,.insә'bɒ:dinәt,"a. 不顺从的, 地位不低的",toefl gre
insubstantial,.insәb'stænʃәl,"a. 脆弱的, 无实体的, 非实质的",gre
insufferable,in'sʌfәrәbl,"a. 不可忍受的, 忍耐不住的",toefl
insufficient,.insә'fiʃәnt,"a. 不够的, 不能胜任的, 不充足的\n[法] 不足的, 不充分的, 不能胜任的",cet4 cet6 toefl gre
insular,'insjulә,"a. 岛的, 岛民的, 与世隔绝的, 孤立的, 保守的\n[医] 岛的, 胰岛的, 脑岛的",toefl gre
insularity,.insju'læriti,"n. 岛屿生活状况, 孤立, 岛国性质",gre
insulate,'insjuleit,"vt. 使绝缘, 隔离\n[医] 绝缘",cet6 ky toefl ielts gre
insulation,.insju'leiʃәn. 'insә-,"n. 绝缘；隔离, 孤立",toefl
insulator,'insjuleitә,"n. 绝缘体, 从事绝缘工作的工人\n[化] 绝缘体; 绝缘器; 绝缘子; 隔离剂",cet6
insulin,'insjulin,n. 胰岛素\n[化] 胰岛素,toefl gre
insult,'insʌlt,"n. 侮辱, 无礼, 损害\nvt. 损害, 侮辱, 攻击",cet4 cet6 ky toefl ielts
insulting,in'sʌltiŋ,"a. 侮辱的, 损害人体的",toefl
insuperable,in'sju:pәrәbl,"a. 不能制胜的, 不能克服的",gre
insurance,in'ʃurәns,"n. 保险, 保险业, 保险费\n[医] 保险",gk cet4 cet6 ky ielts
insure,in'ʃuә,"vt. 保险, 确保\nvi. 投保",gk cet4 cet6 ky ielts
insurgent,in'sә:dʒәnt,"a. 谋叛的, 起义的, 澎湃的\nn. 起义者, 叛乱者",gre
insurmountable,.insә'mauntәbl,"a. 难以克服的, 不能超越的",toefl
insurrection,.insә'rekʃәn,"n. 起义, 暴动, 反抗\n[法] 起义, 叛乱, 暴动",gre
intact,in'tækt,"a. 尚未被人碰过的, 原封不动的, 完整的\n[医] 完整的, 无伤的",cet6 ky toefl ielts gre
intake,'inteik,"n. 入口, 吸入, 吸入量\n[医] 摄取量",cet6
intangibility,in.tændʒә'biliti,"n. 不可触知性, 不能把握, 难以理解",gre
intangible,in'tændʒәbl,"a. 难以明了的, 无形的\n[经] 无形的",gre
integral,'intigrәl,"n. 整体, 积分, 整数\na. 固有的, 整体的, 整数的, 积分的\n[计] 积分",cet6 ky toefl ielts gre
integrate,'intigreit,"vt. 综合, 使完整, 使成整体\nvi. 成一体\na. 完整的, 完全的",cet4 cet6 ky toefl ielts gre
integrated,'intәgreitid,"a. 综合的, 完整的, 互相协调的\n[法] 成为整体的, 综合的, 统筹的",toefl
integrity,in'tegriti,"n. 正直, 廉正, 完整\n[计] 完整性",cet6 ky toefl ielts gre
intellect,'intәlekt,"n. 智力, 出众的才华, 知识分子\n[医] 智力, 才智",cet6 toefl ielts gre
intellectual,.intә'lektʃuәl,"n. 有知识者, 知识分子, 凭理智做事者\na. 智力的, 用脑力的, 聪明的",cet4 cet6 ky toefl ielts gre
intellectually,,adv. 智力上；知性上；理智地,cet6
intelligence,in'telidʒәns,"n. 智力, 情报, 信息\n[医] 智力",gk cet4 cet6 ky toefl ielts
intelligent,in'telidʒәnt,"a. 聪明的, 智能的, 了解的",cet4 cet6 ky toefl ielts
intelligible,in'telidʒәbl,"a. 可理解的, 易理解的, 纯概念性的",cet6 ky toefl ielts gre
intend,in'tend,"vt. 计划, 打算, 意思是\n[法] 想要, 打算, 意旨",gk cet4 cet6 ky
intense,in'tens,"a. 非常的, 强烈的, 紧张的, 热情的\n[医] 强的",cet4 cet6 ky toefl ielts
intensify,in'tensifai,vt. 加强\nvi. 强化,cet6 toefl ielts gre
intensity,in'tensәti,"n. 强烈, 紧张, 强度\n[计] 强度; 亮度",cet4 cet6 ky
intensive,in'tensiv,"a. 加强的, 内涵的, 集中的\nn. 加强器",cet4 cet6 ky toefl ielts
intent,in'tent,"n. 意图, 含义, 故意\na. 专心的, 决心的, 热心的",cet6 toefl ielts gre
intention,in'tenʃәn,"n. 意图, 目的, 含义\n[医] 愈合, 意向",zk gk cet4 cet6 ky toefl
intentional,in'tenʃәnәl,"a. 故意的, 与目的有关的\n[法] 故意的, 有意的",cet4 cet6 gre
intentionally,,"adv. 故意地, 有意地",toefl
inter,in'tә:,vt. 埋葬\nprep. 在中间,gre
interact,.intәr'ækt,"vi. 互相影响, 交互作用\nn. 幕间剧, 幕间休息",cet6 ky toefl ielts
interaction,.intәr'ækʃәn,"n. 交互作用, 交感\n[计] 交互作用",cet4 cet6 toefl gre
interactive,",intәr'æktiv","a. 相互作用的, 相互影响的\n[计] 交互, 人机对话的",toefl
intercede,.intә'si:d,"vi. 说情, 调解\n[法] 代为求情, 从中调停",toefl gre
intercept,.intә'sept,"n. 截取, 妨碍, 截距\nvt. 拦截, 阻止, 截取",toefl gre
intercessor,.intә'sesә,"n. 仲裁者, 调解人\n[法] 调解人, 说情者, 从中调解者",gre
interchangeable,.intә'tʃeindʒәbl,a. 可互换的\n[化] 可互换的,gre
interconnect,.intәkә'nekt,vt. 使互相连接,cet6
interconnected,",intəkə'nektid","v. 互相连接, 互相联系( interconnect的过去式和过去分词)",toefl
interconnecting,,"[计] 转接的, 转换的",toefl
intercourse,'intәkɒ:s,"n. 交往, 交流\n[医] 交际, 往来",cet6 ky
interdependence,.intәdi'pendәns.-dәnsi,n. 互相依赖,toefl
interdependent,.intәdi'pendәnt,"a. 相互依赖的, 相互依存的",toefl
interdict,.intә'dikt,"vt. 禁止, 封锁, 停止, 制止\nn. 禁令, 禁止",gre
interdisciplinary,",intә(:)'disiplinәri",[计] 学科间的,gre
interest,'intrist,"n. 兴趣, 嗜好, 利息, 利益, 爱好, 趣味, 势力\nvt. 使感兴趣, 与...有关系",zk gk cet4 cet6 ky toefl ielts
interesting,'intristiŋ,a. 有趣的,zk gk
interface,'intәfeis,"n. 分界面, 接触面, 界面\n[计] 接口, 界面",cet6 ky
interfere,.intә'fiә,"vi. 妨碍, 冲突, 干涉, 抵触\n[医] 干扰, 干涉, 阻碍, 碰腿(马)",cet4 cet6 ky toefl
interference,.intә'fiәrәns,"n. 冲突, 干涉\n[计] 干扰",cet4 cet6 ky toefl gre
interim,'intәrim,"a. 暂时的, 临时的, 间歇的\nn. 过渡时期",cet6 ky ielts gre
interior,in'tiәriә,"n. 内部, 内政\na. 内部的, 心灵的, 内地的, 内政的",cet4 cet6 ky toefl ielts
interjection,.intә'dʒekʃәn,"n. 感叹词, 插入语",gre
interlace,.intә'leis,"vt. 使交织, 使组合, 使交错\nvi. 交错, 交织\n[计] 交错",gre
interlock,.intә'lɒk,"v. (使)连结, (使)连锁\nn. 连锁, 连结\n[计] 相关; 互锁",gre
interlocking,.intә'lɒkiŋ,a. 连锁的\n[化] 咬合; 咬合作用,toefl gre
interlocutor,.intә'lɒkjutә,"n. 对话者, 谈话者",gre
interlope,",intә(:)'lәup","vi. 闯入, 干涉, 无执照营业\n[法] 侵占他人权益, 无执照营业",gre
interloper,'intәlәjpә(r),"n. 闯入者, 好事者, 无执照营业者\n[经] 无执照营业者, 私商",gre
interlude,'intәlu:d,"n. 幕间, 幕间时间, 插曲, 穿插, 过场\n[计] 插算; 中间程序",toefl gre
intermediary,.intә'mi:diәri,"n. 仲裁者, 调解者, 媒介物, 中间人\na. 中间的, 媒介的",toefl gre
intermediate,.intә'mi:diәt,"n. 中间物, 调停者, 中级\na. 中间的, 中级的\nvi. 起媒介作用\n[计] 中级",cet4 cet6 ky toefl ielts
interminable,in'tә:minәbl,"a. 无限的, 冗长的",gre
intermingle,.intә'miŋgl,"vi. 混入, 渗入, 掺杂\nvt. 使混合",gre
intermission,.intә'miʃәn,"n. 中止, 中断, 停顿, 间歇\n[医] 间歇, 间歇期",gre
intermittent,.intә'mitәnt,"a. 间歇的, 断断续续的\n[化] 间歇的; 间断的",cet6 ky toefl ielts gre
intern,in'tә:n,"n. 实习生, 被拘留者\nvi. 作实习医师(教师、实习生)\nvt. 拘留, 扣留",cet4 gre
internal,in'tә:nәl,"a. 内在的, 国内的\n[医] 内的, 内部的",cet4 cet6 ky toefl ielts
international,.intә'næʃәnәl,a. 国际的\nn. 国别设定\n[计] 国别设定,zk gk cet4 cet6 ky ielts
internecine,.intә'ni:sain,"a. 互相残杀的, 两败俱伤的, 致命的\n[法] 互相残杀的, 两败俱伤的, 杀人的",gre
internet,'intәnet,"[计] 因特网, 国际互连网, 网际网络, 互连网络, 广域网",zk gk cet4 ky ielts
interpersonal,.intә'pә:sәnәl,"a. 人与人之间的, 人际(关系)的\n[法] 人与人之间的, 需要与他人接触的",toefl
interplay,'intәplei,"n. 互相作用, 互相影响\nvi. 互相作用",gre
interpolate,in'tә:pәuleit,"v. 篡改, 插入新语句, 添写进去",gre
interpose,.intә'pәuz,"vt. 使插入, 使介于二者间, 使干涉\nvi. 插嘴, 干预",gre
interpret,in'tә:prit,"vt. 解释, 演出, 翻译, 理解\nvi. 翻译, 解释",cet4 cet6 ky toefl ielts
interpretation,in.tә:pri'teiʃәn,"n. 解释, 演出, 翻译\n[计] 插值; 插值法; 解释",cet4 cet6 toefl
interpreter,in'tә:pritә,"n. 直译程序, 解释者, 口译者, 注释器\n[计] 注释器",gk cet4 cet6
interregnum,.intә'regnәm,"n. 空位期间, 过渡期, 中断",gre
interrogate,in'terәgeit,"vt. 质问, 讯问, 审问\nvi. 质问, 讯问",toefl ielts gre
interrogative,.intә'rɒgәtiv,"n. 疑问词, 问号\na. 疑惑的, 疑问的",gre
interrupt,.intә'rʌpt,"vt. 中断, 妨碍, 插嘴\nvi. 打断\nn. 中断\n[计] 中断",gk cet4 cet6 ky toefl gre
interruption,.intә'rʌpʃәn,"n. 打扰, 中断, 障碍物\n[医] 间断, 阻断, 中止",cet4 cet6
intersect,.intә'sekt,"vt. 贯穿, 横穿\nvi. 交错, 相交",ky toefl gre
intersected,.intә'sektid,a. 交错的,toefl
intersection,.intә'sekʃәn,"n. 交集, 十字路口, 交叉点\n[计] 逻辑乘; 与",cet6 ky toefl ielts
intersperse,.intә'spә:s,"vt. 散布, 点缀",gre
interstellar,'intә'stelә,a. 星际的,toefl
interstice,in'tә:stis,"n. 空隙, 裂缝\n[医] 小间隙",gre
intertwine,.intә'twain,"v. (使)纠缠, (使)缠绕",gre
interval,'intәvәl,"n. 间隔, 距离, 间歇, 间隙\n[计] 时间间隔",gk cet4 cet6 ky toefl ielts
intervene,.intә'vi:n,"vi. 插入, 调停, 干涉\n[经] 进场干预",cet6 ky toefl ielts gre
intervention,.intә'venʃәn,"n. 插入, 介入, 调停\n[经] 干预",cet6 toefl ielts
interview,'intәvju:,"n. 面谈, 访问, 接见, 面试\nvt. 接见, 对...进行面谈(试)",zk gk cet4 cet6 ky ielts
interviewee,.intәvju:'i:,"n. 被接见者, 被采访者, 被面试者",ielts
interviewer,'intәvju:ә,"n. 会见者, 面谈者, 进行面试者",ielts
interviews,ˈintəvju:z,n. 接见( interview的名词复数 ); 采访; 面谈; 会谈\nv. 面试( interview的第三人称单数 ); 访问; 会见; （私下）提问,ielts
interweave,intә'wi:v,"v. (使)交织, 织进, (使)混杂",gre
intestate,in'testeit,"a. 没有遗嘱的, 无遗嘱嘱明处置的\nn. 无遗嘱的死亡者",gre
intestine,in'testin,"a. 内部的, 国内的\nn. 肠",toefl gre
intimacy,'intimәsi,"n. 亲密, 熟悉, 亲昵行为(言语)\n[法] 亲近的行为, 亲密, 隐私",toefl
intimate,'intimәt,"a. 亲密的, 私人的, 秘密的\nvt. 暗示, 通知, 告诉\nn. 至交",cet4 cet6 ky toefl ielts gre
intimidate,in'timideit,"vt. 威胁, 恐吓\n[法] 恐吓, 威胁, 使恐惧",cet4 cet6 ky toefl ielts gre
intimidation,"in,timi'deiʃәn","n. 恐吓, 威胁\n[法] 恐吓, 威胁",toefl
into,'intu:,"prep. 进入...之内, 朝..., 深入...之中, 成为...状况",zk gk
intonation,.intәu'neiʃәn,"n. 朗诵, 语调, 唱\n[化] 声调",cet6
intoxicate,in'tɒksikeit,"vt. 使陶醉, 使喝醉",toefl gre
intoxication,in.tɒksi'keiʃәn,"n. 使醉, 沉醉状态\n[医] 中毒, 醉[酒]",toefl
intractable,in'træktәbl,"a. 不听话的, 倔强的, 棘手的\n[医] 顽固的, 难治的",gre
intransigent,in'trænsidʒәnt,a. 非妥协性的\nn. 不妥协的人,gre
intrepid,in'trepid,"a. 无畏的, 勇猛的",toefl gre
intricacy,'intrikәsi,"n. 纷乱, 复杂, 错综",cet6 gre
intricate,'intrikit,"a. 复杂的, 错综的, 缠结的, 难懂的",cet6 ky toefl ielts gre
intricately,'ɪntrɪkətlɪ,"adv. 杂乱地, 复杂地; 难懂地",toefl
intrigue,in'tri:g,"n. 阴谋, 复杂的事\nvi. 密谋, 私通\nvt. 激起...的兴趣, 用诡计取得",cet6 ky toefl ielts gre
intriguing,in'tri:giŋ,"a. 吸引人的, 有趣的",cet6 ky toefl
intrinsic,in'trinsik,"a. 本质的, 原有的, 真正的\n[医] 内部的, 内在的",cet6 ky toefl ielts
introduce,.intrә'dju:s,"vt. 介绍, 引入, 采用, 输入\n[法] 引进, 输入, 介绍",zk gk cet4 cet6 ky
introduction,.intrә'dʌkʃәn,"n. 介绍, 传入, 采用, 初步",zk gk cet4 cet6 ky ielts
introspective,.intrәu'spektiv,a. 内省的\n[医] 内省的,toefl gre
intrude,in'tru:d,"vi. 闯入, 侵入\nvt. 强加于",ky toefl gre
intruder,in'tru:dә,"n. 侵入者, 干扰者, 妨碍者\n[计] 入侵者",toefl
intruding,in'tru:diŋ,"v. 侵入, 侵扰, 打扰( intrude的现在分词); 把…强加于",toefl
intrusion,in'tru:ʒәn,"n. 闯入, 侵扰\n[医] [向内]突入",toefl
intrusive,in'tru:siv,"a. 打扰的, 插入的\n[法] 闯入的, 侵入的, 干涉的",ky
intuition,.intju:'iʃәn,"n. 直觉, 直觉的知识",cet6 ky toefl ielts gre
intuitive,in'tju:itiv,a. 直觉的,gre
intumescence,.intju:'mesns,"n. 膨胀, 肿大\n[医] 肿大, 膨大, 隆起",gre
inundate,'inʌndeit,"vt. 浸水, 泛滥, 淹没, 使充满",toefl ielts gre
inure,i'njuә,vt. 使习惯于\nvi. 生效,toefl
inured,,"a. 习惯的, 坚强的",gre
invade,in'veid,"vt. 侵入, 拥入, 侵略, 侵袭\n[法] 强入, 侵犯, 侵略",cet4 cet6 ky toefl ielts gre
invader,in'veidә,n. 侵略者\n[化] 侵入物,toefl
invalid,in'vælid,"n. 病人, 残废者\na. 有病的, 无效的",cet6 ky toefl ielts
invalidate,in'vælideit,"vt. 使无效\n[法] 使无效, 使无效力, 使作废",toefl
invaluable,in'væljuәbl,"a. 无价的, 价值无法衡量的",cet6 ky toefl ielts
invariable,in'vєәriәbl,"n. 不变的东西, 常数\na. 不变的, 常数的",ky toefl
invariably,in'vєәriәbli,"adv. 不变化地, 恒定地, 始终如一地",cet6 ky toefl ielts
invasion,in'veiʒәn,"n. 侵犯, 侵入, 侵害\n[医] 侵袭, 侵入, 发病",cet4 cet6 ky toefl
invective,in'vektiv,"n. 恶言漫骂, 臭骂\na. 漫骂的, 非难的, 恶言的",gre
inveigh,in'vei,"vi. 痛骂, 漫骂, 臭骂",gre
inveigle,in'veiɡl. -'vi:-,vt. 诱骗；诱使,gre
invent,in'vent,"vt. 发明, 创作, 虚构\n[机] 发明",zk gk cet4 cet6 ky
invention,in'venʃәn,"n. 发明, 创作能力, 虚构的故事\n[经] 发明",zk gk cet4 cet6 ky
inventor,in'ventә,"n. 发明家\n[法] 发明人, 发明家, 创造者",gk cet4 cet6
inventory,'invәntәri,"n. 详细目录, 存货清单\nvt. 列入详细目录, 清点存货\n[计] 存货清单",cet6 ky toefl ielts gre
inverse,in'vә:s,"a. 倒转的, 相反的\nn. 反向, 反面\n[计] 反白, 反色",cet4 ky toefl gre
inversely,,"adv. 相反地\n[机] 反的, 反对",cet6
invert,in'vә:t,"a. 转化的\nvt. 使反转, 使颠倒, 使转化\nn. 颠倒的事物\n[计] 倒置; 反转",cet6 ky toefl ielts gre
invertebrate,in'vә:tәbrit,"a. 无脊椎的, 无骨气的\nn. 无脊椎动物, 无骨气的人",toefl gre
invest,in'vest,"vt. 投资, 花费, 笼罩, 授予\nvi. 投资, 利用",cet4 cet6 ky ielts
investigate,in'vestigeit,"v. 调查, 审查",cet4 cet6 ky toefl ielts gre
investigation,in.vesti'geiʃәn,"n. 调查, 审查\n[医] 调查, 调查研究",cet4 cet6 toefl ielts
investigators,ɪn'vestɪɡeɪtəz,"n. 调查者, 审查者( investigator的名词复数 )",ielts
investiture,in'vestitʃә,"n. 授职, 封爵\n[法] 授受, 授职, 授权",gre
investment,in'vestmәnt,"n. 投资\n[医] 包埋料, 围模料, 包埋法, 围模法",cet4 cet6 ky ielts
inveterate,in'vetәrit,"a. 根深的, 成癖的, 积习的\n[医] 慢性顽固性的, 绵延难治的",gre
invidious,in'vidiәs,"a. 引起反感的, 惹人不快的, 不公平的, 诽谤的",gre
invigilate,in'vidʒileit,"vi. 看守, 监考",ielts gre
invigorate,in'vigәreit,"vt. 使精力充沛, 鼓舞, 搞活, 使健壮",gre
invigorating,in'vigәreitiŋ,"a. 精力充沛的, 生气勃勃的",gre
invincible,in'vinsәbl,"a. 不能征服的, 无敌的",ielts
inviolable,in'vaiәlәbl,"a. 不可亵渎的, 不可侵犯的, 神圣的\n[法] 不可侵犯的, 神圣的",gre
invisible,in'vizәbl,"a. 看不见的, 无形的\n[经] 无形的, 表面上看不见的, 未列在公开帐目的",cet4 cet6 ky ielts
invitation,.invi'teiʃәn,"n. 邀请, 请柬, 引诱\n[经] 邀请, 招待, 吸引",gk cet4 cet6 ky
invite,in'vait,"vt. 邀请, 请求, 引起, 招致\nn. 邀请",zk gk cet4 cet6 ky
inviting,in'vaitiŋ,"a. 引人动心的, 有魅力的\n[法] 诱惑人的, 动人心的",toefl
invocation,.invәu'keiʃәn,"n. 祈祷, 符咒",toefl
invoice,'invɒis,"n. 发票, 发货单\nv. 开发票, 记清单",cet6 ielts gre
invoke,in'vәuk,"vt. 祈求, 恳求, 实行, 援引, 引起\n[计] 调用; 请求",toefl gre
involuntary,in'vɒlәntәri,"a. 自然而然的, 无意识的, 不知不觉的, 偶然的, 不随意的\n[医] 不随意的",toefl gre
involve,in'vɒlv,"vt. 包括, 使陷于, 潜心于, 包围\n[医] 累及, 牵涉, 包含",cet4 cet6 ky toefl ielts
involved,in'vɔlvd,"a. 难懂的, 复杂的, 不易懂的, 卷入...之中的, 累及..., 与...有关, 被纠缠的\n[计] 包含, 涉及",toefl
invulnerable,in'vʌlnәrәbl,"a. 不会受伤害的, 刀枪不入的, 无懈可击的, 无可反驳的",gre
inward,'inwәd,"a. 内心的, 向内的, 本来的\n[医] 向内的",cet4 cet6 ky
iodine,'aiәdi:n,"n. 碘, 碘酒\n[化] 碘I-2",gre
ion,'aiәn,n. 离子\n[化] 离子,cet6 toefl
ionosphere,ai'ɒnә.sfiә,n. 电离层\n[化] 电离层,toefl
iota,ai'әutә,"n. 希腊字母第9位(I,L), 极微小",gre
irascible,i'ræsәbl,"a. 易怒的, 暴躁的",gre
irate,'aireit,"a. 发怒的, 生气的",gre
ire,aiә,n. 忿怒\n[电] 美国无线电工程师学会,gre
Ireland,'aiәlәnd,n. 爱尔兰,gk
iridescence,.iri'desәns,"n. 彩虹色\n[医] 虹色, 晕色",gre
iridescent,.iri'desәnt,"a. 彩虹色的, 闪光的\n[医] 虹色的, 晕色的",gre
Irish,'airiʃ,"n. 爱尔兰人, 爱尔兰语\na. 爱尔兰的",gk
irk,ә:k,"vt. 使厌倦, 使苦恼",gre
irksome,'ә:ksәm,"a. 厌恶的, 讨厌的, 令人厌烦的",gre
iron,'aiәn,"n. 铁, 熨斗, 铁器, 坚强, 烙铁, 镣铐\nvt. 烫平, 熨, 用铁包\nvi. 烫平",zk gk cet4 cet6 ky
ironclad,'aiәnclæd,"a. 装甲的, 铁定的\n[法] 打不破, 装甲的, 镶铁的",gre
ironic,aiә'rɔnik,"a. 冷嘲的, 挖苦的, 反话的, 讽刺的, 令人啼笑皆非的, 出乎意料的",ky toefl gre
ironically,,"adv. 冷嘲地, 挖苦地, 讽刺地, 令人啼笑皆非地",cet6
irony,'aiәrәni,"n. 反语, 讽刺, 具有讽刺意味的事",cet6 ky toefl ielts gre
irradiate,i'reidieit,"vt. 照耀, 启发, 使灿烂, 放射\nvi. 发光, 变灿烂",toefl gre
irradicable,i'rædikәbl,a. 不能根除的,gre
irreconcilable,i'rekәnsailәbl,"a. 不能和解的, 不能协调的, 矛盾的",toefl gre
irredeemable,.iri'di:mәbl,"a. 不能赎回的\n[经] 不能偿还的, 不能兑现的",gre
irreducible,.iri'dju:sәbl,"a. 不能复归的, 不能削减的, 不可约的\n[医] 不能复位的, 不能还原的",gre
irregular,i'regjulә,"n. 不规则物, 不合规格之物\na. 不规则的, 不整齐的, 不合法的",cet4 cet6 toefl ielts
irregularity,i.regju'læriti,"n. 不规则, 例外, 违反规则的行为\n[化] 不匀度",cet6
irregularly,,"adv. 不规则, 不整齐, 不合法",toefl
irrelevant,i'relәvәnt,"a. 不恰当的, 无关系的, 不相干的\n[法] 无关的, 不相干的, 离题的",toefl
irremediable,.iri'mi:diәbl,"a. 不能治疗的, 不能改正的, 不能挽回的",gre
irreparable,i'repәrәbl,"a. 不能修补的, 不能挽回的\n[法] 不可弥补的, 不可挽回的",toefl
irrepressible,.iri'presәbl,"a. 约束不住的, 抑制不住的",toefl gre
irreproachable,.iri'prәutʃәbl,"a. 不可非难的, 无缺点的, 无过失的",toefl
irresistible,.iri'zistәbl,"a. 不可抵抗的, 不能压制的\n[经] 不可抗力",toefl
irresolute,i'rezәlu:t,"a. 无决断的, 优柔寡断的, 踌躇不定的",toefl
irrespective,.iri'spektiv,"a. 不顾的, 无关的, 没关系的",cet6 ky ielts
irresponsible,.iri'spɔnsәbl,a. 不负责任的；不可靠的,toefl
irreverence,i'revәrәns,"n. 不敬, 非礼, 不敬行为",toefl
irreverent,i'revәrәnt,"a. 不敬的, 不逊的, 无礼的",toefl
irreversible,",iri'vә:sәbl,-sib-","a. 不可逆的, 不可改变的, 不能倒置的, 不能翻转的, 不能倒转的, 不可撤销的\n[计] 不可逆的",toefl
irrevocable,i'revәkәbl,"a. 不能挽回的, 不能取消的, 不能变更的\n[经] 不能撤销的, 不能恢复的",toefl gre
irrigate,'irigeit,"vt. 灌溉, 冲洗伤口, 使清新\nvi. 灌溉",gk ky toefl gre
irrigation,.iri'geiʃәn,"n. 灌溉, 冲洗\n[医] 冲洗法, 灌溉",gk cet6 toefl ielts
irritable,'iritәbl,"a. 易怒的, 急躁的\n[医] 应激性的, 过敏的",toefl ielts gre
irritate,'iriteit,"vt. 激怒, 使发怒, 使兴奋, 使发炎\nvi. 引起不快",cet6 ky toefl ielts gre
irritating,'iriteitiŋ,"a. 刺激的, 使愤怒的, 气人的",toefl
irritation,.iri'teiʃәn,"n. 刺激, 烦恼, 刺激物\n[医] 刺激[作用], 兴奋",gre
Islam,'izlɑ:m,n. 伊斯兰教,cet6
island,'ailәnd,"n. 岛, 岛屿, 孤立地区, 安全岛\nvt. 使成岛状, 孤立",zk gk cet4 cet6 ky ielts
isle,ail,"n. 小岛, 群岛\nvt. 使成为岛状\nvi. 住在岛屿上",ky ielts
isolate,'aisәleit,"vt. 使隔离, 使孤立, 使绝缘\nn. 隔离种群",cet4 cet6 ky toefl ielts gre
isolated,'aisәleitid,"a. 孤立的, 孤零零的\n[计] 隔离的, 绝缘的",toefl ielts
isolation,.aisә'leiʃәn,"n. 隔绝, 孤立, 隔离\n[化] 分离; 生物分离",toefl ielts
isotope,'aisәutәup,n. 同位素\n[化] 同位素,gre
issue,'isju,"n. 发行, 问题, 后果, 流出, 出口, 争端\nvi. 发行, 流出, 造成...结果, 传下\nvt. 使流出, 放出, 发行, 发布, 发给",cet4 cet6 ky toefl ielts gre
issues,,"n. 议题, 问题；争点；债券（issue的复数）",ielts
isthmus,'ismәs,"n. 地峡, 峡部\n[医] 峡",gre
it,it,"pron. 它\n[计] 信息论, 输入终端, 智能终端, 内捕获",zk gk
Italian,i'tæljәn,"n. 意大利人, 意大利语\na. 意大利的, 意大利语的",gk cet4 cet6
Italy,'itәli,n. 意大利,gk ielts
item,'aitәm,"n. 项目, 条款, 一则, 项\n[计] 项",cet4 ky ielts
items,,n. 项目；名目；所有物品（item的复数形式）,ielts
iterate,'itәreit,"vt. 反复说, 重复\n[计] 迭代",toefl gre
itinerant,i'tinәrәnt,a. 巡回的\nn. 巡回者,toefl gre
itinerary,ai'tinәrәri,"n. 旅程, 旅行指南, 游记\na. 巡回的, 旅程的",toefl ielts gre
its,its,pron. 它的,zk gk
itself,it'self,"pron. 它本身, 它自己",zk gk
ivory,'aivәri,"n. 象牙, 乳白色\na. 象牙制的, 乳白色的",cet6 ielts gre
jabber,'dʒæbә,"v. 快而含糊地说, 吱吱喳喳地叫\nn. 快而含糊不清的话",gre
jack,dʒæk,"n. 插座, 千斤顶, 男人\nvt. 抬起, 提醒, 扛举, 增加, 提高, 放弃\na. 雄的\n[计] 插座",cet6
jacket,'dʒækit,"n. 夹克, 外套, 护套\nvt. 给...穿夹克, 给...装护套",zk gk cet4 cet6 ky ielts
jade,dʒeid,"n. 玉, 翡翠, 老马\na. 绿色的, 玉制的\nv. (使)疲倦",gre
jaded,'dʒeidid,"a. 疲倦不堪的, 厌倦的",gre
jagged,'dʒægd,a. 锯齿状的\n[电] 锯齿形的,ielts gre
jail,dʒeil,"n. 监牢, 监狱, 拘留所\nvt. 监禁, 下狱",cet4 cet6 ielts
jam,dʒæm,"n. 果酱, 拥塞之物, 堵塞, 困境\nvt. 挤进, 使塞满, 混杂, 压碎, 使堵塞\nvi. 堵塞, 轧住, 拥挤",gk cet4 cet6 ky ielts
jamb,dʒæm,"n. 门窗侧壁, 侧柱",gre
jamboree,'dʒæmbә'ri:,"n. 大喝大闹, 大集会, (童子军)欢乐的聚会",gre
janitor,'dʒænitә,"n. 守卫, 门警, 管理人\n[医] 幽门",ielts
January,'dʒænjuәri,n. 一月,zk gk ielts
Japan,dʒә'pæn,n. 日本\n[化] 天然漆; 大漆; 漆器,zk gk
Japanese,.dʒæpә'ni:z,"n. 日本人, 日语\na. 日本的, 日语的",zk gk ielts
jape,dʒeip,"n. 戏言, 笑料, 嘲弄\nvi. 开玩笑\nvt. 嘲弄",gre
jar,dʒɑ:,"n. 广口瓶, 震动, 刺耳声\nvi. 震惊, 冲突, 发刺耳声, 不一致\nvt. 震动, 刺激",gk cet4 cet6 ky toefl gre
jargon,'dʒɑ:gәn,"n. 专门术语, 行话, 梦话, 土语\n[计] 行话",ky gre
jarring,'dʒɑ:riŋ,"a. 辗轧的, 刺耳的, 不和谐的\nn. 辗轧声, 震动, 冲突",gre
jaundice,'dʒɒ:ndis,"n. 黄疸, 偏见, 乖僻\nvt. 使患黄疸, 使怀偏见",gre
jaundiced,'dʒɒ:ndist,"a. 患黄疸病的, 有偏见的, 嫉妒的",gre
jaunt,dʒɒ:nt,"n. 远足, 徒步旅游\nvi. 远足, 徒步旅游",gre
jaunty,'dʒɒ:nti,"a. 快活的, 活泼的, 轻快的",gre
jaw,dʒɒ:,"n. 颚, 颌\nv. 闲谈, 教训, 唠叨",gk cet4 cet6 ky toefl
jazz,dʒæz,"n. 爵士乐, 喧闹\na. 爵士乐的, 喧吵的\nvi. 演奏爵士乐, 跳爵士舞, 游荡\nvt. 奏爵士乐, 使活泼",gk cet4 ky gre
jealous,'dʒelәs,"a. 嫉妒的, 羡慕的, 留心的, 戒备的",cet4 cet6 ky toefl ielts
jealousy,'dʒelәsi,"n. 妒忌, 猜忌, 羡慕\n[法] 妒忌, 嫉妒, 猜忌",cet6 toefl gre
jean,dʒi:n,"n. 牛仔裤, 牛仔布, 斜纹棉布",cet6
jeans,dʒi:nz,"n. 工装裤, 牛仔裤",zk gk cet4 ky ielts
jeep,dʒi:p,n. 吉普车\nvi. 乘吉普车\nvt. 用吉普车运,gk
jeer,dʒiә,"n. 嘲笑, 讥讽, 戏弄\nv. 嘲弄, 揶揄, 戏弄",toefl ielts gre
jejune,dʒi'dʒu:n,"a. 贫弱的, 不毛的, 无味干燥的, 不成熟的",gre
jelly,'dʒeli,"n. 果冻, 果冻甜食, 胶状物\nv. (使)结冻, (使)成胶状",cet6 toefl
jellyfish,'dʒelifiʃ,"n. 水母, 海蜇, 意志薄弱的人\n[医] 海蛰, 水母",toefl
jeopardize,'dʒepәdaiz,"vt. 危害, 使受危困, 使陷危地",cet6 gre
jeopardy,'dʒepәdi,"n. 危难, 危险\n[法] 危险, 危难, 危险处境",toefl gre
jerk,dʒә:k,"n. 性情古怪的人, 急拉, 肌肉抽搐, 牛肉干\nvi. 痉挛, 急拉, 急推\nvt. 猛拉",cet6 toefl ielts gre
jest,dʒest,"n. 笑柄, 笑话\nvi. 讲笑话, 嘲笑, 开玩笑\nvt. 嘲笑",gre
jesting,'dʒestiŋ,"a. 爱开玩笑的, 打趣的, 说着玩的, 滑稽的, 逗趣的, 好笑的",gre
Jesus,'dʒi:zәs,n. 耶稣,cet6
jet,dʒet,"n. 喷射流, 喷嘴, 煤玉\nv. 射出, 迸出, 喷射\na. 黑而发亮的, 墨黑的",gk cet4 cet6 ky
jettison,'dʒetisәn,"n. 投弃, 投弃货物\n[经] 抛弃, 船货投海",toefl gre
jewel,'dʒu:әl,"n. 珠宝, 贵重物, 镶珠宝的饰物\nvt. 饰以珠宝, 镶以宝石",gk cet4 cet6 ky toefl
jeweler,'dʒu:әlә(r),"n. 宝石商, 宝石匠, 珠宝商",toefl
jewellery,'dʒu:әlri,"n. 宝石, 贵重饰物, 珠宝, 宝石饰物, 受珍视的人/物, 宝贝, 有价值的人/物",cet6
jewelry,'dʒu:әlri,"n. 珠宝, 珠宝类",gk ky toefl ielts
jewels,,n. 珠宝；宝石（jewel的复数形式）,toefl
Jewish,'dʒu:iʃ,"a. 犹太人的, 犹太族的",cet4 cet6
jibe,dʒaib,"vi. 嘲笑, 一致\nvt. 转帆, 嘲笑\nn. 嘲笑",gre
jigsaw,'dʒigsɒ:,n. 线锯\nvt. 用线锯锯,gre
jingle,'dʒiŋgl,"n. 叮当声\nv. (使)作叮当声, (使)押韵",cet6
jingoism,'dʒiŋ^әjiz(ә)m,"n. 侵略主义, 大国沙文主义",gre
jitter,'dʒitә,"vi. 神经过敏, 战战兢兢\n[计] 跳动; 抖动",gre
job,dʒɒb,"n. 工作, 零活, 职业, 事情\nvi. 做零工, 打杂, 做股票经纪, 假公济私\nvt. 代客买卖, 批发, 承包, 欺骗\n[计] 作业",zk gk ielts
jobs,dʒɔbs,n. 工作（job的复数形式）,ielts
jockey,'dʒɒki,"n. 赛马骑师, 驾驶员, 操作工\nvt. 骗, 瞒, 驾驶, 移动\nvi. 当赛马的骑师",gre
jocose,dʒә'kәus,"a. 开玩笑的, 诙谐的, 戏谑的",toefl
jocular,'dʒɒkjulә,a. 诙谐的,gre
jocund,'dʒɒkәnd,"a. 欢乐的, 高兴的",gre
jog,dʒɒg,"n. 轻推, 轻撞, 慢跑\nv. 轻推, (使)蹒跚行进, (使)慢跑",gk cet6 ky toefl ielts gre
jogging,'dʒɒgiŋ,n. 慢跑\n[电] 轻摇,toefl
join,dʒɒin,"vi. 参加, 结合, 加入\nvt. 连接, 结合, 参加, 加入\nn. 连接, 结合, 接合点\n[计] 连接; 汇合指令",zk gk toefl
joint,dʒɒint,"n. 连接处, 接合, 关节\na. 共同的, 联合的, 连接的, 合办的\nvt. 连接, 接合, 使有接头\nvi. 贴合, 长节",cet4 cet6 ky
joke,dʒәuk,"n. 笑话, 玩笑, 笑柄\nv. 开玩笑, 取笑, 作弄",zk gk cet4 ky
jolly,'dʒɒli,"a. 愉快的, 高兴的, 宜人的\nvt. 恭维, 使高兴, 取笑\nvi. 开玩笑\nadv. 非常, 极为",cet4 cet6 ky gre
jolt,dʒәult,"n. 震摇, 摇动, 颠簸\nvi. 颠簸而行, 震摇\nvt. 使颠簸, 使慌张, 猛击",toefl ielts gre
jolting,'dʒәultiŋ,n. 震压造型；震动,toefl
jot,dʒɒt,"n. 少量, 稍许\nvt. 略记, 摘要记载下来",gre
journal,'dʒә:nәl,"n. 日记, 杂志, 日报\n[化] 轴颈",cet4 cet6 ky toefl ielts
journalism,'dʒә:nәlizm,"n. 新闻业, 报章杂志\n[法] 报刊, 新闻业, 新闻出版",toefl
journalist,'dʒә:nәlist,"n. 新闻记者, 从事新闻杂志业的人",gk cet4 cet6 ky toefl ielts
journalistic,",dʒ\\\\: nә'listik","a. 新闻业的, 新闻工作者的, 报刊特有的, 新闻工作的",toefl
journey,'dʒә:ni,"n. 旅程, 旅行, 行程\nvi. 旅行\nvt. 游历",gk cet4 cet6 ky
jovial,'dʒәuviәl,"a. 快活的, 高兴的, 愉快的\n[计] 国际算法语言的朱尔斯文本",toefl gre
joy,dʒɒi,"n. 欢喜, 乐事, 高兴\nvt. 使快乐, 令人高兴\nvi. 欢喜",zk gk cet4 ky
joyful,'dʒɒiful,"a. 欢喜的, 高兴的, 令人高兴的",cet4 cet6
joyous,'dʒɒiәs,"a. 快乐的, 高兴的",toefl
jubilant,'dʒu:bilәnt,"a. 欢呼的, 喜洋洋的",toefl gre
jubilation,.dʒu:bi'leiʃәn,"n. 欢呼, 喜欢, 庆祝",gre
judge,dʒʌdʒ,"n. 法官, 裁判员, 审判官, 鉴定人\nvt. 审理, 鉴定, 判断, 判决, 裁定\nvi. 下判断, 作评价",gk cet4 cet6 ky
judgement,'dʒʌdʒmәnt,"n. 审判, 判决, 判断\n[经] 判定, 审定, 鉴定",gk cet4 cet6 ky toefl
judicial,dʒu:'diʃәl,"a. 法庭的, 公正的, 审判上的, 司法的\n[法] 司法的, 审判上的, 法官的",ky ielts gre
judicious,dʒu:'diʃәs,"a. 头脑精明的, 贤明的, 判断正确的",toefl gre
judiciousness,,n. 明智,gre
jug,dʒʌg,"n. 水壶, 监牢, 模仿夜莺的叫声\nvt. 放入壶中, 炖, 关押\nvi. 模仿夜莺叫",cet6 ky toefl
juggernaut,'dʒʌgәnɒ:t,n. 世界主宰,gre
juggle,dʒʌgl,"vi. 玩戏法, 行骗, 篡改\nvt. 耍弄, 歪曲, 篡改\nn. 玩戏法, 魔术, 欺骗",ky
juice,dʒu:s,"n. 汁, 活力, 体液\nvt. 挤出汁来, 加汁",zk gk toefl ielts
juicy,'dʒusi,"a. 多汁液的, 生动的, 多水分的",gk toefl
July,dʒu:'lai,n. 七月,zk gk ielts
jumble,dʒʌmbl,"vi. 搀杂, 混杂\nvt. 搞乱, 使混乱\nn. 混乱, 薄饼",toefl ielts gre
jump,dʒʌmp,"n. 跳跃, 跳动, 暴涨, 惊跳\nvt. 跳跃, 跃过, 突升, 使跳跃\nvi. 跳跃, 跳, 跳动, 暴涨\n[计] 转移, 跳转",zk gk
junction,'dʒʌŋkʃәn,"n. 连接, 会合处, 交叉点\n[医] 接[合]处, 接点.[接]界",cet6 ky toefl ielts gre
juncture,'dʒʌŋktʃә,"n. 接合, 连接, 接缝",toefl gre
June,dʒu:n,n. 六月,zk gk ielts
jungle,'dʒʌŋgl,"n. 丛林, 杂乱的一堆, 弱肉强食的地方",gk cet4 cet6 ky toefl ielts
junior,'dʒu:njә,"n. 年少者, 地位较低者, 大学三年级学生\na. 年少的, 下级的, 后进的",gk cet4 cet6 ky ielts
junk,dʒʌŋk,"n. 垃圾, 乌七八糟的东西, 舢板\n[计] 清除",gk cet6 ky ielts
Jupiter,'dʒu:pitә,"n. 朱庇物(罗马神话中的主神), 木星",cet6 toefl
jurisdiction,.dʒuәris'dikʃәn,"n. 司法权, 审判权, 管辖权\n[经] 法律管辖权, 审判权",toefl gre
jurisprudence,.dʒuәris'pru:dәns,"n. 法律学, 法律体系\n[医] 法学, 法律学",gre
jury,'dʒuәri,"n. 陪审团, 评判委员会\na. 应急的",cet4 cet6 ky toefl ielts
just,dʒʌst,"a. 正直的, 合理的, 正确的, 应得的\nadv. 刚刚, 正好, 仅仅",zk gk
justice,'dʒʌstis,"n. 正义, 公平, 公正, 正确, 司法, 审判",gk cet4 cet6 ky toefl
justifiable,'dʒʌstifaiәbl,"a. 可辩解的, 可证明的, 有理的\n[法] 正当的, 不可非议的, 可办明的",gre
justification,.dʒʌstifi'keiʃәn,"n. 辩护, 证明正当, 释罪\n[计] 调整",cet6 ielts gre
justify,'dʒʌstifai,"vt. 替...辩护, 证明\nvi. 证明合法\n[计] 段落重排, 两端对齐",cet4 cet6 ky toefl ielts gre
justly,'dʒʌstli,"adv. 公正地, 理由充分地, 正当地",toefl
juvenile,'dʒu:vinail,"n. 少年, 少年读物\na. 少年的, 不成熟的, 适于少年的",ky toefl ielts gre
juxtapose,.dʒʌkstә'pәuz,"vt. 并置, 并列\n[法] 使连接, 毗连, 并列",gre
juxtaposition,.dʒʌkstәpә'ziʃәn,"n. 并排, 并置, 并列\n[医] 并列, 并置, 对合",toefl
kaleidoscope,kә'laidәskәup,n. 万花筒,gre
kaleidoscopic,"kә,laidә'skɔpik","a. 万花筒似的, 千变万化的",gre
kangaroo,.kæŋgә'ru:,n. 袋鼠\n[医] 袋鼠(澳洲产),gk ielts gre
keen,ki:n,"a. 锋利的, 敏锐的, 强烈的, 敏捷的, 热心的, 渴望的\nn. 挽歌, 痛哭\nv. 唱挽歌, 痛哭",cet4 cet6 ky toefl ielts
keep,ki:p,"n. 生计, 维持, 保持\nvt. 保持, 保存, 遵守, 看守, 整理, 维持, 履行, 经营, 拘留, 记帐\nvi. 保持, 继续不断",zk gk ielts
keeper,'ki:pә,"n. 监护人, 管理人, 看守人\n[机] 保管人, 看守人, 保持片",gk cet4 cet6
kelp,kelp,"n. 海草, 巨藻, 海草灰\n[医] 海藻",ielts
ken,ken,"n. 视野范围, 知识范围, 见地",toefl gre
kennel,'kenl,"n. 狗舍, 狗屋, 阴沟\nvt. 置于狗舍, 宿于狗舍\nvi. 进狗窝",toefl gre
kernel,'kә:nl,"n. 核心, 中心, 精髓, 内核\n[计] 内核",cet6 toefl ielts gre
kerosene,'kerәsi:n,"n. 煤油, 火油, 灯油\n[化] 煤油",toefl
kettle,'ketl,"n. 茶壶, 罐\n[化] 釜体釜; 锅",gk cet4 cet6 ky toefl
key,ki:,"n. 钥匙, 键, 解答, 关键, 要害, 基调, 线索, 答案, 暗礁\nvt. 调音, 锁上, 提供线索\nvi. 使用钥匙\n[计] 键, 密钥",zk gk ielts
keyboard,'ki:bɒ:d,n. 键盘\n[计] 键盘,zk gk cet4 cet6 ky toefl
keys,,n. 关键帧；（钢琴等的）键；密钥（key的复数）,ielts
keywords,'ki:wә:dz,n. 关键字\n[计] 关键字,ielts
kick,kik,"n. 踢, 反冲, 后座力, 凹底\nvi. 踢, 反抗, 反冲\nvt. 踢, 反冲",zk gk cet4 cet6 ky
kid,kid,"n. 小山羊, 小山羊肉, 小孩, 欺骗\na. 小山羊皮制的\nv. 哄骗, 嘲弄",zk gk cet4 ky
kidnap,'kidnæp,"vt. 绑架, 诱拐, 拐骗\n[法] 拐带, 诱拐, 绑架",cet6 ky toefl ielts gre
kidney,'kidni,"n. 肾, 个性\n[医] 肾",cet6 ky ielts gre
kids,,n. 小山羊；儿童（kid的复数）,ielts
kill,kil,"n. 杀, 杀戮, 小河\nvt. 杀, 破坏, 消灭, 使终止, 抵消, 否决\nvi. 杀死\n[计] 删除",zk gk cet4 ky
killer,'kilә,"n. (非正式)杀人者, 屠杀者, 猛兽, 致死(疾病), 杀手, 止痛药, 限制器, 瞄准器\n[计] 删除程序; 断路器",ielts
killjoy,'kildʒɒi,"n. 令人扫兴的人, 煞风景",gre
kiln,kiln,"n. 窑, 炉, 干燥炉\nvt. 烧窑, (在干燥炉)烘干",toefl
kilo,'kilәu,n. 千\n[计] 千,zk gk ky
kilogram,'kilәgræm,"n. 千克, 公斤\n[医] 千克, 公斤",zk gk cet4
kilograms,'kɪləgræm,n. 千克( kilogram的名词复数 ),ielts
kilometer,'kilәmi:tә,"n. 千米, 公里\n[医] 千米, 公里",cet4
kilometre,'kilәjmi:tә(r),"n. 公里, 千米",zk ky
kilowatt,'kilәwɒt,n. 千瓦\n[医] 千瓦[特],cet6
kin,kin,"n. 亲戚, 同族, 血缘关系, 家族\na. 有亲属关系的, 性质类似的, 同类的",cet6 ky ielts gre
kind,kaind,"n. 种类, 性质, 方式\na. 亲切的, 仁慈的, 和蔼的",zk gk
kindergarten,'kindә.gɑ:tn,n. 幼稚园,gk ky ielts
kindle,'kindl,"vt. 点燃, 使着火, 引起, 照亮\nvi. 着火, 激动, 发亮",cet6 toefl ielts gre
kindness,'kaindnis,"n. 仁慈, 亲切, 和蔼",gk cet4 cet6 ky
kindred,'kindrid,"n. 家族, 相似, 亲戚关系\na. 同族的, 同类的, 血缘的",gre
kinetic,kai'netik,"a. 运动的, 运动引起的, 动力学的, 活动的\n[医] 运动的, 动的, 动力的",cet6 toefl gre
king,kiŋ,"n. 国王, 君主\nvt. 使...成为君主\nvi. 君临, 统治",zk gk cet4 ky ielts
kingdom,'kiŋdәm,"n. 王国, 领域\n[医] 界(动物,植物,矿物)",gk cet4 cet6 ky toefl
kinship,'kinʃip,"n. 亲属关系\n[法] 亲属关系, 家族关系, 关系",ky
kiosk,ki'ɒsk,"n. 亭, 凉亭, 报摊",gre
kiss,kis,n. 吻\nvt. 吻\nvi. 接吻,zk gk cet4 ky
kit,kit,"n. 装备, 工具箱, 成套工具\n[计] 成套部件; 成套零件",cet6 ky ielts
kitchen,'kitʃin,"n. 厨房, 全套炊具\n[医] 厨房",zk gk toefl ielts
kite,kait,"n. 风筝, 筝帆, 空头支票, 骗子\nvi. 象风筝一样飞, 轻快地移动, 使用空头支票\nvt. 使上升, 骗钱",zk gk cet4 cet6 ky
kits,,n. 装备；小桶；锦囊（kit的复数）,ielts
knack,næk,"n. 熟练技术, 巧妙手法, 诀窍\n[化] 窍门",gre
knapsack,'næpsæk,n. 背包,toefl
knave,neiv,"n. 恶棍, 骗徒, (纸牌的)杰克\n[法] 流氓行为, 无赖, 恶棍",gre
knead,ni:d,"vt. 揉, 按摩, 捏\n[机] 揉合",gre
knee,ni:,"n. 膝, 膝盖\nvt. 膝行, 用膝盖碰",zk gk cet4 cet6 ky
kneel,ni:l,vi. 跪下,cet4 cet6 ky
knell,nel,"n. 丧钟声, 哀伤的声音, 凶兆\nv. 鸣丧钟",toefl
knife,naif,"n. 小刀, 匕首\nvt. 切割, 伤害, 切, 戳\nvi. 劈开, 穿过",zk gk ielts
knight,nait,"n. 骑士, 爵士\nvt. 授以爵位",cet6
knit,nit,"v. 编织, 结合",cet4 cet6 ky ielts gre
knob,nɒb,"n. 把手, 瘤, 旋钮, 球形突出物\nvt. 使有球形突出物\nvi. 鼓起",cet4 cet6 ky ielts
knock,nɒk,"n. 敲, 敲打, 敲门\nv. 敲击, 互撞, 攻击",zk gk
knoll,nәul,"n. 小山, 圆丘\nvt. 敲钟\nvi. 敲响",gre
knot,nɒt,"n. 结, 群, 难题\nv. 打结, (使)纠缠",cet4 cet6 ky ielts
knotty,'nɒti,"a. 有结的, 多节的, 多瘤的, 棘手的",gre
know,nәu,"v. 知道, 了解, 认识, 确信",zk gk
know-how,'nәuhau,"n. 实际知识, 技术秘诀, 诀窍\n[计] 技术诀窍",gre
knowledge,'nɒlidʒ,"n. 知识, 学问, 认识, 知道",zk gk cet4 cet6 ky ielts
knowledgeable,'nɒlidʒәbl,"a. 聪明的, 有知识的",toefl
kudos,'kju:dɒs,"n. 称赞, 光荣, 荣誉",gre
kymograph,'kaimәugræf,n. 波动曲线记录仪\n[医] 记波[纹]器,toefl
lab,læb,"n. 实验室, 研究室\n[医] 凝乳酶",zk gk cet4 cet6 ky ielts
label,'leibl,"n. 标签, 称号, 商标, 标志\nvt. 贴标签于, 标注\n[计] 标志; 标注; DOS外部命令:用于建立改变或删除磁盘卷标号",cet4 cet6 ky toefl
labile,'leibail,"a. 不安定的, 易发生变化的\n[医] 不稳定的, 易变的",gre
labor,'leibә,"n. 劳动, 努力, 工作, 劳工, 分娩\nvi. 劳动, 努力, 苦干\nvt. 详细分析, 使厌烦",ky
laboratory,'læbrәtәri,"n. 实验室, 研究室, 化工厂\n[医] 实验室, 检验室, 化验室",zk cet4 cet6 toefl ielts
labored,'leibәd,"a. 吃力的, 缓慢的, 不自然的, 矫揉造作的",gre
laborer,'leibәrә,"n. 体力劳动者, 辅助工\n[机] 劳动者",toefl
laborious,lә'bɒ:riәs,"a. 艰苦的, 费劲的, 勤劳的",toefl ielts
laboriously,,adv. 辛苦地；费力地；不流畅地,toefl
labour,'leibә,"n. 劳动, 努力, 工作, 劳工, 分娩\nvi. 劳动, 努力, 苦干\nvt. 详细分析, 使厌烦",zk gk cet4 cet6
labourer,'leibәrә,"n. 劳动者, 干体力工作的工人, 劳工\n[机] 劳动者",gk
labyrinth,'læbәrinθ,"n. 迷宫, 难解事物, 迷路\n[化] 迷宫; 曲径",toefl gre
lace,leis,"n. 饰带, 花边, 缎带, 鞋带\nvt. 结带子, 饰以花边\nvi. 系带子\n[计] 全穿孔",cet4 cet6 ky toefl ielts gre
lacerate,'læsәreit,"vt. 划破, 割破, 使痛心, 撕碎\na. 撕碎的, 受折磨的",gre
laceration,.læsә'reiʃәn,"n. 划破, 割破, 裂伤撕碎\n[医] 撕裂, 裂伤",gre
lachrymose,'lækrimәus,"a. 爱哭的, 悲哀的",gre
lack,læk,"n. 缺乏, 无, 不足\nvt. 缺乏, 短少, 不足, 需要\nvi. 缺乏",gk cet4 ky ielts
lackadaisical,.lækә'deizikәl,"a. 懒洋洋的, 愁闷的, 伤感的",gre
lackey,'læki,"n. 仆人, 侍从, 马屁精\nvt. 服侍, 侍候, 奉承",toefl gre
lackluster,,"a. 没有光泽的, 无生气的, 平凡的\nn. 无光泽, 无生气, 暗淡",gre
laconic,lә'kɒnik,"a. 简洁的, 简明的",gre
lactic,'læktik,"a. 乳的, 乳汁的, 由乳汁取得的\n[医] 乳的",gre
lad,læd,"n. 青年, 家伙, 少年, 情人",ky
ladder,'lædә,"n. 梯, 梯状物, 发迹的途径\nvi. 袜子抽丝, 成名",gk cet4 cet6 ky
laden,'leidn,"a. 装满的, 负载的, 苦恼的\nlade的过去分词",ielts
lady,'leidi,"n. 淑女, 夫人, 女士, 贵妇",zk gk cet4 ky
lag,læg,"n. 落后, 囚犯, 迟延, 桶板, 防护套\na. 最后的\nvi. 落后, 蹒跚, 缓缓而行, 滞后\nvt. 落后于, 押往监狱, 加上外套\n[计] 延迟; 落后",cet4 cet6 ky toefl ielts gre
laggard,'lægәd,"n. 迟钝者, 落后者\na. 迟钝的, 落后的",gre
lagoon,lә'^u:n,"n. 环礁湖, 近海岸的浅水区, 泻湖, 咸水湖",toefl gre
lair,lєә,"n. 兽穴, 兽窝, 泥潭\nvi. 进入兽穴, 在泥中打滚\nvt. 放于穴中, 使陷入泥潭",gre
laity,'leiәti,"n. 俗人, 外行\n[医] 外行[人]",gre
lake,leik,"n. 湖, 池, 色淀\nv. (使)血球溶解",zk gk ielts
lakes,,"n. 色淀；湖泊, 湖畔",ielts
lamb,læm,"n. 小羊, 羔羊\nv. 产羊羔",zk gk cet4 cet6 ky ielts
lambaste,læm'beist,"vt. 痛打, 严责",gre
lame,leim,"a. 跛足的, 僵痛的, 不完全的, 金属薄板, 不知内情的人\nvi. 变跛\nvt. 使成残废, 使无用",gk cet4 cet6 ky ielts
lament,lә'ment,"n. 悲叹, 悔恨, 恸哭, 挽歌, 悼词\nvt. 哀悼\nvi. 悔恨, 悲叹",toefl ielts gre
lamentable,'læmәntәbl,"a. 可悲的, 哀伤的, 可怜的",gre
lamentation,.læmәn'teiʃәn,"n. 悲叹, 哀悼",cet6
laminate,'læmineit,"vt. 制成薄板, 制成箔\nvi. 分成薄片\na. 薄板状的\nn. 层积塑胶板, 薄片制品\n[计] 层压",gre
lamp,læmp,n. 灯\nvt. 照亮\n[计] 逻辑模拟分析系统,zk gk cet4 cet6 ky toefl ielts
lampoon,læm'pu:n,n. 讽刺文\nvt. 讽刺,gre
lampshade,'læmpʃeid,n. 灯罩,toefl
lance,lɑ:ns,"n. 长矛, 柳叶刀, 执矛战士\nvt. 以长矛攻击, 冲进\nvi. 急进",gre
lancet,'lɑ:nsit,"n. 刺血针, 小枪, 尖顶窗\n[医] 柳叶刀, 小刀",gre
land,lænd,"n. 陆地, 地面, 地界, 地产, 国土, 土地\nvi. 登陆, 登岸, 到达\nvt. 使上岸, 使登陆, 使到达\n[计] 连接盘; 焊盘",zk gk toefl ielts
landfill,'lændfil,n. 垃圾堆；垃圾填埋地,gre
landing,'lændiŋ,"n. 登陆, 码头, 降落\n[经] 上岸, 登陆, 降落",cet4 cet6 toefl
landlady,'lændleidi,"n. 女房东, 女地主",cet4 cet6 ky ielts
landlocked,'lændlɔkt,a. 被陆地围住的,gre
landlord,'lændlɒ:d,"n. 房东, 地主\n[经] 业主, 地主, 房东",cet4 cet6 ky
landmark,'lændmɑ:k,"n. 陆标, 划时代的事, 地界标\n[医] 界标",toefl gre
landmass,'lændmæs,n. 陆块,toefl
landscape,'lændskeip,"n. 风景, 山水, 风景画\nvi. 从事景观美化\nvt. 美化...景观\n[计] 横向",cet6 toefl ielts
landslide,'lændslaid,n. 山崩\n[化] 滑坡,toefl gre
lane,lein,"n. 小路, 巷, 弄, 单行道",cet4 cet6 ky ielts
language,'læŋgwidʒ,"n. 语言, 文字, 措辞\n[计] 语言",zk gk ielts
languid,'læŋgwid,"a. 疲倦的, 无力的, 阴沉的",toefl ielts gre
languish,'læŋgwiʃ,"vi. 憔悴, 凋萎, 苦思",toefl gre
languor,'læŋgә,"n. 怠惰, 疲倦, 无气力\n[医] 疲倦, 无力",gre
lank,læŋk,"a. 瘦的, 细长的, 长而柔软的",toefl gre
lantern,'læntәn,"n. 灯笼, 提灯, 航标灯\nvt. 装上提灯",gk cet4 cet6 ky
lap,læp,"n. 膝盖, 舔, 一圈, 下摆, 衣兜, 山坳\nvi. 重叠, 围住, 轻拍, 舔\nvt. 包围, 抱...在膝上, 使重叠, 舔, 拍打, 泼溅\n[计] 链接访问程序",gk cet4 cet6 ky ielts gre
lapidary,'læpidәri,"n. 宝石工艺匠, 宝石鉴定家\na. 宝石雕刻的, 宝石的",gre
lapse,læps,"n. 过失, 流逝, 失效\nvi. 犯错, 堕落, 减退, 消失, 流逝\nvt. 使失效",ky ielts gre
laptop,,[计] 膝上型的,ky
larder,'lɑ:dә,"n. 食物橱, 家用食品, 食物储藏室",gre
large,lɑ:dʒ,"a. 大的, 大量的, 宽大的, 广博的\nadv. 大大地, 夸大地",zk gk
largely,'lɑ:dʒli,"adv. 大量地, 很多地, 大半地",cet4 cet6 ky toefl
largess,"'lɑ:dʒes, 'lɑ:dʒis","n. 慷慨的赠与/赐与, 赏赐物, 慷慨, 大度, 施舍",gre
largesse,lɑ:'dʒes,"n. 慷慨的赠与, 慷慨赠与物, 慷慨的赏钱",gre
lark,lɑ:k,"n. 云雀, 百灵鸟, 欢乐, 嬉耍\nvi. 嬉耍, 骑马玩乐\nvt. 愚弄",gre
larva,'lɑ:vә,"n. 幼虫\n[医] 幼虫(昆虫), 蚴(蠕虫)",toefl gre
larvae,,"幼虫(昆虫), 幼体, 蚴(蠕虫)\n[医] 幼虫(昆虫), 蚴(蠕虫)",toefl
larynx,'læriŋks,n. 喉头\n[医] 喉,toefl
laser,'leizә,n. 激光\n[计] 激光器,gk cet4 cet6 ky toefl ielts
lash,læʃ,"n. 鞭子, 鞭打, 睫毛, 责骂, 讽刺\nvt. 鞭打, 摆动, 扎捆, 冲击, 讽刺, 煽动\nvi. 冲洗, 鞭打, 责骂",ky toefl ielts gre
lassitude,'læsitju:d,"n. 疲倦, 疲乏, 无精神\n[医] 倦怠",gre
lasso,'læsәu,"n. 套索, 以套索捕\nvt. 以套索捕",gre
last,lɑ:st,"a. 最后的, 末尾的, 最近的\nvi. 持续, 支持, 维持\nvt. 使维持, 够...用\nadv. 最后, 后来\nn. 最后, 末尾, 鞋楦头",gk
lasting,'lɑ:stiŋ,"a. 永久的, 永恒的, 持久的\nn. 厚实斜纹织物",toefl gre
latch,lætʃ,"n. 门闩\nvi. 上闩, 抓住, 占有\nvt. 闩上\n[计] 门闩线路; 锁存器",gre
late,leit,"a. 迟的, 晚的, 已故的\nadv. 很晚, 很迟, 晚",zk gk
lately,'leitli,"adv. 近来, 最近",gk cet4 cet6 ky toefl
latency,'leitnsi,"n. 潜伏, 潜在\n[计] 传输时间, 传输延迟时间",gre
latent,'leitnt,"a. 潜伏性的, 隐藏的\nn. 隐约指纹",cet6 ky toefl ielts gre
later,'leitә,"adv. 以后, 随后",gk cet4 cet6 ky
lateral,'lætәrәl,"n. 侧部, 支线, 边音\na. 侧面的, 旁边的",ky toefl ielts gre
latest,'leitist,a. 最近的,gk ielts
lathe,leið,n. 车床\nvt. 用车床加工,cet6 toefl gre
Latin,'lætin,"n. 拉丁人, 拉丁语\na. 拉丁人的, 拉丁语的",cet4 cet6 ky
latitude,'lætitju:d,"n. 纬度, 范围\n[化] 宽容度; 伟度",cet6 ky toefl ielts gre
latter,'lætә,"a. 后者的, 较后的, 近来的",gk cet4 cet6 ky toefl
lattice,'lætis,"n. 格子, 组合格子, 格子状东西\nvt. 制做格子, 使成格子状\n[计] 格",cet6 gre
laud,lɒ:d,"n. 赞美, 称赞\nvt. 赞美, 称赞",toefl gre
laudable,'lɒ:dәbl,"a. 值得赞赏的, 值得佩服的\n[医] 健康的",toefl ielts
laugh,lɑ:f,"n. 笑, 笑声\nvi. 笑, 大笑\nvt. 以笑表示",zk gk
laughter,'lɑ:ftә,"n. 笑, 笑声\n[医] 笑, 大笑",gk cet4 cet6 ky
launch,lɒ:ntʃ,"n. 下水, 汽艇, 发射\nvt. 使下水, 发射, 发动\nvi. 起飞, 下水, 投入, 开始",cet4 cet6 ky toefl ielts
laundry,'lɒ:ndri,"n. 洗衣店, 洗好的衣服, 洗涤\n[机] 洗衣作, 洗衣店, 洗衣房",gk cet4 cet6 ky toefl ielts
laurel,'lɒ:rәl,"n. 月桂树, 荣誉\nvt. 使戴桂冠, 授予荣誉",toefl
laurels,,"n. 荣誉, 胜利, 名声",toefl
lava,'lɑ:vә,"n. 熔岩, 火山岩\n[医] 火山石(一种顺势疗法药)",toefl ielts gre
lavatory,'lævәtәri,"n. 洗脸盆, 厕所",gk cet4 cet6 ky
lave,leiv,"vt. 沐浴, 洗\nn. 剩余物",toefl gre
lavish,'læviʃ,"a. 大方的, 丰富的, 浪费的\nvt. 浪费, 滥用, 慷慨给予",toefl ielts gre
law,lɒ:,"n. 法律, 法则, 定律, 法律的制约, 法学, 司法界, 诉讼\nv. 起诉",zk gk cet4 cet6 ky ielts
lawn,lɒ:n,"n. 草地, 草坪, 上等细麻布\n[机] 细筛",cet4 cet6 ky toefl ielts
lawsuit,'lɒ:sju:t,"n. 诉讼\n[法] 诉讼, 诉讼案件",cet6 toefl
lawyer,'lɒ:jә,n. 律师\n[经] 律师,gk cet4 cet6 ky ielts
lax,læks,"a. 松的, 不严格的, 腹泻的, 松弛的\nn. 腹泻, 松元音",ielts
laxative,'læksәtiv,"a. 通便的, 轻度腹泻的\nn. 通泻剂, 缓泻药",gre
lay,lei,"vt. 放置, 产, 铺设, 布置, 提出, 平息\nvi. 下蛋, 打赌\nn. 位置, 层, 隐藏处\na. 世俗的, 外行的\nlie的过去式",zk gk cet4 cet6 ky toefl ielts
layer,'leiә,"n. 层, 产卵鸡, 放置者\nvt. 分层堆积, 压植\n[计] 层",cet4 cet6 ky toefl ielts
layering,'leiәriŋ,[计] 分层\n[医] 分层,toefl
layman,'leimәn,"n. 俗人, 门外汉, 凡人\n[医] 外行, 业外人",cet6 ky toefl ielts gre
layoff,'leiɒf,"n. 临时解雇, 操作停止, 活动停止期间",cet6 ky ielts
layout,'leiaut,"n. 布局, 陈列, 规划图, 页面布局, 版面编排\n[计] 页面布局, 版面",cet4 cet6 ky toefl ielts
layover,'leiәuvә,n. 中途短暂的停留,gre
lazy,'leizi,"a. 懒惰的, 怠惰的, 缓慢的\nvi. 懒散",zk gk cet4 ky
lead,li:d. led,"n. 铅, 铅条, 领导, 超前量, 领引, 榜样, 主角, 导线\nvt. 引导, 带领, 领导, 指挥, 致使, 加铅于, 用铅包\nvi. 领导, 带头, 导致, 用测深锤测深, 被铅覆盖\na. 带头的, 最重要的",zk gk cet4 ky toefl
leader,'li:dә,"n. 领导者, 社论, 指挥, 领袖, 领唱者, 前导字符\n[计] 前导字符",zk gk cet4 cet6
leadership,'li:dәʃip,"n. 领导能力, 领导阶层",cet4 cet6 ky toefl
leading,'li:diŋ,"n. 领导, 指挥, 神示, 铅板\na. 领导的, 主要的, 在前的",gk cet4 cet6 ky toefl
leaf,li:f,"n. 叶, 树叶, 花瓣, 页\nvi. 生叶, 翻书页\nvt. 在...上长叶, 翻...的页",zk gk cet4 cet6 ky
leaflet,'li:flit,"n. 小叶, 传单\n[医] 小叶",cet6 ky ielts
league,li:g,"n. 同盟, 联盟, 盟约\nv. 组联盟, (使)加盟",gk toefl
leak,li:k,"n. 漏洞, 漏处, 漏出, 泄漏\nvi. 漏, 泄漏\nvt. 使渗漏",gk cet4 cet6 ky toefl ielts gre
leakage,'li:kidʒ,"n. 漏, 漏出物, 泄漏\n[化] 漏电; 漏水; 漏气; 渗漏; 漏失量; 漏出量",cet6 gre
leaky,'li:ki,"a. 有漏洞的, 易泄漏秘密的, 爱哭的\n[电] 漏的",toefl
lean,li:n,"n. 瘦肉, 倾斜, 倾斜度\na. 瘦的, 贫乏的, 歉收的\nvi. 倚靠, 倾斜, 依赖\nvt. 使倾斜",cet4 cet6 ky toefl gre
leap,li:p,"n. 跳跃, 剧增, 急变, 被越过之物\nvi. 跳跃, 突然经过\nvt. 跃过, 使跃过",cet4 cet6 ky toefl ielts
learn,lә:n,vt. 学习；认识到；得知,zk gk ielts
learned,'lә:nid,"a. 有学问的, 学术上的\nlearn的过去式和过去分词",gk cet4 cet6 ky
learning,'lә:niŋ,"n. 学问, 学识, 学习\n[计] 学习",cet4 cet6 ky
lease,li:s,"n. 租约, 租期, 租\nvt. 出租, 租出, 租得",cet6 ky toefl ielts gre
leash,li:ʃ,"n. (拴狗颈的)皮带\nvt. 以皮带束缚, 束缚",toefl gre
least,li:st,"n. 最少, 最小, 最小限度\na. 最少的, 最小的\nadv. 最小, 最少",zk gk cet4 cet6 ky ielts
leather,'leðә,"n. 皮革, 皮制品, 马镫的皮带\nvt. 覆以皮革, 鞭苔, 抽打\na. 皮革的, 皮制的",gk cet4 cet6 ky toefl
leave,li:v,"n. 许可, 告别, 请假, 休假\nvt. 离开, 剩下, 遗忘, 委托, 丢弃\nvi. 出发, 离开, 生叶",zk gk ielts
leaven,'levn,"n. 酵母, 促使渐变的因素\nvt. 使发酵, 渐变",gre
lectern,'lektә:n,n. 诵经台,gre
lecture,'lektʃә,"n. 演讲, 谴责, 讲稿\nvt. 演讲, 训诫, 说教\nvi. 讲演",gk cet4 cet6 ky ielts
ledge,ledʒ,"n. 突出部分, 暗礁, 矿层",toefl
ledger,'ledʒә,"n. 分类帐, 分户总帐, 盖墓石板, 横木\n[经] 分户帐, 分类帐",gre
leer,liә,"n. 秋波, 媚眼, 恶意的瞥视\nvi. 送秋波, 抛媚眼, 斜睨",gre
leery,'liәri,"a. 机敏的, 猜疑的, 狡猾的",gre
leeward,'li:wә:d,"a. 下风的, 在下风的\nadv. 在下风, 在下风方向\nn. 下风, 背风",gre
leeway,'li:wei,"n. 风压差, 风压角, 可容许的误差, 余地",gre
left,left,"a. 左边的, 左倾的, 左侧的, 左派的\nadv. 在左面\nn. 左, 左面, 左派\nleave的过去式和过去分词",zk gk
leftover,'leftәuvә,"n. 剩货, 残留物, 剩饭\na. 残余的",gk
leg,leg,"n. 腿, 假腿, 路程\nvi. 走, 跑",zk gk
legacy,'legәsi,"n. 祖先传下来之物, 遗赠物\n[经] 遗产, 遗赠物",cet6 ky toefl gre
legal,'li:gәl,"a. 法律的, 法定的, 合法的\n[经] 法定权利; 法律(上)的, 合法的",gk cet4 cet6 ky toefl ielts
legalize,'li:gәlaiz,"vt. 法律上认为正当, 使合法化\n[法] 使合法化, 法律上认可, 使符法律",toefl
legend,'ledʒәnd,"n. 传说, 传奇文学, 图例\n[计] 图例",cet4 cet6 ky toefl ielts gre
legendary,'ledʒәndәri,"a. 传说的, 传奇中说的, 传奇般的, 传说中的, 著名的",toefl
legerdemain,.ledʒәdә'mein,"n. 戏法, 骗术, 诡辩",gre
legible,'ledʒәbl,"a. 清晰的, 易读的",toefl gre
legion,'li:dʒәn,"n. 军团, 军队, 众多的人",toefl gre
legislate,'ledʒisleit,vi. 制定法律\nvt. 用立法规定,toefl ielts gre
legislation,.ledʒis'leiʃәn,"n. 立法, 法律\n[医] 立法, 法规",cet4 cet6 ky toefl ielts gre
legislature,'ledʒisleitʃә,"n. 立法机关, 议会, 立法院\n[法] 立法机构, 立法机关",toefl gre
legitimate,li'dʒitimәt,"a. 合法的, 正当的, 婚生的\nvt. 认为正当, 立为嫡嗣, 使合法",cet6 ky ielts gre
legume,'legju:m,"n. 豆类, 豆荚\n[医] 豆, [豆]荚",toefl
leisure,'li:ʒә,"n. 空闲, 闲暇, 悠闲\na. 空闲的, 有闲的",cet4 cet6 ky toefl ielts
leisureliness,'li:ʒәlinis,"n. 悠然, 从容",gre
leisurely,'li:ʒәli,"a. 悠闲的, 从容的\nadv. 从容地, 悠闲地",toefl
lemon,'lemәn,"n. 柠檬, 柠檬树, 柠檬色\n[医] 柠檬",gk cet4 ky ielts
lemonade,.lemә'neid,n. 柠檬水\n[医] 柠檬水,zk gk
lend,lend,"vt. 借, 贷款给, 增添, 提供, 出租\nvi. 贷款",zk gk
lender,'lendә,"n. 出借人, 贷方\n[经] 出借者, 贷方, 贷款人",ielts
length,leŋθ,"n. 长度, 长, 期间, 一段\n[计] 记录长度; 块长; 字长",gk cet4 cet6 ky ielts
lengthen,'leŋθәn,"vt. 加长, 使延长\nvi. 变长",cet6 toefl
lengthy,'leŋθi,"a. 冗长的, 漫长的",toefl
leniency,'li:njәnsi,"n. 宽大, 温和, 慈悲为怀\n[法] 宽大, 宽恕, 仁慈",gre
lenient,'li:njәnt,"a. 宽大的, 温和的, 慈悲为怀的\n[法] 宽大的, 仁慈的",ielts gre
lens,lenz,"n. 透镜, 镜头, 镜片, 晶状体\nvt. 给...摄影",cet4 cet6 ky toefl ielts
leopard,'lepәd,"n. 豹, 美洲豹",cet6 toefl
leprosy,'leprәsi,"n. 麻疯病, 腐败\n[医] 麻风",ielts
lesion,'li:ʒәn,"n. 损害, 身体上的伤害\n[医] 损害",gre
less,les,"n. 较少, 较小\na. 少的, 小的\nadv. 较少, 较小, 较差\n[计] 最低成本估算与调度法",gk cet4 ky
lessen,'lesn,"vt. 减少, 缩小, 减轻\nvi. 变小",cet4 cet6
lesson,'lesn,"n. 课, 课业, 教训",zk gk
lessons,ˈlesənz,n. 功课( lesson的名词复数 ); 课程; 教训; 一堂课,ielts
lest,lest,"conj. 以免, 唯恐, 免得",cet4 cet6 ky
let,let,"vt. 让, 假设, 出租, 排放, 妨碍\nvi. 出租, 被承包\nn. 出租屋, 障碍",zk gk ielts
lethal,'li:θәl,a. 致命的\nn. 致死因子,toefl ielts gre
lethargic,le'θɑ:dʒik,"a. 昏睡的, 无生气的, 泠漠的, 冷淡的\n[医] 昏睡的, 嗜眠的",toefl gre
lethargy,'leθәdʒi,"n. 昏睡, 瞌睡, 无力气\n[医] 昏睡, 嗜眠",toefl gre
letter,'letә,"n. 信, 字母, 证书, 字面意义, 铅字, 学问, 出租人\nvt. 写字母于, 在...上刻字母, 用字母标明\nvi. 写印刷体字\n[计] 字母",zk gk ielts
lettuce,'letis,"n. 莴苣, 生菜, 纸币\n[医] 莴苣",toefl
levee,'levi,"n. 早朝, 大堤\nvt. 为...筑堤",gre
level,'levl,"n. 水平, 水准, 平地\na. 同高的, 平坦的, 齐平的, 水平的\nvt. 弄平, 夷平, 使同等, 瞄准, 对准\nvi. 变平, 拉平\n[计] 级别",zk gk cet4 cet6 ky ielts
levelheaded,'levәl'hedid,"a. 稳健的, 头脑冷静的；明智的",gre
levels,,"n. 色阶调整；控制色阶；水平, 标准（level复数形式）",ielts
lever,'levә,"n. 杠杆, 似杠杆之工具\nvt. 撬开\nvi. 使用杠杆",cet4 cet6 ky ielts gre
leverage,'levәridʒ,"n. 杠杆作用, 杠杆装置, 杠杆效率\n[医] 杠杆率",cet4
levity,'levәti,"n. 轻率, 轻浮, 不稳定",toefl gre
levy,'levi,"n. 税款, 所征的人数, 征收\nvi. 征税, 课税\nvt. 征收, 强求, 召集",ky toefl ielts gre
lexical,'leksikl,"a. 字典的, 词汇的",gre
lexicographer,.leksi'kɒgrәfә,n. 辞典编纂者,gre
lexicon,'leksikәn,"n. 词汇, 词典, 辞典\n[计] 辞典",gre
liability,laiә'biliti,"n. 责任, 债务, 倾向\n[经] 责任, 义务, 负债",cet6 ky ielts gre
liable,'laiәbl,"a. 有义务的, 应负责的, 有...倾向的\n[法] 有责任的, 可受处理的, 应受罚的",cet4 cet6 ky ielts
liaison,li:'eizɒn,n. 联络,toefl ielts gre
liar,'laiә,n. 说谎者,cet4 cet6
libel,'laibәl,"n. 以文字损害名誉, 诽谤罪, 侮辱\nv. 诽谤, 中伤, 损害名誉",toefl gre
libelous,'laibәlәs,"a. 诽谤的, 败坏名誉的, 爱诽谤的, 诽谤性的",gre
liberal,'libәrәl,"n. 自由主义者\na. 慷慨的, 不拘泥的, 宽大的, 自由主义的",cet4 cet6 ky toefl ielts
liberality,",libә'ræliti","n. 慷慨, 宽宏大量, 心胸宽大, 胸怀广阔, 公正, 丰富, 宽阔, 丰满",gre
liberally,'libәrәli,"adv. 宽大地, 大方地, 自由地",toefl
liberate,'libәreit,"vt. 解放, 释放, 使自由\n[机] 释出, 放出",gk cet4 cet6 ky toefl gre
liberation,.libә'reiʃәn,"n. 释放, 解放\n[化] 发出; 释放; 放出",gk cet4 cet6
libertine,'libәti:n,"n. 放荡者, 玩乐者, 浪子, 自由思想家\na. 放荡的",gre
liberty,'libәli,"n. 自由, 特权, 许可, 冒失\n[法] 自由, 自由权, 自由区域",gk cet4 cet6 ky toefl gre
libido,li'bi:dәu,"n. 性的冲动, 性欲",gre
librarian,lai'brєәriәn,"n. 图书馆员, 图书管理员\n[计] 程序库管理程序; 程序库生成程序",gk cet4 cet6 ky toefl
libraries,,n. 图书馆查询系统；函数库；图书馆（library的复数）,ielts
library,'laibrәri,"n. 图书馆, 藏书, 库\n[计] 库",zk gk ielts
libretto,li'bretәu,"n. 歌词集, 剧本",gre
licence,'laisns,"n. 执照, 许可证, 特许\nvt. 许可, 特许, 认可",cet4 ielts
license,'laisns,"n. 执照, 许可证, 特许\nvt. 许可, 特许",zk gk cet4 cet6 ky gre
licentious,lai'senʃәs,"a. 放肆的\n[法] 放纵的, 无法无天的, 不守法的",gre
lichen,'laikәn,"n. 青苔, 地衣, 苔藓病\n[医] 地衣, 苔癣",toefl
licit,'lisit,"a. 合法的, 正当的\n[法] 合法的, 正当的",gre
lick,lik,"n. 舔, 少许, 打\nvt. 舔, 卷过, 鞭打\nvi. 轻轻拍打",cet4 cet6 ky ielts
lid,lid,"n. 盖子, 限制, 眼睑\nvt. 给...盖盖子",gk cet4 cet6 ky
lie,lai,"n. 谎言, 假象, 位置\nvi. 躺着, 说谎, 位于, 展现, 存在, 停泊\nvt. 谎骗",zk gk
lien,'li:әn,"n. 留置权, 扣押权\n[医] 脾",gre
lieutenant,lef'tenәnt,"n. 中尉, 助理人员, 副官",cet4 cet6
life,laif,"n. 生活, 生命, 人生, 世事, 生物, 寿命, 一生, 生命力, 灵魂, 无期徒刑\n[医] 生活, 生存, 生命, 寿命",zk gk
lifesaver,'laifseivә,"n. 救命者, 救生员, 济急的人",toefl
lifestyle,'laifstail,n. 生活方式,ielts
lifetime,'laiftaim,"n. 一生, 终生\na. 一生的, 终生的",gk cet4 cet6 ky
lift,lift,"n. 举起, 帮助, 昂扬, 电梯\nvt. 升高, 提高, 鼓舞, 清偿, 空运, 举起, 剽窃\nvi. 升起, 消散, 耸立",zk gk cet4 ky toefl ielts
ligature,'ligәtʃuә,"n. 绳, 索, 缚带\nvt. 缚, 捆, 结扎",gre
light,lait,"n. 光, 光亮, 灯, 日光, 发光体, 光源, 杰出人物, 火花, 眼光\na. 轻的, 少量的, 轻微的, 轻快的, 轻浮的, 明亮的, 淡色的, 容易的\nvt. 点燃, 照亮\nvi. 点着, 变亮, 突降, 偶然碰到\nadv. 轻地",zk gk ielts
lighten,'laitn,"vt. 照亮, 点亮, 减轻, 使轻松, 闪出\nvi. 发亮, 打闪, 变轻",cet4 cet6
lighter,'laitә,"n. 点火者, 点灯工人, 打火机, 驳船\nvt. 以驳船搬运",cet6
lighthouse,'laithaus,n. 灯塔,toefl
lightly,'laitli,"adv. 轻轻地, 少许, 不费力地",cet4 cet6
lightning,'laitniŋ,n. 闪电\nvi. 闪电\na. 闪电的,gk cet4 cet6 ky
lights,laits,n. （供食用的）家畜的肺脏；灯光（light的复数）,ielts
ligneous,'ligniәs,"a. 似木的, 木质的, 木制的\n[医] 木样的",gre
like,laik,"a. 相似的, 同样的\nvt. 喜欢, 愿意, 想\nvi. 喜欢, 希望\nn. 爱好, 同样的人(或物)\nprep. 象, 如同\nadv. 可能",zk gk
likelihood,'laiklihud,"n. 可能, 可能性",cet4 cet6 ky ielts
likely,'laikli,"a. 有可能的, 合适的, 前途有望的\nadv. 或许, 可能",gk cet4 cet6 ky
liken,'laikәn,"vt. 比喻, 比拟",gre
likeness,'laiknis,"n. 相象, 相似物, 样子",cet6
likewise,'laikwaiz,"adv. 同样地, 也",cet4 cet6 ky toefl ielts
lily,'lili,"n. 百合, 百合花\na. 洁白的, 纯白色的, 纯洁的",cet6
limb,lim,"n. 四肢, 枝干, 翼, 边缘\nvt. 切断...之手足",cet4 cet6 ky toefl ielts gre
limber,'limbә,"a. 柔软的, 敏捷的, 富于弹性的\nvt. 使柔软\nvi. 做准备活动",gre
limbo,'limbәu,"n. 地狱边缘, 监狱, 忘却\n[法] 监狱, 拘禁, 忘却",gre
lime,laim,"n. 石灰, 粘鸟胶, 酸橙\nvt. 以石灰处理, 粘鸟胶于, 撒石灰",cet4 cet6
limerick,'limәrik,n. 五行打油诗,gre
limestone,'laimstәun,n. 石灰石\n[化] 石灰石; 石灰岩,cet6 toefl gre
limit,'limit,"n. 界限, 边界, 限度, 极限, 限制\nvt. 限制, 限定",gk cet4 cet6 ky
limitation,.limi'teiʃәn,"n. 限制, 缺陷, 限额\n[医] 限界, 限制, 限度",cet4 cet6 ky toefl
limited,'limitid,"a. 有限制的, 有限的, 有限责任的\nn. 特别快车",cet4 cet6 ky gre
limn,lim,"vt. 描写, 描绘",gre
limner,'limnә,"n. 画家, 画匠",toefl
limousine,'limәzi:n,n. 轿车,gre
limp,limp,"n. 跛行\na. 柔软的, 无力的, 软弱的\nvi. 跛行",cet6 ky toefl ielts gre
limpid,'limpid,"a. 清澈的, 透明的, 平静的",toefl gre
line,lain,"n. 列, 线, 绳, 电线, 线路, 路线, 航线, 作业线, 界线, 战线, 外形, 排, 家系\nvt. 排成一行, 顺...排列, 划线于, 加衬里, 使有线条, 使起皱纹\nvi. 排队\n[计] 线路",zk gk cet4 cet6 ky ielts
lineage,'liniidʒ,"n. 血统, 直系\n[法] 血统, 世系",toefl gre
lineal,'liniәl,"a. 直系的, 正统的, 嫡出的\n[法] 直系的, 世袭的, 继承的",gre
lineaments,ˈlɪniəmənts,"n. <正>（面部等的）特征, 轮廓",gre
linear,'liniә,"a. 线的, 直线的, 线状的\n[计] 线性",cet6 ky toefl ielts gre
linen,'linin,"n. 亚麻布, 亚麻线, 亚麻制品\na. 亚麻布制的, 亚麻的",cet4 cet6 ky toefl ielts gre
liner,'lainә,"n. 班机, 划线者, 定期船, 衬里\n[化] 衬垫; 垫带; 套管",cet4 cet6 ky ielts
linger,'liŋgә,"vi. 逗留, 消磨, 徘徊\nvt. 消磨",cet6 ky toefl ielts gre
lingual,'liŋgwәl,"a. 舌的, 舌音的, 语言的\nn. 舌音",gre
linguistic,liŋ'^wistik,"a. 语言的, 语言学的\n[计] 语言的, 语言学的",cet6 ky toefl gre
linguistics,liŋ'gwistiks,n. 语言学,toefl ielts gre
lining,'lainiŋ,"n. 衬里, 内层, 衬垫\n[化] 衬里; 衬垫; 衬套; 衬层",cet6
link,liŋk,"n. 环, 连结物, 链接, 火把\nvt. 连结, 联合, 挽住\nvi. 连接起来\n[计] 连接, 链路",gk cet4 cet6 ky ielts
linoleum,li'nәuliәm,"n. 油地毡, 漆布\n[化] 油毡; 亚麻油毡",gre
lint,lint,"n. 绷带用麻布, 皮棉\n[医] 绒布(外科用布)",gre
lion,'laiәn,"n. 狮子, 狮子(星)座, 国际狮子会会员",zk gk cet4 cet6 ky
lionize,'laiәnaiz,"vt. 将...以名人待之, 游览...的名胜\nvi. 结交名流",gre
lions,,n. 腰角；雄狮；狮子（lion的复数）,ielts
lip,lip,"n. 唇, 口缘, 唇状构造\nvt. 以嘴唇碰, 轻轻说出\na. 口头上的\n[计] 大型互连网信息包",gk cet4 cet6 ky toefl
lipid,"'lipid, 'laipid","n. 脂类, 类脂物, 脂质\n[化] 类脂; 脂质; 脂类",toefl
lipstick,'lipstik,"n. 口红, 唇膏\n[机] 口红",cet6
liquefy,'likwifai,"v. (使)溶解, (使)液化",gre
liquid,'likwid,"n. 液体, 流体, 流音\na. 液体的, 透明的, 明亮的, 流动的, 易变的",gk cet4 cet6 ky toefl gre
liquidate,'likwideit,"vt. 偿付, 清算, 扫除, 整理, 变卖, 消灭\nvi. 清算, 清理",gre
liquor,'likә,"n. 酒, 液体, 汁, 溶液\nvt. 浸水\nvi. 喝酒",cet4 cet6 ky ielts
lissome,'lisәm,"a. 柔软的, 敏捷的",gre
list,list,"n. 目录, 名单, 明细表, 布条, 条纹, 列表, 序列, 数据清单\nvt. 列出, 列于表上, 记入名单内, 装布条\nvi. 列于表上\n[计] 列表, 序列, 数据清单",zk gk cet4 cet6 ky ielts gre
listen,'lisn,"vi. 听, 倾听, 听从\nn. 听, 倾听",zk gk
listener,'lisnә,"n. 收听者, 听众",cet4
listless,'listlis,"a. 倦怠的, 无精打采的\n[经] 交易清淡的",toefl gre
liter,'li:tә,n. 公升\n[化] 升,cet4 cet6
literacy,'litәrәsi,"n. 读写能力, 识字, 精通文学",cet6 ky toefl ielts
literal,'litәrәl,"a. 逐字的, 字面上的, 文字的, 字母的\nn. 印刷错误\n[计] 文字; 直接量; 字面量; 句节",cet6 gre
literally,'litәrәli,"adv. 逐字地, 按照字面上地, 不夸张地",cet6 ky toefl ielts
literary,'litәrәri,"a. 文学的, 文艺的, 精通文学的\n[法] 文学的, 从事文学的, 从事写作的",gk cet4 cet6 ky toefl
literate,'litәrit,"n. 学者\na. 有读写能力的, 精通文学的, 受过教育的",ky toefl gre
literati,.litә'rɑ:ti:. 'rɑ:ti:. -'reitai,n. 文人（literatus的复数）；文学界,gre
literature,'litәrәtʃә,"n. 文学, 文艺, 著作\n[经] 广告, 商品介绍等文学",gk cet4 cet6 ky ielts
lithe,laið,a. 柔软的,toefl gre
lithograph,'liθәugræf,"n. 平版印刷品, 石版画\nvt. 以平版印刷",toefl
lithosphere,'liθәu.sfiә,"n. 岩石圈, 陆界\n[化] 岩石圈",toefl
litigant,'litigәnt,"a. 诉讼的\nn. 诉讼当事人, 诉讼关系人",gre
litigation,.liti'geiʃәn,"n. 诉讼, 起诉\n[经] 诉讼, 纠葛",gre
litre,li:tә(r),"n. 升, 公升\n[计] 升",gk ky
litter,'litә,"n. 垃圾, 杂乱, 轿, 担架\nvt. 乱丢, 铺草, 弄乱\nvi. 产仔, 乱丢垃圾",zk gk cet6 ky toefl ielts gre
little,'litl,"n. 一点点, 少许, 一会儿, 短时间\na. 小的, 很少的, 幼小的, 琐碎的, 短暂的, 矮小的\nadv. 很少, 稍微, 完全不",zk gk
littoral,'litәrәl,"a. 海滨的, 湖岸的, 沿海的\nn. 沿海地, 沿海地区",gre
live,liv.laiv,"a. 活的, 生动的, 精力充沛的, 实况转播的\nvi. 活, 生存, 居住\nvt. 过着, 度过, 经历\nadv. 实况地",zk gk ielts
livelihood,'laivlihud,"n. 生计, 营生, 生活",toefl
lively,'laivli,"a. 活泼的, 鲜明的, 生动的",zk gk cet4 cet6 ky toefl
liver,'livә,"n. 肝脏, 生活者, 居民\n[医] 肝",cet4 cet6 ky toefl
livestock,'laivstɒk,"n. 家畜\n[经] 牲畜, 家畜",cet4 toefl ielts
livid,'livid,a. 铁青的\n[医] 青紫的,gre
living,'liviŋ,"n. 生活, 生计, 生存\na. 活的, 逼真的, 现存的",gk cet4 cet6 ky
living-room,,n. 起居室,cet4
lizard,'lizәd,n. 蜥蜴\n[医] 蜥蜴,toefl
load,lәud,"n. 负荷, 担子, 重担, 装载量, 负载, 工作量, 加载\nvt. 装载, 装填, 使担负\nvi. 装货, 上客, 装料\n[计] 加载, 装入程序",gk cet4 cet6 ky toefl
loaf,lәuf,"n. 一条面包, 块, 游荡\nv. 游手好闲, 虚度光阴",gk cet4 cet6 ky ielts gre
loam,lәum,n. 壤土\nvt. 用土填,gre
loan,lәun,"n. 贷款, 借出\nv. 借, 供应货款, 借给",cet4 cet6 ky toefl ielts
loans,,n. 借贷；贷款（loan的复数形式）,ielts
loath,lәuθ,"a. 不情愿的, 厌恶的",toefl ielts gre
loathe,lәuð,"vt. 厌恶, 憎恶",toefl gre
loathsome,'lәuðsәm,"a. 讨厌的, 可恶的, 令人憎恶的",toefl
lobby,'lɒbi,"n. 大厅, 休息室, 游说议员者\nvi. 游说议员, 游说\nvt. 游说",cet6 ky toefl ielts gre
lobe,lәub,"n. 叶, 耳垂, 裂片\n[医] 叶",gre
lobster,'lɒbstә,n. 龙虾,toefl
local,'lәukәl,"a. 地方性的, 当地的, 局部的, 乡土的, 本地的\nn. 当地居民, 本地新闻, 局部\n[计] 本地的; 局部",gk cet4 cet6 ky ielts
locale,lәu'kɑ:l,"n. 现场, 场所\n[计] 场所",gre
locality,lәu'kæliti,"n. 地方, 所在, 位置\n[法] 位置, 场所, 地区",cet6 ky toefl ielts
locally,'lәukәli,"adv. 地方性地, 局部性地, 在当地",toefl
locate,'lәukeit,"vt. 找出, 设于, 位于\nvi. 定居",cet4 cet6 ky toefl
location,lәu'keiʃәn,"n. 位置, 场所, 特定区域\n[计] 位置",cet4 cet6 ky toefl ielts
locations,,n. 位置；定位件；地点（location的复数）,ielts
lock,lɒk,"n. 锁, 刹车, 水闸, 一缕头发\nvt. 锁, 锁上, 拘禁, 隐藏, (用锁等)拴住, 刹住\nvi. 锁住, (齿轮等)啮合, (船)过闸",zk gk cet4 ky ielts
locker,'lɒkә,"n. 抽屉, 小柜, 上锁人\n[机] 锁柜",ky ielts
locomote,'lәukәmәut,vt. 移动；行动,toefl
locomotion,.lәukә'mәuʃәn,"n. 运动, 移动, 旅行\n[医] 行动, 运动",toefl gre
locomotive,.lәukә'mәutiv,"n. 火车头, 机车\na. 运转的, 火车头的, 移动的",cet4 cet6 ky toefl ielts gre
locoweed,'lәukәuwi:d,n. 疯草,toefl
locus,'lәukәs,"n. 轨迹；地点, 所在地",gre
locust,'lәukәst,"n. 蝗虫, 蚱蜢, 蝉",gk cet6 gre
locution,lәu'kju:ʃәn,"n. 语言表达方式, 语言风格",gre
lode,lәud,"n. 矿脉, 水路, 排水沟",toefl gre
lodge,lɒdʒ,"n. 小屋, 门房, 支部, 旅舍, 分会\nvi. 临时住宿, 倒伏, 寄宿, 投宿\nvt. 安顿, 容纳, 提出, 把...射入, 存放",cet4 cet6 ky toefl ielts
lodging,'lɒdʒiŋ,"n. 寄宿处, 寄宿\n[法] 提起, 住所",cet6 toefl ielts
loft,lɒft,"n. 阁楼, 鸽房, 楼上\nvt. 储存于阁楼上\nvi. 将球高击",gre
lofty,'lɒfti,"a. 高的, 傲慢的, 崇高的, 高级的, 玄虚的",cet6 ky toefl ielts gre
log,lɒg,"n. 记录, 圆木, 日志, 计程仪\nvt. 伐木, 切, 航行\nvi. 伐木\n[计] 日志",cet4 cet6 ky toefl ielts gre
logic,'lɒdʒik,"n. 逻辑, 逻辑学, 推理的方法, 推理, 逻辑性\n[计] 逻辑",cet4 cet6 ky toefl ielts
logical,'lɒdʒikәl,"a. 合乎逻辑的, 合理的\n[法] 逻辑的, 符合逻辑的",cet4 cet6 ky toefl
logistics,lәu'dʒistiks,"n. 后勤学, 后勤\n[医] 后勤学",cet6 gre
logjam,'lɒgdʒæm,"n. 拥挤, 行不通, 为许多圆木材所阻",gre
loiter,'lɒitә,"v. 闲荡, 虚度, 徘徊",gre
loll,lɒl,"vi. 懒散地闲荡, 垂下头, 伸舌\nvt. 垂, 伸, 靠着",ielts gre
London,'lʌndәn,n. 伦敦,zk gk ielts
lone,lәun,"a. 孤单的, 孤立的, 单身的, 寂寞的",toefl
lonely,'lәunli,"a. 孤单的, 孤寂的, 荒凉的",zk gk cet4 cet6 ky
long,lɒŋ,"a. 长的, 长久的, 冗长的, 做多头的\nvi. 渴望, 热望, 极想\nadv. 长久, 始终\nn. 长时间, 长信号, 长整型\n[计] 长, 长整型",zk gk toefl
long-lasting,lɒŋ 'lɑ:stɪŋ,a. 持久的；持续的；长期的,toefl
long-range,,"a. 远程的, 远大的, 长期的\n[化] 远程的; 长距离的; 长期的; 长远的",toefl
long-standing,'lɔŋstædiŋ,a. 长期存在的,toefl
long-winded,'lɔŋ'windid;'lɔ:ŋ-,"a. 气息长的, 冗长的, 罗唆的",gre
longevity,lɒn'dʒeviti,"n. 长命, 长寿, 寿命\n[医] 长寿",cet6 toefl gre
longing,'lɒŋiŋ,"n. 渴望, 热望, 憧憬\na. 渴望的, 热望的",cet6 toefl gre
longitude,'lɒndʒitju:d,"n. 经度, 经线\n[电] 经度",cet6 ky toefl ielts
look,luk,"n. 一看, 神色, 样子, 面容\nvi. 看, 注意, 朝着, 显得\nvt. 打量, 看上去与...一样, 以眼色(或脸色)显示, 期待",zk gk
loom,lu:m,"n. 织布机, 若隐若现的景象\nvi. 朦胧地出现, 隐约可见, 可怕地出现",ky toefl ielts gre
loon,lu:n,"n. 懒人, 潜鸟, 笨蛋",gre
loop,lu:p,"n. 环, 圈, 弯曲部分, 循环\nvt. 使成环, 以圈结, 以环连结\nvi. 打环, 翻筋斗\n[计] 循环",cet4 cet6 ky toefl ielts gre
loophole,'lu:phәul,"n. 枪眼, 小窗, 换气孔",gre
loose,lu:s,"n. 发射, 放任, 放纵\na. 宽松的, 松的, 宽的, 不牢固的, 散漫的, 自由的, 不精确的\nvt. 释放, 放枪, 开船\nvi. 变松, 开火\nadv. 松散地",gk cet4 cet6 ky toefl
loosely,'lu:sli,"adv. 松弛地, 宽松地, 不紧",cet6 toefl
loosen,lu:sn,"vt. 放松, 松开, 解除\nvi. 变松, 松弛",cet4 cet6 ky toefl gre
loot,lu:t,"n. 赃物, 洗劫, 抢夺\nv. 洗劫, 抢夺",toefl
lope,lәup,v. (使)大步慢跑\nn. 大步慢跑,gre
lopsided,lɒp'saidid,"a. 倾向一方的, 不平衡的",gre
loquacious,lәu'kweiʃәs,"a. 多嘴的, 好辩的, 吵闹的, 潺潺的",gre
lord,lɒ:d,"n. 统治者, 阁下, 上帝\nvi. 称王, 作威作福\nvt. 使成贵族",cet4 cet6 ky
lore,lɒ:,"n. 知识, 眼光",toefl gre
lorry,'lɒri,"n. 卡车, 货车\n[化] 载重汽车",gk cet4 cet6 ky
lose,lu:z,"vt. 遗失, 损失, 丢失, 使失去, 错过, 浪费, 迷失, 使迷路, 输去, 使沉溺于\nvi. 受损失, 失败",zk gk cet4 cet6 ky
loss,lɒs,"n. 损失, 遗失, 失败, 输, 错过, 伤亡\n[化] 损失; 损耗",gk cet4 cet6 ky ielts
lot,lɒt,"n. 运气, 签, 抽签, 份额, 许多, 一堆\nvt. 划分\nvi. 抽签, 抓阄",zk gk gre
loth,lәuθ,"a. 不愿意的, 厌恶的",ielts
lottery,'lɒtәri,"n. 奖券, 彩票, 运气\n[经] 抽彩给奖法",ky toefl ielts gre
loud,laud,"a. 大声的, 不断的, 喧吵的\nadv. 高声地, 大声地",zk gk cet4 ky
loudly,'laudli,"adv. 高声地, 大声地, 吵闹地",gk
loudspeaker,'laud'spi:kә,"n. 扩音器, 喇叭\n[电] 扬声器",gk cet4 cet6 ky
lounge,laundʒ,"n. 闲逛, 休闲室, 长沙发\nvi. 闲混, (懒洋洋地)躺\nvt. 闲混",gk cet6 ky ielts gre
lout,laut,n. 蠢人\nvt. 愚弄\nvi. 屈服,gre
loutish,'lautiʃ,"a. 粗野的, 无礼的",gre
love,lʌv,"n. 爱, 恋爱, 爱情, 爱好, 性爱\nvt. 爱, 爱好, 爱慕\nvi. 爱",zk gk
lovely,'lʌvli,"a. 可爱的, 有趣的",zk gk
lover,'lʌvә,"n. 爱人, 爱好者",cet4 ky
low,lәu,"n. 低点, 低价, 低, 牛叫声\na. 低的, 消沉的, 低等的, 浅的, 卑贱的\nadv. 低下地, 谦卑地, 低\nvi. 牛叫",zk gk gre
low-risk,ləu risk," [医]低危的, 低风险的",ielts
lowbred,'lәu'bred,a. 未受过好教育的,gre
lower,'lәuә,"a. 低的, 下级的, 下层的\nvi. 降低, 跌落, 减弱\nvt. 放下, 降下, 减弱, 贬低",cet4 ky
loyal,'lɒiәl,"a. 忠诚的, 忠实的, 忠贞的",cet4 cet6 ky toefl ielts gre
loyalty,'lɒiәlti,"n. 忠贞, 忠诚, 忠实\n[法] 忠诚, 忠心",cet4 cet6 ky
lubricant,'lu:brikәnt,"a. 润滑的\nn. 润滑物, 润滑油, 润滑剂",gre
lubricate,'lu:brikeit,"vt. 使润滑, 涂油\nvi. 润滑",cet4 cet6 ky ielts gre
lubrication,",lu:bri'keiʃәn","n. 润滑, 注油, 润滑作用\n[计] 润滑",toefl
lubricious,lu:'briʃәs,"a. 滑的, 光滑的, 淫荡的, 不稳定的",gre
lucid,'lu:sid,"a. 明晰的, 清澈的, 透明的, 透彻的\n[医] 清明的, 透明的, 清醒的",ielts gre
luck,lʌk,"n. 运气, 幸运, 好运, 侥幸\nvi. 靠好运成功",zk gk cet4 ky ielts
lucky,'lʌki,"a. 幸运的, 吉祥的, 好运的, 侥幸的",zk gk cet4 ky
lucrative,'lu:krәtiv,"a. 有利益的, 获利的, 合算的",toefl ielts gre
lucre,'lu:kә,"n. 收益, 钱财",gre
lucubrate,'lu:kju:breit,"vi. 在灯下用功, 深入研究, 专心著作",gre
ludicrous,'lu:dikrәs,"a. 可笑的, 滑稽的, 荒唐的",ielts gre
lug,lʌg,"v. 拖, 拉\nn. 一拖, 一拉, 耳朵, 耳状物, 装腔作势, 勒索",toefl gre
luggage,'lʌgidʒ,"n. 行李, 皮箱",gk cet4 cet6 ky
lukewarm,'lu:kwɒ:m,"a. 微温的, 不热的, 不热情的\n[医] 微温的",gre
lull,lʌl,"n. 暂停, 间歇, 稍息, 使人安静的东西\nvt. 使平静, 哄骗, 使安静\nvi. 变平静",toefl ielts gre
lullaby,'lʌlәbai,"n. 摇篮曲, 催眠曲, 轻柔的音乐",gre
lumber,'lʌmbә,"n. 木材, 破旧家俱, 废物, 隆隆声\nvt. 砍伐木材, 乱堆\nvi. 笨拙地移动, 喧闹地向前走, 隆隆地移动",cet4 cet6 ky toefl gre
lumbering,'lʌmbәriŋ,"n. 伐木, 伐木业\na. 外形笨重的, 笨拙的, 步子沉重的, 动作迟缓的, 表达不流畅的",toefl
lumberjack,'lʌmbәdʒæk,"n. 伐木工人, 板材上垛装置",gre
lumen,'lu:min,"n. 流明, 腔\n[医] 腔, 流明(光通单位)",gre
luminary,'lu:minәri,"n. 发光体, 杰出人物",gre
luminosity,.lu:mi'nɒsiti,"n. 光明, 光辉, 光度, 亮度\n[计] 亮度",toefl
luminous,'lu:minәs,"a. 发光的, 明亮的\n[医] 发光的",cet6 toefl ielts
lump,lʌmp,"n. 块, 瘤, 很多, 肿块, 笨人\nvt. 使成块状, 混在一起\nvi. 结块",cet4 cet6 ky toefl ielts gre
lunar,'lu:nә,"a. 阴历的, 月的, 微亮的(指光)\n[医] 月的, 银的",cet4 cet6 ky toefl ielts gre
lunatic,'lu:nәtik,"n. 疯人, 癫狂者, 愚蠢的人\na. 疯癫的, 愚蠢的, 丧心病狂的, 精神错乱的",gre
lunch,lʌntʃ,n. 午餐,zk gk ielts
luncheon,'lʌntʃәn,"n. 午宴, 午餐会",cet6
lung,lʌŋ,"n. 肺, 肺脏, 空地\n[医] 肺",gk cet4 cet6 ky toefl
lurch,lә:tʃ,"n. 惨败, 倾斜, 挫折, 举步蹒跚, 徘徊\nvi. 惨败, 倾斜, 徘徊\nvt. 击败",toefl gre
lure,luә,"n. 饵, 诱惑\nvt. 引诱, 诱惑",ky toefl ielts gre
lurid,'luәrid,"a. 火烧似的, 苍白的, 华丽的, 可怕的",gre
lurk,lә:k,"n. 潜伏, 潜行\nvi. 暗藏, 潜伏, 埋伏\n[计] 隐匿阅读",toefl ielts gre
luscious,'lʌʃәs,"a. 甘美的, 浓厚的, 满足感官的",gre
lush,lʌʃ,"a. 苍翠繁茂的, 多青草的, 丰富的\nn. 酒, 酒鬼\nv. 饮",gre
lust,lʌst,"n. 贪欲, 欲望, 色欲\nvi. 贪求, 渴望, 动淫念",toefl gre
luster,'lʌstә,"n. 光彩, 荣誉, 光泽\nvi. 有光泽, 发亮\nvt. 使发光辉",toefl
lustrous,'lʌstrәs,"a. 有光泽的, 光辉的",toefl gre
lusty,'lʌsti,"a. 健壮的, 精力充沛的",toefl gre
luxuriant,lʌg'zjuәriәnt,"a. 繁茂的, 丰富的, 肥沃的, 华丽的\n[医] 过盛的, 过多的",toefl gre
luxurious,lʌg'zjuәriәs,"a. 豪华的, 奢侈的, 放纵的",cet6 toefl gre
luxury,'lʌkʃәri,"n. 奢侈, 豪华\na. 奢侈的, 豪华的",cet4 cet6 ky toefl ielts gre
lynch,lintʃ,"n. 私刑, 私罚\nvt. 处以私刑处死, 加私刑",gre
lyric,'lirik,"n. 抒情诗, 歌词\na. 抒情的",toefl gre
lyrically,,adv. 抒情地；诗意地；狂热地,toefl
lyricist,'lirisist,"n. 抒情诗人, 歌曲作者",toefl
macabre,mә'kɑ:brә,"a. 以死亡为主题的, 可怕的",gre
macerate,'mæsәreit,"vi. 浸软, 消瘦\nvt. 把...浸软, 使消瘦",gre
machination,mæki'neiʃәn,"n. 阴谋, 图谋, 策划\n[法] 诡计, 奸计, 阴谋",gre
machine,mә'ʃi:n,"n. 机器, 机械装置, 机构, 自动售货机, 机械般工作的人\nvt. 以机器制造",zk gk ielts
machinery,mә'ʃi:nәri,"n. 机器, 机械装置, 机构\n[化] 机械",ky
machines,,n. 机器；机械（machine的复数）,ielts
mackintosh,'mækintɒʃ,"n. 马金托什防水布, 马金托什雨衣\n[化] 防水胶布; 胶布雨衣",ielts gre
maculate,'mækjuleit,"a. 有斑点的, 有污点的\nvt. 使有斑点, 使有污点",gre
maculated,, 有斑点的,gre
mad,mæd,"a. 疯狂的, 发疯的, 生气的, 愚蠢的, 狂欢的\nn. 狂怒",zk gk cet4 cet6 ky
madam,'mædәm,"n. 女士, 夫人",zk cet4
madame,'mædәm,"n. 夫人, 小姐, 太太, 女士, 主妇, (非正式)喜欢差使/指使别人的女子, 鸨母",zk ky
madden,'mædn,"vt. 使发狂, 激怒\nvi. 发狂, 发怒",ielts
madrigal,'mædrigәl,"n. 情歌, 小调, 重唱歌曲",gre
maelstrom,'meilstrәm,"n. 大漩涡, 极度混乱",gre
maestro,mɑ:'estrәu,"n. 音乐大师, 大音乐家",gre
magazine,.mægә'zi:n,"n. 杂志, 仓库, 弹盒, 胶卷盒\n[计] 卡片箱, 介质装卸程序",zk gk cet4 cet6 ky ielts
magenta,mә'dʒentә,"n. 品红色, 洋红\n[化] (碱性)品红; 洋红",gre
magic,'mædʒik,"n. 魔术, 魔法\na. 魔术的, 有魔力的, 不可思议的",zk gk cet4 cet6 ky toefl ielts
magical,'mædʒikәl,"a. 魔术的, 有魔力的, 不可思议的",toefl
magician,mә'dʒiʃәn,"n. 魔术家, 幻术家, 术士",cet6 toefl
magisterial,.mædʒi'stiәriәl,"a. 长官的, 威严的, 有权威的\n[法] 长官的, 有权威的, 专横的",gre
magistrate,'mædʒistreit,"n. 长官, 法官, 推事\n[法] 司法行政官, 治安法官, 地方法官",cet6 ky ielts
magma,'mægmә,"n. 岩浆, 糊剂, 乳浆剂\n[化] 晶浆",toefl
magnanimity,.mægnә'nimiti,n. 宽宏大量,gre
magnanimous,mæg'nænimәs,"a. 宽宏大量的, 有雅量的\n[法] 气量大的, 宽大的, 高尚的",ielts gre
magnate,'mægneit,"n. 大官, 巨头\n[法] 大官, 权贵, 大资本家",ielts gre
magnesium,mæg'ni:ziәm,n. 镁\n[化] 镁Mg,toefl
magnet,'mægnit,"n. 磁铁, 有吸引力之人, 有吸引力之物\n[化] 磁体",cet4 cet6 ky
magnetic,mæg'netik,"a. 有磁性的, 有吸引力的, 催眠术的\n[医] 磁[性]的",cet4 cet6 ky toefl ielts
magnetism,'mægnitizm,"n. 磁性, 吸引力, 磁学, 催眠术\n[化] 磁学",cet6 toefl
magnetize,'mægnitaiz,"vt. 使带磁力, 吸引\nvi. 受磁",toefl
magnetosphere,mæg'ni:tәsfiә,n. 磁层\n[电] 磁动层,toefl
magnificence,mæg'nifisns,"n. 富丽堂皇, 华丽, 宏大",toefl
magnificent,mæg'nifisnt,"a. 华丽的, 高尚的, 宏伟的",cet4 cet6 ky toefl ielts gre
magnify,'mægnifai,"vt. 放大, 扩大, 赞美, 夸大\nvi. 有放大能力",cet6 ky toefl ielts gre
magniloquent,mæg'nilәukwәnt,"a. 使用夸大文句的, 夸张的, 吹牛的",gre
magnitude,'mægnitju:d,"n. 巨大, 重大, 重要, 大小, 数量, 星等(指星的亮度)\n[计] 大小; 值",cet6 ky toefl ielts gre
magpie,'mægpai,"n. 鹊, 珍种家鸽, 饶舌的人\na. 鹊的, 有收集癖的",gre
maid,meid,"n. 少女, 未婚女子, 女仆",gk cet4 cet6 ky ielts
maiden,'meidn,"n. 年轻未婚女子, 少女, 处女\na. 未婚的, 处女的, 初次的, 无经验的",cet6 ky ielts
mail,meil,"n. 邮件, 邮政, 邮递, 盔甲\nvt. 邮寄, 给...穿盔甲\n[计] 邮件",zk gk ielts
mailbox,'meilbɒks,"n. 邮筒, 邮箱\n[计] 邮箱, 电子邮箱",gk
mails,,n. 邮件（mail的复数形式）,ielts
maim,meim,"vt. 使残废, 使不能工作, 使伤残\n[医] 伤残, 残废",toefl ielts gre
main,mein,"n. 主要部分, 干线, 体力, 力量, 主群组\na. 主要的, 重要的, 全力的\n[计] 主群组",zk gk cet4 cet6 ky ielts
mainland,'meinlәnd,"n. 大陆, 本土\n[法] 大陆",gk cet4 cet6 ky
mainly,'meinli,"adv. 主要地, 大抵",cet4 cet6
mainspring,'meinspriŋ,"n. 主发条, 主要动机, 主要原因, 主要动力\n[法] 主要动机, 主要原因, 主要动力",toefl
maintain,mein'tein,"vt. 维持, 维修, 保持, 坚持, 供养, 主张\n[化] 维修",cet4 cet6 ky toefl ielts
maintenance,'meintәnәns,"n. 维护, 保持, 维修, 生活费用, 坚持, 扶养\n[计] 维护; 维修",cet4 cet6 ky toefl ielts gre
maize,meiz,"n. 玉蜀黍, 黄色\na. 玉蜀黍色的, 黄色的",toefl ielts gre
majestic,mә'dʒestik,"a. 宏伟的, 庄严的",toefl ielts gre
majesty,'mædʒәsti,"n. 最高权威, 威严, 王权, 雄伟, 庄严",cet6 ky toefl
major,'meidʒә,"n. 主修课, 成年人, 陆军少校\na. 主要的, 较多的, 大部分的, 成年的, 严重的\nvi. 主修\n[计] 主要, 主要刻度",gk cet4 cet6 ky toefl ielts
majority,mә'dʒɒriti,"n. 多数, 大半\n[计] 多数逻辑",gk cet4 cet6 ky toefl ielts
majors,,n. 专业；主修（major的复数）,ielts
make,meik,"vt. 制造, 安排, 创造, 构成, 使得, 产生, 造成, 整理, 布置, 引起, 到达, 进行\nvi. 开始, 前进, 增大, 被制造, 被处理\nn. 制造, 构造, 性情",zk gk ielts
makeshift,'meikʃift,"n. 权宜之计, 临时代用品\na. 权宜的, 临时代用的",gre
makeup,'meikʌp,"n. 组成, 性格, 化妆品, 化装(术), 虚构, 补考",cet6 toefl
making,'meikiŋ,"n. 制造, (手工)制造业, 制作, 形成, 发展, 要素, 内在因素, 赚头, 制造物",ielts
maladroit,.mælә'drɒit,"a. 笨拙的, 拙劣的, 愚钝的",gre
malady,'mælәdi,"n. 病, 疾病, 弊病\n[医] 病",toefl
malaise,mæ'leiz,"n. 不舒服\n[医] 不适, 欠爽",gre
malapropism,'mælә'prɔpizәm,n. 文字的错用,gre
malaria,mә'lєәriә,"n. 疟疾, 瘴气\n[医] 疟[疾]",ielts
Malaysia,mә'leiziә,n. 马来西亚\n[经] 马来西亚,ielts
malcontent,'mælkәntent,"a. 抱不平的, 不满的, 不服的\nn. 不满现状的人",toefl gre
male,meil,"n. 男人, 雄性动物\na. 男性的, 雄性的, 有力的",gk cet4 ky ielts
malediction,.mæli'dikʃәn,"n. 咒, 坏话",toefl gre
malefactor,'mælifæktә,"n. 罪人, 犯人, 坏人\n[法] 罪犯, 作恶者",gre
maleficent,mә'lefisnt,"a. 有害的, 做坏事的, 犯罪的",gre
malevolent,mә'levәlәnt,"a. 有恶意的, 坏心肠的",toefl gre
malfeasance,mæl'fi:zns,"n. 不正当, 不法行为, 坏事, 渎职\n[经] 不法行为, 违法乱纪",gre
malfunction,.mæl'fʌŋʃәn,"n. 故障, 失灵, 疾病\nvi. 发生故障, 不起作用\n[计] 故障",ky toefl gre
malice,'mælis,"n. 恶意, 蓄意害人, 怨恨\n[法] 预谋, 蓄意, 恶意",cet6 toefl ielts gre
malicious,mә'liʃәs,"a. 怀恶意的, 恶毒的",cet6 toefl gre
malign,mә'lain,"a. 有害的, 恶性的, 有恶意的\nvt. 诽谤, 说坏话",ky toefl gre
malignant,mә'lignәnt,"a. 有恶意的, 恶性的, 有害的\n[化] 恶性的",ky toefl ielts gre
malinger,mә'liŋgә,"vi. 装病\n[医] 诈病, 装病",gre
mall,mɔ:l,n. 林荫路,cet6 toefl ielts
malleability,.mæliә'biliti,"n. 可展性, 可锻性, 顺从\n[医] 展性",toefl
malleable,'mæliәbl,"a. 有延展性的, 可锻的\n[医] 可展的, 易适应的",toefl ielts gre
mallet,'mælit,"n. 木槌, 球棍, 棒\n[化] 大锤; 手锤",toefl gre
malnutrition,.mælnju:'triʃәn,"n. 营养失调, 营养不良\n[医] 营养不良",toefl ielts
malodor,mæ'lәudә,n. 恶臭,gre
malpractice,mæl'præktis,"n. 不当治疗, 不端行为, 渎职\n[医] 疗法失当, 医疗差错",cet6 gre
maltreat,mæl'tri:t,"vt. 虐待, 滥用\n[法] 粗暴对待, 虐待, 乱用",ky ielts
mammal,mæmәl,n. 哺乳动物\n[化] 哺乳动物,cet6 ky toefl ielts gre
mammalian,mæ'meiljәn,n. 哺乳动物\na. 哺乳动物的,toefl
mammoth,'mæmәθ,"n. 猛犸, 庞然大物\na. 猛犸似的, 巨大的",toefl gre
man,mæn,"n. 男人, 人类, 人\nvt. 为...配备人手, 操纵, 使振奋\n[计] 城域网, 手册",zk gk
manacle,'mænәkl,"n. 手铐, 束缚\nvt. 给...上手铐, 束缚",ielts gre
manage,'mænidʒ,"vi. 处理\nvt. 管理, 控制, 维持, 达成, 经营, 运用",zk gk cet4 cet6 ky
management,'mænidʒmәnt,"n. 经营, 支配, 管理\n[化] 管理处",cet4 cet6 ky ielts
manager,'mænidʒә,"n. 经理, 管理员, 管理器\n[计] 管理器",zk gk ielts
managerial,.mænә'dʒiәriәl,"a. 管理的\n[经] 管理上的, 经营上的",cet6
mandate,'mændeit,"n. 命令, 指令, 要求\nvt. 委任统治",toefl ielts gre
mandatory,'mændәtәri,"a. 命令的, 托管的\n[经] 受托者, 命令者",toefl ielts gre
maneuver,mә'nu:vә,"n. 演习, 调遣, 策略\nv. 调遣, 演习, 用计",ky toefl ielts gre
manful,'mænful,"a. 男子气概的, 坚定的, 勇敢的, 果断的",toefl
mangle,'mæŋgl,"vt. 乱砍, 损坏, 轧布\nn. 轧布机",toefl gre
mangy,'meindʒi,"a. 疥癣的, 污秽的",gre
mania,'meiniә,"n. 狂躁, 热衷, 狂热\n[医] 躁狂, 狂",ky toefl ielts gre
maniac,'meiniæk,"a. 发狂的, 癫狂的, 疯狂的\nn. 狂人, 疯子",ielts
manifest,'mænifest,"n. 载货单, 运货单, 旅客名单\na. 显然的, 明白的\nvi. 显示, 出现\nvt. 表明, 表现, 证明",cet6 ky ielts gre
manifestation,.mænifes'teiʃәn,"n. 显示, 证明, 示威运动\n[医] 表现, 表示",toefl gre
manifesto,.mæni'festәu,"n. 宣言, 声明",gre
manifold,'mænifәuld,"n. 复印本, 多种\na. 多种的, 有许多部分的, 多方面的\nvt. 复写, 使多样化, 增多",toefl ielts gre
manipulate,mә'nipjuleit,"vt. 操纵, 利用, 操作, 巧妙地处理, 假造",cet6 ky toefl ielts gre
manipulative,mә'nipjulәtiv,"a. 处理的, 巧妙处理的, 操纵的",gre
mankind,mæn'kaind,"n. 人类, 男性",gk cet4 cet6 ky
manly,'mænli,"a. 象男人的, 强壮的, 适于男人的",cet4 cet6
manner,'mænә,"n. 样子, 礼貌, 风格\n[法] 方式, 方法, 样式",gk cet4 cet6 ky
mannered,'mænәd,"a. 守规矩的, 矫饰的",gre
mannerism,'mænәrizm,"n. 矫揉造作, 习性\n[医] 装相, 作态",toefl ielts
manoeuvre,mә'nu:vә,"n. 调遣, 演习, 策略\nvi. 调动, 演习, 用策略\nvt. 调动, 操纵",cet6 ky toefl
mansion,'mænʃәn,"n. 大厦, 宅邸",cet6 toefl ielts gre
mantle,'mæntl,"n. 斗篷, 罩子, 披风\nvt. 罩住, 覆盖\nvi. 覆盖, 脸红",toefl ielts gre
manual,'mænjuәl,"n. 手册, 指南\na. 手的, 手动的, 手工的, 体力的\n[计] 人工的, 手动的",cet4 cet6 ky toefl ielts
manually,'mænjuәli,adv. 用手,toefl
manufacture,.mænju'fæktʃә,"n. 产品, 制造\nvt. 制造, 假造\nvi. 制造",cet4 cet6 ky toefl ielts
manufacturer,.mænju'fæktʃәrә,"n. 制造业者, 厂商\n[经] 制造人, 制造商, 制造厂",cet4 cet6
manumit,.mænju'mit,"vt. 解放, 释放",gre
manure,mә'njuә,"n. 肥料, 粪肥\nvt. 施肥于",toefl ielts gre
manuscript,'mænjuskript,"n. 手稿, 原稿, 底稿\na. 手写的",cet6 ky ielts gre
many,'meni,"n. 多数, 多数人\na. 许多的\npron. 许多",zk gk
map,mæp,"n. 地图, 天体图, 映像\nvt. 映射, 绘制...地图, 计划\n[计] 实用程序, 映射, 制造自动化协议",zk gk toefl ielts
maple,'meipl,"n. 枫, 枫木, 淡棕色\n[机] 枫木",gk cet6 gre
mar,mɑ:,"vt. 损毁, 损伤, 糟蹋\nn. 三月",ielts gre
marathon,'mærәθәn,"n. 马拉松, 耐力的考验",gk cet6
maraud,mә'rɒ:d,"v. 劫掠, 掠夺, 袭击\nn. 劫掠, 掠夺, 袭击",gre
marble,'mɑ:bl,"n. 大理石, 石弹, 雕刻品\na. 大理石的, 冷酷无情的, 有大理石花纹的",gk cet4 cet6 ky toefl ielts gre
march,mɑ:tʃ,"n. 三月, 进行, 行军, 步伐, 长途跋涉, 进行曲, 边界\nvi. 进军, 前进, 交界\nvt. 使行军, 使行进",zk gk toefl ielts
mare,mєә,"n. 母马, 母驴, 月球表面阴暗部\n[法] 海",gre
margarine,.mɑ:dʒә'ri:n,n. 人造黄油\n[化] 人造奶油; 代奶油,gre
margin,'mɑ:dʒin,"n. 页边的空白, 边缘, 界限, 余裕, 差数, 差额, 保证金\nvt. 加边于, 加旁注于\n[计] 页边距",cet4 cet6 ky toefl ielts gre
marginal,'mɑ:dʒinәl,"a. 边缘的, 最低限度的, 有旁注的\n[医] 缘的",cet6 ky ielts gre
marine,mә'ri:n,"n. 舰队, 水兵, 海景画\na. 海的, 海产的, 海底的, 船舶的, 海运的",cet4 cet6 ky toefl ielts gre
mariner,'mærinә,n. 水手,gre
marionette,.mæriә'net,n. 牵线木偶,gre
marital,'mæritәl,"a. 丈夫的, 婚姻的, 夫妇间的\n[医] 婚姻的",ky toefl ielts gre
maritime,'mæritaim,"a. 海的, 海上的, 海事的, 沿海的, 海员的\n[经] 海事的, 海上的, 海员的",cet6 toefl ielts gre
mark,mɑ:k,"n. 标志, 分数, 马克, 痕迹, 斑点, 靶子, 刻度, 记号, 符号, 戳记, 标准, 起跑线\nvt. 做标记于, 留意, 打分数, 表明, 标志, 记录\nvi. 作记号, 记得分\n[计] 标志; 标记; 传号",zk gk cet4 ky
marked,mɑ:kt,"a. 有记号的, 显著的, 醒目的\n[化] 有记号的; 显著的",gre
markedly,'mɑ:kidli,"adv. 显著地, 醒目地, 明显地",toefl
market,'mɑ:kit,"n. 市场, 交易, 集市, 推销地区, 行情, 市面, 销路\nvt. 在市场上交易, 使上市, 销售\nvi. 在市场上买卖",zk gk ielts
marketing,'mɑ:kitiŋ,"n. 行销, 买卖\n[经] 推销, 在市场买卖, 销售",ielts
marks,,"n. 标记, 记号；唛头, 分数；台面标志",ielts
maroon,mә'ru:n,"n. 逃亡黑人奴隶, 褐紫红色, 爆竹\na. 褐紫红色的\nvt. 放逐到无人岛上, 使孤立\nvi. 闲荡, 带帐篷旅行",gre
marred,'mɑ:d,"v. 毁坏, 损坏, 玷污( mar的过去式和过去分词 )",gre
marriage,'mæridʒ,"n. 婚姻, 结婚, 婚礼, 合并\n[医] 婚姻, 结婚",zk gk cet4 cet6 ky
married,'mærid,"a. 已婚的, 婚姻的\n[法] 结了婚的, 有配偶的, 夫妇的",gk cet4 cet6 ky
marrow,'mærәu,"n. 髓, 骨髓, 精华, 活力, 配偶\n[医] 髓(尤指骨髓)",toefl ielts gre
marry,'mæri,"vt. 与...结婚, 娶, 嫁\nvi. 结婚",zk gk cet4 ky
Mars,mɑ:z,"n. 火星, 战神\n[医] 铁",cet6
marsh,mɑ:ʃ,"n. 沼泽, 湿地\na. 沼泽的",cet6 toefl ielts gre
marshal,'mɑ:ʃәl,"n. 元帅, 陆空军高级将官, 典礼官, 执法官\nvt. 整理, 引领, 统率\nvi. 排列, 各就各位",cet6 gre
marshy,'mɑ:ʃi,"a. 多沼地的, 湿地的, 沼地的",toefl
marsupial,mɑ:'sju:piәl,"n. 有袋类动物\na. 有袋的, 袋状的",gre
martial,'mɑ:ʃәl,"a. 战争的, 军事的, 尚武的, 威武的\n[医] 含铁的",ielts gre
martinet,.mɑ:ti'net,n. 严格执行纪律的人,toefl
martyr,'mɑ:tә,"n. 烈士, 受苦者, 受难者\nvt. 使成为烈士, 使受苦",cet6 ielts gre
marvel,'mɑ:vl,"n. 奇异事物, 罕见例子\nvt. 惊异于\nvi. 惊异",cet6 toefl ielts gre
marvellous,'mɑ:vilәs,"a. 奇异的, 神奇的, 奇迹般的, 惊人的, 不可思议的, 绝妙的, 妙极的",cet6
marvelous,'mɑ:vәlәs,"a. 令人惊异的, 了不起的, 不平常的",cet4 ky toefl ielts
Marxism,'mɑ:ksizm,"n. 马克思主义\n[法] 马克思的, 马克思主义的; 马克思主义",cet6
Marxist,'mɑ:ksist,a. 马克思主义的\nn. 马克思主义者,cet4 cet6 ky
masculine,'mæskjulin,"n. 阳性, 男性\na. 男性的, 阳性的, 有丈夫气的",cet6 ky ielts
masculinity,.mæskju'liniti,"n. 男子气, 刚毅, 大丈夫气概\n[医] 男子本性, 男性",cet6
mash,mæʃ,"n. 碎麦芽, 饲料, 糊状物\nvt. 调情, 捣碎",gre
mask,mæsk,"n. 面具, 假面具, 掩饰, 石膏面模\nvt. 戴面具, 掩饰, 使模糊\nvi. 化装, 戴面具, 掩饰, 参加化装舞会\n[计] 屏蔽; 掩码",gk cet4 cet6 ky toefl ielts gre
mason,meisn,"n. 泥瓦匠, 共济会会员\nvt. 用砖瓦砌成",toefl gre
masonry,'meisnri,n. (建筑物的)砖石部分,toefl
masquerade,.mɑ:skә'reid,"n. 化装舞会, 伪装\nvi. 参加化装舞会, 伪装, 假装",gre
mass,mæs,"n. 块, 大多数, 质量, 大量, 群众, 弥撒\na. 群众的, 大规模的, 整个的\nvt. 使集合, 集中\nvi. 聚集",gk cet4 cet6 ky toefl ielts
massacre,'mæsәkә,"n. 大屠杀\nvt. 大屠杀, 残杀",cet6 ky ielts gre
massive,'mæsiv,"a. 大而重的, 宽大的, 宏伟的\n[医] 大块的, 整块的, 大量的",cet4 cet6 ky toefl ielts gre
mast,mɑ:st,"n. 桅, 桅杆, 杆\nvt. 装桅杆于",cet6 gre
master,'mɑ:stә. 'mæstә,"n. 主人, 硕士, 大师, 母机\na. 主人的, 主要的\nvt. 征服, 控制, 精通",zk gk cet4 cet6 ky ielts
masterpiece,'mɑ:stәpi:s,"n. 杰作, 名著",cet4 cet6 ky toefl ielts
mastery,'mɑ:stәri,"n. 征服, 统治权, 优势, 精通, 掌握\n[法] 统治权, 控制权, 征服",cet6
masticate,'mæstikeit,v. 咀嚼,toefl gre
mat,mæt,"n. 垫, 丛, 衬边\na. 粗糙的, 无光泽的\nvi. 纠缠在一起\nvt. 铺席于...上, 使无光泽, 使缠结",gk cet4 cet6 ky
matador,'mætәdɒ:,n. 斗牛士,gre
match,mætʃ,"n. 比赛, 火柴, 对手\nvt. 使相配, 使比赛, 与...竞争\nvi. 结婚, 相配\n[计] 比较",zk gk toefl ielts
matching,'mætʃiŋ,"a. 相同的, 协调的\n[计] 匹配, 对比",toefl ielts
matchless,'mætʃlis,"a. 无敌的, 无比的",toefl
matchstick,'mætʃstik,n. 火柴,toefl
mate,meit,"n. 配偶, 对手, 助手, (象棋)将死\nvt. 使配对, 使一致, 结伴, (象棋)将死\nvi. 成配偶, 紧密配合",cet4 cet6 ky toefl gre
material,mә'tiәriәl,"n. 材料, 物资, 素材, 布料, 资料\na. 物质的, 肉体的, 重要的",gk cet4 cet6 ky ielts
materialism,mә'tiәriәlizm,n. 唯物主义,cet4 cet6
materialize,mә'tiәriәlaiz,"vt. 赋予实质, 使体现, 物质化\nvi. 成有形, 体现, 实现",gre
materials,,n. 材料；材料费；材料科学；材质（material的复数）,ielts
maternal,mә'tә:nl,"a. 母亲的, 母系的, 母方的\n[医] 属母的, 母的, 母性的",toefl ielts gre
maternity,mә'tә:niti,"n. 母性, 怀孕, 妇产科医院\na. 产妇的",cet6
math,mæθ,n. 数学,zk
mathematic,",mæθə'mætik",[计] 数学的,ielts
mathematical,.mæθә'mætikl,"a. 数学的, 精确的\n[机] 数学上的",cet4 cet6 ky
mathematics,.mæθә'mætiks,n. 数学\n[机] 数学,zk cet4 cet6 toefl ielts
maths,mæθs,n. 数学,cet4 cet6 ky
matriarchy,'meitriɑ:ki,"n. 女家长制, 女族长制",gre
matriculate,mә'trikjuleit,"vt. 准许入学, 录取\nvi. 入学, 进大学\nn. 获准入学者",gre
matrimony,'mætrimәuni,"n. 结婚, 婚姻生活, 婚礼\n[法] 婚姻, 结婚, 婚礼",ielts
matrix,'meitriks,"n. 母体, 子宫, 基质, 脉石, 模型, 矩阵\n[计] 矩阵",gre
matter,'mætә,"n. 事件, 物质, 原因, 素材, 实体, 重要\nvi. 有关系",gk
mattress,'mætris,"n. 床垫, 空气垫, 沉床\n[医] 褥子, 床垫",gre
maturation,.mætʃu'reiʃәn,"n. 化脓, 成熟\n[医] 成熟, 化脓",cet6
mature,mә'tjuә,"a. 成熟的, 到期的, 充分考虑的\nvt. 使成熟\nvi. 成熟, 到期",gk cet4 cet6 ky toefl ielts gre
maturity,mә'tjuәriti,"n. 成熟, 完备, 到期\n[医] 成熟, 成熟期, 发育期",cet6 gre
maudlin,'mɒ:dlin,"a. 容易流泪的, 感伤的, 酒后伤感的\nn. 伤感",gre
maul,mɒ:l,"n. 大槌\nvt. 打伤, 粗手粗脚地摆弄, 抨击",gre
mauve,mәuv,"n. 苯胺紫, 淡紫色\na. 淡紫色的",gre
maven,'meivin,"n. 内行, 专家",gre
maverick,'mævәrik,"n. 未烙饲主印记的小牛, 持不同意见的人\nvi. 迷路",toefl gre
mawkish,'mɒ:kiʃ,"a. 淡而无味的, 令人作呕的, 感伤的",gre
Maxim,'mæksim,"n. 格言, 座右铭\n[法] 格言, 准则, 原则",toefl gre
maximize,'mæksimaiz,"vt. 取...最大值, 使增加(或扩大)到最大限度\n[计] 最大化",gre
maximum,'mæksimәn,"n. 极点, 最大量, 极大\na. 最高的, 最大的, 最大极限的\n[计] 最大值",gk cet4 cet6 ky toefl ielts
may,mei,"n. 五月\naux. 愿能, 可以, 愿意",zk gk ielts
maybe,'meibi:,"adv. 也许, 大概\nn. 可能性",zk gk
mayhem,'meihem,"n. 蓄意的破坏, 故意的伤害罪\n[医] 伤残, 残废",gre
mayor,'mєә,n. 市长\n[法] 市长,cet4 cet6 ky
maze,meiz,"n. 迷宫, 迷惘\nvt. 使迷惘, 使混乱, 迷失",toefl gre
me,mi:,pron. 我,zk gk
meadow,'medәu,"n. 草地, 牧场",cet4 cet6 ky ielts
meager,'mi:gә,"a. 质量差的, 贫乏的, 不毛的, 瘦的",toefl gre
meagre,'mi:^ә(r),"a. 瘦的, 不毛的, 贫乏的, 贫弱的, 少量的, 力量不够的, 质不高的, 量不足的",ielts
meal,mi:l,"n. 一餐, 膳食, 粗粉\nvi. 进餐",zk gk ielts
meals,,n. 膳食；谷类（meal的复数）,ielts
mean,mi:n,"a. 低劣的, 卑贱的, 简陋的, 吝啬的, 惭愧的, 平均的, 中间的, 普通的\nvt. 意谓, 想要, 意欲, 预定\nvi. 用意, 有意义\nn. 平均数, 中间, 中庸",zk gk toefl ielts gre
meander,mi'ændә,"n. (河流的)蜿蜒, 漫步, 迂回旅行\nvi. 蜿蜒流动, 漫步\nvt. 使蜿蜒曲折",toefl gre
meaning,'mi:niŋ,"n. 意义, 含义, 目的, 意图\na. 意味深长的",zk gk
meaningful,'mi:niŋful,a. 意味深长的,cet6 toefl
means,mi:nz,"n. 方法, 手段, 工具, 财产, 收入\n[经] 方法, 手段, 工具; 意谓",gk cet4 cet6 ky toefl ielts
meantime,'mi:ntaim,"n. 间隔时间, 其时\nadv. 其间",cet4 cet6 ky
meanwhile,'mi:nhwail,"n. 其时, 其间\nadv. 同时, 于此时",gk cet4 cet6 ky
measly,'mi:zli,"a. 患麻疹的\n[医] 米珠的, 含囊尾蚴的",gre
measurable,'meʒәrәbl,"a. 可测量的, 不久的, 重要的",cet4 cet6
measure,'meʒә,"n. 尺寸, 量度器, 量度标准, 测量, 量具, 程度, 范围, 限度, 分寸, 措施, 方法\nvt. 测量, 测度, 估量, 权衡, 调节, 拿(自己或自己的力量等)作较量\nvi. 度量",gk cet4 cet6 ky ielts
measured,'meʒәd,"a. 整齐的, 慎重的, 基于标准的",gre
measurement,'meʒәdmәnt,"n. 尺寸, 度量, 度量单位\n[计] 度量, 度量单位",cet4 cet6 ielts
measurements,,"n. 测量值, 尺寸（measurement的复数）",ielts
measures,,n. 措施；层组（measure的复数）,toefl
meat,mi:t,"n. 肉, 餐, 食物\n[经] 肉类",zk gk ielts
mechanic,mi'kænik,"n. 机械工, 技工\na. 手工的",cet4 cet6 ky
mechanical,mi'kænikәl,"a. 机械的, 机械性的, 力学的\n[医] 机械的, 力学的",cet4 cet6 ky toefl gre
mechanically,mi'kænikәli,"adv. 机械, 用机械, 机械学, 物理, 力学, 呆板, 无意识, 手工操作, 技工",cet4 cet6
mechanics,mi'kæniks,"n. 机械学, 结构, 力学\n[化] 力学",cet4 cet6 toefl gre
mechanism,'mekәnizm,"n. 机械, 机构, 结构, 机理, 技巧\n[化] 机理; 历程; 机构",cet6 ky toefl ielts gre
mechanized,,a. 机械化的；呆板的,toefl
medal,'medl,"n. 奖牌, 勋章\nvt. 授勋予",gk cet4 cet6 ky ielts gre
meddle,'medl,"vi. 干涉, 干预, 擅自摸弄\n[法] 干预, 插手, 弄乱",toefl ielts gre
meddlesome,'medlsәm,"a. 爱管闲事的, 好干涉的",gre
media,'mi:diә,n. 媒体\n[计] 媒质,gk cet4 cet6 toefl ielts
mediate,'mi:dieit,"a. 居间的, 间接的\nvt. 斡旋, 调停\nvi. 处于中间, 调解",cet6 toefl ielts gre
mediator,'mi:dieitә,"n. 调停者, 传递者, 基督\n[医] 间介器, 传递器, 介质, 传递质介体",toefl
medical,'medikl,"n. 医生, 体格检查\na. 医学的, 内科的, 药的",zk gk cet4 cet6 ky ielts
medicate,'medikeit,"vt. 用药治疗\n[医] 用药治疗, 投药, 加药, 使含药",gre
medicine,'medisin,"n. 药, 医学, 内科\nvt. 给...用药",zk gk toefl ielts
medieval,.medi'i:vl,"a. 中古的, 中世纪的",cet6 ky toefl ielts gre
mediocre,.mi:di'әukә,"a. 不好不坏的, 通常, 平凡的",toefl ielts gre
mediocrity,.mi:di'ɒkriti,"n. 平常, 平庸之才",gre
meditate,'mediteit,"vt. 想, 考虑, 计划\nvi. 沉思, 反省",cet6 ky toefl ielts gre
meditation,.medi'teiʃәn,"n. 沉思, 冥想",ky gre
meditative,'mediteitiv,"a. 默想的, 耽于默想的, 冥想的",gre
Mediterranean,.meditә'reiniәn,"n. 地中海, 地中海民族\na. 地中海的, 地中海民族的",cet4 cet6
medium,'mi:diәm,"n. 媒体, 方法, 媒介\na. 半生熟的, 中间的\n[计] 媒体, 中",gk cet4 cet6 ky toefl ielts gre
medley,'medli,"n. 混合, 混杂, 杂录\na. 混合的, 拼凑的",gre
meek,mi:k,"a. 温顺的, 逆来顺受的",toefl ielts gre
meet,mi:t,"n. 会, 集会\na. 适宜的, 合适的\nvt. 遇见, 引见, 认识, 满足, 对付\nvi. 相遇, 接触",zk gk gre
meeting,'mi:tiŋ,"n. 会议, 会面\n[法] 会议, 会谈, 集会",zk gk ielts
megalomania,.megәlә'meiniә,n. 夸大狂\n[医] 夸大狂,gre
melancholy,'melәnkɒli,"n. 忧郁, 悲哀, 愁思\na. 忧郁的, 使人悲伤的, 愁思的",cet6 toefl ielts gre
Melbourne,'melbәn,n. 墨尔本,ielts
meld,meld,"v. 混合, 合并",gre
mellifluous,me'lifljәs,"a. 加了蜜糖的, 甜蜜的, 甜美的, 流畅的",gre
melodic,mә'lɒdik,"a. 有旋律的, 旋律美妙的",toefl
melodious,mә'lәudiәs,"a. 旋律美妙的, 旋律优美的, 有乐曲的",toefl ielts
melodrama,'melәu.drɑ:mә,"n. 音乐剧, 传奇剧, 戏剧似的事件",toefl gre
melody,'melәdi,"n. 曲子, 美妙音乐, 曲调",cet6 ky toefl ielts gre
melon,'melәn,"n. 瓜, 甜瓜, 红利, 赃物\n[化] 三聚二氰亚胺",gk cet4 cet6 ky gre
melt,melt,"n. 熔化, 熔化物, 溶解\nv. (使)熔化, (使)溶解, (使)消散, (使)变软",cet4 cet6 ky
member,'membә,"n. 成员, 会员\n[医] │肢, 肢体",zk gk
membership,'membәʃip,"n. 会员的资格, 全体会员, 会员数目\n[法] 会员资格, 成员资格, 会籍",cet6 ky ielts
membrane,'membrein,"n. 薄膜, 膜, 羊皮纸\n[化] 膜; 隔膜",toefl gre
memento,mi'mentәu,"n. 纪念物, 令人回忆的东西",ielts gre
memo,'memәu,n. 备忘录\n[经] 备忘录,ky toefl
memoir,'memwɑ:,"n. 传记, 实录, 追思录, 回忆录, 自传\n[化] 研究报告",gre
memorable,'memәrәbl,"a. 值得纪念的, 难忘的",toefl
memorandum,.memә'rændәm,"n. 备忘录, 外交备忘录, 交易备忘录\n[经] 备忘录, 便笺, 便函",toefl
memorial,mi'mɒ:riәl,"n. 纪念物, 请愿书\na. 记念的, 记忆的",gk cet4 cet6 ky toefl gre
memorise,'meməraiz,"vt. 记住, 熟记, 记录, 存储",ielts
memorize,'memәraiz,"vt. 记住, 熟记, 背熟",gk toefl
memory,'memәri,"n. 记忆, 记忆力, 回忆, 纪念, 存储\nn. 内存\n[计] 存储器, 内存, 查看内存实用程序",zk gk cet4 cet6 ky toefl
menace,'menis,"n. 威胁, 胁迫\nv. 威吓, 胁迫",cet6 ky toefl ielts gre
mend,mend,"n. 改进, 修补, 好转\nvt. 修改, 改进, 加快, 修理\nvi. 好转, 改善",zk gk toefl gre
mendacious,men'deiʃәs,"a. 虚假的, 说谎的\n[法] 不诚实的, 好说谎的, 虚假的",gre
mendacity,men'dæsiti,"n. 虚伪, 谎话, 说谎癖\n[医] 谎言癖, 谎言",gre
mendicant,'mendikәnt,"a. 行乞的, 托钵修道会的, 化缘的\nn. 乞丐, 乞讨, 托钵僧",gre
menial,'mi:niәl,"a. 适合仆人做的, 卑微的\nn. 仆人",toefl gre
mental,'mentl,"a. 心智的, 精神病的, 心理的, 颏的\nn. 精神病患者",gk cet4 cet6 ky toefl ielts
mentality,men'tæliti,"n. 精神力, 智力, 头脑作用, 心态\n[医] 智力",ielts
mentally,'mentli,"adv. 心理上, 精神上, 智力上\n[法] 精神上, 智力上",gk
menthol,'menθoul,n. 薄荷醇\n[化] 薄荷醇; ┮醇,gre
mention,'menʃәn,"n. 提到, 言及, 陈述\nvt. 提到, 提及",zk gk toefl
mentor,'mentɔ:,"n. 指导者, 良师益友",toefl gre
menu,'menju:,"n. 菜单, (功能)选择单\n[计] 菜单",zk gk toefl
mercantile,'mә:kәntail,"a. 商业的, 商人的\n[经] 商业的",toefl ielts gre
mercenary,'mә:sinәri,"n. 唯利是图者, 雇佣兵\na. 为钱而工作的, 被雇的, 图利的",ielts gre
merchandise,'mә:tʃәndaiz,"n. 商品, 货物\nv. 交易, 买卖",cet6 ky toefl
merchant,'mә:tʃәnt,"n. 商人, 店主\na. 商业的, 商人的",gk cet4 cet6 ky toefl
merciful,'mә:siful,"a. 仁慈的, 慈悲的",gk cet6 toefl
merciless,'mә:silis,"a. 无慈悲心的, 残忍的",toefl
mercurial,mә:'kjuәriәl,"a. 水星的, 敏捷的, 活泼的, 水银的\nn. 汞剂",gre
mercury,'mә:kjuri,"n. 水银, 汞, 使者\n[化] 汞Hg",cet4 cet6 ky toefl
mercy,'mә:si,"n. 仁慈, 宽恕, 慈悲, 怜悯, 幸运\n[法] 权宜处置权, 决定权, 宽恕",gk cet4 cet6 ky ielts
mere,miә,"n. 小湖, 池塘\na. 仅仅的, 只不过的",cet4 cet6 ky toefl
merely,'miәli,adv. 只,gk cet4 cet6 ky
meretricious,.meri'triʃәs,"a. 华丽而庸俗的, 俗气的, 娼妓的",gre
merge,mә:dʒ,"vt. 使合并, 使消失, 吞没\nvi. 合并, 渐渐消失\n[计] 合并",cet6 ky toefl ielts
merger,'mә:dʒә,"n. 合并, 归并\n[经] 购并",ky toefl
meridian,mә'ridiәn,"n. 子午线, 经线, 顶点\na. 子午线的, 最高点的, 顶点的",toefl
merit,'merit,"n. 优点, 功绩, 价值, 功过, 真相\nvt. 值得\nvi. 应受",cet4 cet6 ky toefl ielts gre
merited,'meritid,a. 应得的；理所当然的,gre
meritorious,.meri'tɒ:riәs,"a. 有功绩的, 有价值的, 可称赞的\n[法] 有功的, 值得称赞的, 善意的",gre
mermaid,'mә:meid,"n. 美人鱼, 善泳的女子",gre
merry,'meri,"a. 快乐的, 愉快的, 嬉戏作乐的",gk cet4 cet6 ky
mesa,'meisә,"n. 台面, 岩滩, 平顶山",gre
mesh,meʃ,"n. 网孔, 网丝, 网眼, 网状物, 圈套, 陷阱, 啮合\nvt. 以网捕捉, 啮合, 使缠住\nvi. 落网, 相啮合",cet6 ielts gre
mesmerism,'mezmәrizm,"n. 催眠术, 催眠状态\n[医] 催眠术",gre
mesmerize,'mezmәraiz,"vt. 施催眠术, 迷住, 迷惑\n[医] 催眠",toefl gre
Mesozoic,.mesәu'zәuik,n. 中生代\na. 中生代的,toefl
mess,mes,"n. 食堂, 伙食, 用膳, 一份食品, 混乱, 乱七八糟, 困境\nvt. 将...弄糟, 妨碍, 使紊乱, 使就餐\nvi. 陷入困境, 搞乱, 用膳",gk cet4 cet6 ky ielts
message,'mesidʒ,"n. 消息, 通讯, 讯息, 教训, 预言, 广告词\nvt. 通知\nvi. 通报, 报告, 报信\n[计] 报文; 消息; 信息",zk gk cet4 cet6 ky
messenger,'mesindʒә,"n. 报信者, 使者\n[经] 使者, 送信者, 通信员",cet4 cet6 ky
messy,'mesi,"a. 散乱的, 污秽的, 麻烦的",gk toefl
metabolic,.metә'bɒlik,"a. 变化的, 变形的, 新陈代谢的\n[医] [新陈]代谢的",cet6 toefl
metabolism,mi'tæbәlizm,"n. 新陈代谢, 变态\n[化] 新陈代谢; 代谢",toefl ielts gre
metal,'metәl,"n. 金属, 金属制品, 合金, 本质, 质料\na. 金属制的\nvt. 以金属覆盖",zk gk cet4 cet6 ky ielts
metallic,mi'tælik,"a. 金属的, 含金属的, 产生金属的\n[经] 金属的",cet6 ielts
metallurgy,'metәlә:dʒi,"n. 冶金学, 冶金术\n[化] 冶金",cet6 gre
metamorphose,.metә'mɒ:fәuz,"vt. 使变形, 使变态, 使变质\nvi. 变形, 变质",gre
metaphor,'metәfә,n. 隐喻,ky toefl ielts gre
metaphysical,.metә'fizikl,"a. 形而上学的, 纯粹哲学的, 抽象的",gre
metaphysics,.metә'fiziks,"n. 形而上学, 玄学, 空头理论",gre
mete,mi:t,"vt. 量, 测量, 分配\nn. 边界, 界石",toefl gre
meteor,'mi:tiә,"n. 流星, 大气现象",toefl
meteoric,.mi:ti'ɒrik,"a. 流星的, 疾速的, 大气的",ielts gre
meteorite,'mi:tiәrait,n. 陨星\n[化] 陨石; 陨铁,cet6 toefl
meteorologist,.mi:tiә'rɒlәdʒist,n. 气象学者,toefl
meteorology,.mi:tiә'rɒlәdʒi,"n. 气象学, 气象状态\n[医] 气象学",toefl ielts gre
methane,'meθein,"n. 甲烷, 沼气\n[化] 甲烷; 沼气",toefl
method,'meθәd,"n. 方法, 办法, 条理, 秩序\n[医] [方]法",zk gk cet4 cet6 ky ielts
methodical,mi'θɒdikl,"a. 有方法的, 有系统的",toefl gre
methodically,mi'θɒdikәli,"adv. 有系统地, 有方法地",toefl
methodology,.meθә'dɒlәdʒi,"n. 方法学, 方法论\n[化] 操作法; 工艺",toefl
methods,,"n. 方法, 方式；研究方法（method的复数）",ielts
meticulous,mә'tikjulәs,"a. 一丝不苟的, 精确的, 过细的",toefl ielts gre
meticulously,,"adv. 过细地, 细致地",toefl
metre,'mi:tә,"n. 公尺, 格律, 韵律\n[医] 米, 公尺",zk gk cet4 cet6 ky
metric,'metrik,"a. 公尺的, 公制的, 计量的\n[医] 测量的, 米制的, 公制的",cet4 cet6 ky ielts
metrical,'metrikl,"a. 韵律的, 有韵律的, 测量的",gre
metropolis,mi'trɒpәlis,"n. 大都市, 重要中心, 首府\n[医] 产地, 生地",toefl gre
metropolitan,.metrә'pɒlitn,"n. 大都市居民, 都主教, 宗主国的公民\na. 大都市的, 都主教区的, 宗主国的",cet6 ky toefl ielts gre
mettle,'metl,"n. 气质, 耐力, 勇气",gre
mettlesome,'met(ә)lsәm,"a. 精神饱满的, 有生气的, 勇敢的",gre
Mexican,'meksikәn,"n. 墨西哥人, 墨西哥语\na. 墨西哥的",gk
Mexico,'meksikәu,n. 墨西哥,gk
miasma,mi'æzmә,"n. 毒气, 沼气\n[医] 瘴毒, 瘴气",gre
microbe,'maikrәub,"n. 微生物, 细菌\n[医] 微生物",toefl ielts gre
microbiology,maikrәjbai'ɔlәdʒi,n. 微生物学\n[化] 微生物学,ielts
microcomputer,.maikrәu'kɒmpjutә,"n. 微电脑, 微机\n[计] 微型计算机; 微计算机",gk cet4 cet6
microcosm,'maikrәukɒzm,"n. 小宇宙, 小世界, 人类",toefl ielts
microfilm,'maikrәufilm,n. 缩影胶卷\nv. 缩微拍摄\n[计] 缩微胶片; 缩微胶卷,ielts
microorganism,.maikrәu'ɒ:gәnizm,"n. 微生物, 微小动植物\n[化] 微生物",toefl gre
microphone,'maikrәfәun,"n. 扩音器, 麦克风\n[医] 扩音器, 传声器",cet4 cet6 ky ielts
microprocessor,.maikrәu'prәusesә,n. 微处理器\n[计] 微处理器; 微处理机,cet6
microscope,'maikrәuskәup,n. 显微镜\n[化] 显微镜,gk cet4 cet6 ky toefl gre
microscopic,maikrә'skɔpik,"a. 显微镜的, 用显微镜可见的, 微观的, (非正式)极微小的, 细微的\n[计] 微观的",cet6 toefl gre
microwave,'maikrәuweiv,n. 微波\n[计] 微波,gk cet6 toefl
mid,mid,"a. 中间的, 中央的, 中部的\nprep. 在...之中",ielts
midair,.mid'єә,n. 半空中,toefl
midday,'middei,"n. 正午, 中午\na. 正午的",gk cet4 cet6
middle,'midl,"n. 中央, 中间, 腰部\na. 中央的, 中庸的, 中间的",zk gk
midget,'midʒit,n. 侏儒\na. 小型的,gre
midmorning,'mid'mɒ:niŋ,n. 上午十时左右,ielts
midnight,'midnait,"n. 午夜, 子夜, 半夜\na. 午夜的, 半夜的",gk cet4 cet6 ielts
midst,midst,n. 中间\nprep. 在...中间,cet4 cet6 ky
mien,mi:n,"n. 风采, 态度, 样子, 外表, 面条",gre
miff,mif,"n. 小争执, 愠怒\nvt. 使恼怒\nvi. 恼羞成怒",gre
might,mait,"n. 力量, 权力\naux. 可能, 也许",zk gk cet4 ky ielts
mighty,'maiti,"n. 有势力的人\na. 有势力的, 强大的, 有力的\nadv. 很, 极",cet6 toefl ielts gre
migrant,'maigrәnt,"n. 候鸟, 移居者\n[法] 移居者",cet6 toefl
migrate,'maigreit,"vi. 移动, 移往, 随季节而移居\n[计] 迁移程序",cet6 ky toefl ielts
migration,mai'greiʃәn,"n. 移民, 移往, 移动\n[计] 迁移",toefl ielts
migratory,'maigrәtәri,"a. 迁移的, 流浪的",toefl ielts gre
mild,maild,"a. 温和的, 温柔的, 淡味的, 适度的, 轻微的, (肥皂等)软性的\n[医] 轻的, 缓和的",gk cet4 cet6 ky toefl
mildew,'mildju:,"n. 霉\nvi. 发霉, 生霉\nvt. 使发霉",ielts
mile,mail,"n. 英里, 很大距离\n[机] 英里, 哩",zk gk cet4 cet6 ky
mileage,'mailidʒ,n. 英里数\n[经] 运费(按英里计算的),ielts
miles,,"n. 英里（1英里约合1609米, mile的复数形式）",ielts
milestone,'mailstәun,"n. 里程碑, 里程石, 里程标",toefl gre
milieu,'mi:ljә:,"n. 周围, 社会环境, 环境, 表达的手法\n[医] 环境",toefl
militant,'militәnt,a. 好战的,cet6 ky toefl ielts gre
military,'militәri,"n. 军队\na. 军事的, 军人的, 适于战争的",cet4 cet6 ky toefl
militia,mi'liʃә,"n. 义勇军, 民兵组织, 国民军",gre
milk,milk,"n. 奶, 乳状物\nvt. 挤乳, 榨取\nvi. 产乳",zk gk ielts gre
milky,'milki,"a. 乳状的, 乳白色的, 柔和的",cet6
mill,mil,"n. 压榨机, 磨坊, 制造厂\nvt. 碾磨, 磨细, 搅拌, 使乱转\nvi. 乱转, 被碾磨",cet4 cet6 ky toefl gre
millennia,mi'leniә,"一千年, 千年周年纪念日, 千年庆典, 千年期, (喻)太平盛世, 想象中的黄金时代",toefl
millennium,mi'leniәm,"n. 千禧年, 一千年",toefl ielts gre
millimeter,'milimi:tә,n. 毫米\n[医] 毫米,ky toefl
millimetre,'milimi:tә,n. 毫米\n[机] 公厘,cet4 cet6
million,'miljәn,"n. 百万, 无数\nnum. 百万",gk ielts
millionaire,.miljә'nєә,"n. 百万富翁, 大富豪\n[经] 大资本家, 巨富, 百万富翁",gk cet6 ky toefl
mills,,n. 米尔斯（人名）,ielts
mime,maim,"n. 哑剧, 小丑, 滑稽戏\nv. 摸拟表演\n[计] 多用途互连网邮件扩展",toefl gre
mimetic,"mi'metik, mai-","a. 模仿的, 摹拟的, 好模仿的, 类似的\n[计] 模拟的, 模仿的",toefl
mimic,'mimik,"a. 模仿的, 摹拟的\nn. 效颦者, 模仿者, 小丑, 仿制品\nvt. 模仿, 摹拟",toefl ielts gre
mimicry,'mimikri,"n. 模仿\n[医] 拟态(生物), 模仿, 模拟",toefl
minaret,.minә'ret,n. 光塔,gre
minatory,'minәtәri,a. 威胁的,gre
mince,mins,"n. 切碎物\nvt. 切碎, 矫揉做作地说\nvi. 碎步走, 装腔作势",toefl gre
mincing,'minsiŋ,"a. 矫饰的, 装腔作势的, 装模作样的, 切碎的",toefl
mind,maind,"n. 思想, 愿望, 智力, 记忆, 心理, 情绪, 理智, 主意, 心意\nvi. 介意, 注意, 留心\nvt. 注意, 留意, 专心于, 照看, 介意",zk gk ielts
mine,main,"n. 矿, 矿藏, 地雷\nvt. 挖掘, 开采, 在...布雷, 破坏\nvi. 开矿, 埋设地雷\npron. 我的",gk toefl ielts
miner,'mainә,"n. 矿工, 开矿机, 坑道工兵\n[经] 矿工",cet4 cet6
mineral,'minәrәl,"n. 矿物, 无机物, 苏打水\na. 矿物的, 似矿物的",gk toefl
mingle,'miŋgl,v. (使)混合,cet6 ky toefl ielts gre
mingling,'miŋɡliŋ,"v. 混合, 混入( mingle的现在分词 ); 混进, 与…交往[联系]",toefl
miniature,'miniәtʃә,"n. 缩图, 小画像\na. 小规模的, 纤小的",cet6 ky toefl gre
minibus,'minibʌs,"n. 中客车, 小型公共汽车",gk
minimal,'miniml,"a. 最小的, 极微的, 最小限度的\n[医] 最小的, 最低的",cet6 toefl ielts
minimalist,'minimәlist,n. 极简抽象派艺术家,toefl
minimize,'minimaiz,vt. 将...减到最少\nvt. 最小化\nvi. 最小化\n[计] 最小化,cet6 ky toefl gre
minimum,'minimәm,"a. 最小的, 最低的\nn. 最小值\n[计] 最小值",gk cet4 cet6 ky toefl ielts
mining,'mainiŋ,"n. 采矿\n[经] 采矿, 采矿业",ielts
minion,'minjәn,"n. 奴才, 宠臣",gre
miniskirt,'miniskә:t,n. 超短裙,gk
minister,'ministә,"n. 部长, 牧师, 公使\nvi. 服侍, 救助, 主持宗教仪式",gk cet4 cet6 ky ielts
ministry,'ministri,"n. 部, 内阁, 服务\n[经] 部",gk cet4 cet6 ky toefl
minnow,'minәu,n. 鲤科淡水小鱼,gre
minor,'mainә,"n. 未成年人, 副修科目\na. 较小的, 二流的, 未成年的\nvi. 副修\n[计] 次要",cet4 cet6 ky
minority,mai'nɒriti,"n. 少数, 未成年, 少数民族\na. 少数的, 属于少数派的",gk cet4 cet6 ky toefl ielts
mint,mint,"n. 薄荷, 造币厂, 巨额\nvt. 铸造, 铸币, 制造",cet6 toefl ielts gre
minuet,.minju'et,"n. 小步舞, 小步舞曲",gre
minus,'mainәs,"n. 负号, 不足\na. 减的, 负的, 阴性的\nprep. 减, 缺\n[计] 负差",gk cet4 cet6 ky ielts
minuscule,'minәskju:l,"n. 小书写体, 小写字\na. 用小书写体的, 小写字的",toefl gre
minute,'minit. mai'nju:t,"n. 分, 分钟, 片刻, 备忘录, 笔记\nvt. 记录, 摘录, 测定时间\na. 微小的, 详细的",zk gk toefl ielts
minutely,mai'nju:tli,"adv. 详细地, 精密地",toefl
minutes,,"n. 会议记录\n[法] 备忘录, 会议记录, 审判记录",ielts gre
minutia,mai'nju:ʃiә,"n. 细节, 琐事",gre
miracle,'mirәkl,"n. 奇迹, 奇事",cet4 cet6 ky toefl ielts gre
miraculous,mi'rækjulәs,"a. 奇迹的, 不可思议的",toefl gre
mirage,'mirɑ:ʒ,"n. 海市蜃楼, 幻景, 妄想",toefl ielts gre
mire,maiә,"n. 泥沼, 泥泞\nvt. 使陷于泥泞, 使陷入困境\nvi. 掉进泥坑",ielts gre
mirror,'mirә,"n. 镜子, 写真, 典范\nvt. 反映, 映出",zk gk cet4 cet6 ky
mirth,mә:θ,"n. 欢笑, 欢乐, 愉快",gre
misanthrope,'mizәnθrәup,"n. 厌恶人类的人, 不愿与人来往者",gre
miscarriage,mis'kæridʒ,"n. 失败, 误送, 流产\n[医] 流产",ielts
miscellany,mi'selәni,"n. 杂集, 杂录, 混杂",gre
mischance,.mis'tʃæns,"n. 不幸, 灾难",ielts
mischief,'mistʃif,"n. 损害, 伤害, 灾祸, 恶作剧, 淘气\n[法] 损害, 伤害, 危害",cet6 ky ielts
mischievous,'mistʃivәs,"a. 淘气的, 有害的, 恶作剧的, 胡搅的",gre
misconceive,.miskәn'si:v,v. 误解,ielts
misconception,.miskәn'sepʃәn,n. 误解,toefl
miscreant,'miskriәnt,"a. 邪恶的, 邪道的, 异端的\nn. 罪大恶极的人, 恶棍, 异端",gre
misdeed,'mis'di:d,"n. 罪行, 犯罪\n[法] 不端行为, 犯罪, 恶性",ielts
miser,'maizә,"n. 守财奴, 吝啬鬼, (石油工程上用的)锥钻头",cet6 toefl gre
miserable,'mizәrәbl,a. 悲惨的；痛苦的；卑鄙的,cet4 cet6 ky toefl ielts
miserly,'maizәli,"a. 吝啬的, 贪婪的",toefl gre
misery,'mizәri,"n. 痛苦, 悲惨, 不幸, 穷困",cet6 ky toefl ielts
misfortune,mis'fɒ:tʃәn,"n. 不幸, 灾祸, 坏运气\n[法] 不幸事故, 不幸, 灾祸",cet6 ky toefl ielts
misgiving,mis'^iviŋ,"n. 疑虑, 不安, 害怕, 担扰, 疑惧",toefl ielts gre
mishap,'mishæp,"n. 不幸之事, 灾祸, 恶运",toefl ielts
misinform,.misin'fɒ:m,vt. 提供错误消息,gre
mislead,mis'li:d,vt. 误导,cet4 cet6 ky toefl
misleading,mis'li:diŋ,"a. 引入歧途的, 使人误解的, 骗人的\n[法] 误写姓名的, 误称的, 令人误解的",toefl
misnomer,mis'nәumә,"n. 取名不当\n[法] 叫错姓名, 用词不当, 使用不适名称",gre
misogamy,mi'sɒgәmi,n. 厌恶结婚\n[医] 厌婚症,gre
misperceive,.mispә'si:v,vt. 误解；看错,gre
misrepresent,'mis.repri'zent,"vt. 不如实地叙述(或说明), 不称职地代表",ielts gre
misrepresentation,"'mis,reprizen'teiʃәn","[计] 错误表示法\n[经] 误列, 错误表示, 告知不实",gre
miss,mis,"n. 失误, 避免, 失败, 小姐\nvt. 未得到, 未达到, 未听到, 未觉察, 逃脱, 遗漏, 错过, 思念\nvi. 失败, 击不中",zk gk
misshapen,.mis'ʃeipәn,"a. 造型不佳的, 丑恶的, 畸形的",gre
missile,'misail,"n. 发射物, 导弹, 飞弹, 火箭\na. 可发射的",gk cet4 cet6 ky ielts gre
missing,'misiŋ,"a. 不见的, 缺少的\n[法] 行踪不明的, 失踪的, 遗失的",cet4 cet6 ky
mission,'miʃәn,"n. 任务, 代表团, 使命, 传教团\nvt. 派遣, 向...传教",cet4 cet6 ky toefl ielts
missionary,'miʃәnәri,"n. 传教士, 负有任务者, 工作人员\na. 传教的, 传教士的",cet6 ky
missive,'misiv,"n. 公文, 书信\na. 送出的",gre
mist,mist,"n. 雾, 迷蒙, 朦胧不清\nvt. 使模糊, 使蒙上雾\nvi. 变模糊, 下雾",gk cet4 cet6 ky ielts
mistake,mis'teik,"n. 错误, 误会\nvi. 犯错, 误认\nvt. 误解, 弄错\n[计] 错误",zk gk
mistaken,mis'teikәn,"a. 犯错的, 错误的\nmistake的过去分词",gk
Mister,'mistә,n. 先生,cet4 cet6
mistimed,'mɪstaɪmd,"a. 时间错误的, 不合时宜的\nv. 在不适宜的时候说或做( mistime的过去式和过去分词 )",gre
mistral,'mistrәl,n. 密史脱拉风,gre
mistress,'mistris,"n. 主妇, 女主人, 情妇",cet4 cet6 ky
mistrust,.mis'trʌst,"n. 不信任, 疑惑\nv. 不信任, 疑惑",toefl
misunderstand,.misʌndә'stænd,"vt. 误解, 误会",gk cet4 cet6 ky
misuse,.mis'ju:z,"n. 误用, 滥用\nvt. 误用, 滥用, 虐待",ielts
mite,mait,"n. 尽绵薄之力的捐献, 细微, 微少, 螨\n[医] 螨",gre
mitigate,'mitigeit,"vt. 温和, 缓和, 减轻\n[医] 缓和, 减轻",toefl ielts gre
mitten,'mitn,"n. 连指手套, 拳击手套",cet6 gre
mix,miks,"n. 混合物, 混乱, 糊涂\nvt. 使混合, 弄混, 使结合, 混淆\nvi. 相混合, 交往, 参与",gk cet4 ky
mixer,'miksә,"n. 混合者, 混合器, 搅拌机, 搅拌器, 混频器, (非正式)交际家, 与人相处的人\n[计] 混频器, 音装置",cet6
mixture,'mikstʃә,"n. 混合, 混淆, 混合物\n[化] 混合物",gk cet4 cet6 ky ielts
mm,,毫米\n[计] 毫米,gk
mnemonics,ni:'mɒniks,n. 记忆术\n[医] 记忆术,gre
moan,mәun,"n. 呻吟, 悲叹\nvi. 呻吟, 抱怨, 悲叹\nvt. 呻吟着说",cet4 cet6 ky gre
moat,mәut,"n. 壕沟, 护城河\nvt. 将...围以壕沟",toefl gre
mob,mɒb,"n. 暴民, 民众, 暴徒\nvt. 大举包围, 蜂拥进入, 围攻\nvi. 聚众生事",cet6 ky
mobile,'mәubil,"a. 移动的, 易变的, 机动的\nn. 活动物体",gk cet4 cet6 ky toefl ielts gre
mobility,mәu'biliti,"n. 可动性, 流动性, 机动性\n[化] 迁移率",cet6 toefl gre
mobilize,'mәubilaiz,"vt. 动员, 调动, 使流通\nvi. 动员",cet6 ky ielts
mock,mɒk,"n. 嘲笑, 戏弄, 模仿\na. 假的, 伪造的, 模拟的\nadv. 虚伪地\nvt. 嘲弄, 模仿, 使失望, 欺骗, 挫败\nvi. 嘲弄",cet6 ky toefl ielts gre
mockingbird,'mɒkiŋbә:d,n. 嘲鸫,toefl
mode,mәud,"n. 模态, 调式, 样式, 文体, 状态, 方式, 风尚\n[计] 方式; DOS外部命令:设定各种设备命令",cet4 cet6 ky toefl ielts gre
model,'mɒdәl,"n. 模型, 模范, 模特儿\na. 模范的, 作模型用的\nvi. 做模型, 做模特儿\nvt. 使模仿, 塑造\n[计] 模型",zk gk cet4 ky ielts
modem,'mәudem,n. 调制解调器\n[计] 调制解调器,gk toefl
moderate,'mɒdәrәt,"a. 适度的, 稳健的, 中等的, 节制的\nvt. 节制, 减轻, 使缓和\nvi. 变缓和, 主持会议",cet4 cet6 ky toefl ielts
moderately,'mɒdәrәtli,"adv. 适当地, 适度地, 中庸地",cet6
modern,'mɒdәn,"n. 现代人, 有思想的人\na. 现代的, 时髦的",zk gk ielts
modernization,.mɒdәnai'zeiʃәn,n. 现代化,ky
modest,'mɒdist,"a. 谦逊的, 羞怯的, 端庄的, 适度的\n[经] 适当的",gk cet4 cet6 ky toefl ielts gre
modesty,'mɒdisti,"n. 谦逊, 质朴, 羞怯",cet6
modicum,'mɒdikәm,n. 少量,gre
modification,.mɒdifi'keiʃәn,"n. 修正, 修饰, 修改\n[化] 修饰; 修改",cet6
modify,'mɒdifai,"vt. 修正, 变更, 修饰, 缓和, 减轻\nvi. 被修改\n[计] 修改",cet4 cet6 ky toefl ielts gre
modish,'mәudiʃ,"a. 流行的, 时髦的",gre
modulate,'mɒdjuleit,"vt. 调整, 使转调, 控制\nvi. 转调, 调制",cet6 toefl gre
module,'mɒdju:l,"n. 组件, 模数\n[计] 模块",cet6 ky ielts
mogul,"mәu'^ʌl, 'mәu^ʌl","n. 大人物, 有权势的人",gre
moiety,'mɒiәti,"n. 一半, 一部分, 应得之份\n[医] 等分, 一半, 一部分",toefl
moist,mɒist,"a. 潮湿的, 多雨的, 感伤的, 含泪的\n[医] 湿的",cet4 cet6 ky toefl ielts
moisten,'mɒisәn,vt. 弄湿\nvi. 变潮湿,toefl
moisture,'mɒistʃә,"n. 湿气, 水分, 降雨\n[化] 含水量; 含湿量",cet4 cet6 ky toefl
molar,'mәulә,"a. 磨碎的, 臼齿的, 摩尔的, 克分子的\nn. 臼齿, 磨牙",gre
mold,mәuld,"n. 模子, 模型, 霉\nv. 形成, 塑造, 发霉",toefl gre
molding,'mәuldiŋ,"n. 模制, 铸造物, 模制件, 浇铸\n[化] 模塑; 模压",gre
moldy,'mәuldi,"a. 发霉的, 腐臭的",gre
molecular,mә'lekjulә,"a. 分子的, 由分子组成的\n[医] 分子的",cet6 toefl
molecule,'mɒlikju:l,"n. 分子, 些微\n[化] 分子",cet4 cet6 ky toefl ielts gre
molest,mә'lest,"vt. 妨碍, 干扰, 调戏\n[法] 调戏, 作弄, 恶意干涉",ielts gre
mollify,'mɒlifai,"vt. 平息, 缓和, 减轻, 使变软",toefl gre
mollycoddle,'mɒlikɒdl,"n. 女性化的男人, 娇生惯养的人, 伪善的人\nvt. 溺爱, 娇养",gre
molt,mәult,"n. 换毛, 脱皮, 脱落物\nv. 脱毛, 换毛",gre
molten,'mәultәn,"a. 熔化的, 炽热的, 铸造的\nmelt的过去分词",toefl gre
mom,mʌm,n. 妈妈,zk
moment,'mәumәnt,"n. 片刻, 瞬间, 重要, 阶段, 力矩\n[医] 片刻, 瞬间, 时机, 因素, 矩",zk gk toefl gre
momentary,'mәumәntәri,"a. 瞬间的, 刹那间的",cet6 ky
momentous,mәu'mentәs,"a. 重大的, 重要的",toefl ielts gre
momentum,mәu'mentәm,"n. 动力, 动量\n[化] 动量",cet6 ky ielts gre
monarch,'mɒnәk,"n. 帝王, 统治者, 元首\n[医] 单原型(植)",cet6 ky toefl gre
monarchy,'mɒnәki,"n. 君主政体, 君主国, 君主政治\n[法] 君主政体, 君主制度, 君主国",ielts gre
monastery,'mɒnәstәri,"n. 修道院, 僧侣",gre
Monday,'mʌndi,n. 星期一,zk gk ielts
monetary,'mʌnitәri,"a. 货币的, 金钱的\n[经] 货币的, 金融的",cet6 ky toefl ielts gre
money,'mʌni,"n. 金钱, 一笔款, 财富, 货币, 金额\n[经] 货币, 金钱, 财产",zk gk ielts
mongrel,'mʌŋgrәl,"n. 杂种, 杂种狗, 混血儿\na. 杂种的, 混血儿的",gre
monitor,'mɒnitә,"n. 监督器, 级长, 监听员, 班长, 监视器, 告诫物\nv. 监视, 监听, 监督\n[计] 监视器, 监视程序; 监视",zk gk cet4 cet6 ky toefl ielts
monk,mʌŋk,"n. 修道士, 僧侣, 和尚",cet6
monkey,'mʌŋki,"n. 猴子, 猿, 打桩锤\nvi. 淘气, 胡闹\nvt. 嘲弄",zk gk cet4 ky
monochromatic,.mɒnәukrәu'mætik,"a. 单色的, 单频的\n[化] 单色的",toefl gre
monochrome,'mɒnәkrәum,"n. 单色画, 单色, 黑白\na. 单色的, 黑白的\n[计] 单色",toefl gre
monocle,'mɒnәkl,"n. 单片眼镜\n[医] 单眼镜, 单眼绷带",gre
monogamy,mɒ'nɒgәmi,n. 一夫一妻制\n[医] 单配,gre
monograph,'mɒnәgrɑ:f,"n. 专题论文, 专著, 专刊\nvt. 写专题论文",gre
monolithic,.mɒnәu'liθik,"a. 独石的, 完全统一的, 整体的\n[化] 整体(铸,烧结)的; 龟甲网衬里; 单片; 单块",gre
monologue,'mɔnәlɔ^,"n. 独白, 独脚戏, 独白场面, (非正式)(贬)滔滔不绝的话",ielts gre
monomania,.mɒnәu'meiniә,"n. 狂热, 偏执狂\n[医] 单狂, 偏狂",gre
monopolize,mә'nɒpәlaiz,"vt. 独占, 垄断\n[经] 垄断, 专营, 专利",toefl gre
monopoly,mә'nɒpәli,"n. 垄断, 专卖权, 独占事业\n[经] 垄断, 专利品, 垄断(权)独占",cet6 ky toefl ielts gre
monotone,'mɒnәtәun,a. 单调的\nn. 单调,gre
monotonous,mә'nɒtәnәs,"a. 单调的, 无变化的",ky toefl ielts gre
monotony,mә'nɒtәni,"n. 单调, 缺乏变化",gre
monsoon,mɒn'su:n,"n. 季风, 吹季风的季节, 雨季",ielts gre
monster,'mɒnstә,"n. 怪物, 恶人, 巨物\n[医] 畸胎",cet6 ky toefl ielts
monstrous,'mɒnstrәs,"a. 巨大的, 畸形的, 怪异的\n[法] 巨大的, 异形的, 畸形的:荒诞的",cet6 ielts gre
montage,mɒn'tɑ:ʒ,"n. 混合画, 画面剪辑, 蒙太奇",gre
month,mʌnθ,n. 月\n[经] 月,zk gk ielts
monthly,'mʌnθli,"n. 月刊\na. 每月的, 每月一次的",cet4 ky
monument,'mɒnjumәnt,"n. 纪念碑, 纪念物, 石碑",gk cet4 cet6 ky toefl
monumental,.mɒnju'mentәl,"a. 纪念碑的, 做为纪念的, 不朽的",gre
mood,mu:d,"n. 心情, 气氛, 生气, 基调\n[医] 心境",cet4 cet6 ky toefl ielts
moody,'mu:di,"a. 心情不稳的, 郁郁寡欢的, 喜怒无常的",gre
moon,mu:n,"n. 月亮, 月球, 月光\nvi. 闲荡\nvt. 虚度",zk gk
moor,muә,n.荒野；旷野\nMoor: 摩尔人.\nv.系住；停泊,cet6 gre
mop,mɒp,"n. 拖把, 鬼脸\nvt. 用拖把洗擦, 擦, 拭\nvi. 做鬼脸\n[计] 维护操作协议",gk cet6
mope,mәup,"vi. 忧郁, 闲荡\nvt. 使忧郁\nn. 忧郁的人",gre
moral,'mɒrәl,"n. 道德, 品行, 寓意\na. 道德的, 品性端正的, 精神上的",gk cet4 cet6 ky toefl
morale,mɒ'rɑ:l,"n. 士气, 道德",toefl gre
moralistic,.mɒrә'listik,"a. 道德家的, 说教的, 道德主义的",gre
morality,mә'ræliti,"n. 道德, 教训, 品行\n[法] 道德, 道义",cet6 ky ielts
morass,mә'ræs,"n. 沼泽, 困境, 乱糟糟的一堆",gre
moratorium,.mɒrә'tɒ:riәm,"n. 延期偿付, 暂停\n[法] 延期偿付, 延缓履行, 延期偿还期",gre
morbid,'mɒ:bid,"a. 致病的, 病态的, 疾病的, 可怕的\n[医] 病的",toefl ielts gre
mordant,'mɒ:dәnt,"a. 尖酸的, 辛辣的, 有腐蚀性的\nn. 腐蚀剂, 金属箔粘着剂, 媒染剂\nvt. 媒染",gre
more,mɒ:,"n. 更多\na. 多的, 程度较大的, 更大的\nadv. 多, 更多, 进一步\n[计] DOS外部命令:显示满屏后自动暂停, 并显示:""--More--"", 按任意键继续",zk
moreover,mɒ:'әuvә,"adv. 而且, 此外",cet4 cet6 ky ielts
mores,'mɔ:ri:z,"n. 习惯, 道德态度, 惯例, 习俗\n[医] 风俗, 习惯",gre
moribund,'mɒ:ribʌnd,a. 垂死的\nn. 垂死的人,toefl gre
morning,'mɒ:niŋ,"n. 早晨, 早上, 初期",zk gk
moron,'mɒ:rɒn,"n. 低能者, 笨人\n[医] 痴愚者",toefl gre
morose,mә'rәus,"a. 郁闷的, 孤僻的",gre
morphology,mɒ:'fɒlәdʒi,"n. 形态学, 词法, 形态\n[医] 形态学",toefl
morsel,'mɒ:sl,"n. 一口, 少量, 小片",gre
mortal,'mɒ:tәl,"n. 生物, 人类\na. 不免一死的, 人类的, 临终的",cet4 cet6 ky toefl ielts
mortality,mɒ:'tælәti,"n. 必死的命运, 死亡数目, 死亡率\n[医] 必死性, 死亡率",ky gre
mortar,'mɒ:tә,"n. 臼, 研钵, 灰泥\nvt. 用灰泥涂抹, 用灰泥结合",toefl gre
mortgage,'mɒ:gidʒ,"n. 抵押, 约束性义务, 抵押借款\nvt. 抵押, 以...作担保, 把...许给",cet6 ky ielts gre
mortification,.mɒ:tifi'keiʃәn,"n. 坏疽, 丢失面子的感觉, 禁欲\n[医] 坏疽",gre
mortify,'mɒ:tifai,"vt. 抑制, 苦修, 使受辱\nvi. 禁欲, 苦修",gre
mortuary,'mɒ:tʃuәri,"n. 停尸间, 太平间\na. 丧葬的, 悲哀的, 埋葬的",gre
mosaic,mәu'zeiik,"n. 马赛克, 镶嵌细工, 镶嵌工艺\na. 马赛克的, 镶嵌细工的, 拼花的\nvt. 用镶嵌细工装饰\n[计] Mosaic浏览程序",ky toefl ielts gre
Moscow,'mɒskau,n. 莫斯科,gk
Moslem,'mɒzlәm,"n. 穆斯林\na. 穆斯林的, 伊斯兰教的",gk cet6
mosque,mɒsk,n. 清真寺,cet6 gre
mosquito,mә'ski:tәu,n. 蚊子\n[医] 蚊,gk cet4 cet6 ky ielts gre
moss,mɒs,"n. 苔藓, 泥沼\nvt. 使长满苔藓",cet6 ky toefl
most,mәust,"n. 最多, 最大\na. 大多数的, 几乎全部的, 最多的\nadv. 最, 最多, 极其",zk gk ielts
mostly,'mәustli,"adv. 大概, 大部分, 主要\n[经] 大部份",cet4 cet6 ky toefl
mote,mәut,"n. 尘埃, 微粒",toefl gre
motel,mәu'tel,n. 汽车旅馆,cet4 cet6 ky ielts
moth,mɒθ,"n. 蛾害, 蛾, 乌头叶菜豆\n[医] 蠹, 蛾",toefl
mother,'mʌðә,"n. 母亲, 修女院长\nvt. 产生, 照看, 收养",zk gk ielts
motherland,'mʌðәlænd,n. 祖国,gk
motif,mәu'ti:f,"n. 主题, 基调, 动机, 基本图案\n[法] 主旨, 主题, 动机",toefl ielts gre
motile,'mәutail,"a. 能动的, 运动表象型的\nn. 运动表象型",gre
motility,mәu'tiliti,"n. 运动性, 自动力\n[医] 能动性, 机动性, 能动力",gre
motion,'mәuʃәn,"n. 移动, 手势, 动作, 意向, 请求, 提议\nv. 打手势",cet4 cet6 ky toefl ielts
motionless,'mәuʃәnlis,"a. 不动的, 静止的\n[机] 不动的, 静止的",toefl
motivate,'mәutiveit,"vt. 给与动机, 刺激, 提高...的学习欲望, 促动\n[经] 促动, 激发, 激励",cet4 cet6 ky toefl ielts
motivation,.mәuti'veiʃәn,"n. 动机, 刺激, 推动\n[医] 促动, 推动, 诱导",gk toefl ielts
motive,'mәutiv,"n. 动机, 目的, 主题, 基调\na. 运动的, 成为动机的",cet4 cet6 ky toefl
motley,'mɒtli,"a. 杂色的, 穿杂色衣的, 杂乱的, 混杂的\nn. 杂色, 杂色衣服, 混杂, 小丑",gre
motor,'mәutә,"n. 马达, 发动机, 原动力, 汽车\na. 马达的, 发动机的, 汽车的, 发动的\nvt. 推动, 以汽车载运\nvi. 乘汽车, 驾车",gk cet4 cet6 ky
motorbike,'mәjtәbaik,"n. 机动脚踏两用车, 摩托车",gk
motorcycle,'mәutәsaikl,"n. 摩托车\n[机] 机动车, 机踏车, 摩托车",zk gk ielts
motorway,'mәutәwei,n. 高速公路,cet6
mottle,'mɒtl,"vt. 使呈杂色\nn. 杂色, 斑点",gre
mottled,'mɒtld,"a. 杂色的, 斑驳的\n[医] 斑色的, 斑状的",gre
motto,'mɒtәu,"n. 箴言, 座右铭, 警句",gk ielts gre
mould,mәuld,"n. 模子, 模制品, 松软沃土, 霉\nvt. 形成, 浇铸, 用泥土覆盖\nvi. 发霉",cet4 cet6 ky ielts
mount,maunt,"n. 乘骑用马, 框, 衬纸, 山\nvi. 乘马, 爬上, 增长\nvt. 爬上, 使上马, 装上, 装裱, 安放, 制作...的标本, 设置, 上演\n[计] 安装",cet4 cet6 ky ielts
mountain,'mauntin,"n. 山, 山脉, 大堆",zk gk ielts
mountainous,'mauntinәs,"a. 多山的, 如山的, 巨大的",gk cet6 gre
mountebank,'mauntәbæŋk,"n. 江湖郎中, 骗子",gre
mourn,mɒ:n,"v. 哀悼, 忧伤, 服丧",gk cet4 cet6 ky ielts gre
mournful,'mɒ:nful,"a. 悲恸的, 悲哀的, 令人惋惜的",toefl gre
mourning,'mɔ:niŋ,"n. 哀痛, 居丧, 举哀, 哀悼, 丧服, 戴孝",toefl
mouse,maus,"n. 老鼠, 胆小羞怯的人, 鼠标\nvi. 捕鼠, 窥探\nvt. 探出\n[计] 鼠标",zk gk cet4 cet6 ky
moustache,'mʌstæʃ,"n. 髭, 小胡子, 触须",gk ielts
mouth,mauθ,"n. 嘴, 口, 口腔, 口状物\nvi. 装腔作势说话, 做鬼脸\nvt. 说出, 做作地说",zk gk toefl
mouthful,'mauθful,"n. 一口, 满口",gk cet4 cet6
move,mu:v,"n. 移动, 迁居, 步骤\nvt. 移动, 开动, 感动, 搬(家)\nvi. 移动, 离开, 运行, 迁移, 摇动, 搬家, 交往, 进展, 脱手\n[计] 移动; 传送; DOS外部命令:移动文件, 它可将文件移动到指定的地方",zk gk
movement,'mu:vmәnt,"n. 运动, 动作, 运转, 移动, 倾向, 变化, 活动, 乐章\n[医] 运动",gk cet4 cet6 ky gre
movie,'mu:vi,n. 电影,zk gk cet4 ky ielts
movies,'mu:vis,n. 电影,ielts
Mr.,'mistә(r),"阁下, 先生",zk gk
Ms.,miz,女士,zk gk
much,mʌtʃ,"n. 大量, 许多, 重要的事\na. 很多的, 重要的\nadv. 多, 甚, 几乎",zk gk
mucous,'mju:kәs,"a. 粘液的, 粘的, 粘液性的\n[医] 粘液的",ielts
mud,mʌd,"n. 泥, 诽谤\nvt. 弄脏",gk cet4 cet6 ky toefl
muddle,'mʌdl,"vt. 混合, 使微醉, 使咬字不清晰\nvi. 胡乱对付\nn. 困惑, 混浊状态",toefl ielts gre
muddy,'mʌdi,"a. 泥泞的, 浑浊的, 模糊的\nvt. 使污浊, 使沾上泥污",gk cet4 cet6 gre
muffle,'mʌfl,"n. 低沉的声音, 拳击手套, 唇鼻部, 围巾, 头巾\nvt. 围裹, 抑制, 发低沉的声音",gre
muffled,,a. 听不清的；蒙住的,gre
muffler,'mʌflә,"n. 围巾, 头巾, 无指手套, 消声器\n[化] 消声器; 消音器",gre
mug,mʌg,"n. 有柄大杯, 脸, 苦读者\nvt. 给...拍照, 攻击, 苦读\nvi. 拼命用功",cet4 cet6 ky
muggy,'mʌgi,a. 闷热的,gre
mulberry,'mʌlbәri,"n. 桑树, 桑椹, 深紫红色\n[医] 桑树; 桑葚",toefl
mulct,mʌlkt,"n. 罚金\nvt. 科以罚金, 抢夺",gre
mulish,'mju:liʃ,"a. 似骡的, 执拗的, 顽固的",gre
multicellular,.mʌlti'seljulә,a. 多细胞的\n[医] 多细胞的; 多空隙的,toefl
multifaceted,.mʌlti'fæsitid,a. 多层面的,toefl
multifarious,.mʌlti'fєәriәs,"a. 多种的, 各种各样的, 许多的",gre
multilateral,.mʌlti'lætәrәl,"a. 多边的, 多国的\n[经] 多边的, 涉及多方的",ielts
multiple,'mʌltipl,"n. 倍数, 并联\na. 多样的, 许多的, 多功能的",cet4 cet6 ky toefl gre
multiplication,.mʌltipli'keiʃәn,"n. 乘法, 增加, 乘法运算\n[医] 增殖; 倍增",cet6
multiplicity,.mʌlti'plisiti,"n. 相重性, 多重性, 多样\n[化] 多重态; 多重性",gre
multiply,'mʌltiplai,"v. 繁殖, 乘, 增加\n[计] 乘",gk cet4 cet6 ky toefl ielts gre
multistory,,a. 有多层楼的,toefl
multitude,'mʌltitju:d,"n. 多数, 群众",cet6 ky toefl ielts gre
mumble,'mʌmbl,"n. 喃喃而语, 咕哝\nv. 喃喃而语, 咕哝",gre
mundane,'mʌndein,"a. 现世的, 世俗的, 宇宙的",toefl ielts gre
municipal,mju:'nisipl,"a. 市政的, 自治区的, 内政的\n[经] 市政的, 市的",cet6 ky toefl ielts
municipality,.mju:nisi'pæliti,"n. 自治区, 市当局, 市民\n[法] 市, 自治市, 自治地区",gre
munificence,mju:'nifisns,"n. 丰厚, 慷慨给与",gre
munificent,mju:'nifisnt,"a. 丰厚的, 慷慨的",toefl
muniments,,"(muniment 的复数) n. 契据, 证券, 文件, 防御手段\n[法] 保护, 保护的手段, 档案",gre
munition,mju:'niʃәn,n. 军需品\nvt. 供给军需品,gre
mural,'mjuәrәl,"a. 壁的, 壁上的, 壁似的\nn. 壁画",toefl gre
murder,'mә:dә,"n. 谋杀\nvt. 谋杀, 损毁, 破坏\nvi. 犯杀人罪",zk gk cet4 cet6 ky
murderer,'mә:dәrә,"n. 凶手, 杀人者, 谋害者\n[法] 谋杀犯, 凶手",cet4 cet6
murky,'mә:ki,"a. 黝暗的, 阴沉的, 朦胧的",gre
murmur,'mә:mә,"n. 低语, 低声的怨言\nvi. 低语, 低声而言\nvt. 低声说",cet6 ky ielts gre
muscle,'mʌsl,"n. 肌肉, 臂力\n[医] 肌",cet4 cet6 ky gre
muscles,,n. 肌肉（muscle的复数）,ielts
muscular,'mʌskjulә,"a. 强壮的, 肌肉发达的, 有力的\n[医] 肌的; 肌肉发达的",cet6 ky toefl ielts gre
muse,mju:z,"n. 沉思, 冥想\nv. 沉思, 冥想, 若有所思地凝望或说",cet6 gre
museum,mju:'ziәm,n. 博物馆,zk gk cet4 cet6 ky ielts
mushroom,'mʌʃrum,"n. 蘑菇形物, 蘑菇, 暴发户\nvi. 迅速生长, 迅速增加, 采蘑菇\na. 蘑菇形的, 迅速生长的",gk cet4 cet6 ky toefl ielts gre
music,'mju:zik,"n. 音乐, 乐曲",zk gk ielts
musical,'mju:zikl,"n. 音乐片, 音乐舞台剧\na. 音乐的, 声音美妙的, 喜爱音乐的",gk cet4 cet6 ky ielts
musician,mju:'ziʃәn,"n. 音乐家, 乐师, 作曲家",gk cet4 cet6 ky
musicologist,.mju:zi'kɒlәdʒist,n. 音乐学者,gre
musket,'mʌskit,n. 火枪,gre
must,mʌst,"n. 必须, 未发酵葡萄汁, 绝对必要的事物\naux. 必须",zk
mustard,'mʌstәd,"n. 芥末, 芥菜, 强烈的兴趣\n[医] 芥子; 芥属植物",gk cet6
muster,'mʌstә,"n. 召集, 集合, 检阅, 清单, 花名册, 样品\nvt. 召集, 集合, 应召\nvi. 集合, 集中",ielts gre
musty,'mʌsti,"a. 发霉的, 霉臭的, 落伍的",gre
mutate,'mju:teit,"vi. 变化, 产生变异, 变化元音\nvt. 使变异",gre
mutation,mju:'teiʃәn,"n. 变化, 突变, 元音变化\n[化] 突变",toefl ielts
mute,mju:t,"n. 哑子, 哑音字母, 弱音器\na. 哑的, 无声的, 沉默的\nvt. 减弱...的声音\nvi. 排泄",cet4 cet6 ky gre
muted,,"a. 变弱了的, 变柔和了的",ky gre
mutilate,'mju:tileit,"vt. 切断, 使残废, 使不完整\n[医] 致残毁",gre
mutineer,.mju:ti'niә,"n. 暴徒, 反抗者\nvi. 暴动, 反抗",gre
mutinous,'mju:tinәs,"a. 暴动的, 反抗的",gre
mutter,'mʌtә,"n. 喃喃低语\nvi. 喃喃自语, 作低沉声\nvt. 出怨言, 抱怨地说",cet4 cet6 ky ielts gre
mutton,'mʌtn,n. 羊肉,gk cet4 cet6 ky gre
mutual,'mju:tʃuәl,"a. 相互的, 共有的\n[经] 相互的",cet4 cet6 ky toefl ielts
muzzy,'mʌzi,"a. 发呆的, 无精神的, 含糊的",gre
my,mai,pron. 我的\n[医] 迈尔(热容单位),zk gk
myopia,mai'әupiә,n. 近视\n[医] 近视,gre
myopic,mai'ɔpik,a. [眼科]近视的；目光短浅的,gre
myriad,'miriәd,"n. 无数, 无数的人(或物)\na. 无数的, 种种的",toefl ielts gre
myself,mai'self,"pron. 我自己, 我亲自, 我独自",zk gk
mysterious,mis'tiәriәs,"a. 神秘的, 难解的, 不可思议的",cet4 cet6 ky toefl
mystery,'mistәri,"n. 秘密, 神秘, 奥秘",cet4 cet6 ky toefl
mystic,'mistik,"a. 神秘的, 奥秘的\nn. 神秘主义者",gre
myth,miθ,"n. 神话, 虚构的事, 虚构的人",cet6 ky toefl ielts
mythical,'miθikә l,"a. 神话的, 存在于神话中的, 神话式的, 不真实的, 虚构的, 幻想出来的",toefl
mythology,mi'θɒlәdʒi,n. 神话,toefl ielts
nadir,'nei.diә,"n. 天底, 最低点",gre
nag,næg,"n. 老马, 驽马, 劣等竞赛马, 唠叨\nv. 不断地唠叨, 恼人",gre
nail,neil,"n. 钉子, 指甲\nvt. 用钉钉牢, 使固定, 截住, 揭露",gk cet4 cet6 ky toefl
naive,nɑ:'i:v,"a. 天真的, 纯真的, 幼稚的",cet6 ky gre
naivety,nɑ:'i:vti,n. 无邪的行为；天真烂漫（等于naivete）,gre
naked,'neikid,"a. 裸体的, 无装饰的, 无保护的, 赤贫的\n[医] 裸露的",cet4 cet6 ky toefl ielts
name,neim,"n. 名字, 名称, 姓名, 名义, 名誉, 文件名\nvt. 命名, 称呼, 任命, 提名, 列举\na. 姓名的, 据以取名的\n[计] 名称, 文件名, 姓名",zk gk
namely,'neimli,"adv. 即, 就是, 换句话说",cet4 cet6 ky ielts
nap,næp,"n. 小睡, 稍睡, 细毛, 孤注一掷\nvi. 小睡, 疏忽\nvt. 使拉毛, 打盹度过, 预测...为获胜马",cet4 cet6 ky ielts
napkin,'næpkin,"n. 餐巾, 餐巾纸, 尿布",cet6 ky
narcissism,nɑ:'sisizm,"n. 自我陶醉, 自恋\n[医] 自爱欲, 恋已癖",gre
narcissist,nɑ:'sisist,n. 自我陶醉者,gre
narcotic,nɑ:'kɒtik,"n. 麻醉药, 镇静剂\na. 麻醉的, 催眠的",toefl ielts gre
narrate,nә'reit,"v. 说故事, 说明, 叙述",ky
narration,nә'reiʃәn,"n. 叙述, 故事, 叙述文\n[法] 陈诉, 原告陈述者事实",cet6 toefl
narrative,'nærәtiv,"n. 叙述, 故事\na. 叙述的, 叙事的, 故事体的",cet6 ky ielts gre
narrator,,"n. 讲述者, 叙述者\n[法] 陈述者, 叙述者",toefl ielts
narrow,'nærәu,"n. 狭窄部分, 隘路\na. 狭窄的, 仔细的, 有限的, 勉强的, 狭隘的, 手紧的\nvi. 变窄\nvt. 使变狭窄",gk cet4 cet6 ky toefl
nasal,'neizl,"a. 鼻的, 鼻声的, 尖锐的\nn. 鼻音, 鼻音字",gre
nascent,'næsnt,"a. 发生中的, 开始存在的, 初期的\n[医] 初发的, 初生的",gre
nasty,'nɑ:sti,"a. 污秽的, 下流的, 险恶的",cet4 cet6 ky ielts
natal,'neitl,"a. 出生的, 诞生的\n[医] 分娩的, 生产的; 臀的",ielts gre
natation,nei'teiʃәn,n. 游泳,gre
nation,'neiʃәn,"n. 国家, 民族\n[法] 民族, 国家",gk cet4 cet6 ky
national,'næʃәnәl,"a. 国家的, 国立的, 全国性的, 民族的\n[经] 全国性的, 国家的, 国民的",zk gk cet4 cet6 ky ielts
nationalities,,"n. 国籍, 民族（nationality的复数）",ielts
nationality,.næʃә'nælәti,"n. 国籍, 国家, 民族性\n[法] 国家, 民族, 国民",gk cet4 cet6 ky toefl ielts
nationwide,'neiʃәnwaid,"a. 全国性的\n[法] 全国的, 全国范围的",gk toefl
native,'neitiv,"n. 本地人, 土产, 当地人\na. 本国的, 与生俱来的, 自然的",gk cet4 cet6 ky ielts
natty,'næti,"a. 整洁的, 帅的, 清楚的, 敏捷的",gre
natural,'nætʃәrәl,"n. 白痴\na. 自然的, 自然界的, 本能的, 天然的, 物质的, 正常的, 原始的, 自然数的",zk gk cet4 cet6 ky toefl ielts
naturalist,'nætʃәrәlist,n. 自然主义者,toefl
naturalistic,.nætʃәrә'listik,"a. 自然的, 自然主义的",toefl
naturally,'nætʃәrәli,"adv. 自然地, 以自然力, 天生地",cet4 cet6
nature,'neitʃә,"n. 自然, 大自然, 本性, 性格, 性质\n[医] 自然, 大自然; 本性, 性能",zk gk cet4 cet6 ky ielts
naught,nɒ:t,"n. 无, 零\na. 无价值的, 无用的",ielts
naughty,'nɒ:ti,"a. 顽皮的, 没规矩的, 不适当的, 下流的",cet4 cet6 ky toefl
nausea,'nɒ:ʃjә,"n. 反胃, 晕船, 恶心, 厌恶\n[医] 恶心",ielts gre
nauseate,'nɒ:sieit,"vi. 作呕, 产生恶感, 厌恶\nvt. 使厌恶, 使恶心",gre
nautical,'nɒ:tikәl,"a. 海上的, 航海的, 船员的",ielts gre
naval,'neivl,"a. 海军的, 军舰的, 有舰队的\n[法] 海军的, 军舰的, 船的",cet4 cet6 ky toefl ielts
nave,neiv,"n. (教堂)中殿, 中央广场, 轮毂\n[机] 轮毂",cet6
navigable,'nævigәbl,"a. 可航行的, 可通船的, 适于航行的\n[法] 可航行的, 可通航的",ielts
navigate,'nævigeit,"vi. 航行\nvt. 航行于, 驾驶, 操纵, 使通过",toefl gre
navigation,.nævi'geiʃәn,"n. 航行, 航海, 导航\n[经] 航空, 航海, 航船",cet4 cet6 ky toefl ielts
navy,'neivi,"n. 海军, 海军人员, 海军军力, 烟蒂",gk cet4 cet6 ky
naysay,'neisei,"n. 拒绝, 否认\nvt. 拒绝, 否认",gre
naysayer,,"n. 拒绝者, 否认者, 老是唱反调的人\n[法] 否定者, 投反对票者",gre
near,niә,"a. 近的, 近亲的, 近似的\nadv. 接近, 亲近\nprep. 靠近, 近似于\nv. 接近, 走近",zk gk
nearby,'niәbai,"a. 附近的, 近旁的\nadv. 在附近, 近旁地\nprep. 在...附近",gk cet4 cet6 ky
nearly,'niәli,"adv. 几乎, 密切地",zk gk toefl
neat,ni:t,"a. 整洁的, 巧妙的, 匀称的, 简洁的\nn. 牛",gk cet4 cet6 ky toefl ielts
nebula,'nebjulә,"n. 星云, 角膜云翳\n[医] 薄翳; 角膜翳, 角膜云翳; 喷雾剂",toefl
nebulous,'nebjulәs,"a. 星云的, 星云状的, 朦胧的",gre
necessarily,'nesisәrili,"adv. 必然地, 必须地, 必要地",cet4 cet6
necessary,'nesisәri,a. 必要的；必然的；必需的,zk gk
necessitate,ni'sesiteit,"vt. 迫使, 使成为必需, 需要",cet6 ky ielts
necessitous,ni'sesitәs,"a. 贫乏的, 穷困的, 紧迫的, 必需的",gre
necessity,ni'sesәti,"n. 需要, 必需品, 必然\n[法] 必要性, 必然性, 必要",cet4 cet6 ky toefl
neck,nek,"n. 脖子, 衣领, 颈\nvi. 拥抱, 拥吻, 收缩\nvt. 割颈",zk gk cet4 cet6 ky toefl ielts
necklace,'neklis,n. 项链,gk cet4 cet6 ky
necktie,'nektai,n. 领带,gk
necropolis,ne'krɒpәlis,"n. 大墓地, 史前坟场",gre
nectar,'nektә,"n. 神酒, 甜美饮料, 甘露",toefl gre
need,ni:d,"n. 需要, 必须, 缺乏\nvt. 需要, 必需\nvi. 贫困, 有必要\naux. 需要",zk gk
needle,'ni:dl,"n. 针, 尖\nvt. 用针缝\nvi. 缝纫\n[计] 探针",gk cet4 cet6 ky gre
needless,'ni:dlis,"a. 不需要的, 不必要的",cet4 cet6
needlework,'ni:dlwә:k,"n. 刺绣, 缝纫",toefl gre
needy,'ni:di,"a. 贫穷的, 贫困的, 生活艰苦的",toefl gre
nefarious,ni'feәriәs,"a. 恶毒的, 极坏的",gre
negate,ni'geit,"vt. 否定, 否认, 取消\n[计] 非",toefl gre
negation,ni'geiʃәn,"n. 否定, 反面, 不存在\n[医] 否定, 否认",ielts gre
negative,'negәtiv,"n. 否定, 否定语, 负数, 底片\na. 否定的, 消极的, 负的, 阴性的\nn. 负数, 负值\n[计] 负数, 负值",cet4 cet6 ky toefl ielts
neglect,ni'glekt,"n. 疏忽, 忽略, 漏做\nvt. 疏忽, 忽视, 不顾",cet4 cet6 ky toefl ielts
negligence,'neglidʒәns,"n. 疏忽, 粗心大意, 忽视\n[经] 疏忽, 过失",toefl ielts gre
negligent,'neglidʒәnt,"a. 疏忽的, 粗心的, 不在意的",ky toefl
negligible,'neglidʒәbl,"a. 可以忽略的, 不足取的, 无用的\n[医] 可不计的, 可忽视的",cet6 ky toefl ielts
negotiable,ni'gәuʃiәbl,"a. 可磋商的, 可转让的, 可通行的\n[经] 可流通的, 可转让的",ielts gre
negotiate,ni'gәuʃieit,"vi. 商议, 谈判, 交涉\nvt. 谈妥, 转让, 处理",gk cet6 ky toefl gre
negotiation,ni.gәuʃi'eiʃәn,"n. 谈判, 磋商, 交涉\n[经] 谈判, 协商",cet6 toefl
negro,'ni:grәu,n. 黑人\na. 黑人的,cet4 cet6 ky
neighbor,'neibә,"n. 邻居\nvt. 邻接\nvi. 毗邻而居, 友好\na. 邻近的",ky toefl
neighborhood,'neibәhud,"n. 附近, 邻近",cet4 ky
neighboring,'neibәriŋ,"a. 附近的, 邻近的, 邻接的",ielts
neighbour,'neibә,"n. 邻居, 邻接的东西, 邻国, 邻座, 邻人, 世人\na. 邻接的, 邻近的\nvi.vt. 邻近, 与...结邻, 邻接",zk gk cet4 cet6
neighbourhood,'neibәhud,"n. 邻接, 周围, 附近一带, 邻近, 邻居关系, 地区, 街道, 街坊, 四邻\n[计] 邻域",gk cet4 cet6
neighbouring,'neibәriŋ,"a. 邻近的, 接壤的, 附近的\n[法] 邻近的, 附近的, 接壤的",cet6
neither,'naiðә,"adv. 皆不, 两个都不\na. (两者)都不的\npron. 两者都不\nconj. 既非, 既不",zk gk
nemesis,'nemisis,"n. 复仇女神, 给与惩罚的人, 天罚, 报应",gre
neoclassical,'ni:әuklæsikәl,a. 新古典主义的,toefl
neolithic,.ni:әu'liθik,a. 新石器时代的,gre
neologism,ni:'ɒlәdʒizm,"n. 新语, 使用新语, 创造新语\n[医] 新语症; 语词新作, 新词症",gre
neon,'ni:ɒn,n. 氖\n[化] 氖Ne,toefl
neonate,'ni:әuneit,n. 婴儿\n[医] 新生儿; 新生的,gre
neophyte,'ni:әufait,"n. 新入教者, 新信徒",gre
nephew,'nefju:,"n. 侄子, 外甥",gk cet4 cet6 ky
nephritis,ne'fraitis,n. 肾炎\n[医] 肾炎,gre
nepotism,'nepәtizm,"n. 偏袒亲属, 起用亲戚",gre
nerve,nә:v,"n. 精神, 勇气, 叶脉, 神经\nvt. 鼓起勇气",cet4 cet6 ky gre
nervous,'nә:vәs,"a. 神经紧张的, 不安的, 神经的\n[医] 神经的; 神经质的, 神经过敏的",zk gk cet4 cet6 ky toefl ielts
nest,nest,"n. 巢, 窝, 休息所, 隐匿处\nvi. 筑巢, 找鸟巢\nvt. 为...设窝, 使套叠\n[计] 嵌套",gk cet4 cet6 ky
nestle,'nesl,"vi. 舒适地坐定, 挨靠, 偎依\nvt. 抱, 安置",gre
nestling,'nesliŋ,"n. 刚孵出的雏, 未离巢的雏, 幼儿",gre
net,net,"n. 网, 网状物, 罗网, 净利, 净价\na. 净的, 最终的\nvt. 用网捕, 撒网, 净赚, 得到\nvi. 编网\n[计] 网络, 网络分析程序",gk cet4 cet6 ky toefl
nethermost,'neðәmәust,"a. 最低的, 最下面的",gre
nets,,n. 网（net的复数）,ielts
nettle,'netl,"n. 荨麻\nvt. 以荨麻刺, 激怒",toefl gre
network,'netwә:k,"n. 网络, 广播网, 网状物\n[计] 网络",gk cet4 cet6 ky ielts
neurology,nju'rɒlәdʒi,n. 神经病学\n[医] 神经病学,ky gre
neuron,'njuәrɔn,"n. 神经原, 轴索, 神经细胞\n[计] 神经元",cet6 toefl
neurosis,nju'rәusis,"n. 神经症, 神经机能病\n[医] 神经机能病, 神经[官能]症",ielts gre
neurotic,nju'rɒtik,"n. 神经症患者\na. 神经质的, 神经症的",ielts
neurotransmitter,",njuәrәtræns'mitә",n. 神经递质\n[化] 神经递质,toefl
neutral,'nju:trәl,"n. 中立者, 中立国, 非彩色, 空档\na. 中立的, 中性的, 无色的",cet4 cet6 ky toefl
neutralize,'nju:trәlaiz,"vt. 使中立, 使成中立地带, 使中和, 抵销\nvi. 中立化, 变无效, 中和",toefl ielts gre
neutron,'nju:trɒn,n. 中子\n[化] 中子,cet6 toefl gre
never,'nevә,"adv. 从不, 决不, 不曾\n[法] 永不, 决不, 从来没有",zk gk
nevertheless,.nevәðә'les,"adv. 然而, 虽然如此\nconj. 然而",cet4 cet6 ky ielts
new,nju:,"a. 新的, 陌生的, 最近的, 不熟悉的\n[法] 新发现的, 新的, 重新开始的",zk gk
newly,'nju:li,"adv. 重新, 最近",cet4 cet6
news,nju:z,"n. 新闻, 消息, 报导\n[法] 新闻, 消息, 新闻报导",zk gk
newscast,'nju:zkɑ:st,n. 新闻广播,toefl
newspaper,'nju:z.peipә,n. 报纸,zk gk ielts
newspapers,,"n. 报纸, 报章（newspaper的复数）",ielts
newsstand,'nju:zstænd,"n. 报摊, 报刊出售处",toefl
next,'nekst,"n. 下一个\na. 下一个的, 其次的, 贴近的\nadv. 然后, 下次, 次于\n[计] 近邻干扰",zk gk
nexus,'neksәs,"n. 连结, 关系\n[化] 融合膜",gre
nib,nib,"n. 嘴, 笔尖\nvt. 装尖头, 削尖, 修换(笔)尖",gre
nibble,'nibl,"n. 少量食物, 细咬, 轻咬, 啃\nv. 一点一点地咬, 细咬, 吹毛求疵\n[计] 半字节",toefl ielts gre
nice,nais,"a. 美好的, 和蔼的, 正派的, 做得好的, 精密的, 细微的, 挑剔的, 谨慎的",zk gk gre
nicety,'naisәti,"n. 美好, 准确, 精密, 拘泥细节, 纤细",ielts gre
niche,nitʃ,"n. 壁龛\nvt. 放入壁龛, 安顿",toefl gre
nick,nik,"n. 刻痕, 缺口, 划痕\nvt. 刻痕于, 弄缺, 擦伤\nvi. 狙击",gre
nickel,'nikl,"n. 镍, 镍币, 五分镍币\nvt. 镀镍于",cet6 ky toefl ielts
nickname,'nikneim,"n. 绰号, 昵称\nvt. 给...取绰号, 叫错名字\n[计] 绰号",cet6 ky toefl
nicotine,'nikәti:n,"n. 烟碱, 尼古丁\n[化] 烟碱; 尼古丁",toefl gre
niece,ni:s,"n. 侄女, 甥女",gk cet4 cet6 ky
niggard,'nigәd,"n. 吝啬鬼\na. 吝啬的, 小气的",gre
niggling,'ni^liŋ,"a. 细小的, 琐屑的, 小心翼翼的, 缺乏魄力的, 过于精细的",gre
night,nait,"n. 夜, 夜晚, 晚上, 黑暗, 夜晚的工作\n[法] 夜, 黑夜, 黑暗",zk gk ielts
nightmare,'naitmєә,"n. 梦魇, 恶梦, 可怕的事物(或情景、人物)\n[医] 梦魇, 恶梦",cet6 ky ielts gre
nihilism,'naiilizm,"n. 虚无主义, 无政府主义\n[医] 虚无妄想; 虚无主义",gre
nil,nil,"n. 无, 全无, 零\n[法] 无, 零, 无有",ielts gre
nimble,'nimbl,"a. 敏捷的, 伶俐的, 聪明的",toefl gre
nine,nain,"num. 九, 九个",zk gk
nineteen,.nain'ti:n,"num. 十九, 十九个",zk gk cet4 ky
ninety,'nainti,"num. 九十, 九十个",zk gk
ninth,nainθ,"num. 第九, 九分之一",zk gk
nip,nip,"n. 捏, 夹, 寒冷, 尖刻话\nvt. 捏, 夹, 钳, 剪断, 损伤, 冻伤, 一小口\nvi. 夹, 捏, 刺骨, 快走, 一小口一小口地抿(酒)\n[计] 核心程序的初始程序",gre
nippers,,n. 钳子（nipper的复数形式）,gre
nipping,'nipiŋ,"a. 刺骨的, 刺人肌肤的, 讥刺的",gre
nitpick,'nitpik,vi. 挑剔；吹毛求疵,gre
nitrogen,'naitrәdʒәn,n. 氮\n[化] 氮N-2,cet4 cet6 ky toefl ielts
no,nәu,"n. 不, 拒绝, 否决票\na. 没有, 不是, 绝非\nadv. 不",zk gk
no.,'nʌmbә,"n. 号码, 编号\n[医] 数目, 号码",gk
nobility,nәu'biliti,"n. 贵族, 高尚, 贵族阶级",ielts
noble,'nәubl,"n. 贵族\na. 高贵的, 高尚的, 贵族的, 辉煌的",gk cet4 cet6 ky ielts
nobody,'nәubɒdi,"n. 小人物, 无名小卒\npron. 无人, 没有人",zk gk
nocturnal,nɒk'tә:nәl,"a. 夜的, 夜曲的\n[医] 夜间的",toefl gre
nod,nɒd,"n. 点头, 打盹, 晃动\nvi. 点头, 打盹\nvt. 点头表示, 点(头)",zk gk cet4 cet6 ky toefl
noise,nɒiz,"n. 噪音, 杂音, 响声, 喧闹\nvt. 谣传\nvi. 喧闹\n[计] 噪声",zk gk ielts
noisily,'nɒizili,adv. 吵闹地,gk
noisome,'nɔisәm,"a. 有害的, 恶臭的, 有毒的, 可厌的, 令人不快的",gre
noisy,'nɒizi,"a. 嘈杂的, 喧闹的\n[机] 噪声的, 嘈杂的",gk cet4 cet6 ky toefl ielts
nomad,'nәumәd,"n. 游牧部落一员, 流浪者\na. 游牧的, 流浪的",gre
nomadic,nәu'mædik,"a. 游牧的, 游牧生活的, 流浪的\n[医] 游动的, 无定的, 游离的",toefl gre
nominal,'nɒminl,"a. 名义上的, 名字的, 有名无实的, 稍许的\nn. 名词性词",cet6 ky ielts gre
nominate,'nɒmineit,"vt. 提名, 任命, 命名\n[法] 提名...为候选人, 指定, 推荐",cet6 ky toefl ielts gre
nominee,.nɒmi'ni:,"n. 被提名者, 被任命者\n[经] 被指定人",toefl ielts
non-drinker,'nɒndr'ɪŋkər,"n. 不喝酒的人, 戒酒的人",ielts
nonchalance,'nɒnʃәlәns,"n. 不关心, 冷淡, 无动于衷",gre
nonchalant,'nɒnʃәlәnt,"a. 不关心的, 冷淡的, 无动于衷的",gre
noncommittal,.nɒnkә'mitәl,"a. 不明朗的, 不承担义务的",gre
nonconformist,'nɔnkәn'fɔmist,"n. 不相信英国国教的人, 不符合通常准则的人, 不落俗套的人\na. 违反准则的, 不落俗套的, 违反规范的",toefl gre
nonconformity,.nɒnkәn'fɒ:miti,"n. 不适合, 不一致, 不信奉国教",toefl
none,nʌn,"adv. 一点也不, 毫不\npron. 没有人, 无一物, 并无一个\na. 没有的",zk gk
nonentity,nɒn'entiti,"n. 不存在, 非实在, 虚无",gre
nonesuch,'nʌnsʌtʃ,"n. 无以匹敌的人, 无与伦比的事物",gre
nonetheless,",nʌnðә'les","conj. 然而, 尽管, 不过\nadv. 不过, 仍然, 尽管如此, 然而",cet6 ky toefl
nonfiction,nɒn'fikʃәn,n. (非小说的)写实文学,toefl
nonflammable,nɒn'flæmәbl,a. 不燃烧的\n[电] 无燃的,gre
nonhuman,nɒn'hju:mәn,a. 非人类的,toefl
nonpareil,'nɔnpәrәl,"a. 无比的, 无上的\nn. 完美无比的人, 举世无双的人/物, 完美无比的物",gre
nonplus,'nɒnplʌs,"vt. 使困惑\nn. 迷惑, 困惑",gre
nonporous,'nɔn'pɔ:rәs,"a. 无孔的, 无孔隙的",gre
nonprofessional,.nɒnprʌ'feʃәnl,"a. 无职业的, 无专长的",toefl
nonradioactive,'nɔnreidiә'æktiv,n. 非放射性,gre
nonsense,'nɒnsәns,"n. 无意义的事, 荒谬言行, 荒唐",cet4 cet6 ky toefl
nonsensical,nɒn'sensikl,"a. 无意义的, 荒谬的",gre
nontraditional,.nɔntrә'diʃәnәl,"a. 不符合传统的, 非传统的",toefl
nonverbal,nɔn'vә:bәl,a. 不用语言的；不用动词的,toefl
nonviable,nɒn'vaiәbl,a. 无法生活的\n[医] 不能生活的,gre
nonviolence,nɒn'vaiәlәns,"n. 非暴力\n[法] 不诉诸武力的主张, 政策, 无暴力存在",toefl
noodle,'nu:dl,"n. 面条, 笨蛋",zk gk ky
nook,nuk,"n. 角落, 躲蔽处, 隐匿处, 凹处",toefl
noon,nu:n,"n. 正午, 中午, 全盛期",zk gk
noose,nu:s,"n. 套索, 束缚, 陷阱\nvt. 用套索捉",gre
nor,nɒ:,"conj. 也不, 也没有\n[计] 或非",zk gk
norm,nɒ:m,"n. 基准, 模范, 标准, 准则, 平均数\n[化] 定额",cet6 ky toefl ielts gre
normal,'nɒ:ml,"n. 常态, 标准, 正常, 普通\na. 正常的, 正规的, 标准的, 师范的, 正态的\n[计] 标准, 普通",zk gk cet4 cet6 ky toefl ielts
normalization,.nɒ:mәlai'zeiʃәn,"n. 常态化, 正常化, 正规化\n[化] 归一化; 正态化; 正火; 正火处理",cet6 ky
normally,'nɒ:mәli,"adv. 正规地, 合规则, 正常地",cet4 cet6 toefl
North,nɒ:θ,"n. 北方, 北\na. 北的, 北方的\nadv. 向北方, 在北方",zk gk
northeast,.nɒ:θ'i:st,"n. 东北\na. 东北的, 向东北的, 来自东北的\nadv. 向东北, 来自东北",gk cet4 cet6 ky
northern,'nɒ:ðәn,"n. 北方人\na. 北方的, 向北的, 自北方来的",zk gk cet4 cet6 ky
northward,'nɒ:θwәd,"n. 北方, 北\na. 向北的\nadv. 向北",cet6
northwards,'nɔ:θwәdz,adv. 向北方,gk cet6
northwest,.nɒ:θ'west,"n. 西北, 西北方\na. 西北的, 在西北的, 来自西北的\nadv. 向西北",gk cet4 cet6 ky
nose,nәuz,"n. 鼻子, 突出部分, 嗅觉\nvt. 嗅到, 探出, 用鼻子触\nvi. 闻, 嗅, 探听, 告密",zk gk
nostalgia,nɒs'tældʒiә,"n. 乡愁, 向往过去, 怀旧之情\n[医] 怀乡病",toefl ielts gre
nostrum,'nɒstrәm,"n. 万能药, 成药, 妙方\n[医] 秘方",gre
not,nɒt,"adv. 不, 非, 未\n[计] 非",zk gk
notability,.nәutә'biliti,"n. 显著, 著名, 著名人物",gre
notable,'nәutәbl,"n. 著名人士, 值得注意之事物\na. 值得注意的, 显著的",cet6 ky toefl ielts gre
notably,'nәjtbәli,"adv. 显著地, 著名地, 尤其, 特别",toefl
notary,'nәutәri,"n. 公证人\n[经] 公证人, 公证员",ielts
notate,'nәuteit,"vt.以符号表示,把.....写成记号(或标志)",toefl
notation,nәu'teiʃәn,"n. 记号, 符号表示法, 注释\n[计] 记数法",cet6 toefl ielts
notch,nɒtʃ,"n. 刻痕, 等级, 峡谷\nvt. 刻凹痕, 用刻痕计算, 赢得",toefl ielts gre
note,nәut,"n. 笔记, 记录, 注解, 票据, 符号, 显要, 注重, 便笺, 照会\nvt. 记录, 注解, 注意",zk gk toefl
notebook,'nәutbuk,"n. 笔记本, 手册, 期票簿",zk gk cet4 cet6 ky ielts
noted,'nәutid,"a. 著名的, 显著的, 扬名的",cet6 toefl
notes,,"n. 票据；注释, 说明（note复数）",ielts
noteworthy,'nәutwә:ði,"a. 值得注目的, 显著的",ky
nothing,'nʌθiŋ,"n. 无, 不关紧要之事, 零\nadv. 毫不, 决不\ninterj. 什么也没有, 无",zk gk ielts
notice,'nәutis,"n. 注意, 布告, 通知, 预告, 短评\nvt. 注意, 通知, 评论, 提及, 关注\nvi. 注意",zk gk cet4 cet6 ky toefl ielts
noticeable,'nәutisәbl,"a. 显而易见的, 显著的, 值得注意的",cet4 cet6 ky
notification,.nәutifi'keiʃәn,"n. 通知, 通告, 告示\n[经] 通知, 通知书",cet6
notify,'nәutifai,"vt. 通知, 通告, 报告\n[计] 通知",cet4 cet6 ky ielts
notion,'nәuʃәn,"n. 概念, 观念, 想法, 打算, 别致的小东西\n[经] 概念, 打算, 想法",cet4 cet6 ky toefl ielts
notorious,nәu'tɒ:riәs,"a. 声名狼藉的, 臭名昭著的, 众人皆知的",cet6 ky toefl ielts gre
notoriously,,"adv. 臭名昭著的, 声名狼藉的",toefl
notwithstanding,.nɒtwiθ'stændiŋ,"adv. 虽然, 尽管\nprep. 尽管\nconj. 虽然",cet6 ky toefl
nought,nɒ:t,"n. 没有, 零, 无",cet6 ielts
noun,naun,n. 名词,cet4 cet6 ky
nourish,'nә:riʃ,"vt. 滋养, 使健壮, 怀有",cet6 ky toefl ielts gre
nourishing,'nә:riʃiŋ,"a. 有营养的, 滋养多的",toefl
nourishment,'nә:riʃmәnt,"n. 滋养品, 养料, 营养\n[医] 营养, 营养品",cet6 toefl ielts
nova,'nәuvә,n. 新星\n[计] 诺瓦计算机,gre
novel,'nɒvl,"n. 小说, 长篇故事\na. 新奇的, 异常的",gk cet4 cet6 ky toefl ielts
novelist,'nɒvәlist,n. 小说家,gk
novelty,'nɒvәlti,"n. 新奇, 新鲜, 新奇的事物",cet6 ky toefl ielts gre
November,nәu'vembә,n. 十一月,zk gk ielts
novice,'nɒvis,"n. 新手, 初学者",toefl ielts gre
now,nau,"adv. 现在, 刚才, 目前\nn. 现在\na. 现在的\nconj. 由于",zk gk
nowadays,'nauәdeiz,"n. 现在, 现时, 当今\nadv. 时下, 现今",gk cet4 cet6 ky toefl
nowhere,'nәuhwєә,"adv. 无处, 到处都无",gk cet4 cet6 ky ielts
noxious,'nɒkʃәs,"a. 有害的, 有毒的, 使道德败坏的\n[医] 有害的, 有毒的",toefl ielts gre
nuance,nju:'ɑ:ns,n. 细微差别,ielts gre
nubile,'nju:bail,a. 适婚的\n[医] 适合结婚的,gre
nuclear,'nju:kliә,"a. 核子的, 原子能的, 核的, 中心的\n[医] 核的",gk cet4 cet6 ky toefl
nucleate,'nju:klieit,v. (使)成核\na. 有核的,gre
nuclei,'nju:kliai,"pl. 核心, 核子, 原子核\n[医] 核",toefl
nucleus,'nju:kliәs,"n. 核心, 核子, 原子核, 起点\n[计] 核心程序",cet4 cet6 ky toefl ielts gre
nude,nju:d,"a. 裸的, 肉色的, 无装饰的\nn. 裸体画, 裸体",gre
nudge,nʌdʒ,"n. 用肘轻推, 推动, 讨厌家伙",gre
nugatory,'nju:gәtәri,"a. 无价值的, 无用的, 无效的, 琐碎的",gre
nuisance,'nju:sns,"n. 讨厌的东西, 讨厌的人, 损害\n[医] 损害, 讨厌",cet4 cet6 ky ielts
null,nʌl,"a. 无效力的, 无效的, 无价值的\nn. 零, 空, 零位\n[计] 空",toefl ielts
nullify,'nʌlifai,"vt. 使无效, 废弃, 取消\n[化] 使等于零; 作废",ielts gre
numb,nʌm,"a. 麻木的, 失去知觉的\nvt. 使麻木, 使昏迷, 使失去知觉",gk ky toefl ielts gre
number,'nʌmbә,"n. 数, 数字, 数目, 号码\nvt. 数, 计算, 共计\nvi. 计算, 报数\n[计] 数字",zk gk
numerical,nju:'merikl,"a. 数字的, 数值的, 以数字表示的, 擅长于计数的\n[经] 数字的, 用数字表示的",cet6 ky toefl ielts
numerology,.nju:mә'rɔlәdʒi,n. 命理学；数字命理学,gre
numerous,'nju:mәrәs,"a. 很多的, 数目众多的, 多数的\n[机] 多数的, 甚多的",cet4 cet6 ky toefl ielts gre
numinous,'nju:minәs,"a. 精神上的, 超自然的",gre
numismatic,.nju:miz'mætik,"a. 货币的, 奖章的, 古币学的",gre
numismatist,nju:'mizmәtist,n. 钱币(或奖章)收藏家,gre
nun,nʌn,"n. 修女, 尼姑",cet6
nuptial,'nʌpʃәl,"n. 婚礼\na. 婚姻的, 婚礼的",gre
nurse,nә:s,"n. 护士, 保姆, 奶妈\nvt. 看护, 照顾, 培养\nvi. 喂奶, 看护病人",zk gk toefl ielts
nursery,'nә:sәri,"n. 托儿所, 苗圃, 温床\n[医] 婴儿室, 托儿所",gk cet4 cet6 ky ielts
nursing,'nә:siŋ,"n. 看护, 养育\n[医] 护理[法], 喂乳[法]",gk ielts
nurture,'nә:tʃә,"n. 养育, 营养物, 培育\nvt. 养育, 供给营养物, 教养",cet6 ky toefl ielts gre
nut,nʌt,"n. 坚果, 核心, 螺帽\n[计] Novell NetWare服务器实用程序",gk cet4 cet6 ky
nutrient,'nju:triәnt,"a. 营养的, 滋养的\nn. 营养物, 滋养物",cet6 toefl gre
nutriment,'nju:trimәnt,"n. 营养物, 食物, 营养素",toefl
nutrition,nju:'triʃәn,"n. 营养, 营养学\n[医] 营养, 营养品",gk cet6 ky toefl ielts gre
nutritional,nju: 'triʃәnәl,"a. 营养的, 滋养的\n[医] 营养的",toefl
nutritious,nju:'triʃәs,"a. 滋养的, 营养的\n[医] 有营养的",toefl
nuts,nʌts,"a. 狂热的, 发狂的, 疯的\ninterj. 呸, 胡说",ielts
nylon,'nailɒn,n. 尼龙\n[化] 尼龙; 聚酰胺纤维,gk cet4 cet6 ky ielts
nymph,nimf,"n. 居于山林水泽的仙女, 蛹, 美丽的少女\n[医] 稚虫, 若虫, 蝻",gre
oafishness,,n. oafish的变形,gre
oak,әuk,"n. 橡树, 橡木\na. 橡木制的",cet6 ky gre
oar,ɒ:,"n. 桨, 桨手, 搅棒\nvi. 划桨\nvt. 划动",cet6 ky ielts gre
oasis,әu'eisis,"n. 绿洲, 舒适的地方\n[医] 绿洲(沙漠中), 健岛(病变区中的健康组织)",ielts gre
oath,әuθ,"n. 誓约, 誓言, 咒骂\n[法] 誓言, 誓约, 宣誓",cet6 ky toefl ielts gre
oatmeal,'әutmi:l,"n. 燕麦片, 燕麦粥\n[医] 燕麦片",gre
obdurate,'ɒbdjurit,"a. 顽固的, 执拗的, 冷酷的\n[法] 执迷不悟的, 毫不悔改的, 无情的",gre
obedience,ә'bi:djәns,"n. 服从, 顺从, 忠实\n[法] 服从, 顺从, 遵从",cet6 ky toefl
obedient,ә'bi:djәnt,"a. 服从的, 顺从的, 孝顺的\n[法] 服从的, 顺从的, 忠顺的",cet6 ky ielts gre
obeisance,әu'beisns,"n. 敬礼, 鞠躬, 敬重",gre
obelisk,'ɒbәlisk,"n. 方尖塔, 剑号, 疑问记号",gre
obese,әu'bi:s,a. 肥胖的\n[医] 肥胖的,cet6 gre
obey,ә'bei,"vt. 服从, 遵从, 顺从\nvi. 服从",gk cet4 cet6 ky
obfuscate,ɒb'fʌskeit,"vt. 弄暗, 使模糊, 使迷惑",gre
obituary,ә'bitjuәri,"a. 关于死亡的, 讣告的\nn. 讣告",gre
object,'ɒbdʒekt,"n. 物体, 目标, 目的, 对象, 宾语, 客体\nvi. 反对, 抱反感\nvt. 提出...来反对\n[计] 对象",zk gk cet4 cet6 ky ielts
objection,әb'dʒekʃәn,"n. 异议, 反对, 不喜欢, 缺点, 缺陷, 妨碍, 拒绝之理由\n[法] 异议, 反对, 抗议",cet4 cet6 ky toefl ielts gre
objective,әb'dʒektiv,"n. 目的, 目标, 宗旨, 宾格, 实物\na. 客观的, 如实的, 无偏见的, 宾格的",cet4 cet6 ky toefl ielts gre
objectives,əbd'ʒektɪvz,n. 目标( objective的名词复数 ); [光学]（望远镜、显微镜、照相机及其他光学仪器上的）物镜; [语法学]1)。 宾语 2)。 宾格; [军事]出击目标,ielts
oblation,әu'bleiʃәn,"n. 向上帝的供奉, 祭献, (对宗教、慈善业的)损献, 祭品",gre
obligated,ˈɒblɪgeɪtɪd,a. 有义务的; 必须的; 有责任的\nv. 使负有责任或义务（ obligate的过去式和过去分词 ）,toefl
obligation,.ɒbli'geiʃәn,"n. 义务, 责任, 约束, 契约, 恩惠, 债务\n[经] 待付款, 债务, 义务",cet4 cet6 ky toefl ielts gre
obligatory,ɒb'ligәtәri,"a. 义务的, 必须的, 强制性的\n[法] 有拘束的, 强制的, 必须的",toefl ielts gre
oblige,ә'blaidʒ,"vt. 强制, 施恩惠于, 使感激\nvi. 施恩惠, 帮忙",cet4 cet6 ky toefl ielts gre
obliging,ә'blaidʒiŋ,"a. 乐于施惠的, 体贴的, 有礼貌的",toefl ielts gre
oblique,ә'bli:k,"a. 斜的, 倾斜的, 间接的, 不光明正大的, 躲躲闪闪的\n[医] 斜的",ielts gre
obliterate,ә'blitәreit,"vt. 擦去, 冲刷(掉), 消灭, 忘掉, 盖销(邮票等)\n[法] 灭迹, 消灭, 涂抹",toefl gre
oblivion,ә'bliviәn,"n. 遗忘, (头脑的)一片空白状, 湮没, 大赦, 赦免\n[法] 忘却, 被忘却的事, 大赦",toefl
oblivious,ә'bliviәs,"a. 遗忘的, 健忘的, 不知不觉的\n[法] 忘却的, 健忘的, 不在意的",ielts gre
oblong,'ɒblɒŋ,"n. 长方形, 长椭圆形\na. 长方形的, 长椭圆形的",ielts
obloquy,'ɒblәkwi,"n. 辱骂, 毁谤, 耻辱",toefl gre
obnoxious,әb'nɒkʃәs,"a. 可憎的, 使人不愉快的, 令人讨厌的",ielts gre
obscene,ɒb'si:n,"a. 淫秽的, 猥亵的, 讨人厌的, 可憎的\n[法] 猥亵的, 海洋的, 污秽的",cet6 toefl ielts
obscure,әb'skjuә,"a. 模糊的, 昏暗的, 难解的, 晦涩的, 偏僻的, 微贱的, 无名的\nvt. 使变暗, 隐藏, 使变模糊, 使难解",cet4 cet6 ky toefl ielts gre
obscurity,әb'skjuәriti,"n. 阴暗, 朦胧, 晦涩, 费解, 身份低微",gre
obsequious,әb'si:kwiәs,"a. 谄媚的, 奉承的, 顺从的",gre
observance,әb'zә:vәns,"n. 观察, 遵守, 仪式, 风俗习惯\n[法] 遵守, 奉行, 惯例",toefl ielts gre
observation,.ɒbzә:'veiʃәn,"n. 观察, 注意, 观测, 观察力\n[化] 观察",cet4 cet6 ky toefl ielts
observatory,әb'zә:vәtәri,"n. 天文台, 气象台, 了望台",toefl ielts gre
observe,әb'zә:v,"vt. 觉察到, 遵守, 注意到, 庆祝\nvi. 注意, 评论",gk cet4 cet6 ky toefl ielts
observer,әb'zә:vә,"n. 观察者, 遵守者, 观察员\n[法] 观察者, 观察员, 监场员",cet4 cet6
obsess,әb'ses,"vt. 迷住, 使困扰",ky toefl ielts gre
obsessed,,a. 着迷的；无法摆脱的,toefl gre
obsession,әb'seʃәn,"n. 困扰, 困扰人的情绪\n[医] 强迫观念",cet6 ky toefl ielts gre
obsolescent,.ɒbsә'lesәnt,a. 在逐步废弃的,gre
obsolete,'ɒbsәli:t,"a. 荒废的, 成废物的, 陈旧的, 老式的\nn. 废词, 废物",ky toefl ielts gre
obstacle,'ɒbstәkl,"n. 障碍, 妨害物, 阻碍",cet4 cet6 ky toefl ielts gre
obstinacy,'ɒbstinәsi,"n. 倔强, 顽固, 固执行为, (疼痛等)难治",gre
obstinate,'ɒbstinit,"a. 倔强的, 顽固的, 不让步的",cet6 ky toefl ielts gre
obstreperous,әb'strepәrәs,"a. 吵闹的, 喧嚣的, 骚乱的, 不守秩序的",gre
obstruct,әb'strʌkt,"vt. 阻隔, 妨碍, 阻塞, 遮没\nvi. 设障碍",ky toefl ielts gre
obstruction,әb'strʌʃәn,"n. 障碍, 妨碍, 闭塞物\n[医] 梗阻, 不通",ky toefl gre
obtain,әb'tein,"vt. 获得, 达到\nvi. 流行, 得到公认",gk cet4 cet6 ky toefl
obtainable,әb'teinәbl. ɔb-,a. 能得到的,toefl gre
obtrude,әb'tru:d,"vt. 逼使, 强迫, 伸出\nvi. 打扰, 强行闯入",toefl gre
obtuse,әb'tju:s,"a. 钝的, 不锋利的, 愚钝的\n[医] 钝形的, 迟钝的(智力)",gre
obverse,'ɒbvә:s,"n. (钱币、奖章等)正面, 主要的一面, 对立面\na. 正面的, 对应面的, 倒转的",gre
obviate,'ɒbvieit,"vt. 除去, 排除, 使成为不必要, 避免",toefl gre
obvious,'ɒbviәs,"a. 明显的, 明白的, 显然的, 平淡无奇的",gk cet4 cet6 ky toefl ielts gre
obviously,'ɔbviәsli,"adv. 显而易见地, 明显地",cet4 cet6
occasion,ә'keiʒәn,"n. 场合, 时机, 机会, 诱因, 理由\nvt. 惹起, 引起",cet4 cet6 ky toefl ielts
occasional,ә'keiʒәnl,"a. 偶然的, 临时的\n[法] 偶然的, 特殊场合的",cet4 cet6 ky toefl
occasionally,ә'keiʒәnli,"adv. 有时候, 偶而",cet4 cet6 toefl
occidental,.ɒksi'dentәl,"n. 欧美人, 西方人\na. 欧美的, 西方的, 西方国家的",gre
occlude,ә'klu:d,"vt. 使闭塞, 隔断, 挡住\nvi. 咬合",gre
occult,ә'kʌlt,"a. 神秘的, 不可思议的, 超自然的\nv. 掩蔽, 隐藏\nn. 神秘之事, 神秘学",gre
occupant,'ɒkjupәnt,"n. 占有者, 居住者, 占用者",toefl
occupants,,n. 居住者；购买者；租赁人（occupant的复数）,ielts
occupation,.ɒkju'peiʃәn,"n. 职业, 占有, 占有期, 占领, 占领军\n[经] 占有, 占用, 职业",gk cet4 cet6 ky toefl ielts gre
occupational,.ɒkju'peiʃәnl,"a. 职业的, 军事占领的\n[医] 职业的",ielts
occupy,'ɒkjupai,"vt. 占领, 占(时间、空间等), 住进, 担任, 使从事, 使全神贯注\n[法] 占领, 占据, 占有",cet4 cet6 ky toefl ielts
occur,ә'kә:,"vi. 发生, 被想到, 存在",gk cet4 cet6 ky toefl ielts
occurrence,ә'kʌrәns,"n. 发生, 事件, 出现\n[医] 发生",cet4 cet6 ky toefl ielts gre
ocean,'әuʃәn,"n. 海洋, 广阔, 许多, 一大片\n[法] 海洋, 海",zk gk cet4 ky ielts
Oceania,.әuʃi'æniә,n. 大洋洲,gk cet4 cet6
October,ɒk'tәubә,n. 十月,zk gk ielts
octogenarian,.ɒktәudʒә'nєәriәn,a. 80岁到90岁(的人)的\nn. 80岁到90岁的人,gre
octopus,'ɒktәpәs,n. 章鱼,toefl
ocular,'ɒkjulә,"a. 眼睛的, 用眼的, 凭视觉的, 目击的\nn. 目镜",gre
odd,ɒd,"a. 奇数的, 古怪的, 剩余的, 零散的, 各种各样的, 少量的\nn. 奇特的事物, 怪人\n[计] 奇数, 奇校验, 光数据数字转换器",cet4 cet6 ky toefl ielts
oddly,'ɒdli,adv. 奇怪地,toefl
oddments,ˈɒdməntz,"n. 零头, 碎屑; 碎屑( oddment的复数形式 ); 余料; 附页",gre
odds,ɒdz,"n. 可能性, 几率, 机会, 胜算, 不平等",ky toefl ielts gre
ode,әud,"n. 颂诗, 赋",gre
odious,'әudiәs,"a. 可憎的, 可厌的, 丑恶的",gre
odium,'әudiәm,"n. 憎恶, 讨厌, 臭名",gre
odometer,ɒ'dɒmitә,n. 里程表,gre
odor,'әudә,"n. 气味, 香味, 名声, 意味\n[医] 气味",cet6 ky toefl
odoriferous,.әudә'rifәrәs,"a. 散发气味的, 臭的",gre
odorless,'әudәlis,"a. 无嗅的, 没有气味的",toefl
odour,'әudә,"n. 气味, 臭气, 香气, 味道, 迹象, 名誉, 声誉\n[医] 气味",cet4 cet6 ielts
Odyssey,'ɒdisi,n. 奥德赛(古希腊史诗),ielts gre
of,ɒv,"prep. 的, 属于",zk gk
off,ɒf,"a. 关着的, 不再生效的, 处于...境况的, 休假的, 空闲的\nadv. 走开, ...掉, ...下, 休息, 出发, 隔断\nprep. 离开, 脱落, 不在从事......, 在...之外\nvi. 离开, 滚开\nvt. 杀死\nn. 关闭状态\n[计] 关闭, 清屏命令",zk gk
off-key,,"a. 走调的, 不正常的, 不适合的, 不和谐的",gre
offbeat,'ɒfbi:t,"a. 不平常的, 离奇的, 不落俗套的\nn. 弱拍",gre
offence,ә'fens,"n. 犯罪, 冒犯, 违反, 罪过, 过错, 攻击\n[法] 犯法, 罪过, 过错",gk cet6 ky ielts
offend,ә'fend,"v. 犯罪, 冒犯, 违反, 进攻",cet4 cet6 ky ielts gre
offensive,ә'fensiv,"a. 令人不快的, 侮辱的, 攻击性的\n[法] 攻击的, 进攻的, 冒犯的",cet6 ky toefl gre
offer,'ɒfә,"n. 给予(物), 出价, 提议, 意图, 报价\nvt. 提供, 出价, 奉献, 试图, 使出现, 演出\nvi. 出现, 献祭, 提议, 求婚",zk gk cet4 cet6 ky toefl ielts
offhand,'ɒf'hænd,"a. 即时的, 即席的, 无准备的, 随便的, 简慢的, 不友好的\nadv. 即时地, 即席地, 随便地",toefl gre
office,'ɒfis,"n. 办公室, 部, 公职, 职责\n[化] 办公室",zk gk ielts
officer,'ɒfisә,"n. 军官, 主管, 官员, 公务员\nvt. 指挥",zk gk cet4 cet6 ky ielts
official,ә'fiʃәl,"n. 官员, 公务员, 职员\na. 公务的, 官方的, 正式的",gk cet4 cet6 ky toefl
officious,ә'fiʃәs,"a. 多管闲事的, 非官方的\n[法] 非官方的, 非正式的",gre
offish,'ɒ:fiʃ,"a. 不亲热的, 冷漠的, 疏远的, 健康较差的",gre
offset,'ɒ:fset,"n. 抵消, 把...并列, 旁系, 支管, 用胶印法印\nvt. 弥补, 抵消, 胶印\nvi. 装支管\nn. 偏移量\n[计] 偏移量",cet6 ky ielts gre
offshore,ɒ:f'ʃɒ:,"a. 海面的, 吹向海面的, 近海的\nadv. 向海面",gk toefl ielts
offspring,'ɒ:fspriŋ,"n. 子孙, 后代, 产物\n[法] 后辈, 子孙, 后裔",cet6 ky toefl ielts gre
offstage,,"n. 台后, 幕内\na. 台后的, 幕内的",gre
often,'ɒ:fn,"adv. 时常, 常常",zk gk
ogle,'әugl,n. 眉目传情\nvt. 挑逗地注视\nvi. 做媚眼,gre
oh,әu,interj. (表示惊讶、恐怖、赞叹)哦,gk
ohm,әum,n. 欧姆\n[化] 欧姆,cet6
ohp,,"abbr. overhead projection 高架发射, 顶置防护; oxygen at high pressure 高压氧气",ielts
oil,ɒil,"n. 油, 石油, 油画颜料\nvt. 涂油于, 使融化成油状, 加油于\nvi. 加燃油, 融化",zk gk cet4 ky ielts
oilfield,ˈɔɪlfi:ld,n. 油田,gk
ointment,'ɒintmәnt,"n. 软膏, 油膏\n[化] 软膏; 药膏",gre
OK,'әu'kei,"a. 好, 不错, 可以\nadv. 好, 不错, 可以\nn. 批准, 认可\n[计] 确定",zk gk
okay,әj'kei,"a. 好, 可以, 行, 对, 好吗, 很好\nadv. 好, 可以, 行, 对, 好吗, 很好\nn. 同意, 签认, 批准, 认可\nvt. 同意, 签认, 批准, 认可",cet4 ky
old,әuld,"n. 以前, 往昔\na. 老的, 旧的, 古老的, 年长的, 老练的",zk gk
olfaction,ɒl'fækʃәn,"n. 嗅觉\n[医] 嗅觉, 嗅",gre
olfactory,ɒl'fæktәri,"a. 嗅觉的, 味道的\nn. 嗅觉器官, 嗅神经",toefl gre
oligarch,'ɒligɑ:k,n. 寡头政治执政者,gre
oligarchy,'ɒligɑ:ki,"n. 寡头政治, 寡头政治的政府\n[法] 寡头政治, 寡头政治集团, 少数人垄断的组织",gre
olive,'ɒliv,"n. 橄榄, 橄榄树, 橄榄色, 橄榄枝\na. 黄绿色的, 黄褐色的, 橄榄色的",cet6
Olympic,әu'limpik,"a. 奥林匹亚的, 奥林匹斯山的, 强有力的, 巨大的",gk ielts
omelet,"'ɔmlit, -let","n. 煎蛋卷, 煎蛋饼, 炒蛋",gre
omelette,'ɒmlit,"n. 煎蛋卷, 炒蛋",gk
omen,'әumәn,"n. 预兆, 前兆, 征兆\nvt. 预示, 有...的前兆, 显出...的预兆",ielts
ominous,'ɒminәs,"a. 恶兆的, 不吉利的, 预兆的",ielts gre
omit,әu'mit,"vt. 省略, 删除, 疏忽, 遗漏\n[化] 省略",cet4 cet6 ky toefl ielts gre
omnipotent,ɒm'nipәtәnt,"a. 全能的, 无所不能的, 彻头彻尾的, 臭名昭著的",gre
omnipresent,.ɒmni'prezәnt,"a. 无所不在的, 普通存在的",gre
omniscient,ɒm'niʃәnt,"a. 全知的, 无所不知的\nn. 无所不知者, 上帝",gre
omnivorous,ɒm'nivәrәs,"a. 无所不吃的, 杂食的, 什么都喜欢的",gre
on,ɒn,prep. 在...之上\nadv. ...上去\na. 正起作用的\n[计] 打开,zk gk ielts
once,wʌns,"adv. 一次, 曾经, 一旦\nconj. 一旦, 一经\nn. 一次\na. 从前的",zk gk ielts
one,wʌn,"n. 一(个)\npron. 一, 任何人\nnum. 一, 一个\na. 一致的, 完整的",zk gk ielts
onerous,'ɒnәrәs,"a. 繁重的, 负有法律责任的\n[法] 负有义务的, 艰巨的, 繁重的",gre
oneself,wʌn'self,"pron. 自己, 亲自",zk gk cet4 ky
ongoing,'ɒngәuiŋ,"a. 前进的, 进行的, 不间断的\nn. 前进, 发展",toefl ielts
onion,'ʌnjәn,n. 洋葱\nvt. 因洋葱使掉泪,gk cet4 cet6 ky
online,,[计] 联机,ielts
onlooker,'ɔnljkә(r),"n. 旁观者, 袖手旁观者",ielts
only,'әunli,"a. 唯一的, 仅有的, 最佳的\nadv. 只有, 仅仅, 只能\nconj. 但是, 不过",zk gk
onset,'ɒnset,"n. 开始, 攻击, 进攻\n[医] 起始, 开始",toefl ielts gre
onslaught,'ɒnslɒ:t,"n. 突击, 猛击, 猛攻",toefl gre
onto,'ɒntu:,prep. 在...之上,gk cet4 ky
onus,'әunәs,"n. 负担, 责任, 义务, 过失, 耻辱\n[法] 责任, 义务, 负担",gre
onward,'ɒnwәd,"a. 向前的, 前进的\nadv. 向前, 前进, 在先",cet6
onwards,'ɔnwә:dz,"adv. 向前, 在前面",cet6
ooze,u:z,"n. 渗流, 分泌物\nv. 渗出, 泄漏",toefl gre
opacity,әu'pæsiti,"n. 不透明, 电波不透过, 不透明体\n[医] 浑浊, 不透明, 不透光, 不透明区, 浊斑",gre
opalescence,.әupә'lesns,"n. 乳白光, 蛋白色光\n[化] 乳光",gre
opaque,әu'peik,"n. 不透明物\na. 不透明的, 不传热的, 不传导的, 阴暗的\n[计] 白底",cet6 ky toefl ielts gre
open,'әupәn,"n. 公开, 户外, 空旷\na. 开着的, 开放的, 开阔的, 营业着的, 公开的, 悬而未决的\nvt. 打开, 公开, 开放\nvi. 展开, 开始, 展现\n[计] 打开指令; 打开语句",zk gk
open-book,,a. 开卷的,ielts
opener,'әupәnә,"n. 开...的人, 开局人, 开创人, 开具, 开启工具, 首项\n[经] 申请开证人",gk
opening,'әupәniŋ,"n. 开始, 口子, 穴, 揭幕\na. 开始的",gk cet4 cet6 ky ielts
opera,'ɒpәrә,n. 歌剧,gk cet4 cet6 ky toefl
operate,'ɒpәreit,"v. 操作, 运转, 动手术, 活动",gk cet4 cet6 ky toefl
operation,.ɒpә'reiʃәn,"n. 操作, 动作, 手术, 运算, 作用, 业务\n[计] 运算",zk gk cet4 cet6 ky
operational,.ɒpә'reiʃәnl,"a. 操作的, 运作的\n[法] 操作上的, 业务上的, 可起作用的",cet4 cet6 ky
operative,'ɒpәrәtiv,"a. 动作的, 运转的, 有效的, 关键的, 手术的\nn. 技工, 侦探",gre
operator,'ɒpәreitә,"n. 操作员, 行家, 经纪人, 算子, 运算符\n[计] 运算符",gk cet4 cet6 ky toefl
operetta,.ɒpә'retә,"n. 小歌剧, 轻歌剧",gre
opiate,'әupiit,"n. 鸦片制剂, 镇静剂\na. 含鸦片的, 催眠的\nvt. 使麻醉, 使缓和",gre
opine,әu'pain,"v. 想, 以为",gre
opinion,ә'pinjәn,"n. 意见, 评价, 主张\n[经] 意见",gk cet4 cet6 ky toefl ielts
opinionated,ә'pinjәneitid,"a. 固执己见的, 武断的",gre
opium,'әupjәm,n. 鸦片\n[化] 阿片; 鸦片,cet6
opponent,ә'pәunәnt,"n. 对手, 敌手, 反对者\na. 敌对的, 反对的, 对面的",cet4 cet6 ky toefl ielts gre
opportune,.ɒpә'tju:n,"a. 恰好的, 时机适宜的, 适当的",gre
opportunities,ˌɒpə'tju:nɪtɪs,n. 机会( opportunity的名词复数 ); 适当的时机; 条件; 就业（或晋升、进步等）的良机,ielts
opportunity,.ɒpә'tju:niti,"n. 机会, 时机",cet4 cet6 ky toefl ielts
oppose,ә'pәuz,"vt. 反对, 以...对抗, 抗争\nvi. 反对",gk cet4 cet6 ky toefl ielts gre
opposed,ә'pәuzd,"a. 反对的, 敌对的, 对抗的, 相对的\n[机] 反对的, 相反的, 对立的",toefl
opposing,ә'pәuziŋ,"a. 对面的, 反对的, 相反的, 相对的",toefl
opposite,'ɒpәzit,"a. 相对的, 相反的, 对面的\nprep. 对面\nn. 对立面",gk cet4 cet6 ky toefl ielts
opposition,.ɒpә'ziʃәn,"n. 反对, 敌对, 相反, 在野党\n[医] 对生, 对向, 反抗, 反对症",toefl
oppress,ә'pres,"vt. 压迫, 压抑, 使烦恼",cet4 cet6 ky ielts gre
opprobrious,ә'prәubriәs,"a. 嘴不干净的, 无礼的, 粗野的, 辱骂的, 该骂的",gre
opt,ɒpt,vi. 选择,ky ielts
optic,'ɒptik,"a. 眼睛的, 视觉的, 光学的\nn. 镜片",ielts
optical,'ɒptikl,"a. 眼睛的, 视觉的, 光学的\n[机] 光学上的, 光学的",cet4 cet6 ky toefl ielts
optics,'ɒptiks,n. 光学\n[化] 光学,cet4
optimal,'ɒptimәl,"a. 最佳的, 最理想的\n[化] 最优的",cet6 toefl
optimism,'ɒptimizm,"n. 乐观主义, 乐观, 乐天\n[医] 乐观主义, 乐观",cet6 ielts gre
optimist,'ɔptimist,"n. 乐观者, 乐观主义者",toefl gre
optimistic,.ɒpti'mistik,"a. 乐观的, 乐观主义的, 乐天的",gk cet4 cet6 ky toefl
optimization,.ɒptimai'zeiʃәn,"n. 最佳化, 最优化\n[计] 优化",gre
optimize,'ɒptimaiz,"vt. 使完美, 使完善, 充分利用, 乐观地对待, 优化\nvi. 持乐观态度\n[计] 优化",ky
optimum,'ɒptimәm,"n. 最适条件, 最佳效果\na. 最优的, 最适宜的",cet6 ky toefl ielts gre
option,'ɒpʃәn,"n. 选择权, 挑选, 选项\n[计] 选项",cet4 cet6 ky toefl ielts
optional,'ɒpʃәnl,"a. 可选择的, 随意的\n[化] 选购的",gk cet4 cet6 ky toefl ielts gre
options,,n. 选择；期权；选择项（option的复数）,ielts
optometrist,ɒp'tɒmitrist,"n. 验光师, 配镜师\n[医] 验光师",toefl
opulence,'ɒpjulәns,"n. 富裕, 丰富, 大量",toefl
opulent,'ɒpjulәnt,"a. 富裕的, 豪华的, 奢侈的, 丰富的, 大量的",gre
opus,'әupәs,n. 作品,gre
or,ɒ:,"conj. 或, 或者\n[计] 或",zk gk
oracle,'ɒ:rәkl,"n. 神谕, 神谕处, 预言",toefl gre
oracular,ɒ:'rækjulә,"a. 神谕的, 神谕似的, 谜似的, 玄妙深奥的",gre
oral,'ɒ:rәl,"n. 口试\na. 口头的, 口述的, 口部的",gk cet4 cet6 ky toefl ielts
orange,'ɒ:rindʒ,"n. 柑橘, 桔子, 橘色\na. 橘色的",zk gk
oration,ɒ:'reiʃәn,"n. 演说, 致辞, 引语",toefl gre
orator,'ɒ:rәtә,"n. 演说者, 演讲者, 雄辩家, 原告, 请愿人\n[法] 请愿人, 原告, 雄辩者",toefl
oratorio,",ɔrә'tɔriәu","n. 圣乐, 清唱剧, 神剧",toefl gre
oratory,'ɔrәtәri,"n. 演讲, 雄辩术, 演讲术, 雄辩",gre
orbit,'ɒ:bit,"n. 轨道, 常轨, 眼眶\nvt. 绕...轨道而行\nvi. 进入轨道, 盘旋",gk cet4 cet6 ky toefl ielts
orbital,'ɒ:bitәl,"a. 轨道的, 眼眶的\n[化] 轨道",toefl
orchard,'ɒ:tʃәd,"n. 果园, 果树林",cet6 ky toefl ielts gre
orchestra,'ɒ:kistrә,"n. 管弦乐队, 乐队演奏处",cet4 cet6 ky toefl ielts gre
orchid,'ɒ:kid,"n. 兰花, 淡紫色\n[医] 兰科植物",toefl gre
ordain,ɒ:'dein,"vt. 注定, 规定, 任命\nvi. 颁布命令",gre
ordeal,ɒ:'di:l,"n. 严酷考验, 痛苦经历, 煎熬\n[法] 神裁判法, 严酷的考验, 痛苦的经验",toefl ielts gre
order,'ɒ:dә,"n. 次序, 规则, 命令\nvi. 命令, 定货\nvt. 整理, 命令, 定购\nn. 顺序, 阶数\n[计] 顺序, 阶数",zk gk ielts
orderly,'ɒ:dәli,"a. 有秩序的, 整齐的, 值班的\nn. 护理员, 清道夫, 传令兵, 勤务兵\nadv. 依次地, 顺序地",cet4 cet6 ky toefl ielts
ordinance,'ɒ:dinәns,"n. 法令, 条例, 圣餐礼\n[经] 法令, 条款, 条例",toefl gre
ordinarily,'ɒ:dinәrili,"adv. 通常, 普通, 一般地",cet6
ordinary,'ɒ:dinәri,"a. 平常的, 普通的, 平凡的\nn. 平常的人(或事)",gk cet4 cet6 ky ielts
ordnance,'ɒ:dnәns,"n. 大炮, 军械, 武器",gre
ore,ɒ:,n. 矿石\n[经] 矿,cet4 cet6 ky toefl ielts gre
organ,'ɒ:gәn,"n. 风琴, 器官, 元件, 机构, 机关\n[电] 风琴",gk cet4 cet6 ky ielts
organic,ɒ:'gænik,"a. 器官的, 有机的, 组织的, 根本的\n[医] 器官的, 有生命的, 有机的, 器质的",cet4 cet6 ky toefl ielts
organically,ɒ:'gænikli,"adv. 有机性地, 器官上地, 有组织地",toefl
organise,'ɒ:gәnaiz,"vt. 组织, 有机化, 给予生机",gk
organiser,,"[经] 组织者, 创立人, 发起人",gk
organism,'ɒ:gәnizm,"n. 生物, 有机体, 社会组织\n[医] 生物[体],[有]机体",cet4 cet6 ky toefl ielts gre
organization,.ɒ:gәnai'zeiʃәn,"n. 组织, 结构, 团体, 体制\n[医] 组织, 机构, 机化(血栓或坏死组织)",gk cet4 cet6 ky ielts
organize,'ɒ:gәnaiz,"vt. 组织, 有机化, 给予生机\nvi. 组织起来",cet4 cet6 ky
organizer,'ɒ:gәnaizә,"n. 组织者, 编制者, 创立者, 组织导体\n[医] 组织导体, 机化中心(胚)",ielts
orient,'ɒ:riәnt,"n. 东方, 东方诸国\na. 东方的\nvi. 向东\nvt. 使朝东, 使适应, 确定方向",cet4 cet6 ky toefl gre
oriental,.ɒ:ri'entl,"n. 东方人, 亚洲人\na. 东方诸国的, 亚洲的, 东方的",cet4 cet6 ky toefl ielts
orientation,.ɒ:rien'teiʃәn,"n. 定方位, 适应, 向东方\nn. 方向\n[计] 方向",cet6 ky toefl ielts
orifice,'ɒrifis,"n. 孔口\n[医] 口, 管口",gre
origin,'ɒridʒin,"n. 起源, 起因, 出身, 开端\n[计] 原点; 起始地址; 信件来源的相关数据",gk cet4 cet6 ky toefl ielts
original,ә'ridʒәnl,"a. 最初的, 原始的, 有创意的\nn. 原物, 原作",cet4 cet6 ky toefl ielts gre
originality,ә.ridʒә'næliti,"n. 创意, 新奇, 独创能力, 原始",toefl gre
originally,ә'ridʒәnli,"adv. 本来, 原来, 最初, 就起源而论, 独创地",toefl
originate,ә'ridʒineit,"vt. 创始, 发明, 发起\nvi. 发源, 发生, 起航\n[计] 发自",cet4 cet6 ky toefl ielts
ornament,'ɒ:nәmәnt,"n. 装饰, 点缀品, 教堂用品\nvt. 装饰, 修饰",cet4 cet6 ky toefl ielts
ornamental,.ɒ:nә'mentl,"n. 装饰物, 观赏植物\na. 装饰性的, 装饰的, 观赏用的",cet6 toefl
ornamentation,",ɔ:nәmen'teiʃәn","n. 装饰, 装饰术, 装饰品, 修饰",toefl
ornate,ɒ:'neit,"a. 装饰的, 华丽的",gre
ornithologist,.ɒ:ni'θɒlәdʒist,n. 鸟类学者,gre
ornithology,.ɒ:ni'θɒlәdʒi,n. 鸟类学,gre
orotund,'ɒ:rәutʌnd,"a. 朗朗的, 夸大的, 做作的",gre
orphan,'ɒ:fәn,"n. 孤儿\na. 无双亲的, 孤儿的\nvt. 使成孤儿\n[计] 弧体",cet4 cet6 ky
orthodontics,",ɔ:θәu'dɔntiks",[医] 正牙学,gre
orthodox,'ɒ:θәdɒks,"a. 正统的, 传统的, 惯常的",cet6 ky ielts gre
oscillate,'ɒsileit,"vi. 振动, 彷徨, 犹豫\nvt. 使振动, 使动摇",ielts gre
osmosis,ɒz'mәusis,"n. 渗透作用, 渗透性, 潜移默化, 耳濡目染\n[化] 渗透; 渗透作用",gre
osprey,'ɒspri,"n. 白色的羽毛, 鹗",toefl
osseous,'ɒsiәs,"a. 骨的, 骨质的, 多骨的\n[医] 骨的, 骨性的",gre
ossify,'ɒsifai,"vt. 使骨化, 使硬化, 使僵化\nvi. 骨化, 硬化, 变得极端保守",gre
ostensible,ɒs'tensibl,"a. 表面的, 假装的, 看得出的\n[经] 表面的, 诡称的",ielts gre
ostentation,.ɒsten'teiʃәn,"n. 虚饰, 虚有其表, 卖弄",ielts gre
ostracism,'ɒstrәsizm,"n. 流放, 放逐, 排斥\n[法] 流放, 放逐, 排斥",gre
ostracize,'ɒstrәsaiz,"vt. 流放, 放逐, 排斥",gre
ostrich,'ɒstritʃ,n. 鸵鸟,gre
other,'ʌðә,"a. 其他的, 另外的, 从前的\npron. 其他的, 他人, 另外一个",zk gk
other-directed,'ʌðәdi'rektid,"a. 受人支配的, 缺少自主性的, 随俗的",gre
otherwise,'ʌðәwaiz,"adv. 否则, 不同地, 别的方式",gk cet4 cet6 ky ielts
otiose,'әuʃiәus,"a. 不必要的, 怠惰的, 没有用的, 多余的",gre
Ottawa,'ɔtәwә,n. 渥太华,gk
otter,'ɒtә,"n. 水獭, 水獭皮",gre
ouch,autʃ,"interj. 哎唷(表剧痛)\nn. 扣环, 胸针, 珠宝饰物",gk
ought,ɒ:t,"aux. 应该, 大概\nn. 责任",gk cet4 cet6 ky
ounce,auns,"n. 盎司, 少量, 雪豹\n[医] 英两, Г",cet4 cet6 ky toefl
our,'auә,pron. 我们的,zk gk
ours,'auәz,pron. 我们的,zk gk
ourselves,.auә'selvz,pron. 我们自己,zk gk
oust,aust,"vt. 逐出, 罢黜, 剥夺, 驱逐\n[法] 驱逐, 剥夺, 免职",toefl ielts gre
out,aut,"a. 外面的, 熄灭的, 结束的\nadv. 在外, 熄灭, 出现\nprep. 出自, 离去, 向",zk gk
outbreak,'autbreik,"n. 爆发, 暴动\n[医] 暴发",cet6 ky toefl ielts
outcast,'autkæst,"a. 被逐出的, 被遗弃的, 无家可归的\nn. 被驱逐的人, 流浪者",ielts
outcome,'autkʌm,"n. 结果, 出口",gk cet4 cet6 ky toefl ielts
outcry,'autkrai,"n. 尖叫, 倒彩, 强烈抗议, 喊价\nvi. 喊叫\nvt. 叫得比...响",cet6 toefl ielts
outdated,.aut'deitid,"a. 旧式的, 落伍的, 过时的",toefl ielts
outdo,.aut'du:,"vt. 超越, 胜过, 战胜",ielts
outdoor,'autdɒ:,"a. 户外的, 屋外的, 露天的",cet4 cet6 ky
outdoors,'aut'dɒ:z,"n. 户外, 野外活动\nadv. 在户外, 在野外",gk cet4 cet6 toefl
outer,'autә,"a. 外部的, 外面的, 在外的, 远离中心的\n[机] 外部的, 外面的, 外侧的",gk cet4 cet6 ky
outermost,'autәmәust,"a. 最外面的, 最远离中心的",cet6 toefl
outfit,'autfit,"n. 用具, 配备, 机构\nvt. 配备, 供应\nvi. 得到装备",ky toefl ielts
outfox,.aut'fɒks,vt. 以计取胜,gre
outgoing,'autgәuiŋ,"n. 外出, 开支, 流出\na. 喜欢外出的, 即将离职的, 乐于助人的",gk toefl gre
outgrow,.aut'grәu,"vt. 过大而不适于, 长得比...高(或大、快), 成长得不再具有...",toefl
outgrowth,'autgrәuθ,"n. 自然的发展, 结果, 副产物, 分枝\n[医] 赘疣",toefl gre
outing,'autiŋ,"n. 郊游, 远足\na. 远足适用的",gk ky toefl
outlandish,aut'lændiʃ,"a. 外国气派的, 偏僻的, 古怪的",gre
outlast,.aut'lɑ:st,"vt. 比...长久, 从...中逃生",toefl
outlaw,'autlɒ:,"n. 被剥夺法律保护的人, 罪犯\nvt. 使...失去法律保护, 将...逐出社会, 宣告非法, 取缔",cet6 ielts
outlet,'autlet,"n. 出口, 发泄方法, 市场\n[医] 出口",cet4 cet6 ky toefl ielts gre
outline,'autlain,"n. 大纲, 轮廓, 概要\nvt. 描画轮廓, 描述要点\nn. 大纲, 分级, 轮廓\n[计] 大纲, 分级, 轮廓",gk cet4 cet6 ky toefl ielts gre
outlook,'autluk,"n. 观点, 景色, 前途, 了望\n[经] 展望",cet4 cet6 ky toefl
outlying,'aut.laiiŋ,"a. 在外的, 边远的, 偏僻的, 题外的",toefl ielts
outmaneuver,ajtmә'nu:vә(r),"vt. 对(敌手)机动制胜, 智胜, 在谋略上胜过(敌人)",gre
outmoded,.aut'mәudid,"a. 过时的, 废弃的\n[经] (式样等)过时的, 废弃了的",toefl gre
output,'autput,"n. 输出, 产品, 产量\n[计] 输出",gk cet4 cet6 ky toefl ielts
outrage,'autreidʒ,"n. 暴行, 侮辱, 愤怒\nvt. 凌辱, 虐待, 触犯",cet6 ky toefl gre
outrageous,aut'reidʒәs,"a. 暴虐的, 极无礼的, 可恶的",toefl ielts
outright,'autrait,"a. 率直的, 完全的, 总共的, 直率的\nadv. 完全地, 率直地, 立刻地, 一直向前",toefl ielts
outset,'autset,"n. 着手, 开头, 最初",cet4 cet6 ky toefl ielts gre
outshine,.aut'ʃain,"vt. 光亮强过..., 使相形见绌, 使失色\nvi. 发光",gre
outside,'aut'said,"n. 外面, 外表, 外界\na. 外面的, 外表的, 外界的\nadv. 外面, 外表, 外界",zk gk
outskirt,'autskә:t,"n. 边缘, 郊外, 外围",cet4 cet6
outskirts,'autskә:ts,"n. 近郊, 市郊",ky ielts gre
outspoken,.aut'spәukәn,"a. 直言无讳的, 坦率的, 坦白无隐的",gk toefl ielts gre
outstanding,.aut'stændiŋ,"a. 杰出的, 突出的, 未偿付的, 未决定的\n[经] 未解决的, 未偿付",gk cet4 cet6 ky toefl
outstrip,.aut'strip,"vt. 追过, 胜过, 凌驾",ielts gre
outward,'autwәd,"a. 向外的, 表面的, 外服的\nadv. 向外, 在外, 表面",gk cet4 cet6 ky toefl
outwards,'autwәdz,adv. 向外地,cet4 cet6
outweigh,.aut'wei,"vt. 比...重, 比...重要, 比...有价值",toefl ielts
outwit,.aut'wit,"vt. 瞒骗, 以智取胜",toefl gre
oval,'әuvәl,"n. 椭圆形\na. 卵形的, 椭圆形的",gk cet4 cet6 ky toefl ielts
ovation,әu'veiʃәn,"n. 热烈欢迎, 大喝采, 小凯旋式",ielts gre
oven,'ʌvәn,"n. 烤箱, 灶, 子宫\n[化] 烘箱",cet4 cet6 ky toefl
over,'әuvә,"adv. 结束, 越过, 从头到尾\nprep. 在...之上, 遍于...之上, 越过\na. 上面的\nvt. 越过",zk gk
overall,'әuvәrɒ:l,"a. 全部的, 全体的, 从头至尾的, 一切在内的\nadv. 从头到尾, 总的说来\nn. 罩衫, 工作服",cet4 cet6 ky toefl ielts
overbalance,.әuvә'bælәns,"vt. 使倾覆, (重量、价值)超过, 使失去均衡, 跌倒\nvi. 失去平衡\nn. 超重, 超量, 失去平衡",toefl
overbearing,.әuvә'bєәriŋ,"a. 傲慢的, 骄傲自大的, 蛮横的, 压倒一切的\n[法] 自大的, 专制的, 压倒的",toefl gre
overburden,.әuvә'bә:dn,"vt. 装载过多, 负担过多, 使过劳\n[经] 过重的货物, 重担, 过度的负担",toefl
overcast,'әuvәkɑ:st,"a. 阴天的, 阴暗的, 愁闷的",toefl
overcharge,.әuvә'tʃɑ:dʒ,"v. 讨价过高, 装载过多, 过度充电, 渲染\nn. 超载, 装药过多, 过度充电",toefl
overcoat,'әuvәkәut,n. 外套大衣,zk gk cet4 cet6 ky
overcome,.әuvә'kʌm,"vt. 战胜, 克服, 胜过\nvi. 得胜",gk cet4 cet6 ky toefl ielts
overconfident,.әuvә'kɒnfidәnt,"a. 过于自信的, 自负的\n[法] 过于自信的, 过于自恃的",toefl
overdose,'әuvәdәus,"n. 配药量过多\nvt. 配药过量, 使过分沉溺",gre
overdue,'әuvә'dju:,"a. 过期的, 未兑的, 迟到的, 早就成熟的\n[经] 过期未付的",cet4 toefl ielts gre
overestimate,.әuvәr'estimeit,"vt. 评价过高, 过高估价\nn. 估计过高, 评价过高",cet6 toefl
overexposure,.әuvәrik'spәuʒә,"n. 曝光过度\n[医] 感光过度, 露光过度",gre
overflow,.әuvә'flәu,"n. 溢值, 超值, 泛滥\nv. (使)泛滥, (使)溢出, (使)充溢\n[计] 上溢; 溢出",cet6 ky toefl ielts gre
overhang,.әuvә'hæŋ,"n. 突出部份, 悬垂部份\nvt. 悬于...之上, (危险等)逼近\nvi. 悬垂, 逼近",cet6
overhaul,.әuvә'hɒ:l,"vt. 分解检查, 翻修, 精细检查, 彻底革新\nn. 分解检查, 精细检查, 大检修",ky toefl ielts gre
overhead,'әuvәhed,"n. 经常开支, 普通用费, 天花板\na. 在头上的, 高架的\nadv. 在头顶上, 在空中, 在高处, 从头到脚全部没入地\n[计] 总开销; 额外开销",gk cet4 cet6 ky ielts
overhear,.әuvә'hiә,"vt. 无意中听到, 偷听",cet6 ky ielts
overlap,.әuvә'læp,"n. 重叠, 重复, 部分的同时发生\nvt. 重叠, 重复, 与...同时发生\nvi. 迭盖, 部分的同时发生\n[计] 重叠",cet6 ky toefl ielts gre
overlapping,'әuvә'læpiŋ,"[计] 重叠, 覆盖\n[医] 重迭",toefl
overload,.әuvә'lәud,"vt. 超载, 过载, 超过负荷\nn. 超载, 负荷过多",cet6 toefl
overlook,.әuvә'luk,"vt. 俯瞰, 远眺, 没注意到\nn. 眺望, 俯瞰到的景色",gk cet4 cet6 ky toefl ielts gre
overnight,'әuvәnait,"n. 前一天晚上, 一夜的逗留\na. 通宵的, 晚上的, 前夜的\nadv. 在前一夜, 整夜, 昨晚一晚上",cet4 cet6 ky
overpass,'әuvәpɑ:s,"n. 天桥, 旱桥, 立交桥\nvt. 超越, 胜过, 通过, 忽略, 侵犯",ky
overpowering,.әuvә'pauәriŋ,"a. 无法抵抗的, 压倒性的, 强烈得使人无法忍受的",gre
overreach,.әuvә'ri:tʃ,"vt. 扩展...以上, 过度伸张, 走过头\nvi. 伸得过远, 过分, 过火",gre
override,.әuvә'raid,"vt. 推翻, 无视, 对...有最后发言权, 制服, 践踏, 奔越过\n[经] 代理佣金, 代销佣金",ielts gre
overriding,,"[医] [骨折端]重迭, 架迭",gre
overrule,.әuvә'ru:l,"vt. 统治, 威压, 打败, 驳回\n[法] 否决, 驳回, 批驳",ielts gre
overrun,.әuvә'rʌn,"n. 蔓延, 风行一时, 超过限度\nvt. 蔓延, 蹂躏, 超过, 泛滥\nvi. 泛滥, 超载限度\n[计] 超限",ielts
overseas,'әuvә'si:z,"a. 海外的, 国外的\nadv. 在海外, 在国外",cet4 cet6 ky ielts
oversecretion,əʊvəsek'ri:ʃən, [医] 分泌过多,toefl
oversee,.әuvә'si:,"vt. 向下看, 了望, 监督, 偷看到\n[法] 监察, 监督, 俯瞰",toefl ielts gre
overshadow,.әuvә'ʃædәu,"vt. 遮阴, 使阴暗, 使失色, 使相形见绌, 使蒙上阴影",gre
oversight,'әuvәsait,"n. 勘漏, 失察, 失败, 照料\n[经] 监督权",toefl gre
overstate,.әuvә'steit,"vt. 夸大的叙述, 夸张, 过分强调\n[经] 多计, 高估",gre
overt,'әuvә:t,"a. 明显的, 公然的, 蓄意的\n[法] 明显的, 公开的",cet6 toefl ielts gre
overtake,.әuvә'teik,"vt. 赶上, 突然降临于, 压倒, 代替",cet4 cet6 ky ielts
overtax,.әuvә'tæks,"vt. 课税过重, 使负担过度\n[经] 抽税过重, 负担过度",toefl
overtaxed,",əuvə'tæksd","v. 使负担过重, 使过度疲劳( overtax的过去式和过去分词 ); 对…征税过重",toefl
overthrow,.әuvә'θrәu,"n. 推翻, 瓦解, 倾覆\nvt. 打倒, 推翻, 倾覆",cet6 ky ielts gre
overtime,'әuvәtaim,"n. 超时, 加班, 延长时间\na. 超时的, 加班的\nadv. 加班地\nvt. 使超过时间",cet4 cet6 ky toefl
overtire,'әuvә'taiә,vt.使过度疲劳,toefl
overture,'әuvә.tʃuә,"n. 主动表示, 事件的开端, 序言, 提议, 提案, 初步交涉\nvt. 提议, 为...奏前奏曲",ielts gre
overturn,.әuvә'tә:n,"n. 倾覆, 破灭, 革命\nvt. 推翻, 颠倒\nvi. 翻倒",ky toefl gre
overweening,.әuvә'wi:niŋ,"a. 骄傲的, 自负的, 过于自信的, 过分的",gre
overweight,'әuvә'weit,"n. 超过重量, 过重, 优势\na. 超过重量的, 超重的\nvt. 使超重, 重于, 过于重视",gk
overwhelm,.әuvә'hwelm,"vt. 淹没, 受打击, 制服, 压倒, 使不知所措\n[法] 打翻, 倾覆, 覆盖",cet6 ky toefl ielts gre
overwhelming,.әuvә'hwelmiŋ,"a. 压倒性的, 无法抵抗的",cet6 ky
overwhelmingly,.әuvә'hwelmiŋli,"adv. 压倒性地, 不可抵抗地",toefl
overwrought,'әuvә'rɔ:t,"a. 过分劳累的, 过度紧张的, 神经质的, 过度兴奋的, 过分推敲的, 不自然的",ielts gre
owe,әu,"vt. 亏欠, 负...债, 归功于, 怀有, 应给予, 感恩\nvi. 欠钱",gk cet4 cet6 ky ielts
owing,'әuiŋ,"a. 未付的, 亏欠的, 受惠的, 归因于...的\n[经] 应付的, 欠着的, 未付的",cet4 ky
owl,aul,n. 猫头鹰\n[法] 走私,cet4 cet6 ky gre
own,әun,"n. 自己的\na. 自己的, 嫡亲的, 同胞的\nvt. 拥有, 支配, 自认, 承认, 顺从于\nvi. 承认, 供认",zk gk
owner,'әunә,"n. 拥有者, 物主, 所有人\n[经] 所有者, 物主, 业主",zk gk cet4 cet6 ky
ownership,'әunәʃip,"n. 所有权, 物主身份\n[经] 所有权, 所有制",gk cet4 cet6 ky ielts
ox,ɒks,n. 牛,gk cet4 cet6 ky
oxen,'ɔksәn,"牛, 公牛",toefl
Oxford,'ɒksfәd,"n. 牛津, 牛津大学",ielts
oxide,'ɒksaid,n. 氧化物\n[医] 氧化物,cet6 ky ielts
oxidize,'ɒksidaiz,"vt. 使氧化, 使生锈\nvi. 氧化",cet6 gre
oxygen,'ɒksәdʒәn,n. 氧\n[化] 氧O-2,gk cet4 ky toefl
oyster,'ɒistә,"n. 牡蛎, 蚝, 沉默者",cet6 toefl
ozone,'әuzәun,"n. 新鲜的空气, 臭氧, 使人愉快的影响\n[化] 臭氧",ky toefl
P.M.,,"下午, 午后",cet4
pace,peis,"n. 速度, 步调, 步法\nvi. 踱步, 缓慢走\nvt. 用步测, 踱步于",gk cet4 cet6 ky toefl ielts
pacific,pә'sifik,"n. 太平洋\na. 太平洋的, 太平洋沿岸的, 爱好和平的, 安静的, 平息的",zk gk cet4 cet6 ielts
pacifist,'pæsifist,"n. 和平主义者, 反战论者, 不抵抗主义者",gre
pacify,'pæsifai,"vt. 使平静, 安慰, 绥靖, 使服从",ielts gre
pack,pæk,"n. 包裹, 一伙, 一副, 背包, 包装\nvt. 包装, 捆扎, 塞满, 压紧, 挑选\nvi. 包装货物, 挤, 群集, 被包装\n[计] 压缩",gk cet4 ky toefl gre
package,'pækidʒ,"n. 包裹, 套装软件, 包, 包装用物, 程序包\nvt. 包装, 打包\na. 一揽子的\n[计] 包, 软件包, 包装",zk gk cet4 cet6 ky toefl ielts
packaging,'pækidʒiŋ,"n. 包装, 包装业, 包装术\n[计] 组装; 封装",toefl
packed,,"a. 充满...的, 满座的, 挤得满满的, 压坚实的, 塞满了...的, 挤满了人的, 拥挤的\n[计] 压缩的, 装配的",toefl gre
packer,'pækә,"n. 包装工人, 罐头食品工人, 打包机, 搬家工人, 批发商, 罐头食品厂经理\n[化] 包装机; 打包机",toefl
packet,'pækit,"n. 小包, 一批信件, 大量, 信息包\nvt. 打包, 装进小包\n[计] 分组, 分组报文, 数据分组",gk cet4 cet6 ky
pact,pækt,"n. 契约, 协定, 条约\n[化] 合同",ky toefl gre
pad,pæd,"n. 填补, 衬垫, 印色盒, 路\nvt. 填补, 走, 夸大\nvi. 步行\n[计] 焊接点; 包装配/拆卸",cet4 cet6 ky ielts
padding,'pædiŋ,"n. 垫充, 垫塞, 填料, 废话, 虚报的费用\n[计] 填充; 装填",gre
paddle,'pædl,"n. 桨, 划桨, 明轮翼\nvi. 划桨, 戏水, 涉水\nvt. 用桨划, 划船运送, 搅, 拌",gk ky toefl ielts
paddler,'pædlɚ," 涉水者, 涉泥浆者; 明轮船; 划桨者",toefl
paean,'pi:әn,"n. 凯歌, 欢乐歌, 赞美歌",gre
pagan,'peigәn,"n. 异教徒, 无宗教信仰者\na. 异教的, 异教徒的",gre
page,peidʒ,"n. 页, 记录, 事件, 专栏, 男侍\nvt. 标明...的页数, 翻...的书页, 分页排版, 呼叫, 侍候\nvi. 翻书页, 侍侯\n[计] 页; 页面",zk gk
pageant,'pædʒәnt,"n. 盛会, 游行, 虚饰, 露天表演",ielts gre
pages,,n. 页数；青年侍从（page的复数）,ielts
pail,peil,"n. 桶, 提桶",cet4 cet6 ky
pain,pein,"n. 痛苦, 疼痛, 辛苦\nvt. 使痛苦, 痛苦\nvi. 作痛, 疼",gk cet4 cet6 ky
painful,'peinful,"a. 痛苦的, 困难的, 令人烦恼的\n[医] 疼痛的",gk cet4 cet6 ky
painkiller,"'pein,kilә(r)","n. 解痛药, 止痛片, 止痛药",gre
painstaking,'peinzteikiŋ,"n. 辛苦, 苦心, 工夫\na. 辛苦的, 勤勉的, 小心的",toefl ielts gre
paint,peint,"n. 油漆, 颜料, 绘画作品, 涂漆\nvt. 油漆, 绘, 画, 描绘, 装饰, 点缀\nvi. 绘画, 涂漆",zk gk cet4 ky
painter,'peintә,"n. 画家, 油漆匠\n[机] 油漆匠, 喷漆匠",gk cet4 ky
painting,'peintiŋ,"n. 画, 绘画, 油漆\n[化] 涂漆",gk cet4 cet6 ky toefl ielts
pair,pєә,"n. 一双, 一对, 一副\nv. (使)成对",zk gk ielts
pal,pæl,"n. 朋友, 伙伴, 同志, 同谋\nvi. 交友, 结伴",cet6 ielts
palace,'pælis,"n. 宫, 宫殿, 华丽大厦",zk gk ielts
palatable,'pælәtәbl,"a. 美味的, 好吃的, 可口的\n[医] 适口的, 味美的",toefl ielts
palate,'pælit,"n. 腭, 味觉, 趣味, 爱好\n[医] 腭",gre
palatial,pә'leiʃәl,"a. 宫殿似的, 宏伟的, 堂皇的, 庄严的",gre
palaver,pә'lɑ:vә,"n. 谈判, 交涉, 洽商, 废话, 奉承\nvi. 唠叨, 拍马屁, 交涉, 用花言巧语骗人\nvt. 笼络, 哄骗",gre
pale,peil,"n. 栅栏, 界线, 范围\na. 苍白的, 暗淡的, 无力的\nvi. 变苍白, 变暗, 失色\nvt. 使变苍白, 使失色, 用栅栏围",zk gk cet4 cet6 ky toefl
Paleolithic,.pæliә'liθik,a. 旧石器时代的,gre
paleontologist,.pæliɒn'tɒlәdʒist,n. 古生物学者,toefl
paleontology,.pæliɒn'tɒlәdʒi,n. 古生物学\n[医] 古生物学,gre
palette,'pælit,"n. 调色板, 颜料\n[计] 调色板",toefl gre
palings,,"n. 木栏, 围篱",gre
pall,pɒ:l,"n. 棺罩, 柩衣, 遮盖物\nvi. 失去吸引力, 乏味\nvt. 覆盖, 使笼罩阴影, 使乏味",gre
palliate,'pælieit,"vt. 减轻, 缓和, 掩饰(罪过等)\n[医] 缓和, 减轻",gre
palliative,'pælieitiv,"a. 缓和的, 减轻的, 掩饰的\nn. 辩解, 缓和物",gre
pallid,'pælid,"a. 苍白的, 暗淡的, 无生气的",gre
palm,pɑ:m,"n. 手掌, 棕榈, 胜利\nvt. 与...握手, 藏...于掌中",cet4 cet6 ky ielts
palmy,'pɑ:mi,"a. 棕榈的, 多棕榈的, 繁荣的, 从棕榈中提取的",gre
palpable,'pælpәbl,"a. 可感知的, 明显的, 触摸得到的\n[医] 可触知的",gre
palpitate,'pælpiteit,"vi. 悸动, 心跳, 发抖\n[医] 心悸",toefl ielts gre
palter,'pɒ:ltә,"vi. 含糊其词, 马虎处理, 讨价还价, 敷衍了事",gre
paltry,'pɒ:ltri,"a. 不足取的, 琐碎的, 可鄙的",gre
pamper,'pæmpә,"vt. 放纵, 使吃饱, 使过量",ielts gre
pamphlet,'pæmflit,"n. 小册子, 活页文选",cet6 ky toefl ielts gre
pan,pæn,"n. 平锅, 浅盘, 盆地, 硬土层, 拍摄全景\nv. 上下左右移动, 摇镜头, 淘洗, 淘金",gk cet4 cet6 ky gre
panacea,.pænә'siә,"n. 万能药, 灵丹妙药\n[医] 万应药",toefl gre
panache,pә'næʃ,"n. 羽饰, 夸示, 假威风, 炫耀",gre
pancake,'pænkeik,"n. 薄烤饼, 薄煎饼, 烙饼",zk gk
pancreas,'pæŋkriәs,n. 胰腺\n[医] 胰[腺],toefl gre
panda,'pændә,"n. 大熊猫, 小熊猫",zk gk cet4 ky
pandemic,pæn'demik,"a. 大流行的, 普遍的, 全世界的\n[医] 大流行的, 大流行病",gre
pandemonium,pændi'mәjniәm,"n. 魔窟, 地狱, 阎王殿, 无法无天, 一片混乱, 大混乱, 大吵大闹, 乌烟瘴气",gre
pander,'pændә,"vi. 勾引, 怂恿, 卑劣地迎合\nn. 拉皮条者, 怂恿者, 助恶者",gre
pane,pein,"n. 窗玻璃, 方框, 方格, 窗格\nvt. 嵌窗玻璃于\n[计] 窗格",cet4 cet6 toefl gre
panegyric,.pæni'dʒirik,"n. 赞颂, 颂词, 推崇备至",gre
panel,'pænl,"n. 嵌板, 仪表板, 专题讨论小组, 全体陪审员\nvt. 嵌镶板",cet4 cet6 ky toefl ielts gre
pang,pæŋ,"n. 剧痛, 悲痛, 苦闷\nvt. 使剧痛, 折磨",gre
panic,'pænik,"n. 恐慌, 惊慌\na. 惊慌的, 没有理由的, 恐慌的\nvt. 使惊慌, 使狂热\nvi. 惊慌",gk cet6 ky toefl ielts gre
panorama,.pænә'rɑ:mә,"n. 全景, 全貌, 概论, 范围",ky ielts gre
panoramic,.pænә'ræmik,a. 全景的,gre
pant,pænt,"n. 喘息, 悸动\nvi. 喘息, 渴望\nvt. 气喘吁吁地说",cet4 cet6 ky ielts
pantechnicon,pæn'teknikɒn,"n. 家具仓库, 家具搬运车",gre
pantheon,'pænθiәn,"n. 众神庙, 万神殿, 罗马万神殿",gre
panther,'pænθә,"n. 豹, 黑豹, 美洲豹",cet6 gre
pantomime,'pæntәmaim,"n. 手势, 哑剧, 舞剧\nv. 打手势, 演哑剧",gre
pantry,'pæntri,"n. 餐具室, 食品室",cet6 gre
pants,pænts,"n. 裤子, 长裤, 短衬裤, 女式运动短裤",cet4 cet6 ky toefl ielts
paper,'peipә,"n. 纸, 文件, 文章, 报纸, 证券, 证件\nvt. 用纸糊, 贴壁纸于, 用纸包装\nvi. 贴壁纸\na. 纸做的, 纸上的",zk gk ielts
paperback,'peipәbæk,"n. 平装本, 纸面本",ky
papers,,"n. 文件, 官方文件\n[法] 票证, 证券, 纸币",ielts
paperwork,'peipәwә:k,n. 文书工作,gk
papyrus,pә'paiәrәs,"n. 纸草, 草制成之纸",gre
parable,'pærәbl,"n. 寓言, 隐晦的比较",gre
parabola,pә'ræbәlә,n. 抛物线\n[电] 抛物线,gre
parachute,'pærәʃu:t,n. 降落伞\nvi. 跳伞,cet6 ky toefl ielts
parade,pә'reid,"n. 游行, 炫耀, 阅兵\nv. 游行, 炫耀, (使)列队行进",cet4 cet6 ky toefl ielts
paradigm,'pærәdaim,"n. 范例, 式样, 词形变化表, 纵聚合关系语言项",ky gre
paradise,'pærәdais,"n. 天堂, 乐园, 伊甸园",cet4 cet6 ielts
paradox,'pærәdɒks,"n. 似非而是的论点, 自相矛盾的话, 悖论, 怪人怪事\n[化] 佯谬",cet6 ky toefl ielts gre
paradoxical,.pærә'dɒksikl,"a. 似非而是的, 矛盾的, 诡论的\n[医] 奇异的, 矛盾的, 逆理的, 反常的",ky
paradoxically,,"adv. 反论, 荒谬, 自相矛盾, 似非而可能是",cet6
paragon,'pærәgәn,"n. 杰出典范, 完人, 完美之物",gre
paragraph,'pærәgrɑ:f,"n. 段落, 短评\nvt. 将...分段, 分段落\nvi. 写短讯\n[计] 段落",gk cet4 cet6 ky
parallel,'pærәlel,"n. 平行, 对比, 相匹敌之物\na. 平行的, 相似的\nvt. 与...平行, 与...相似, 相比, 使平行\n[计] 并联; 并行",gk cet4 cet6 ky toefl ielts gre
parallelism,'pærәlelizm,"n. 平行, 对应, 类似, 比拟\n[计] 并行性",gre
paralyse,'pærәlais,"vt. 使麻痹, 使瘫痪, 使无力, 使气馁, 终止\n[医] 使麻痹, 使瘫痪",cet6 ielts
paralysis,pә'rælisis,"n. 麻痹, 停顿, 瘫痪\n[医] 麻痹, 瘫痪",cet6 toefl ielts
paralyze,'pærәlaiz,"vt. 使瘫痪, 使麻痹\n[医] 使麻痹, 使瘫痪",cet6 ky toefl gre
parameter,pә'ræmitә,"n. 参变数, 参变量, 参数, 参量\n[计] 参量; 参数",cet6 ky toefl gre
paramount,'pærәmaunt,"n. 首长, 最高当局\na. 最重要的, 最高的, 至上的",toefl ielts gre
paranoia,.pærә'nɒiә,"n. 偏执狂, 多疑症\n[法] 妄想狂, 偏执狂",ielts gre
paranoid,'pærәnɔid,"a. (似)患妄想狂的, (似)患偏执狂的\nn. 患妄想狂的人",gre
paraphernalia,.pærәfә'neiliә,n. 随身用具,ielts
paraphrase,'pærәfreiz,"n. 释义, 解述, 改写\nvt. 改写, 解述\nvi. 释义, 意译",toefl ielts gre
parapsychology,.pærәsai'kɒlәdʒi,"n. 心灵学, 通灵学\n[医] 心灵学, 心灵心理学(一门唯心的学科)",toefl
parasite,'pærәsait,"n. 寄生生物, 寄生虫, 食客\n[医] 寄生物; 寄生胎",ky toefl ielts gre
parasitic,",pærә'sitik","a. 寄生的, 由寄生虫引起的\n[计] 寄生的",toefl
parcel,'pɑ:sl,"n. 包裹, 部分, 片\nvt. 分配, 打包\na. 部分的\nadv. 局部地",gk cet4 cet6 ky ielts
parch,pɑ:tʃ,"vt. 烤, 烘, 使干透\nvi. 烤干, 焦干",toefl gre
pardon,'pɑ:dn,"n. 原谅, 赦免\nvt. 宽恕, 原谅",zk gk
pare,pєә,"vt. 剥, 削, 消减",gre
parent,'perәnt,"n. 父母, 父母亲, 根源\n[法] 父亲, 母亲, 根源",zk gk ielts
parental,pә'rentәl,"a. 父母亲的, 做双亲的, 作为渊源的\n[医] 父母的, 双亲的",ielts
parents,,n. 父母；双亲（parent的复数）,ielts
pariah,pә'raiә,"n. 贱民(印度的最低阶级), 被放逐者",gre
Paris,'pæris,n. 巴黎\n[医] 重楼属,gk
parity,'pærәti,"n. 同等, 同位, 平价, 奇偶性\n[计] 奇偶性",gre
park,pɑ:k,"n. 公园, 停车处\nvt. 停车, 置于\nvi. 停车",zk gk ielts
parka,'pɑ:kә,"n. 皮制连帽大衣, 派克大衣",gre
parking,'pɑ:kiŋ,n. 停车\na. 停车的,gk ielts
parlance,'pɑ:lәns,"n. 说法, 说话的方式方法, 用语\n[法] 说法, 用语, 发言",gre
parley,'pɑ:li,"n. 会谈, 谈判\nvi. 会谈, 谈判\nvt. 讲",gre
parliament,'pɑ:lәmәnt,"n. 国会, 议会\n[法] 会议, 国会, 议院",cet4 cet6 ky ielts
parliamentary,.pɑ:lә'mentәri,"a. 国会的, 议会的, 议会制度的",toefl
parlor,'pɑ:lә,"n. 客厅, 会客室, 小店\na. 客厅的",cet4
parlous,'pɑ:lәs,"a. 危险的, 不易对付的, 精明的, 麻烦的\nadv. 非常地, 极度地",gre
parochial,pә'rәukiәl,"a. 教区的, 地方性的, 目光偏狭的",gre
parody,'pærәdi,"n. 打油诗文, 诙谐的模仿诗文, 拙劣的模仿\nvt. 拙劣模仿, 作模仿诗文",ielts gre
paroxysm,'pærәksizәm,"n. 发作, 突发\n[医] 发作, 阵发",gre
parquet,pɑ:'kei,"n. 镶木地板, (剧场)正厅池座\nvt. 铺镶木地板",gre
parrot,'pærәt,"n. 鹦鹉, 应声虫\nvt. 学舌, 机械地模仿",gk toefl
parry,'pæri,"vt. 挡开, 回避, 闪避的回答\nn. 挡开, 回避, 闪避的回答",toefl gre
parse,pɑ:s,vt. 从语法上分析\n[计] 分列,gre
parsimony,'pɑ:simәni,"n. 过度节俭, 吝啬, 惜墨如金",gre
part,pɑ:t,"n. 部分, 局部, 零件, 要素, 等分, 职责, 角色, 部位\nvt. 分开, 分离, 断绝, 区别, 分配\nvi. 分开, 断裂, 分手\na. 部分的, 局部的\nadv. 部分地, 有些",zk gk cet4 ky ielts
part-time,,"a. 兼任的, 半工半读的, 部分时间的\nadv. 部分时间, 兼任地",ielts
partial,'pɑ:ʃәl,"a. 部分的, 偏袒的, 偏爱的\nn. 分音",cet4 cet6 ky toefl ielts gre
partiality,.pɑ:ʃi'æliti,"n. 偏心, 偏颇, 不公平, 特别喜欢, 癖好\n[法] 偏袒, 偏见, 不公平",gre
partially,'pɑ:ʃәli,"adv. 部分地, 一部分地, 不公平地",cet4 cet6 toefl
participant,pɑ:'tisipәnt,"n. 参加者, 参与者\na. 有份的, 参加的, 参与的",cet6 ky toefl
participants,pɑ:'tɪsɪpənts,"n. 参加者, 参与者; 参加者, 参与者( participant的名词复数 )\na. 有份的, 参与的",ielts
participate,pɑ:'tisipeit,"vi. 参加, 分享, 参与, 带有\nvt. 分享, 分担",gk cet4 cet6 ky toefl ielts
particle,'pɑ:tikl,"n. 颗粒, 粒子, 质点, 极小量\n[化] 粒子; 质点",cet4 cet6 ky toefl ielts
particular,pә'tikjulә,"n. 一项(或条、点), 个别项目, 详细说明\na. 特别的, 独有的, 挑剔的, 详尽的",gk cet4 cet6 ky gre
particularize,pә'tikjulәraiz,"v. 详细说明, 列举, 使特殊",gre
particularly,pә'tikjjlәli,"adv. 特别, 格外, 尤其, 详细地, 细致地",cet4 cet6
particulate,pә'tikjulit,n. 微粒\na. 微粒的,toefl
parties,,n. 当事人；聚会；党派；政党机关；同行者（party的复数）,ielts
partisan,'pɑ:tizn,"n. 党羽, 虔诚信徒, 同党, 游击队员\na. 党派的, 偏袒的, 效忠的, 献身的, 盲目推崇的",toefl ielts gre
partition,pɑ:'tiʃәn,"n. 分割, 隔离物, 隔墙, 财产分割\nvt. 区分, 瓜分, 隔开, 分割\n[计] 分区; 划分",cet6 ielts gre
partly,'pɑ:tli,"adv. 部分地, 在一定程度上",gk cet4 cet6 ky
partner,'pɑ:tnә,"n. 合伙人, 股东, 伙伴, 伴侣\nvt. 与...合伙, 组成一对\nvi. 做伙伴, 当助手",gk cet4 cet6 ky
parturition,.pɑ:tjuә'riʃәn,"n. 分娩, 生产\n[医] 分娩, 生产",gre
party,'pɑ:ti,"n. 宴会, 党, 政党, 团体, 当事人, 聚会\nv. 举办聚会",zk gk toefl ielts
pass,pæs,"n. 经过, 要隘, 途径, 通行, 护照, 及格\nvt. 经过, 越过, 通过, 批准, 度过, 传递, 忽略\nvi. 经过, 变化, 流通, 及格, 宣判, 终止, 消逝, 被忽略, 不叫牌, 传递\n[计] 遍",zk gk ielts
passage,'pæsidʒ,"n. 通道, 通过, 移居, 航行, 一段, 走廊\nvi. 通过, 经过, 航行, 横渡, 争吵\nvt. (使)马以斜横步前进, 使传代",zk gk toefl ielts
passenger,'pæsindʒә,"n. 乘客, 旅客\n[经] 乘客, 旅客",zk gk cet4 cet6 ky
passengers,'pæsndʒɚ,n. 乘客( passenger的名词复数 ); 旅客; 白吃饭的人; 闲散人员,ielts
passerby,'pæsә'bai,"n. 过路人, 行人",ky
passion,'pæʃәn,"n. 激情, 酷爱, 热爱, 强烈感情, 耶稣受难(故事)",cet4 cet6 ky toefl ielts
passionate,'pæʃәnit,"a. 热情的, 热烈的, 易怒的, 热恋的",toefl gre
passive,'pæsiv,"a. 消极的, 被动的, 冷漠的, 顺从的, 无源的\n[医] 被动的",gk cet4 cet6 ky toefl ielts gre
passport,'pæspɒ:t,"n. 护照, 手段, 通行证\n[法] 通行证, 护照",zk gk ielts
past,pɑ:st,"n. 过去, 昔时, 往事, 早年经历, 过去时\na. 过去的, 结束的, 卸任的, 过去时的\nprep. 越过, 晚于, 超越, 超出...的可能性(能力、范围等)\npass的过去分词",zk gk
paste,peist,"n. 面团, 面食, 浆糊, 糊状物, 粘贴, 用拳重击\nvt. 用浆糊粘, 张贴, 狠狠地打\n[计] 粘贴",cet4 cet6 ky
pastel,pæ'stel,"n. 粉蜡笔, 粉蜡笔画, 随笔\na. 彩色蜡笔的, 蜡笔画的, 柔和的, 纤弱的",toefl gre
pasteurize,'pæstәraiz,vt. 用巴氏法灭菌\n[医] 施行巴氏消毒,gre
pastiche,pæs'ti:ʃ,"n. 模仿作品, 东拼西凑的杂烩",gre
pastime,'pæstaim,"n. 消遣, 娱乐, 游戏",cet4 cet6 ky ielts
pastor,'pæstә,n. 牧师,gre
pastoral,'pæstәrәl,"n. 牧歌, 田园诗\na. 牧人的, 田园生活的, 牧师的, 田园式的",gre
pastry,'peistri,"n. 油酥点心, 面粉糕饼",gre
pasture,'pæstʃә,"n. 牧场, 草地, 牧草\nvt. 放牧\nvi. 吃草",cet6 ky toefl ielts
pat,pæt,"n. 轻拍\nv. 轻拍\nadv. 适时, 正好, 恰好, 毫不迟疑, 熟记地\na. 恰好的, 合适的, 熟练的, 坚定的, 人为的",cet4 cet6 ky
patch,pætʃ,"n. 片, 补缀, 碎片, 斑, 傻瓜\nvt. 补缀, 掩饰, 拼凑, 平息\n[计] 修补; 拼凑",cet4 cet6 ky toefl ielts gre
patent,'pætnt. 'peitnt,"n. 专利权, 许可证, 执照, 专利品, 素质\na. 专利的, 特许的, 显著的, 新奇的\nvt. 取得...的专利权, 请准专利",gk cet6 ky toefl ielts gre
paternal,pә'tә:nl,"a. 父亲的, 父系的, 似父亲的, 得自父亲的, 家长式统治的\n[法] 父系的, 父亲的",ky
paternity,pә'tә:niti,"n. 父亲身份, 父系血统, 创始人(身份), 来源, 出处\n[医] 父权, 亲权; 父系",ielts
path,pɑ:θ,"n. 路径, 小路, 道路, 途径, 路线, 轨道\n[计] 路径; DOS内部命令:设定DOS读取程序的路径",zk gk cet4 cet6 ky toefl
pathetic,pә'θetik,"a. 悲哀的, 可怜的, 感伤的, 差劲的\n[医] 感情的",cet6 ky ielts gre
pathogen,'pæθәdʒ(ә)n,n. 病原体\n[医] 病原体,toefl gre
pathological,",pæθә'lɔdʒikәl","a. 病理学的, 由疾病引起的, (非正式)不合理的, 仅由想象引起的, 不理智的\n[计] 错误的",gre
pathology,pæ'θɒlәdʒi,"n. 病理学, 病理, 病状, 病变\n[医] 闰理学",gre
pathos,'peiθɒs,"n. 伤感力, 感伤, 悲怅, 同情, 偶然因素, 哀婉动人的词句",ielts gre
pathway,'pɑ:θwei,"n. 路径, 途径\n[医] 路径, 道",toefl
patience,'peiʃәns,"n. 耐性, 忍耐",gk cet4 cet6 ky toefl
patient,'peiʃәnt,"n. 病人, 承受者\na. 忍耐的, 容忍的, 有耐性的, 坚忍的",zk gk cet4 cet6 ky
patients,,n. 病人（patient的复数形式）,ielts
patina,'pætinә,"n. 绿锈, 光泽, 古色, 神态, 圣餐盘\n[机] 铜绿",gre
patriarch,'peitriɑ:k,"n. 创办人, 家长, 元老, 教长, (天主教)教皇\n[法] 家长, 族长, 创始人",toefl
patriarchal,.peitri'ɑ:kәl,"a. 家长的, 族长的, 由族长统治的\n[法] 家长的, 家长制的, 主教的",toefl
patrician,pә'triʃәn,"n. 贵族, 有教养的人\na. 贵族的, 显贵的",gre
patricide,'pætrisaid,"n. 杀父(罪), 杀父者\n[法] 杀父, 杀父者",toefl
patrimony,'pætrimәni,"n. 祖传的财物, 继承物\n[经] 世袭财产, 遗产",gre
patriot,'peitriәt,"n. 爱国者, 爱国主义者",cet6 toefl gre
patriotic,.peitri'ɒtik,"a. 爱国的, 有爱国心的\n[法] 爱国的, 有爱国心的",cet6 ky toefl
patriotism,'peitriәtizm,"n. 爱国心, 爱国精神, 爱国主义",ielts gre
patrol,pә'trәul,"n. 巡逻, 巡逻员, 侦察队\nv. 巡逻, 巡视",cet6 ky toefl ielts
patroller,, 巡警,toefl
patron,'peitrәn,"n. 赞助人, 顾客, 保护人\n[法] 保护人, 庇护人, 赞助人",cet6 ky toefl ielts
patronage,'pætrәnidʒ,"n. 赞助, 恩赐态度, 光顾, 任免权, 保护人的身分\n[经] 光顾, 资助, 赞助",toefl gre
patronize,'peitrәnaiz,"vt. 保护, 支援, 赞助, 庇护, 惠顾",gre
patronizing,'peitrәnaiziŋ,"a. 屈尊俯就的, 显示优越感的",toefl
pattern,'pætәn,"n. 模范, 典型, 式样, 样品, 图案, 格调, 模式\nvt. 模仿, 仿造, 以图案装饰\nvi. 形成图案\n[计] 模式, 图案",gk cet4 cet6 ky ielts
patterns,,n. 模式（pattern的复数形式）,ielts
paucity,'pɒ:sәti,"n. 少数, 少量, 缺乏",toefl gre
paunchy,'pɒ:ntʃi,"a. 大肚子的, 大腹便便的",gre
pauper,'pɒ:pә,"n. 贫民, 靠救济度日者, 穷人, 乞丐\n[法] 贫民, 穷人",toefl gre
pause,pɒ:z,"n. 暂停, 中止, 停顿, 间歇, 踌躇, 休止符\nvi. 暂停, 中止, 停顿, 踌躇\n[计] DOS内部命令:暂时停止批处理文件的执行",gk cet4 cet6 ky
pave,peiv,"vt. 铺设, 安排, 铺满, 为...铺路\n[化] 铺设",cet4 cet6 ky toefl ielts
pavement,'peivmәnt,"n. 路面, 人行道, 铺面路, 铺路材料",cet4 cet6 ky ielts
paw,pɒ:,"n. 爪\nv. 以蹄扒地, 用爪子抓, 拼命抓, 向...乱抓, 笨拙地使用, 费力地前进",cet4 cet6 ky
pawn,pɒ:n,"n. 典当, 抵押物, 人质, (象棋)兵, 马前卒, 工具\nvt. 当掉, 以...担保",gre
pay,pei,"n. 薪资, 付款, 补偿\nvt. 支付, 付清, 补偿, 偿还, 对...有利, 为...涂防水物\nvi. 付款, 付出代价, 偿还, 得到报应, 获得好处",zk gk ielts
payable,'peiәbl,"a. 可付的, 到期的, 应付的, 有利益的\n[经] 应付的",ielts
paycheck,'pei'tʃek,"n. 付薪水的支票, 薪水",toefl
payment,'peimәnt,"n. 付款, 支付的款项(或实物), 偿还, 报应, 惩罚\n[经] 支付, 缴纳, 支付款额",cet4 cet6 ky toefl ielts
payoff,'peiɒf,"n. 发工资, 分赃, 贿赂, 盈利, 报酬, 报应, 结果, 高潮, 决定因素\na. 决定性的, 产生结果的, 支付的",cet6
pea,pi:,"n. 豌豆, 似豌豆的东西",gk cet4 cet6 ky
peace,pi:s,"n. 和平, 和约, 治安, 和睦, 安宁, 静寂\nvi. 安静下来, 不作声",zk gk cet4 ky
peaceful,'pi:sful,"a. 平静的, 和平的, 和平时期的, 爱好和平的, 喜爱安静的\n[法] 和平的, 爱好和平的, 和平时期的",gk cet4 cet6 ky
peach,pi:tʃ,"n. 桃子, 桃树, 桃色, 美人儿, 极好的事物\nvt. 告发\nvi. 告密, 检举",gk cet4 cet6 ky
peacock,'pi:kɒk,"n. 孔雀, 好炫耀的人\nvi. 炫耀, 神气活现地行走",cet6
peak,pi:k,"n. 山峰, 巅, 山顶, 顶点, 尖峰, 帽舌\na. 最高的, 最大值的\nvi. 到达最高点, 消瘦, 变憔悴, 逐渐缩小\nvt. 使竖起, 使达到最高点",cet4 cet6 ky toefl gre
peaky,'pi:ki,"a. 有峰的, 多峰的, 尖的, 消瘦的",gre
peanut,'pi:nʌt,"n. 花生, 小人物, 极小的数额\na. 渺小的, 微不足道的",ky
pear,pєә,"n. 梨子, 梨树, 梨木\n[机] 梨木",zk gk cet4 cet6 ky
pearl,pә:l,"n. 珍珠, 珠灰色, 杰出者, 珍贵之物\nvt. 用珍珠镶, 使成珠状\nvi. 成珠子状, 采珍珠, 用珍珠做",cet4 cet6 ky toefl
peasant,'peznt,"n. 农夫, 乡下人",gk cet4 cet6 ky
peasants,'pesnts,n. 农民( peasant的名词复数 ); 农夫; 佃农; 粗俗的人,ielts
pebble,'pebl,"n. 小圆石, 小鹅卵石, 水晶透镜, 碎石花纹\n[医] 小石",cet4 cet6 ky toefl
pecan,pi'kæn,n. 美洲山核桃(树),gre
peccadillo,.pekә'dilәu,"n. 轻罪, 小过, 小瑕疵",gre
peck,pek,"n. 配克(英美干量单位), 啄痕, 啄食, 许多\nvt. 啄, 啄食, 琢, 凿成, 扔\nvi. 啄, 吹毛求疵, 啄食, 勉强吃\n[计] 取数",cet6 toefl gre
peculate,'pekjuleit,"v. 挪用, 盗用, 侵吞",toefl gre
peculiar,pi'kju:ljә,"a. 奇特的, 罕见的, 特殊的, 特别的\nn. 特有财产, 特权",cet4 cet6 ky toefl ielts
peculiarity,pi.kju:li'æriti,"n. 特质, 特性, 怪癖",cet6 toefl
pecuniary,pi'kju:njәri,"a. 金钱的, 金钱方面的, 课罚款的\n[经] 金钱的, 应罚款的",gre
pedagogic,.pedә'gɒdʒik,"a. 教育学的, 教授法的, 小学教师的",toefl
pedagogical,pedә'^ɔdʒikәl,"a. 教师的, 教学法的, 适宜于教师的",toefl
pedagogue,'pedәgɒg,"n. 小学教师, 教员, 学究",gre
pedagogy,'pedәgәudʒi,"n. 教育学, 教授法, 教学工作",toefl gre
pedal,'pedl,"n. 踏板, 脚蹬子\na. 脚的, 脚踏的\nvt. 用脚踏动\nvi. 踩踏板, 骑车",cet6 ky ielts gre
pedant,'pedәnt,"n. 自夸学问的人, 空谈家, 书呆子",gre
peddle,'pedl,"vi. 挑卖, 沿街叫卖, 游荡, 闲混\nvt. 叫卖, 兜售, 散播",gre
pedestal,'pedistl,"n. 支柱, 基架, 基座, 基础\nvt. 加座, 搁在台上, 支持, 提高...的地位",gre
pedestrian,pә'destriәn,"n. 行人, 步行者\na. 人行的, 徒步的, 呆板的, 通俗的, 平淡无奇的",gk cet6 ky ielts gre
pediatrics,.pi:di'ætriks,n. 小儿科\n[医] 儿科学,gre
pedlar,'pedlә,"n. 沿街叫卖的小贩, (流言)传播者\n[经] 小贩, 商贩, 货郎",cet6
peek,pi:k,"vi. 偷看, 窥视\nn. 偷看, 看一眼",gre
peel,pi:l,"n. 皮, 外壳\nvt. 削...皮, 剥去...的壳\nvi. 蜕皮, 剥落, 脱皮, 脱去衣服",cet4 cet6 ky ielts gre
peep,pi:p,"n. 一瞥, 偷看, 不完全的景象, 初现, 吱吱声, 嘀咕抱怨声, 汽车喇叭声\nvi. 窥视, 出现, 吱吱叫\nvt. 使隐约显现",cet4 cet6 ky gre
peer,piә,"n. 同等的人, 匹敌, 贵族\nvi. 凝视, 窥视, 费力地看, 隐现\nvt. 与...同等, 封为贵族",cet6 ky toefl ielts gre
peerless,'piәlis,"a. 无比的, 出类的, 无双的",toefl gre
peery,'piәri,"好奇的, 怀疑的",gre
peeve,pi:v,"v. (使)气恼, (使)焦躁, (使)忿怒\nn. 麻烦的事物, 怨恨, 生气, 触怒",gre
peevish,'pi:viʃ,"a. 易怒的, 暴躁的, 带怒气的, 撒娇的",gre
pejorative,'pi:dʒәreitiv,"a. 贬损的, 轻蔑的\nn. 轻蔑语, 贬义词",gre
pelf,pelf,"n. 钱财, 不义之财\n[法] 不义之财, 劫掠物, 阿堵物",gre
pell-mell,'pel'mel,"adv. 乱七八糟地, 凌乱地, 忙乱地\na. 胡乱的, 混乱的\nn. 乱七八糟, 混乱, 杂乱",gre
pellucid,pә'lju:sid,"a. 透明的, 澄清的, 明了的\n[医] 透明的",gre
pelt,pelt,"n. 投掷, 打击, 快速, 毛皮\nvt. 剥...的皮, 连续投掷, 攻击, 抨击, 拍打\nvi. 投击",gre
pen,pen,"n. 钢笔, 笔, 笔调, 笔杆子, 作家, 围栏, 栅栏, 禽畜\nvt. 写, 关入栏中, 囚禁\nvi. 动笔, 写作",zk gk gre
penal,'pi:nl,"a. 有关处罚的, 刑的, 刑罚的, 刑法上的, (课税)繁重的\n[法] 刑事的, 刑法的, 受刑罚的",toefl
penalize,'pi:nәlaiz,"vt. 处刑, 对...处罚(刑), 使不利\n[法] 处罚, 对...处以刑事惩罚",gre
penalty,'penәlti,"n. 处罚, 刑罚, 罚款, 罚球, 报应, 不利结果, 妨碍\n[经] 罚金(款), 违约金",cet6 ky toefl ielts gre
penance,'penәns,"n. 自我惩罚, 忏悔, 悔过, 赎罪, 苦修\nvt. 使悔罪, 使赎罪",gre
pence,pens,"pl. (非正式)copper便士, (美)分, 分币",zk ielts
penchant,'pә:ŋʃә:ŋ,"n. 爱好, 嗜好",toefl gre
pencil,'pensl,"n. 铅笔, 色笔, 眉笔, 画笔, 光线束\nvt. 用铅笔写或涂, 草拟",zk gk
pendant,'pendәnt,"n. 垂饰, 下垂物, 补充的东西, 补编\n[电] 垂环",toefl
pendent,'pendәnt,"a. 下垂的, 悬而未决的, 向外伸出的, 即将来临的\n[法] 悬而未决的, 即将发生的, 即将来临的",gre
pending,'pendiŋ,"a. 未决定的, 待决的, 行将发生的, 向外伸出的\nprep. 在等待...之际, 直到...时为止, 在...期间, 在...过程中",toefl gre
pendulum,'pendʒәlәm,"n. 钟摆, 摇锤, 摇摆不定的事态(或局面)\n[化] 摆",cet6 ky toefl ielts gre
penetrate,'penitreit,"vt. 穿透, 刺穿, 渗透, 看穿, 洞察, 了解, 使充溢\nvi. 刺入, 看穿, 渗透, 打进",cet4 cet6 ky toefl ielts gre
penetrating,'penitreitiŋ,"a. 敏锐的, 尖锐的, 伸入很深的, 了解透彻的\n[医] 穿透的",toefl
penetration,.peni'treiʃәn,"n. 穿透, 渗透, 侵入, 识穿, 洞察(力)\n[化] 渗入",cet6 gre
penicillin,.peni'silin,"n. 盘尼西林, 青霉素\n[化] 青霉素",toefl ielts gre
peninsula,pi'ninsjulә,"n. 半岛, 突出的地方, 伊比利亚半岛",cet4 cet6 ky toefl gre
penitent,'penitәnt,"a. 忏悔的, 悔悟的, 表示悔罪的\nn. 忏悔的人, 悔罪者",gre
pennant,'penәnt,"n. 尖旗, 三角旗, 三角锦旗, 三角信号旗",gre
pennies,,"pl. (非正式)copper便士, (美)分, 分币",ielts
penny,'peni,"n. 便士, 一分, 小钱, 点滴\n[经] 便士",zk gk cet4 cet6 ky ielts
pension,'penʃәn,"n. 养老金, 退休金, 津贴, 年金, 抚恤金, 膳宿学校, 膳宿费\nvt. 发给退休金, 用津贴拉拢",gk cet4 cet6 ky ielts gre
pensive,'pensiv,"a. 沉思的, 哀思的, 忧郁的",toefl gre
penultimate,pi'nʌltimit,a. 倒数第二的,gre
penumbra,pi'nʌmbrә,"n. 半影, 明暗交界部分, 边缘部分, 周围的气氛\n[化] 半影",gre
penury,'penjuri,"n. 贫困, 贫穷, 拮据, 馈乏\n[法] 赤贫, 缺乏",toefl gre
people,'pi:pl,"n. 人, 人民, 民族, 平民\nvt. 使住满人, 居住于",zk gk
pepper,'pepә,"n. 胡椒粉, 胡椒, 辣椒\n[化] 胡椒; 辣椒; 花椒",gk cet4 cet6 ky
peptic,'peptik,"a. 有助消化的, 胃液素的, 胃蛋白酶的\nn. 健胃剂, 促进消化物质",gre
per,pә:,"prep. 每一, 通过, 经, 按照\n[经] 每, 按照",gk ielts
per capita,p\\\\: 'kæpitә,"每人, 按人口, 按人口计算\n[经] 每人, 按人头",toefl
perambulate,pә'ræmbjuleit,"vt. 巡行, 徘徊, 漫步于, 勘查\nvi. 漫步, 闲荡, 迂回",gre
perceive,pә'si:v,"vt. 感觉, 认知, 理解, 意识到",cet4 cet6 ky toefl ielts
percent,pә'sent,"n. 百分比, 百分数, 部分\n[机] 百分率",zk gk cet4 cet6 ky ielts
percentage,pә'sentidʒ,"n. 百分比, 比率, 部分, 可能性\n[计] 百分比",gk cet4 cet6 ky toefl ielts
perceptible,pә'septibl,"a. 可察觉的, 能感觉得到的, 看得见的",ielts
perception,pә'sepʃәn,"n. 知觉, 感觉, 领悟力, 获取\n[医] 知觉",cet6 ky toefl ielts gre
perceptive,pә'septiv,"a. 知觉的, 有知觉力的, 感知的\n[医] 知觉的",toefl
perceptual,pә'septʃuәl,"a. 知觉的, 有知觉的",ky
perch,pә:tʃ,"n. 栖木, 高位, 杆, 河鲈\nv. (使)栖息, 就位, 位于, (使)暂歇",cet6 toefl gre
percolate,'pә:kәleit,"vt.vi. 滤, 滤过, 渗开, (使)渗透, (使)渗滤\nn. 滤过液, 渗出液\nvt. 用渗滤壶煮(咖啡)",toefl gre
percussion,pә:'kʌʃәn,"n. 敲打, 碰撞, 叩击, 叩诊, 击发, 打击, 打击乐器组\n[医] 叩诊",toefl ielts gre
percussionist,pә'kʌʃәnist,"n. 敲击乐器演奏者, 敲奏打击乐器的人",gre
peregrination,.perigri'neiʃәn,"n. 徒步旅行, 旅程, 人生历程, 漫谈, 泛论",gre
peremptory,pә'remptәri,"a. 断然的, 俨然的, 强制的, 不容置疑的, 急迫的\n[法] 绝对的, 最后决定的, 断然的",gre
perennial,pә'reniәl,"a. 常年的, 长期的, 反复的\n[医] 多年生的",toefl ielts gre
perennially,,adv. 永久地,toefl
perfect,'pә:fikt,"n. 完成时\na. 完美的, 完好的, 理想的, 熟练的, 精确的, 完成式的\nvt. 使完美, 修改, 使精通, 改善, 使熟练",zk gk toefl ielts
perfection,pә'fekʃәn,"n. 完美, 完成, 极端\n[经] 完整性",cet6 ky toefl
perfectly,'pә:fiktli,"adv. 完全地, 无瑕疵地, 完整地",cet4 cet6
perfervid,pә:'fә:vid,"a. 非常热心的, 热烈的, 充满激情的, 白热化的",gre
perfidious,pә'fidiәs,"a. 不忠贞的, 背信的, 有异心的",gre
perfidy,'pә:fidi,"n. 不诚实, 背信弃义(行为)\n[法] 叛变, 出卖, 背信弃义",gre
perforate,'pә:fәreit,"vt. 穿孔于, 刺穿, 打孔穿透\nvi. 穿孔, 穿过\na. 有孔的, 穿孔的",gre
perform,pә'fɒ:m,"vt. 进行, 履行, 完成, 执行, 表演\nvi. 行动, 工作, 执行, 演出",gk cet4 cet6 ky toefl
performance,pә'fɒ:mәns,"n. 施行, 工作情况, 成绩, 行为, 表现, 演出\n[电] 绩效, 性能",gk cet4 cet6 ky toefl ielts
performer,pә'fɒ:mә,"n. 表演者, 执行者, 完成者\n[法] 执行者, 履行者, 实行者",gk toefl
perfume,'pә:fju:m,"n. 香水, 香气, (悦人的)气氛, 美名\nvt. 洒香水于, 薰香, 使充满香气",gk cet4 cet6 ky toefl ielts
perfunctorily,pә'fʌŋktәrili,"adv. 敷衍地, 马虎地, 潦草地, 表面地",gre
perfunctory,pә'fʌŋktәri,"a. 敷衍的, 随随便便的, 得过且过的",gre
perhaps,pә'hæps,"adv. 也许, 大概",zk gk cet4 cet6 ky
perigee,'peridʒi:,n. 近地点,gre
peril,'peril,"n. 危险, 冒...之险, 险境, 险因\nvt. 置...于险境, 冒险, 危及",cet6 toefl ielts gre
perilous,'perilәs,"a. 危险的, 濒临毁灭的",toefl gre
perimeter,pә'rimitә,"n. 周长, 周界, 边缘\n[医] 周, 周边, 周界线; 周长; 视野计",cet6 toefl ielts gre
period,'piәriәd,"n. 时期, 节段, 节, 句点, 学时, 周期\na. 当时特有的, 过去某段时期的\ninterj. 就是这话, 就是这么回事",zk gk cet4 cet6 ky toefl ielts
periodic,.piәri'ɒdik,"a. 周期的, 定期的, 间歇(性)的, 循环的, 用完整句的, 高碘的\n[医] 周期性的",cet6 toefl
periodical,.piәri'ɒdikl,"n. 期刊\na. 定期出版的, (有关)期刊的, 间歇(性的), 周期的, 定期的",cet6 ky toefl ielts gre
periodically,",piәri'ɔdikəli","adv. 定期, 循环, 间歇, 周期, 定期刊行, 期刊",ielts
peripatetic,.peripә'tetik,"a. 徒步的, 漫游的\nn. 走来走去的人, 游历",gre
peripheral,pә'rifәrәl,"a. 周边的, 周围的, 圆周的, 无关紧要的, 肤浅的\n[医] 外周的, 周围的, 末梢的",cet6 toefl gre
periphery,pә'rifәri,"n. 外围, 边缘地区, 圆周\n[医] 外周, 周围",toefl ielts gre
periphrastic,.peri'fræstik,"a. 委婉的, 迂回的, 冗长的\n[医] 嗦话的, 赘语的",gre
periscope,'periskәup,n. 潜望镜(镜头)\n[化] 潜望镜,ielts gre
perish,'periʃ,"vi. 毁灭, 丧生, 凋谢, 颓丧, 死亡, 腐烂\nvt. 毁坏, 使麻木, 使丧生, 耗尽",cet6 ky ielts gre
perishable,'periʃәbl,"a. 易腐坏的, 会枯萎的, 易毁灭的, 不经久的\nn. 易腐坏的东西",toefl ielts gre
perishing,'periʃiŋ,"a. 使人痛苦的, 致命的, 讨厌的, 糟糕的",gre
perjure,'pә:dʒә,"vt. 使发伪誓, 使作伪证, 使破坏誓言\n[法] 作伪证, 发假誓",gre
perjury,'pә:dʒәri,"n. 伪誓, 伪证, 背信弃义\n[经] 伪证, 假的证据",toefl gre
Perks,pɜːks,n. 特权；额外津贴（perk的复数）；特别待遇\nn. (Perks)人名；(英)珀克斯；(法)佩尔克\nv. 打扮；使振作；昂首挺胸（perk的第三人称单数）,ielts
perky,'pә:ki,"a. 得意洋洋的, 快活的, 敏捷的, 美观的, 傲慢的, 神气的",gre
permanence,'pә:mәnәns,"n. 永久, 持久, 固定性\n[法] 永久性, 持久性",gre
permanent,'pә:mәnәnt,"a. 永久的, 不变的, 固定的, 持久的\nn. 烫发\n[计] 永久的",gk cet4 cet6 ky toefl ielts gre
permanently,'p\\\\:mәntli,"adv. 永久, 不变, 持久\n[计] 永久性的",cet4 cet6
permeable,'pә:miәbl,"a. 有渗透性的, 能透过的\n[化] 渗透性的; 可渗透的",toefl gre
permeate,'pә:mieit,"vt. 弥漫, 渗透, 充满, 影响, 感染\nvi. 透入, 散布",cet6 ky toefl ielts gre
permissible,pә'misәbl,"a. 可允许的, 可容许程度的\n[机] 容许, 允许",cet6 toefl ielts
permission,pә'miʃәn,"n. 许可, 允许\n[计] 许可, 认可",gk cet4 cet6 ky toefl
permissive,pә'misiv,"a. 许可的, 获准的, 宽容的, 放任的, 放纵的, 允许选择的, 自由的\n[法] 表示许可的, 随意的, 纵容的",toefl gre
permit,pә'mit,"n. 许可证, 许可, 执照, 通行证\nvt. 允许, 容许, 可能, 使放手做\nvi. 容许, 给以机会, 提供可能",gk cet4 cet6 ky toefl ielts
pernicious,pә'niʃәs,"a. 有害的, 致命的, 恶劣的, 险恶的\n[医] 恶性的",gre
perpendicular,.pә:pәn'dikjulә,"n. 垂直线, 垂直的位置, 直立(姿势), 刚正, 垂规\na. 垂直的, 直立的, 陡峭的",cet6 toefl ielts gre
perpetual,pә'petʃuәl,"a. 永久的, 不断的, 无期限的, 没完没了的, 四季开花的\n[经] 永远的, 终身的, 持续的",cet6 ky ielts gre
perpetuate,pә'petjueit,"vt. 使永存, 使不朽, 保持",toefl gre
perplex,pә'pleks,"vt. 使困惑, 使复杂化, 使为难\n[法] 困惑, 使复杂化, 使纠缠不清",cet6 ky toefl ielts
perplexing,pә'pleksiŋ,"a. 令人费解的, 令人困惑的",toefl
perplexity,pә'pleksiti,"n. 困惑, 混乱状态, 使人困惑的事物",ielts
perquisite,'pә:kwizit,"n. 额外补贴, 特殊待遇, 外快\n[经] 奖金, 小费, 额外补贴",gre
persecute,'pә:sikju:t,"vt. 迫害, 虐待, 困扰, 同...捣乱\n[法] 迫害, 虐待, 烦扰",cet6 ky ielts gre
perseverance,pә:si'viәrәns,"n. 毅力, 忍耐, 锲而不舍, 不屈不挠",ky toefl
persevere,.pә:si'viә,"vi. 坚持, 孜孜不倦, 不屈不挠, (辩论中)固执己见",cet6 ky toefl ielts
persiflage,.pә:si'flɑ:ʒ,"n. 戏弄, 插科打诨, 嘲弄, 挖苦",gre
persist,pә'sist,"vi. 坚持, 固执, 持续, 坚称\n[经] 持续",cet4 cet6 ky toefl ielts
persistence,pә'sistәns,"n. 固执, 坚持不懈, 持续(性), 存留(状态)\n[电] 持久",cet6 toefl gre
persistent,pә'sistәnt,"a. 固执的, 坚持的, 持续的, 作用持久的\n[法] 坚持的, 固执的, 持续的",cet6 toefl
persnickety,pә'snikәti,"a. 爱挑剔的, 吹毛求疵的, 精细的",gre
person,'pә:sn,"n. 人, 人身, 人称\n[法] 人, 法人, 人身",zk gk ielts
personable,'pә:snәbl,"a. 风度好的, 讨人喜欢的, 具有行为能力的",gre
personage,'pә:snidʒ,"n. 重要人士, 显要, 名士, 人物, 角色",gre
personal,'pә:snl,"a. 私人的, 涉及隐私的, 有人性的, 人称的, 亲自的, 身体的\n[医] 人的; 个人的, 自身的",zk gk cet4 cet6 ky ielts
personality,.pә:sә'næliti,"n. 个性, 人格, (团体、地方、国家)特有特性, 名人\n[医] 人格; 个性",cet4 cet6 ky toefl ielts
personally,'pә:sәnli,"adv. 亲自地, 个别地, 当面, 就本人而言, 针对个人地",gk
personification,pә:.sɒnifi'keiʃәn,"n. 拟人, 人格化, 拟人法, 化身, 象征",gre
personnel,.pә:sә'nel,"n. 人员, 人事部门, 人事科(处)\n[经] 人事, 全体人员, 职工",gk cet4 cet6 ky toefl ielts gre
perspective,pә'spektiv,"n. 远景, 透视感, (观察问题的)视角, 透视法, 看法, 透视图\na. 透视的, 透视法的\n[计] 透视",cet4 cet6 ky toefl ielts gre
perspicacious,.pә:spi'keiʃәs,"a. 聪颖的, 聪明的, 敏锐的, 有洞察力的",gre
perspicuity,.pә:spi'kju:iti,"n. 明晰, 明了, 简明, 表达清楚, 易懂",gre
perspicuous,pә'spikjuәs,"a. 表达得清楚的, 明白的, 明了的",gre
perspiration,.pә:spә'reiʃәn,"n. 汗, 流汗, 努力\n[医] 出汗; 汗",cet6 toefl
perspire,pә'spaiә,"v. 出汗, 流汗, 分泌, 渗出",toefl ielts gre
persuade,pә'sweid,"vt. 劝, 使相信, 恳求, 敦促, 说服\nvi. 劝服, 被说服",gk cet4 cet6 ky toefl
persuasion,pә'sweiʒәn,"n. 说服, 信念, 派别, 说服力",cet6 ky
persuasive,pә'sweisiv,"a. 有说服力的, 劝诱的, 劝导性的",toefl
pertain,pә'tein,"vi. 从属于, 关于, 涉及, 附属, 适合, 相称\n[法] 属于, 从属, 附属",ielts gre
pertinacious,.pә:ti'neiʃәs,"a. 坚持不放的, 执拗的, 顽固的, 顽强的, (疾病)难以治好的",gre
pertinent,'pә:tinәnt,"a. 相关的, 中肯的, 切题的\n[法] 恰当的, 有关的",cet6 toefl ielts gre
perturb,pә'tә:b,"vt. 扰乱, 使混乱, 使心绪不宁",toefl ielts
peruse,pә'ru:z,"vt. 熟读, 精读, 阅读, 仔细研究",gre
pervade,pә'veid,"vt. 弥漫于, 遍及于, 流行于, 蔓延, 渗透于, 充满",toefl ielts gre
pervasive,pә'veisiv,"a. 普遍的, 流行的, 到处蔓延的, 到处渗透的",toefl
perverse,pә'vә:s,"a. 乖张的, 故意作对的, 有悖常情的, 执迷不悟的, 歪曲的, 错误的, 不正当的\n[法] 邪恶的, 罪恶的:堕落的, 不合法的",ielts gre
pervert,pә:'vә:t,"vt. 使堕落, 使反常, 歪曲, 滥用, 使左右颠倒, 唆使...性变态\nn. 堕落者, 行为反常者, 背教者, 性欲反常者",toefl ielts gre
pervious,'pә:viәs,"a. 使通过的, 能渗透的, 让过去的, 能接受的, 有穿透力的\n[医] 可渗透的, 可透过的",gre
pesky,'peski,"a. 麻烦的, 恼人的, 棘手的, 讨厌的",gre
pessimism,'pesimizm,"n. 悲观, 悲观情绪, 悲观主义\n[医] 悲观主义",ielts gre
pessimistic,.pesi'mistik,"a. 悲观的, 厌世的, 悲观主义的",cet4 cet6 ky
pest,pest,"n. 令人讨厌之物, 有害之物, 害虫, 瘟疫\n[医] 鼠疫, 瘟疫",gk cet6 ky toefl gre
pester,'pestә,"vt. 不断打扰, 纠缠",toefl ielts gre
pesticide,'pestisaid,n. 杀虫剂\n[化] 农药,toefl ielts gre
pestilence,'pestilәns,"n. 瘟疫, 散布毒害的事物, 罪恶\n[医] 疫病, 疫病流行",toefl
pestilent,'pestilәnt,"a. 致命的, 传染性的, 有害的, 伤风败俗的, 引起瘟疫的",gre
pestilential,.pesti'lenʃәl,"a. 瘟疫的, 有害的, 传播疾病的, 讨厌的, 恼人的\n[医] 疫病的",toefl
pestle,'pesl,"n. 槌, 杵\nv. 用槌磨, 用杵捣",gre
pet,pet,"n. 宠物, 受宠爱的人, 宠坏的孩子, 不悦, 生气\na. 宠爱的, 表示亲昵的, 养着观赏的, 特别珍爱的, 格外的\nvt. 宠爱, 溺爱, 抚摸\nvi. 拥抱, 爱抚, 生气, 发脾气",zk gk cet4 cet6 ky toefl ielts
petal,'petәl,n. 花瓣\n[医] 花瓣,toefl ielts gre
petition,pi'tiʃәn,"n. 请愿, 诉状, 陈情书, 申请, 祈求, 祷文\nv. 正式请求, 恳求, 请愿",cet6 ky toefl ielts gre
petitioner,pi'tiʃәnә,"n. 请愿人, 诉愿人, (离婚案)原告\n[法] 诉愿人, 上诉人, 请愿人",gre
petrifaction,.petri'fækʃәn,"n. 使变成石头, 石化, 化石, 僵化, 吓呆\n[医] 石化",toefl
petrify,"'petri,fai","vt. (非正式)使惊呆, 使吓得要死, 使发呆\nvt.vi. 使石化, 使成为化石, 使变僵, 变僵硬, 使消失活力, 使僵化",toefl gre
petroglyph,'petrәglif,"n. 岩石雕刻, 岩画",gre
petrol,'petrәl,"n. 汽油\n[经] 汽油, 挥发油, 石油",gk cet4 cet6 ky ielts
petroleum,pә'trәuliәm,n. 石油\n[化] 石油,cet4 cet6 ky toefl ielts gre
petrology,pi'trɒlәdʒi,n. 岩石学,gre
PETS,pets,abbr. 公共英语等级考试（Public English Tset System）,ielts
pettish,'petiʃ,"a. 易怒的, 闹情绪的, 怒气冲冲的",gre
petty,'peti,"a. 琐碎的, 小规模的, 小气的, 委琐的\n[经] 小额的, 微小的, 小规模的",cet6 ky ielts gre
petulance,'petjjlәns; -tʃә-,"n. 易怒, 坏脾气, 使性子",gre
petulant,'petʃәlәnt,"a. 任性的, 暴躁的, 易生气的, 难以取悦的",gre
phantom,'fæntәm,"n. 幻影, 虚位, 幽灵, 化身, 令人恐惧的事物, 骇人的想法\na. 幻觉的, 幻影的, 幽灵的, 虚无飘渺的, 捉摸不定的, 有名无实的",gre
pharisaic,",færi'seiik",法利赛人的,gre
pharmaceutical,",fɑ:mә'sju:tikәl","a. 药学的, 制药的, 药用的, 药物的, 药剂师的, 药师的\nn. 药品, 成药, 药剂",ielts gre
pharmacology,.fɑ:mә'kɒlәdʒi,"n. 药理学, 药物学\n[化] 药理学",gre
pharmacy,'fɑ:mәsi,"n. 药房, 配药学, 制药业\n[医] 药学, 药剂学, 调剂学, 药房",ky ielts
phase,feiz,"n. 时期, 局面, 方面, 位相, 相, 阶段\nvt. 使调整相位, 使定相, 使一致, 逐步执行, 实行\n[计] 阶段",cet4 cet6 ky toefl ielts
phd,,abbr. 哲学博士学位（Doctor of Philosophy）,ielts
phenomena,fi'nɒminә,pl. 现象,toefl gre
phenomenal,fi'nɒminәl,"a. 现象的, 能知觉的, 异常的, 显著的, 惊人的",ielts gre
phenomenally,fi'nɔminәli,"adv. 现象, 从感官认识到, 非凡, 出众",toefl
phenomenon,fi'nɒminәn,"n. 现象, 迹象, 表现, 奇迹, 奇才\n[化] 现象",gk cet4 cet6 ky toefl ielts
phial,'faiәl,"n. 管形瓶, 小药瓶\n[医] 管[形]瓶",gre
philanthropic,fi'lænθrәpic,"a. 慈善(事业)的, 博爱的, 乐善好施的\n[法] 博爱的, 仁慈的, 慈善事业的",cet6 gre
philanthropy,fi'lænθrәpi,"n. 慈善, 仁慈, 博爱, 慈善事业, 慈善机构(团体)",cet6
philatelist,fi'lætәlist,n. 集邮家,gre
philately,fi'lætәli,"n. 集邮, 集邮的兴趣, 集邮者(总称)",gre
philharmonic,.filɑ:'mɒnik,"a. 爱好音乐的, 交响乐团的, 爱乐团体的\nn. 音乐爱好者, 音乐协会, 音乐会, 交响乐团",ky toefl
philistine,'filistain,"n. 庸人, 门外汉, 仇敌, 俗气的人\na. 俗气的, 无教养的",gre
philology,fi'lɒlәdʒi,"n. 语文学, 文献学",toefl gre
philosopher,fi'lɒsәfә,"n. 哲学家, 哲人, 思想开创人, 达观的人\n[法] 哲学家, 哲学研究者",cet4 cet6 ky toefl
philosophy,fi'lɒsәfi,"n. 哲学, 人生观, 哲学思想, 哲理, 基本原理, 见解, 达观, 沉着",cet4 cet6 ky toefl
phlegmatic,fle^'mætik,"a. 粘液质的, (正式)平静的, 不动情的, 不动感情的, 冷漠的, 冷淡的, 迟钝的\n[医] 粘液质的, 迟钝的",toefl gre
phobia,'fәubiә,"n. 恐怖病, 恐惧症, 惧怕, 憎恶\n[医] 恐怖[症]",ielts gre
phoenix,'fi:niks,"n. 凤凰, 不死鸟, 死而复生的人, 完人, 殊品",gre
phone,fәun,"n. 电话, 受话器, 耳机\nvt. 打电话给\nvi. 打电话",zk cet4 ky ielts
phone-in,,n. 观众/听众通过电话参与讨论或提问的电视节目/广播节目,ielts
phonetic,fәu'netik,"a. 语音的, 语音学的, 表示语音的, 语音差异的\n[医] 语音的",ielts gre
phonetics,fәu'netiks,"n. 语音学, 语音体系, 表音拼法\n[医] 语音学",toefl
phony,'fәuni,"n. 假货, 假冒者, 赝品\na. 伪造的, 假的, 不可信的, 华而不实的",gre
photo,'fәutәu,"n. 相片, 照片, 逼真的描绘\nv. 照相\na. 照相的, 摄影用的, 详细记录的, 逼真的, 酷似的",zk
photocopies,ˈfəʊtəˌkɔpi:z,n. 影印本( photocopy的名词复数 ); 复印件,ielts
photocopy,'fәutәu.kɒpi,"n. 影印, 复印件\nv. 影印",ielts
photoelectric,.fәutәui'lektrik,"a. 光电的, 灯光摄影装置的\n[电] 光电的",cet6
photograph,'fәutәgrɑ:f,"n. 相片, 照片, 逼真的描绘\nv. 照相, 摄影",zk gk cet4 cet6 toefl ielts
photographer,fә'tɔ^rәfә,"n. 摄影师, 摄影者",gk
photographic,.fәutә'græfik,"a. 照相的, 摄影用的, 详细记录的, 逼真的, 酷似的",cet4 cet6
photographs,,n. 照片；逼真的描绘（photograph的复数）,ielts
photography,fә'tɒgrәfi,"n. 摄影, 摄影术\n[化] 照相术",cet6
photojournalism,",fәutәu'dʒә:nәlizm","n. 摄影新闻工作, 摄影报道",ielts
photos,,"n. 照片, 图片；相册（photo的复数形式）",ielts
photosensitive,.fәutәu'sensitiv,"a. 感光性的, 对光敏感的\n[医] 对光敏感的, 感光的",toefl
photosphere,'fәutәu.sfiә,"n. 光球, 发光球体\n[电] 光球",toefl
photosynthesis,.fәutәu'sinθәsis,n. 光合作用\n[化] 光合作用,toefl gre
phrase,freiz,"n. 惯用语, 词组, 成语, 措词, 乐句\nvt. 用短语表达, 把(乐曲)分成短句\n[计] 短语",gk cet4 cet6 ky toefl
physical,'fizikl,"a. 身体的, 物质的, 自然的, 物理学的, 好色的\nn. 体格检查",gk cet4 cet6 ky ielts
physically,'fizikli,"adv. 按自然规律, 完全地, 实际上, 真正地, 身体上地",cet6 ielts
physician,fi'ziʃәn,"n. 医师, 内科医师, 解除痛苦者\n[医] 主治医师",gk cet4 cet6 ky toefl ielts
physicist,'fizisist,"n. 物理学家, 机械唯物论者, 自然科学家\n[医] 菲西克氏手术(虹膜圆片切除)",gk cet4 cet6 ky toefl
physics,'fiziks,"n. 物理学, 物理过程, 物理现象\n[化] 物理; 物理学",zk gk cet4 cet6 ky
physiological,.fiziә'lɒdʒikl,"a. 生理学的, 生理学上的, 生理机能的\n[医] 生理学的, 生理的",cet6 ky toefl ielts gre
physiology,.fizi'ɒlәdʒi,"n. 生理学, 生理机能\n[医] 生理学",toefl
physique,fi'zi:k,"n. 体格, 体形\n[医] 体格",ielts
pianist,'piәnist,"n. 钢琴家, 钢琴演奏者",gk toefl ielts
piano,pi'ɑ:nәu,n. 钢琴,zk gk ielts gre
piazza,pi'ætsә,"n. 广场, 阳台, 柱廊, 走廊, 露天市场",gre
pick,pik,"n. 精选, 选择, 掘, 精华, 牙签, 鹤嘴锄\nv. 摘, 掘, 凿, 挖, 挑选\n[计] 拾取",zk gk ielts
pickle,'pikl,"n. 盐卤, 腌汁, 泡菜, 困境, 讨厌鬼\nvt. 腌制, 酸洗, 葬送(机会等), 泡",cet6
pickup,'pikʌp,"n. 拾起, 加速, 刺激, 猎物的收集, 好转, 恢复健康, 搭车者, 兴奋剂, 电视摄像\n[电] 拾音器",ky
picnic,'piknik,"n. 野餐, 远足, 愉快的经历\nvi. 去野餐, 远足",zk gk cet4 ky ielts
pictorial,pik'tɒ:riәl,"a. 绘画的, 插图的, 用图画表示的, 形象化的, 有象形文字特征的\nn. 画报, 画刊, 有图邮票, 插图杂志, 插图报纸",gre
picture,'piktʃә,"n. 图画, 照片, 景色, 美丽如画的人(或物), 化身, 生动的描述, 想像, 形象思维\nvt. 画, 拍摄, 用图说明, 描写, 想像\n[计] 图象; 形象; 字形",zk gk ielts
pictures,,n. 电影院,ielts
picturesque,.piktʃә'resk,"a. 生动的, 如画的, 独特的, 别致的, 栩栩如生的",toefl ielts
piddling,'pidliŋ,"a. 不重要的, 琐屑的",gre
pie,pai,"n. 馅饼, 财富, 总额, 贪污受贿, 杂乱, 喜鹊\n[计] 饼图",zk gk cet4 ky ielts
piebald,'paibɒ:ld,"a. 花斑的, 杂色的, 杂种的\nn. 花斑马",gre
piece,pi:s,"n. 块, 片, 篇, 碎片, 部分, 部件, 标准量\nvt. 修补, 修理, 拼合, 接线头\nvi. 吃零食",zk gk
piecemeal,'pi:smi:l,"adv. 一件一件地, 逐个地, 零碎地\na. 一片一片的, 逐渐的, 零碎的\nn. 断片",ielts gre
pied,paid,"a. 斑驳的, 杂色的, 穿花衣服的",gre
pier,piә,"n. 码头, 桥墩, 支框, 防波堤\n[医] 桥基, 基牙",cet6 ielts gre
pierce,piәs,"vt. 刺穿, 穿透, 打眼于, 洞悉, (声音)响彻, (亮光)照进, 深深地打动\nvi. 刺入, 穿入, 透入, 进入",cet4 cet6 ky toefl ielts gre
piercing,'piәsiŋ,"a. 尖厉的, 刺耳的, 刺骨的, 刺穿的, 敏锐的, 彻骨的, 辛辣的, 讽刺的\n[化] 冲孔",gre
piety,'paiәti,"n. 虔诚, 孝敬, 虔诚的行为",ielts
pig,pig,"n. 猪, 猪肉, 贪婪的人, 猪一样的人\nv. 生小猪, 象猪般地生活",zk gk cet4 ky
pigeon,'pidʒin,"n. 鸽子, 易上当受骗的人, 年轻女子",cet4 cet6 ky toefl
pigment,'pigmәnt,"n. 色素, 色质, 颜料\n[化] 颜料",toefl ielts gre
pile,pail,"n. 堆, 大堆, 大厦, 建筑群, 电池, 大量, 桥桩, 软毛, 痔疮\nvi. 堆起, 堆积, 积累, 挤, 猛烈攻击\nvt. 堆于, 累积, 堆叠, 打桩于, 用桩支撑",gk cet4 cet6 ky toefl
pilfer,'pilfә,"v. 盗取, 小偷小摸, 剽窃",gre
pilferage,'pilfәridʒ,"n. 小偷小摸, 偷窃, 赃物\n[经] 偷窃险, 脏物",toefl
pilgrim,'pilgrim,"n. 旅行者, 朝圣者, 香客\nvi. 朝圣",cet6 ky ielts gre
pill,pil,"n. 药丸, 弹丸, 屈辱, 胡说\nv. 做成药丸, 形成丸状, 服药丸, 挫败, 抢劫",gk cet4 cet6 ky toefl
pillage,'pilidʒ,"n. 掠夺, 抢劫, 掠夺物, 战利品\nv. 掠夺, 抢劫",gre
pillar,'pilә,"n. 柱子, 栋梁, 台柱, 重要的支持者\n[医] 柱, 脚",cet4 cet6 ky toefl ielts gre
pillory,'pilәri,"n. 颈手枷, 笑柄, 示众\nvt. 上颈手枷, 使惹人嘲笑, 使受众辱, 将...示众",gre
pillow,'pilәu,"n. 枕头, 靠垫, 枕状岩\nvt. 作...的枕头, 垫, 枕于\nvi. 靠在枕上",gk cet4 cet6 ky toefl ielts
pills,,n. 丸剂；药丸（pill的复数）,ielts
pilot,'pailәt,"n. 飞行员, 领航员, 航船者, 导向器, 驾驶仪, 向导, 领导人\nvt. 领航, 驾驶, 引导, 试用\na. 引导的, 控制的, 试点的\n[计] 引导",zk gk cet4 cet6 ky toefl ielts gre
pimple,'pimpl,"n. 丘疹, 小脓疱\n[医] 丘疹, 小脓疱",ielts
pin,pin,"n. 大头针, 针, 别针, 栓, 销子, 图钉, 插头, 管脚, 品(液量单位)\nvt. 将...用针别住, 钉住, 压住, 牵制, 使不能动, 归罪于\na. 针的, 销子的, 闩的",gk cet4 cet6 ky ielts
pincers,'pinsәz,"n. 钳子, 镊子, 钳形运动, 螯\n[医] 镊子, 乳牙(马)",gre
pinch,pintʃ,"n. 捏, 拧, 撮, 少量, 收缩, 挤压, 夹痛, 苦恼, 逮捕, 指控, 匮乏, 紧急关头\nvt. 捏, 拧, 掐, 挤压, 修剪, 使困苦, 使萎缩, 节制, 少量加入, 逮捕, 勒索\nvi. 收缩, 节省, 挤压, 引起苦恼",cet4 cet6 ky toefl ielts gre
pine,pain,"n. 松树, 松木\nvi. 消瘦, 憔悴, 痛苦, 怀念, 渴望\n[计] 邮件程序",gk cet4 cet6 ky toefl ielts gre
pineapple,'pain.æpl,"n. 凤梨, 菠萝, 失业救济金\n[医] 凤梨, 波萝",gk cet6 toefl
pinhead,'pinhed,"n. 针头, 小东西, 微不足道的东西",toefl
pinion,'pinjәn,"n. 鸟翼, 翅膀, 翅前翼, 羽毛, 小齿轮\nvt. 剪断翼尖, 绑住...两臂",toefl
pink,piŋk,"n. 粉红色, 石竹花, 化身, 典范, 头面人物, 极度\na. 粉红的, 石竹科的, 比较激进的, 脸色发红的, 精致的, 有点下流的\nvt. 刺, 扎, 刺痛, 射伤, 使面红耳赤, 使变粉红色\nvi. 变粉红色",zk cet4 cet6 ky ielts
pinnacle,'pinәkl,"n. 小尖塔, 尖峰, 高峰, 极点\nvt. 造小尖塔, 置于尖顶上",toefl ielts gre
pinpoint,'pinpɒint,"n. 极小之物, 针尖, 立锥之地, 精确位置\nvt. 精确地找到, 准确地轰炸, 刺穿, 准确描述, 使突出, 强调\na. 针尖的, 极微的, 精确的, 详尽的, 精确定位的",toefl ielts gre
pint,paint,"n. 品脱(干量或液量的单位)\n[医] 量磅, 品脱",gk cet4 cet6 ky
pioneer,.paiә'niә,"n. 先锋, 拓荒者, 创始人\nvt. 提倡, 开辟, 开创, 倡导\nvi. 作先驱, 开路\na. 最早的, 开拓的, 先驱的, 有开拓者特点的",zk gk toefl
pioneering,,a. 首创的；先驱的,toefl
pious,'paiәs,"a. 虔诚的, 敬神的, 尽责的, 可嘉的, 不可能实现的",cet6 toefl gre
pipe,paip,"n. 管, 导管, 输送管, 管状器官, 声带, 尖细的声音, 烟斗, 笛, 管乐器\nvt. 以管输送, 吹哨子, 吹奏, 尖声唱\nvi. 吹笛, 尖叫, 吹长哨发令\n[计] 管道",gk cet4 cet6 ky
pipeline,'paiplain,"n. 管道, 传递途径\n[化] 管路; 管线",cet4 cet6
piquant,'pi:kәnt,"a. 辛辣的, 开胃的, 刺激的, 活泼的, 调皮的, 淘气的, 可爱的",gre
pique,pi:k,"n. 赌气, 愤怒, 不快, 凹凸织物\nvt. 伤害...自尊心, 激怒, 刺激, 引起兴趣, 使兴奋",toefl gre
piracy,'paiәrәsi,"n. 海盗行为, 海上劫掠, 剽窃, 著作权侵害, 非法翻印\n[法] 海盗行为, 海上掠夺, 海盗罪",ielts
pirate,'paiәrәt,"n. 海盗, 盗印者, 侵犯专利权者\nvt. 盗印, 掠夺, 翻印\nvi. 做海盗, 从事劫掠",cet6 ky gre
pirouette,.piru'et,"n. 脚尖旋转, 快速旋转\nvi. 以脚尖旋转, 作快速旋转",gre
piscatorial,.piskә'tɒ:riәl,"a. 渔业的, 渔民的",gre
pistol,'pistl,"n. 手枪, 信号枪\nvt. 以手枪杀死(或伤害)",cet4 cet6 ky gre
piston,'pistәn,"n. 活塞, 活塞阀键\n[医] 活塞(如注射器的)",cet6 ky ielts
pit,pit,"n. 深坑, 矿井, 果核, 地窖, 深渊, 绝境, 陷阱\nvt. 窖藏, 使凹下, 使有麻点, 去...之核, 使留疤痕, 使相斗, 使竞争\nvi. 起凹点, 凹陷",cet4 cet6 ky toefl ielts
pitch,pitʃ,"n. 程度, 坡度, 顶点, 前倾, 倾斜, 投掷, 音高, 螺距, 节距, 摊位, 树脂, 沥青\nvt. 投, 掷, 向前倾跌, 扎营, 竭力推销, 为...定调, 定位于, 用沥青涂\nvi. 搭帐篷, 投掷, 向前跌, 猛然摔倒, 坠落, 倾斜\n[计] 孔距",cet4 cet6 ky toefl ielts gre
pitcher,'pitʃә,"n. 有把的大罐, 瓶状体, 投手, 摊贩",toefl gre
pitfall,'pitfɒ:l,"n. 陷阱, 诱惑, 阴谋, 易犯的错误, 意想不到的困难",gre
pith,piθ,"n. 木髓, 骨髓, 要旨, 重要性, 力量, 核心, 意义, 精华\nvt. 从(植物茎)中取髓, 刺毁(动物的)脑脊髓",gre
pithiness,'piθinis,"n. 多髓性, 简洁有力",gre
pithy,'piθi,"a. 有髓的, 由髓组成的, 简洁有力的",gre
pitiful,'pitiful,"a. 慈悲的, 可怜的, 令人同情的, 可鄙的",toefl gre
pitiless,'pitilis,"a. 无情的, 冷酷的, 无怜悯心的",gre
pittance,'pitns,"n. 少量津贴, 小额施舍, 少量",gre
pity,'piti,"n. 遗憾, 同情, 怜悯, 憾事, 可惜\nvt. 同情, 怜悯\nvi. 觉得可怜, 有同情心",zk gk
pivot,'pivәt,"n. 枢轴, 支点, 旋转运动, 中枢, 关键人物\na. 枢轴的, (如)在枢轴上转动的\nvi. 在枢轴上转动, 随着转移\nvt. 装枢轴于, 以...为中心旋转\n[计] 程序员交互验证和编制工具, 数据透视表",toefl ielts gre
pivotal,'pivәtәl,"a. 枢轴的, 关键的, 起中心作用的",toefl
placard,'plækɑ:d,"n. 公告, 布告, 小牌, 海报\nvt. 公布, 布告, 张帖, 贴海报于",ielts
placate,plә'keit,"vt. 抚慰, 平息, 使和解, 怀柔",toefl gre
place,pleis,"n. 地方, 地点, 位置, 住所, 座位, 地位, 处境, 特权, 空间, 余地, 职务, 位\nvt. 放置, 寄予, 认出, 评定, 任命\nvi. 名次列前",zk gk ielts
placebo,plә'si:bәu,"n. (为死者所诵的)晚祷歌, 安慰剂, 安慰的话, 使人宽慰的事\n[医] 安慰剂, 无效[对照]剂",gre
placement,'pleismәnt,"n. 放置, 布置, 工作安排, 编班, 定位球\n[计] 放置",ielts
places,,n. 地点；位置；[数]位数（place的复数）,ielts
placid,'plæsid,"a. 平静的, 温和的, 沉着的, 平稳的",toefl ielts gre
plagiarism,'pleidʒiәrizm,"n. 剽窃, 抄袭, 剽窃物\n[法] 抄袭, 剽窃, 剽窃作品",toefl gre
plagiarize,'pleidʒiәraiz,"v. 剽窃, 抄袭",ielts gre
plague,pleig,"n. 瘟疫, 天罚, 麻烦, 灾祸\nvt. 折磨, 使苦恼, 使得灾祸",cet6 ky toefl ielts gre
plain,plein,"n. 平原, 草原, 朴实无华的东西, 无格式\na. 简单的, 明白的, 平常的, 不好看的, 朴素的, 清晰的, 普通的, 平坦的, 十足的\nadv. 清楚地, 显然地\n[计] 无格式",zk gk cet4 cet6 ky toefl gre
plainly,'pleinli,"adv. 清楚地, 明白地, 简单地, 朴素地, 直率地, 坦白地",toefl
plainspoken,'plein'spәukәn,"a. 老实说的, 直言无隐的, 言辞率直的",toefl
plaintiff,'pleintif,"n. 原告, 起诉人\n[经] 原告, 原起诉人",toefl gre
plaintive,'pleintiv,"a. 悲哀的, 哀伤的, 伤心的, 表示痛苦的",ielts gre
plait,pleit,"n. 褶, 辫子, 麦秆条带\nvt. 打褶, 编织, 把...编成辫",gre
plan,plæn,"n. 计划, 方案, 策略, 方法, 进度表, 程序表, 平面图, 设计图, 轮廓, 示意图\nvt. 计划, 设计, 意欲\nvi. 订计划",zk gk ielts
plane,plein,"n. 平面, 扁平物, 机翼, 飞机, 水准, 地位\na. 平的, 平面的\nvt. 将...刨平, 刨平, 掠过水面\nvi. 翱翔, 乘飞机旅行, 刨掉",zk gk gre
planet,'plænit,"n. 行星, 命运星辰, 杰出的人, 重大影响的事",zk gk cet4 cet6 ky toefl gre
planetarium,.plæni'tєәriәm,"n. 行星仪, 天文馆, 天象图",ielts
planetary,'plænitri,"a. 行星的, 流浪的, 迁移不定的, 地球上的, 现世的",toefl
plangent,'plændʒәnt,"a. 轰鸣的, 凄切的, 哀鸣的",gre
plank,plæŋk,"n. 厚木板, 支架, 木板制品, 冲浪板, 救急物, 政纲条目\nvt. 在...上铺板, 撂下, 立即付款",toefl ielts gre
plankton,'plæŋktәn,n. (总称)浮游生物\n[医] 浮游生物,ielts gre
planner,'plænә,"n. 计划者, 设计者, 安排者\n[机] 刨床机",ielts
planners,p'lænəz,"n. 规划者, 策划人( planner的名词复数 )",ielts
planning,,"n. 计划的制订, 策划, 设计, 规划\n[计] 计划, 规划",ielts
plant,plænt. plɑ:nt,"n. 植物, 作物, 工厂, 树枝, 生长, 设施, 成套设备\nvt. 种植, 栽培, 播种, 培养, 安置, 殖民于, 使位于\nvi. 种植",zk gk ielts
plantation,plæn'teiʃәn,"n. 种植园, 大农场, 植树造林, 新开垦地\n[医] 栽植(如牙或其他组织的植入、再植和移植)",cet4 cet6 ky toefl ielts
planting,'plæntiŋ,"n. 种植, 栽培, 播种, 人工林, 花圃, 苗圃",ielts
plants,,n. 植物；工厂（plant的复数形式）,ielts
plaque,plɑ:k,"n. 匾, 饰板, 名牌, 勋章, 胸襟饰物, 血小板",gre
plash,plæʃ,"n. 浅池, 积水坑, 击水声, (水的)飞溅\nv. (水)溅泼",toefl
plasma,'plæzmә,"n. 血浆, 淋巴液, 原生质, 等离子体\n[化] 等离体; 等离子体",toefl
plaster,'plæstә,"n. 石膏, 灰泥, 安慰(缓解)用品, 膏药\nvt. 涂以灰泥, 敷以膏药, 掩饰, 使平服, 彻底击败, 减轻, 粘贴",cet4 cet6 ky toefl ielts gre
plastic,'plæstik,"n. 塑料, 可塑体, 可塑性物质\na. 塑料的, 塑造的, 有可塑性的, 造型的, 易受影响的, 有创造力的",zk gk cet4 cet6 ky toefl ielts
plate,pleit,"n. 碟, 盘子, 盆中物, 金属板, 图版, 金银餐具, 印版, 金属牌(照)\nvt. 镀金, 电镀, 用金属板固定, 给...装钢板, 为...制印版",zk gk toefl
plateau,plæ'tәu,"n. 高地, 高原, (上升后的)稳定水平\n[医] 高原, 平顶, 坪",cet6 ky toefl ielts gre
platelike,p'leɪtlaɪk," 板状的, 层状的",toefl
platform,'plætfɒ:m,"n. 站台, 月台, 讲台, 论坛, 平台\n[计] 平台",gk cet4 cet6 ky toefl ielts
platitude,'plætitju:d,"n. 单调, 平凡, 陈腐, 陈词滥调",toefl ielts gre
platitudinous,.plæti'tju:dinәs,"a. 平凡的, 陈腐的, 老生常谈的",toefl
platonic,plә'tɔnik,"a. 空谈的, 不实际的, 柏拉图哲学的, 柏拉图的",gre
plaudit,'plɒ:dit,"n. 拍手喝彩, 称赞, 赞美",gre
plausible,'plɒ:zibl,"a. 貌似真实的, 貌似合理的, 说得煞有其事的\n[法] 花言巧语的, 似乎有理的",cet6 ky toefl ielts gre
play,plei,"n. 游戏, 游玩, 玩笑, 运动, 比赛, 赌博, 跳动, 表演, 剧本\nv. 玩, 游戏, 假装, 开玩笑, 比赛, 扮演, 演奏, 演戏, 传摇曳, (使)跳动\n[计] 播放",zk gk
player,'pleiә,"n. 竞赛者, 上场队员, 游戏者, 演员\n[经] 交易者",gk cet4 cet6 ielts
playground,'pleigraund,"n. 运动场, 操场, 度假胜地, 活动场所",zk gk cet4 cet6 ky ielts
playmate,'pleimeit,"n. 玩伴, 游伴",gk
playroom,'pleiru:m,"n. 游戏室, 娱乐室",gk
playwright,'pleirait,n. 剧作家,toefl
plaza,'plɑ:zә,"n. 广场, 市场, 购物区",toefl gre
plea,pli:,"n. 恳求, 辩解, 抗辩, 诉讼, 请愿, 托词\n[法] 抗辩, 申诉案件, 答辩",cet6 ky toefl ielts
plead,pli:d,"vi. 辩护, 恳求\nvt. 为...辩护, 提出...借口, 托称, 恳求",cet6 ky toefl ielts gre
pleasant,'pleznt,"a. 愉快的, 可爱的, 活泼的, 亲切的",zk gk cet4 cet6 ky ielts
please,pli:z,"adv. 请\nvt. 使高兴, 合...的心意, 取悦\nvi. 使人满意, 讨好, 愿意, 敬请",zk gk
pleased,pli:zd,"a. 高兴的, 喜欢的, 满足的",gk
pleasing,'pli:ziŋ,"a. 令人喜爱的, 愉快的, 舒适的",toefl
pleasure,'pleʒә,"n. 快乐, 愉快, 令人高兴的事, 娱乐, 希望\nv. (使)高兴",zk gk toefl ielts
pleat,pli:t,"n. 褶, 褶状物\nvt. 打褶, 把...编成辫",gre
plebeian,pli'bi:әn,"n. 平民, 庶民, 大众, 平庸的人\na. 平民的, 一般的, 普通的, 粗俗的",gre
pledge,pledʒ,"n. 诺言, 保证, 誓言, 抵押, 信物, 保人, 祝愿\nvt. 许诺, 保证, 使发誓, 抵押, 典当, 举杯祝...健康",cet6 ky toefl ielts gre
plenary,'plenәri,"a. 充分的, 完全的, 全体出席的\n[经] 正式的, 充分的, 全体出席的",gre
plenitude,'plenitju:d,"n. 充分, 完全, 丰富, 大量, 充足",gre
plentiful,'plentiful,"a. 许多的, 丰富的, 丰饶的",cet4 cet6 ky toefl
plentitude,'plentitju:d,n. 充分,gre
plenty,'plenti,"n. 充分, 很多, 丰富\na. 很多的, 足够的, 丰富的",zk gk cet4 cet6 ky
pleonastic,.pli:әu'næstik,a. 冗言的\n[医] 赘余[畸形]的,gre
plethora,'pleθәrә,"n. 过多, 过剩, 多血症\n[医] 多血[症]",gre
pliable,'plaiәbl,"a. 易弯的, 柔顺的, 圆通的",toefl ielts gre
pliant,'plaiәnt,"a. 易弯的, 柔韧的, 柔顺的",toefl gre
pliers,'plaiәz,"n. 钳子\n[医] 镊, 钳",gre
plight,plait,"n. 困境, 窘境\nvt. 宣誓, 保证",ky toefl ielts gre
plinth,plinθ,"n. 底座, 基脚, 柱基, 勒脚",gre
plod,plɒd,"n. 沉重的步伐, 辛勤工作\nvi. 沉重地走, 辛勤工作, 孜孜从事\nvt. 沉重缓慢地走",gre
plot,plɒt,"n. 小块土地, 地区图, 图, 阴谋, 情节\nvt. 划分, 绘图, 密谋\nvi. 密谋, 策划\n[计] 绘制",gk cet4 cet6 ky toefl ielts gre
plough,plau,"n. 犁, 犁过的地\nvi. 用犁耕田, 开路\nvt. 耕, 犁, 开路",cet4 cet6 ky ielts gre
plow,plau,"n. 犁\nv. 犁, 耕",toefl
ploy,plɒi,"n. 手段, 活动, 玩乐",gre
pluck,plʌk,"n. 勇气, 猛拉, 动物内脏\nvt. 摘, 猛拉, 拔, 拉, 扯, 采\nvi. 拉, 拽",cet4 cet6 toefl gre
plug,plʌg,"n. 塞子, 栓, 插头\nvt. 插入, 塞住, 接插头\nvi. 被塞住",gk cet4 cet6 ky ielts
plumage,'plu:midʒ,n. 鸟类羽毛,toefl
plumb,plʌm,"n. 铅锤, 垂直\na. 垂直的\nvt. 使垂直, 探测\nvi. 成垂直",toefl ielts gre
plumber,'plʌmә,n. 水管工人\n[法] 堵漏防漏人员,ky toefl gre
plumbing,'plʌmiŋ,"n. 测深, 管子工行业, 管道设备",toefl
plume,plu:m,"n. 羽毛, 羽毛装饰, 羽状的\nvt. 用羽毛装饰, 整理羽毛, 使成羽毛状",gre
plummet,'plʌmit,"n. 测深锤, 铅坠\nvi. 垂直落下",toefl ielts gre
plump,plʌmp,"a. 圆胖的, 丰满的, 直接下落的, 直率的\nvt. 突然放下, 支持, 使丰满, 使鼓起\nvi. 扑通落下, 投票赞成, 变丰满, 鼓起\nadv. 沉重地, 突然地, 直截了当地",cet6 toefl gre
plunder,'plʌndә,"n. 抢夺, 掠夺品, 战利品\nv. 掠夺, 抢劫, 抢夺",cet6 toefl ielts gre
plunge,plʌndʒ,"n. 钻进, 跳进, 跳水, 跳水池, 猛跌, 落下, 投入, 开始从事, 盲目投资\nvi. 投入, 投身于, 跳进, 陷入, 下降\nvt. 使投入, 使插入, 使陷入, 使遭受",cet4 cet6 ky toefl ielts gre
plural,'pluәrәl,"n. 复数\na. 复数的, 两个以上的",cet4 cet6 ky
plus,plʌs,"prep. 加上, 加, 外加\na. 正的, 附加的\nn. 正号, 加号, 附加额, 正数, 增益\n[计] 正差",gk cet4 ky ielts
plush,plʌʃ,"n. 长毛绒, 长毛绒裤\na. 长毛绒制的, 豪华的",gre
plutocracy,plu:'tɒkrәsi,"n. 富豪统治\n[经] 财阀统治, 富豪统治",gre
plutocrat,'plu:tәkræt,"n. 富豪, 财阀",cet6
ply,plai,"n. 厚度, 板层\nvt. 使用, 使劲挥舞, 从事, 折, 弯\nvi. 辛勤工作, 定期航行",toefl
pneumatic,nju:'mætik,"a. 充气的, 空气的, 有气胎的, 气动的, 灵魂的\nn. 充气轮胎",cet6
pneumonia,nju:'mәunjә,n. 肺炎\n[医] 肺炎,ky
poach,pәutʃ,"vt. 水煮(蛋), 偷猎, 侵入, 窃取\nvi. 偷猎, 陷入泥中",gre
pocket,'pɒkit,"n. 口袋, 钱袋, 钱, 容器\nvt. 装...在口袋里, 隐藏, 抑制, 私吞, 搁置, 击...入袋\na. 袖珍的, 小型的, 压缩的, 金钱上的",zk gk cet4 cet6 ky ielts
pocketbook,'pɒkitbuk,"n. 笔记本, 钱袋, 皮夹, 经济来源",toefl
pod,pɒd,"n. 豆荚, (豆荚状的)保护性外壳, 扁豆形矿体\nvt. 从豆荚中剥出\nvi. 结豆荚",gre
podiatrist,pәu'daiәtrist,n. 脚病医生\n[医] [手]足医,gre
podium,'pәudiәm,"n. 墩座, 矮隔墙, 指挥台\n[医] 足, 吸足",gre
poem,'pәuim,"n. 诗, 诗般美的事物",zk gk cet4 cet6 ky
poet,'pәuit,n. 诗人,gk cet4 cet6 ky toefl
poetry,'pәuitri,"n. 诗, 韵文, 诗歌艺术",cet4 cet6 ky
poignant,'pɒinәnt,"a. 辛酸的, 尖锐的, 剧烈的",gre
point,pɒint,"n. 点, 小数点, 标点, 地点, 要点, 特点, 尖端, 分数, 得分, 穴位\nvt. 弄尖, 强调, 指出, 加标点于, 瞄准\nvi. 指, 指向, 表明",zk gk cet4 cet6 ky ielts
pointed,'pɒintid,"a. 尖的, 有尖顶的, 锐利的, 率直的, 显然的",ielts
pointless,'pɒintlis,"a. 不尖的, 钝的, 不得要领的",ielts
poise,pɒiz,"n. 平衡, 均衡, 姿势, 镇静, 安静, 砝码\nvt. 使平衡, 使悬着, 保持...姿势\nvi. 平衡, 悬着, 准备好",toefl ielts gre
poison,'pɒizn,"n. 毒药, 毒, 毒物, 有毒害的事物\nvt. 毒害, 毒杀, 使中毒\nvi. 放毒, 下毒",gk cet4 cet6 ky toefl
poisonous,'pɒizәnәs,"a. 有毒的, 恶毒的, 讨厌的\n[医] 有毒的",gk cet4 cet6 ky gre
poke,pәuk,"n. 刺, 戳, 袋子\nvt. 戳, 捅, 拨弄, 刺\nvi. 戳, 刺, 捅, 搜索, 伸出, 行动散慢\n[计] 存数",cet4 cet6 ky ielts gre
polar,'pәulә,"a. 两极的, 极地的, 正好相反的, 极性的\nn. 极线, 极面",cet6 ky toefl ielts gre
polarity,pәu'læriti,"n. 极性, 截然相反\n[医] 极性, 极性现象",cet6 gre
polarize,'pәulәraiz,"v. (使)偏振, (使)极化, (使)两极分化",ky toefl gre
Pole,pәul,"n. 波兰人, 极点, 磁极, 电极, 杆, 竿, 相反的极端\nvt. 用竿支撑\nvi. 撑篙",gk cet4 cet6 ky toefl ielts
polemic,pɒ'lemik,"a. 争辩的, 好争论的\nn. 争论, 辩论, 辩论者",gre
polemical,pә'lemikәl,a. 好辩的；好争论的；挑起论战的,gre
police,pә'li:s,"n. 警察, 警察当局, 治安\nvt. 维持治安, 管辖",zk gk cet4 ky ielts
policeman,pә'li:smәn,n. 警察\n[化] 淀帚,zk gk
policy,'pɒlisi,"n. 政策, 方针, 策略, 保险单\n[医] 凭单, 保险单",zk gk cet4 cet6 ky ielts
Polish,'pɒliʃ,"a. 波兰的\nn. 波兰人, 上光剂, 光泽, 优雅\nvt. 擦亮, 擦去, 使完美\nvi. 擦亮, 变得光亮",gk cet4 cet6 ky toefl ielts gre
polished,'pɒliʃt,"a. 擦亮的, 优雅的, 精良的",toefl
polite,pә'lait,"a. 有礼貌的, 文雅的, 客气的, 有教养的",zk gk
politic,'pɒlitik,"a. 精明的, 明智的, 策略的",ielts
political,pә'litikl,"a. 政治的, 政治上的, 政党的, 从事政治的\n[法] 政治的, 政治上的, 党派政治的",gk cet4 cet6 ky ielts
politician,.pɒli'tiʃәn,"n. 政客, 政治家, 从事党派政治的人\n[法] 政客, 政治家",gk cet4 cet6 ky
politics,'pɒlitiks,"n. 政治, 政治学, 政见, 政治活动\n[法] 政治, 政治学, 政纲",gk cet4 cet6 ky toefl
poll,pәul,"n. 投票, 民意测验, 选举投票, 投票数, 一组人中的一个, 头颈和后脑部, 鹦鹉\nvt. 对...进行民意测验, 获得...票, 剪树枝, 轮询\nvi. 投票\na. 剪过毛的, 修过枝的\n[计] 轮询",cet4 cet6 ky toefl gre
pollen,'pɒlәn,n. 花粉\nvt. 传授花粉给,toefl gre
pollinate,'pɒlineit,vt. 对...授粉,toefl ielts gre
pollination,.pɒli'neiʃәn,"n. 授粉\n[医] 授粉[作用], 传粉[作用]",toefl
pollinator,'pɒlɪneɪtə,"n. 传粉者, 传粉媒介, 传粉昆虫; 授花粉器",toefl
pollster,'pәulstә,"n. 民意调查人, 民意测验经办人",gre
pollutant,pә'lu:tәnt,n. 污染物质\n[法] 污染物,toefl
pollute,pә'lu:t,"vt. 污染, 弄脏, 玷污\n[化] 污染",gk cet4 cet6 ky toefl
pollution,pә'lu:ʃәn,"n. 污染, 玷污\n[化] 污染",gk cet4 cet6 ky toefl ielts
poltroon,pɒl'tru:n,"n. 懦夫, 胆小鬼\na. 胆怯的",gre
polyandry,.pɒli'ændri,"n. 一妻多夫, 多雄蕊式\n[医] [一雌]多雄配合, [一妻]多夫配合",gre
polyglot,'pɒliglɒt,"a. (使用)多种语言的, 多种文字对照的\nn. 使用多种语言的人, 多种文字对照本",gre
polygon,'pɒligәn,"n. 多角形, 多边形\n[计] 多边形",toefl
polygonal,pә'ligәnәl,"a. 多角形的, 多边形的\n[医] 多边形的, 多角形的",toefl
polymath,'pɒlimæθ,n. 博学者,gre
polymer,'pɒlimә,"n. 聚合物, 聚合体\n[化] 多聚体; 高分子; 大分子; 聚合物",cet6
pomposity,pɒm'pɒsiti,n. 炫耀,gre
pompous,'pɒmpәs,"a. 爱炫耀的, 虚夸的, 盛大的",ielts gre
poncho,'pɒntʃәu,"n. 南美披风, 雨披",gre
pond,pɒnd,n. 池塘\nv. 筑成池塘,zk gk cet4 cet6 ky
ponder,'pɒndә,"v. 沉思, 考虑",cet6 ky toefl ielts gre
ponderable,'pɒndәrәbl,"a. 可估量的, 可称量的, 有重量的\nn. 值得估量的事物",gre
ponderous,'pɒndәrәs,"a. 沉重的, 笨重的, 毫无趣味的, 生硬的",toefl ielts gre
pontifical,pɒn'tifikl,"a. 教皇的, 主教的, 大祭司的\nn. 主教全套服饰, 主教仪典",gre
pontificate,pɒn'tifikit,"vi. 自负地谈论, 执行教皇职务",gre
pony,'pәuni,"n. 矮种马\nv. 借助逐字直译文翻译\na. 小型的, 每日摘要的",gre
pool,pu:l,"n. 池, 水塘, 石油层, 联营\nvt. 合伙经营, 共享, 采掘, 汇聚成\nvi. 汇合成塘, 淤积, 联营",zk gk cet4 cet6 ky
poor,puә. pɒ:,"a. 贫穷的, 贫乏的, 不幸的, 可怜的, 拙劣的, 卑鄙的\n[经] 低劣的, 不良的",zk gk
pop,pɒp,"n. 砰然声, 枪击, 含气饮料, 流行音乐, 通俗艺术\na. 流行的, 热门的, 通俗的\nvt. 使发出爆裂声, 开枪打, 突然伸出\nvi. 发出爆裂声, 射击, 突然出现, 瞪大\nadv. 突然, 砰地\n[计] 出现点, 邮局协议",zk cet4 cet6 ky ielts
popcorn,'pɒpkɒ:n,n. 爆米花,gk toefl
pope,pәup,"n. 罗马教皇, 主教",cet6 ky
populace,'pɒpjulәs,"n. 平民, 大众, 人口",gre
popular,'pɒpjulә,"a. 通俗的, 流行的, 受欢迎的, 大众的, 人民的, 普及的\n[经] 大众的, 通俗的, 普及的",zk gk cet4 cet6 ky toefl ielts
popularity,.pɒpju'læriti,"n. 名声, 受大众欢迎, 流行",cet6 toefl
population,.pɒpju'leiʃәn,"n. 人口, 人口数\n[化] 群体; 总体",zk gk cet4 cet6 ky ielts
populous,'pɒpjulәs,"a. 人口多的, 人口稠密的",toefl gre
porcelain,'pɒ:slin,"n. 瓷器, 瓷\na. 瓷制的",cet6 ky toefl ielts gre
porch,pɒ:tʃ,"n. 门廊, 走廊",cet4 cet6 ky ielts
porcine,'pɒ:sain,"a. 猪的, 猪似的\n[医] 猪的",gre
porcupine,'pɒ:kjupain,n. 豪猪,toefl gre
pore,pɒ:,"n. 毛孔, 小孔, 气孔\nvi. 专心阅读, 细想, 钻研, 沉思, 注视\nvt. 使注视得",cet6 toefl ielts gre
pork,pɒ:k,n. 猪肉\n[医] 猪肉,zk gk
porous,'pɒ:rәs,"a. 多孔的, 有气孔的, 多孔性的, 能渗透的\n[医] 多孔的",toefl ielts gre
porpoise,'pɒ:pәs,"n. 海豚, 鼠海豚",toefl
porridge,'pɒ:ridʒ,"n. 粥, 糊",gk cet4 cet6 gre
port,pɒ:t,"n. 港口, 埠, 舱门, 避风港, 左舷, 炮眼, 姿势, 意义\nvt. 左转舵, 持(枪)\nvi. 左转舵\n[计] 端口, 移植",gk cet4 cet6 ky ielts
portable,'pɒ:tәbl,"a. 可携带的, 可搬运的, 可移动的\n[计] 可移植的",gk cet4 cet6 ky toefl ielts gre
portend,pɒ:'tend,"vt. 成为...的前兆, 预知, 给与...的警告",toefl gre
portentous,pɒ:'tentәs,"a. 前兆的, 不吉的, 可惊的, 自大的",gre
porter,'pɒ:tә,"n. 大楼管理员, 门房, 搬运工人, 侍者, 服务员\n[化] 搬运车; 搬运工人",gk cet4 cet6 ky
portfolio,pɒ:t'fәuliәu,"n. 皮包, 公文包, 部长职务, 有价证券财产目录, 艺术代表作选辑\n[法] 公文包, 文件夹, 阁员职务",ielts gre
portion,'pɒ:ʃәn,"n. 部分, 一份, 命运, 嫁妆\nvt. 分配, 给...嫁妆",cet4 cet6 ky toefl ielts
portrait,'pɒ:treit,"n. 肖像, 人像, 半身像, 描写, 竖排格式\n[计] 纵向",cet4 cet6 ky toefl
portraitist,'pɒ:treitist,"n. 肖像画家, 人像摄影师",toefl
portraiture,'pɒ:tritʃә,"n. 肖像绘制(法), 肖像画, 描写",toefl
portray,pɒ:'trei,"vt. 描绘, 描写, 描绘...的肖像",cet6 ky toefl ielts gre
portrayal,pɔ:'treiәl,"n. 描绘, 描写, 画像, 肖像\n[计] 描绘",toefl
Portuguese,.pɒ:tju'gi:z,"n. 葡萄牙人, 葡萄牙语\na. 葡萄牙的, 葡萄牙人的, 葡萄牙语的",cet4 cet6
pose,pәuz,"n. 姿势, 姿态, 装模作样, 伪装\nvi. 摆姿势, 装模作样, 假装\nvt. 使摆好姿势, 提出, 造成",cet4 cet6 ky toefl ielts gre
poseur,pәu'zә:,n. 装模作样的人；装腔作势的人,gre
posit,'pɒzit,"vt. 假设, 安置, 布置",gre
position,pә'ziʃәn,"n. 位置, 地位, 身分, 形势, 姿势, 立场, 职位, 状态, 阵地\nvt. 安置, 决定...的位置\n[计] 位置",zk gk cet4 cet6 ky ielts
positions,,n. 定位；位置（position的复数）,ielts
positive,'pɒzitiv,"a. 肯定的, 积极的, 有把握的\n[医] 正的, 阳性的",cet4 cet6 ky toefl ielts
positively,,"adv. 明确地, 肯定地, 无疑地, (非正式)确实地, 真正地",cet6
positiveness,,n. 信心；肯定,gre
posse,'pɒsi,"n. 一队, 一团, 地方武装团队\n[法] 可能性",gre
possess,pә'zes,"vt. 持有, 占有, 拥有, 克制, 支配, 迷住\n[法] 持有, 占有, 具有",gk cet4 cet6 ky toefl
possessed,pә'zest,"a. 中邪魔的, 被妖魔缠住的",gre
possession,pә'zeʃәn,"n. 拥有, 占有, 所有, 财产, 领土, 领地, 自制, 着迷\n[经] 占有, 持有",gk cet4 cet6 ky toefl ielts
possibility,.pɒsә'biliti,"n. 可能性, 可能的事\n[法] 可能性, 可能发生的事, 不确定权",gk cet4 cet6 ky
possible,'pɒsәbl,"a. 可能的, 潜在的, 合适的\nn. 可能性, 可能的事物",zk gk
possibly,'pɒsәbli,"adv. 可能, 也许",cet4 cet6 ky
post,pәust,"n. 柱, 杆, 准星, 邮件, 邮政, 标竿, 职位, 岗位, 哨所, 兵营\nvt. 张帖, 邮递, 公布, 登入帐, 使熟悉, 布置\nvi. 快速行进\nadv. 急速地\n[计] 记入; 登记, 上电自检",zk gk toefl ielts
postage,'pәustidʒ,"n. 邮资\n[经] 邮费, 邮资",gk cet4 cet6 ky toefl ielts
postal,'pәustl,"a. 邮政的, 邮局的\n[经] 邮政的",cet6 toefl
postbox,'pәustbɒks,n. 邮筒,gk
postcard,'pәustkɑ:d,n. 明信片,zk gk ky toefl
postcode,'pәustkәud,n. 邮政编码,gk ielts
postdate,.pәust'deit,vt. 填迟...的日期\nn. 事后日期,toefl
poster,'pәustә,"n. 海报, 招贴, 驿马",gk cet6 ky toefl ielts gre
posterior,pɒ'stiәriә,"a. 在后的, 其次的, 后面的\nn. 后部, 臀部",gre
posterity,pɒ'steriti,"n. 子孙, 后裔\n[法] 子嗣, 后代, 后裔",toefl ielts
postgraduate,"'pәust'^rædjuit, 'pәust'^rædʒuit","a. 大学毕业后的, 大学研究院的\nn. 研究生",toefl ielts
posthumous,'pɒstjumәs,"a. 遗腹的, 死后的\n[医] 遗腹的",toefl ielts
postman,'pәustmәn,"n. 邮递员\n[法] 邮递员, 理财法庭的高级律师",zk gk cet4 cet6 ky
postmaster,'pәust.mɑ:stә,n. 邮政局长\n[计] 邮件主管员,toefl
postoperative,pәust'ɒpәrәtiv,a. 手术后的\n[医] 手术后的,toefl
postpone,pәust'pәun,"vt. 延迟, 使延期, 缓办, 搁延\nvi. 延缓, 延缓发作",gk cet4 cet6 ky toefl ielts gre
postscript,'pәustskript,n. 附言\n[计] PostScript页面描述语言,ielts gre
postulate,'pɒstjuleit,"n. 假定, 基本条件\nvt. 要求, 假定",cet6 toefl gre
posture,'pɒstʃә,"n. 姿势, 态度, 情形, 形势\nvt. 作...的姿势\nvi. 作姿势",ky toefl ielts gre
postwar,'pәust'wɒ:,a. 战后的,toefl
pot,pɒt,"n. 盆, 罐, 壶, 坩埚, 奖杯\nvt. 装入盆中, 在锅中煮, 随手射击\nvi. 随手射击",gk cet4 cet6 ky toefl
potable,'pәutәbl,a. 适于饮用的\nn. 饮料,gre
potash,'pɔtæʃ,"[化] 钾碱\n[医] 钾硷, 碳酸钾, 草硷",toefl
potassium,pә'tæsiәm,n. 钾\n[化] 钾K,toefl
potation,pәu'teiʃәn,"n. 喝, 一口的量, 饮酒",gre
potato,pә'teitәu,n. 马铃薯,zk gk
potboiler,'pɒtbɒilә,"n. (以糊口而写的)粗制滥造文艺作品, 粗制滥造作品的人",gre
potent,'pәutnt,"a. 有力的, 有说服力的, 有效的\n[医] 有力的, 有性交能力的",toefl ielts
potentate,'pәutәnteit,"n. 有权的人, 有势力的人, 统治者",gre
potential,pә'tenʃәl,"n. 潜在性, 可能性, 潜力, 潜能, 势, 位\na. 有潜力的, 可能的, 潜在的",gk cet4 cet6 ky toefl ielts gre
potentiality,pәu.tenʃi'æliti,"n. 潜在性, 可能性",toefl
potentiate,pә'tenʃieit,"vt. 赋与力量, 加强\nvi. 有加强作用",gre
potion,'pәuʃәn,"n. 饮剂, 饮料, 一次饮用量, 一服, 一剂\n[医] 饮剂",ielts
potpourri,pәu'puri(:),"n. 混合物, 杂曲, 混成曲, 杂集, 大杂烩",gre
potted,'pɒtid,"a. 盆栽的, 罐装的",toefl
potter,'pɒtә,"n. 陶工, 制陶工人",toefl
pottery,'pɒtәri,"n. 陶器, 陶器厂\n[化] 陶器",toefl ielts gre
poultry,'pәultri,n. 家禽,cet6 ky toefl ielts
pounce,pauns,"n. 猛扑, 爪\nvi. 猛扑, 突袭\nvt. 扑住",ielts
pound,paund,"n. 磅, 英镑, 重击, 鱼塘, 拘留所, 兽栏\nvt. 强烈打击, 捣烂, 监禁, 关入栏内\nvi. 连续重击, 苦干",zk gk cet4 cet6 ky toefl
pounds,paundz,"n. 磅, 英镑；重击（pound复数形式）",ielts
pour,pɒ:,"n. 流出, 倾泻, 骤雨\nvt. 倒, 灌, 注, 倾泻, 诉说, 倾吐\nvi. 倾泻, 蜂涌而来, 下大雨",gk cet4 cet6 ky ielts
pout,paut,"n. 撅嘴, 生气, 条鳕\nv. 撅嘴",gre
poverty,'pɒvәti,"n. 贫穷, 贫困, 缺乏\n[医] 贫乏, 缺乏",cet4 cet6 ky toefl ielts
powder,'paudә,"n. 粉, 粉末, 火药\nvt. 搽粉于, 搽粉, 撒粉, 使成粉末\nvi. 搽粉, 变成粉末",gk cet4 cet6 ky toefl
power,'pauә,"n. 力, 体力, 力量, 势力, 动力, 权力, 强国, 乘方, 强度, 幂, 功率\nvt. 使...有力量, 供以动力, 激励\n[计] 乘幂; DOS外部命令:能控制许多电池电源计算机上的电源管理特性",gk cet4 ky ielts
powerful,'pauәful,"a. 有力的, 有权力的, 强大的\n[机] 强力的",gk cet4 cet6 ky
practicable,'præktikәbl,"a. 可实行的, 可做的, 可用的",cet4 cet6 toefl ielts
practical,'præktikl,"a. 实际的, 现实的, 实用性的\n[法] 事实上的, 实际上的, 接近...的",gk cet4 cet6 ky toefl ielts
practicality,.prækti'kæliti,"n. 实际性, 实用性, 实际事物",toefl
practically,'præktikli,"adv. 几乎, 差不多, 事实上",cet4 cet6 ky toefl ielts
practice,'præktis,"n. 实践, 练习, 实行, 惯例, 习惯, 开业\nv. 实践, 实行, 练习, 实习, 业务",zk gk ielts
practise,'præktis,"v. 实践, 实行, 练习, 实习, 从事(职业)",zk cet4 cet6 ky
practitioner,præk'tiʃәnә,"n. 从业者, 开业者\n[医] 行医者, 医师",ky toefl ielts gre
pragmatic,præ^'mætik,"a. 忙碌的, 爱管闲事的, 自负的, 固执己见的, 实际的, 务实的, 国事的, 国务的\n[法] 闲断的, 固执己见的, 实用主义的",ielts gre
prairie,'prєәri,"n. 大草原, 草甸",gk cet6 toefl
praise,preiz,"n. 赞美, 称赞, 崇拜\nvt. 称赞, 赞美\nvi. 赞扬, 表扬",zk gk cet4 cet6 ky toefl
prance,prɑ:ns,"n. (马)腾跃, 昂首阔步\nvi. 腾跃, 昂首阔步\nvt. 使腾跃",gre
prank,præŋk,"n. 开玩笑, 恶作剧, 戏谑\nvt. 盛装, 装饰, 打扮\nvi. 炫耀自己",gre
prate,preit,"vi. 唠叨, 空谈\nvt. 瞎扯\nn. 唠叨, 空谈, 瞎扯",toefl gre
pray,prei,"v. 祈祷, 恳求, 请",gk cet4 cet6 ky
prayer,prєә. 'preiә,"n. 祈祷, 恳求, 祷辞, 祈祷者",gk cet4 cet6 ky
preach,pri:tʃ,"v. 传道, 讲道, 说教, 宣讲, 鼓吹\nn. 说教, 布道",cet6 ky toefl ielts gre
preamble,'pri:æmbl,"n. 引言, 序文, 前言\n[计] 前同步; 前同步信号",gre
precarious,pri'kєәriәs,"a. 不稳定的, 不安的, 危险的",toefl ielts gre
precaution,pri'kɒ:ʃәn,"n. 预防, 留心, 警戒\nvt. 预先警告",cet4 cet6 ky toefl ielts
precautions,priˈkɔ:ʃənz,n. 预防措施( precaution的名词复数 ); 防备; 避孕措施,ielts
precede,.pri:'si:d,"vt. 在...之前, 优于, 较...优先\nvi. 在前面",cet6 ky toefl gre
precedence,pri'si:dns,"n. 优先, 居先\n[计] 先后次序; 优先规定",ielts
precedent,'presidәnt,"n. 先例, 前例\na. 在先的, 在前的",cet6 ky toefl ielts
preceding,.pri:'si:diŋ,"a. 在前的, 前面的\n[法] 在前的, 在先的, 前面的",cet4 cet6 ky toefl ielts
precept,'pri:sept,"n. 规诫, 规矩, 格言, 训令\n[经] 告诫, 指令",gre
precious,'preʃәs,"a. 宝贵的, 珍贵的, 过于精致的, 珍爱的",gk cet4 cet6 ky toefl ielts
precipice,'presipis,"n. 悬崖, 绝壁, 险境",ielts gre
precipitant,pri'sipitәnt,"a. 突如其来的, 勇往直前的, 急促的, 径直向下的\nn. 沉淀剂",gre
precipitate,pri'sipiteit,"n. 沉淀物, 凝结物, 结果\nvt. 猛抛, 使陷入, 促成, 使沉淀\nvi. 猛地落下\na. 突然的, 猛地落下的, 轻率的",cet6 toefl ielts gre
precipitation,pri.sipi'teiʃәn,"n. 坠落, 沉淀, 降水, 轻率, 急速, 猛冲, 突如其来\n[化] 析出",toefl gre
precipitous,pri'sipitәs,"a. 陡峭的, 轻率的",toefl
precise,pri'sais,"a. 精确的, 严谨的, 明确的\n[机] 精密的, 正确的",gk cet4 cet6 ky toefl ielts gre
precision,pri'siʒәn,"n. 精密, 精确, 精确度, 精度\na. 精密的, 精确的\n[计] 精度",cet4 cet6 ky toefl ielts
preclude,pri'klu:d,"vt. 预先排除, 预防, 阻止, 妨碍\n[法] 预防, 排除, 消除",cet6 ky toefl gre
precocious,pri'kәuʃәs,"a. 早熟的, 像大人的\n[医] 早熟的",gre
precursor,.pri:'kә:sә,"n. 先驱者, 前导, 前兆\n[化] 前体; 前身; 产物母体",toefl gre
predator,'predәtә,"n. 食肉动物, 掠夺者\n[医] 捕食者",toefl gre
predatory,'predәtәri,"a. 掠夺成性的, 捕食生物的, 掠夺的\n[医] 捕食的",toefl
predecessor,.predi'sesә,"n. 前任, 先辈, 前身\n[医] 初牙, 前辈, 祖先",cet6 ky toefl ielts gre
predestine,pri:'destin,"vt. 预定, 注定",cet6 gre
predicament,pri'dikәmәnt,"n. 处境, 穷境, 困局",gre
predict,pri'dikt,"v. 预知, 预言, 预报",gk cet4 cet6 ky toefl
predictability,pri.diktә'biliti,n. 可预言\n[电] 可预测性,toefl
predictable,pri'diktәbl,a. 可预言的,toefl ielts
prediction,pri'dikʃәn,"n. 预言, 预报\n[化] 预测",cet6 toefl
predictive,pri'diktiv,"a. 预言性的, 成为前兆的",toefl
predilection,.pri:di'lekʃәn,"n. 嗜好, 偏爱",gre
predisposition,"pri:,dispә'ziʃәn","n. 爱好, 素质, 癖性, 天性, 倾向, 易感受性\n[医] 素因, 素质",ielts gre
predominant,pri'dɒminәnt,"a. 占主导地位的, 卓越的\n[法] 占优势的, 支配其他的, 主要的",cet6 ky toefl ielts gre
predominantly,,"adv. 主要地, 显著地, 大多数地, 突出地",cet6 toefl
predominate,pri'dɒmineit,"vt. 掌握, 控制, 支配\nvi. 占主导地位, 占优势",cet6 toefl gre
preeminent,pri:'eminәnt,"a. 优秀的, 超群的, 卓越的",toefl gre
preempt,pri:'empt,"vt. 先买, 先取\nvi. 先发制人地叫牌",gre
preen,pri:n,"vt. 用嘴整理, 打扮, 使得意\nvi. 打扮漂亮, 感到得意",gre
prefabricated,ˌpri:ˈfæbrɪkeɪtɪd,a. （建筑物、船等）预制构件的\nv. 预制( prefabricate的过去式和过去分词 ),toefl
preface,'prefis,"n. 序, 绪言, 前言\nvi. 作序, 写前言\nvt. 给...作序, 以...开始",cet4 cet6 ky ielts gre
prefer,pri'fә:,"vt. 宁可, 较喜欢, 提出\n[法] 给予优先权, 优先偿还, 提出",gk cet4 cet6 ky
preferable,'prefәrәbl,"a. 更可取的, 更好的, 更合意的",cet4 cet6 ky toefl
preference,'prefәrәns,"n. 偏爱, 优先, 喜爱物\n[计] 首选项",gk cet4 cet6 ky toefl ielts
prefigure,pri:'figә,"vt. 预示, 预见, 预想",gre
pregnancy,'preɡnәnsi,"n. 怀孕；丰富, 多产；意义深长",cet6
pregnant,'pregnәnt,"a. 怀孕的, 充满的, 思想丰富的, 成果丰硕的\n[医] 妊娠的, 有孕的",gk cet6 ky toefl ielts gre
prehensile,pri'hensail,"a. 能抓的, 善于领会的, 贪得无厌的\n[医] 抓握的, 捕捉的",gre
prehistoric,'pri:his'tɔrik,"a. 历史以前的, 史前的",toefl gre
prejudice,'predʒudis,"n. 偏见, 成见, 侵害\nvt. 使存偏见, 使有成见, 侵害",gk cet4 cet6 ky toefl ielts gre
preliminary,pri'liminәri,"n. 初步做法, 初步措施, 预试, 预选赛\na. 初步的, 开始的, 预备的",cet4 cet6 ky toefl ielts gre
preliterate,pri:'litәrәt,a. 文字出现以前的,gre
prelude,'prelju:d,"n. 前奏, 序幕, 序诗, 前奏曲\nvi. 作为前奏\nvt. 作为...的开头",toefl ielts gre
premature,.premә'tjuә,"a. 早产的, 过早的, 不成熟的\nn. 早产儿, 过早发生的事物",cet6 toefl gre
premeditate,pri'mediteit,"v. 预谋, 预先考虑",gre
premeditated,pri'mediteitid,"a. 预先考虑的, 预谋的\n[法] 经预先计划的, 预谋的",gre
premier,'pri:mjә,"n. 总理, 首相\na. 首位的, 最初的",gk cet4 cet6 ky
premiere,pri'miә,"v. 初次公演, 首次露面\nn. 初次的演出\na. 首次的, 首位的",gre
premise,'premis,"n. 前提, 房屋连地基, 上述各项\nvt. 预先提出, 引出, 作为...的前提\nvi. 作出前提",cet6 ky toefl ielts gre
premium,'pri:miәm,"n. 额外补贴, 奖金, 奖赏, 保险费\n[医] 保险费",cet6 ky toefl ielts gre
premonition,.pri:mә'niʃәn,"n. 预告, 预感, 征兆\n[医] 先兆, 预兆",gre
preoccupation,pri:.ɒkju'peiʃәn,"n. 抢先占据, 先人之见, 入神\n[医] 成见, 注意散漫, 心不在焉",ky toefl gre
preparation,.prepә'reiʃәn,"n. 准备, 预备, 预习\n[化] 制剂",gk cet4 cet6 ky
prepare,pri'pєә,"vt. 准备, 筹备, 使在思想上有准备, 制造, 调制\nvi. 预备",zk gk cet4 cet6 ky ielts
preponderance,pri'pɒndәrәns,"n. 优势, 多数\n[医] 优势",toefl
preponderant,pri'pɒndәrәnt,"a. 占优势的, 多数的, 主要的, 突出的",gre
preponderate,pri'pɒndәreit,"vi. 占优势, 主宰",gre
preposition,.prepә'ziʃәn,"n. 前置词, 介词",cet4 cet6 ky ielts gre
prepossessing,.pri:pә'zesiŋ,a. 给人好感的,gre
preposterous,pri:'pɒstәrәs,"a. 反常的, 乖戾的, 荒谬的, 首末倒置的",gre
prerequisite,pri:'rekwizit,"a. 先决条件的, 必要的\nn. 先决条件, 必备条件",cet6 toefl gre
prerogative,pri'rɒgәtiv,"n. 特权, 君权, 职权\na. 特权的, 行使特权的",ielts gre
presage,'presidʒ,"n. 预感, 预兆, 预知\nvt. 预示, 预言\nvi. 预感, 预言",toefl gre
prescience,'presiәns,"n. 预知, 先见",gre
prescribe,pris'kraib,"v. 规定, 指定, 嘱咐, 开处方",cet4 cet6 ky toefl ielts gre
prescribed,,a. 规定的,toefl
prescription,pri'skripʃәn,"n. 处方, 命令, 指定\n[医] 处方, 药方",gk cet6 ky toefl ielts gre
presence,'prezns,"n. 出席, 面前, 存在, 仪态, 风度\n[电] 出现",cet4 cet6 ky toefl ielts
present,'preznt,"n. 现在, 礼品, 瞄准\na. 现在的, 出席的\nvt. 介绍, 引见, 赠送, 提出, 呈现, 上演\nvi. 举枪瞄准",zk gk ielts
presentation,.prezәn'teiʃәn,"n. 赠与, 描述, 介绍\n[计] 简报",gk cet6 ielts gre
presenter,pri'zentә,"n. 节目主持人, 奉献者, 提出者\n[法] 告发者, 提出者, 推荐者",gre
presentiment,pri'zentimәnt,n. 预感,gre
presently,'prezntli,"adv. 目前, 不久",cet4 cet6 ky
preservation,.prezә'veiʃәn,"n. 保存, 保藏, 保护\n[医] 保藏, 保存, 防腐",cet6 toefl
preservative,pri'zә:vәtiv,"a. 有助于保存的, 有保存力的\nn. 预防药, 防腐剂",toefl gre
preserve,pri'zә:v,"vt. 保护, 保持, 保存, 维持, 腌, 禁猎\nvi. 加工食品, 禁猎\nn. 加工成的食品, 禁猎地, 保护区, 防护物",gk cet4 cet6 ky toefl ielts
preset,pri:'set,vt. 事先调整\nn. 预调装置\n[计] 边框形式,cet6
preside,pri'zaid,"vi. 统辖, 当主人, 主持\n[法] 主持, 负责, 指挥",cet6 ky gre
presidency,'prezidәnsi,"n. 总统职权, 总裁职位",cet6 toefl
president,'prezidәnt,"n. 总统, 总裁, 董事长, (学院)院长, (大学)校长, 主管人, 主持人\n[经] 总经理, 董事长, 总裁",zk gk cet4 cet6 ky
press,pres,"n. 压, 揿, 按, 人群, 印刷机, 压力, 出版社, 记者, 报刊, 新闻舆论, 紧迫\nvt. 压, 压榨, 紧抱, 逼迫, 推进, 强迫征募, 催逼\nvi. 压, 重压, 催促, 拥挤, 奋力前进, 受压",gk cet4 cet6 ky gre
pressing,'presiŋ,"a. 紧迫的, 迫切的, 热切的\nn. 压, 压榨, 冲压件, 唱片",gre
pressure,'preʃә,"n. 压, 榨, 按, 强制, 压力, 压迫, 压强\nvt. 迫使, 使增压, 密封",gk cet4 cet6 ky toefl ielts
prestige,pre'sti:ʒ,"n. 声望, 威望, 威信\n[经] 商誉, 声誉",cet6 ky toefl ielts gre
prestigious,pre'stidʒiәs,a. 享有声望的,ky toefl ielts gre
presumable,pri'zu:mәbl,"a. 可推测的, 可能有的, 似真的\n[法] 可假定的:可推测的, 可推定的:可能的",gre
presumably,pri'zu:mәbli,"adv. 推测上, 大概",cet4 cet6 ky toefl ielts
presume,pri'zu:m,"vt. 假定, 推测, 擅自, 意味着\nvi. 擅自行动, 相信",cet6 ky toefl gre
presumption,pri'zʌmpʃәn,"n. 专横, 放肆, 假定, 推测\n[法] 假定, 推测, 设想",toefl ielts gre
presumptuous,pri'zʌmptʃuәs,"a. 放肆的, 冒昧的, 傲慢的",toefl
presupposition,.pri:sʌpә'ziʃәn,"n. 预想, 假定, 预先推测",gre
pretence,pri'tens,"n. 假装, 虚伪, 借口, 自称, 要求\n[法] 假装, 借口, 托词",gre
pretend,pri'tend,"v. 假装, 伪称, 自命, 自称",gk cet4 cet6 ky toefl gre
pretense,pri'tens,"n. 借口, 虚假, 伪装",toefl
pretension,pri'tenʃәn,"n. 自负, 骄傲, 主张",toefl gre
pretentious,pri'tenʃәs,"a. 自负的, 自命不凡的, 夸耀的",toefl ielts gre
preternatural,.pri:tә'nætʃәrәl,"a. 超自然的, 异常的",gre
pretext,'pri:tekst,"n. 借口, 托词\nv. 以...为借口",cet6 ky ielts gre
pretty,'priti,"a. 漂亮的, 优美的, 机灵的, 狡猾的, 恰当的\nadv. 相当, 颇",zk gk cet4 cet6 ky
prevail,pri'veil,"vi. 获胜, 流行, 盛行\n[医] 流行, 盛行",cet4 cet6 ky toefl ielts gre
prevailing,pri'veiliŋ,"a. 盛行很广的, 优势的, 主要的, 普遍的\n[法] 占优势的, 盛行的, 通行的",cet6 toefl
prevalence,'prevәlәns,"n. 普遍, 流行, 广泛\n[医] 流行, 盛行",cet6
prevalent,'prevәlәnt,"a. 普遍的, 流行的",cet6 ky toefl ielts
prevaricate,pri'værikeit,"vi. 支吾其辞, 搪塞",toefl gre
prevent,pri'vent,"v. 预防, 防止, 阻止, 妨碍",zk gk cet4 cet6 ky toefl
prevention,pri'venʃәn,"n. 阻止, 妨碍, 预防\n[医] 预防",cet6 ielts
preview,'pri:vju:,"n. 事先查看, 预览\nvt. 事先查看, 预演\n[计] 预览",gk gre
previous,'pri:viәs,"a. 早先的, 前面的, 过急的\n[法] 以前的, 生前的, 前述的",cet4 cet6 ky toefl ielts gre
previously,'pri:vju:sli,"adv. 先, 先前, 以前, 前, (非正式)过早, 过急, 在前, 在...以前, 在先\n[计] 先前地",cet4 cet6
prevision,.pri:'viʒәn,"n. 先见, 预知",gre
prey,prei,"n. 被掠食者, 牺牲者\nvi. 捕食",cet6 ky toefl ielts gre
price,prais,"n. 价格, 代价, 价值\nvt. 定...的价格",zk gk ielts
prick,prik,"vt. 刺, 戳, 刺痛, 使竖起\nvi. 刺, 竖起\nn. 扎, 一刺, 刺痛\na. 竖起的",cet6 ky gre
prickle,'prikl,"n. 刺, 刺痛, 柳条篮子\nv. 刺, 扎, 戳, 引起刺痛, 使感到刺痛",gre
pride,praid,"n. 骄傲, 自尊心, 自豪, 精华, 勇气\nvt. 以...自豪",zk gk cet4 cet6 ky toefl
priest,pri:st,"n. 祭司, 牧师, 神父, 神质人员, 僧侣, 泰斗",cet4 cet6 ky
prig,prig,"n. 一本正经的人, 纨绔子弟",gre
prim,prim,"a. 整洁的, 端正的, 规规矩矩的, 呆板的, 拘谨的\nvt. 弄整齐, 使显出一本正经的表情\nvi. 作出一本正经的样子",gre
primal,'praiml,"a. 主要的, 最初的, 原始的",toefl
primarily,'praimәrili,"adv. 主要地, 首先地",cet4 cet6
primary,'praimәri,"n. 最主要者, 原色\na. 主要的, 初期的, 根本的, 原始的, 首要的, 基本的\n[计] 初等量; 主要的; 一次的",zk gk cet4 cet6 ky toefl ielts
primate,'praimit,"n. 大主教, 灵长目动物\n[医] 灵长类",cet6 toefl gre
prime,praim,"n. 最佳部分, 初期, 全盛期\na. 主要的, 最初的, 根本的\nv. 加油启动, 灌注, 填装",cet4 cet6 ky toefl ielts gre
primitive,'primitiv,"n. 原始人, 早期艺术家\na. 原始的, 上古的\n[计] 图元; 原语; 基元",gk cet4 cet6 ky toefl ielts
primordial,prai'mɒ:diәl,"a. 原始的, 自原始时代的\n[医] 原始的",toefl
primp,primp,"v. 打扮, 装饰",gre
prince,prins,"n. 王子, 亲王, 国君, 贵族, 诸侯, 有权势的大人物",cet4 cet6 ky
princess,'prinsis,"n. 公主, 王妃, 女巨头",cet4 cet6 ky
principal,'prinsipәl,"n. 校长, 首长, 本金, 主犯, 资本, 委托人\na. 主要的, 最重要的, 首要的",cet4 cet6 ky toefl ielts gre
principally,'prinsәpәli,"adv. 主要地, 大部分",cet6
principle,'prinsipl,"n. 原则, 原理, 主义\n[化] 原理",gk cet4 cet6 ky gre
print,print,"n. 打印, 版, 印刷物, 痕迹, 印刷业, 印刷字体, 图片, 印花布, 印章\nv. 打印, 印刷, 铭记, 留印记于, 用印刷体写\n[计] DOS外部命令:在打印机上打印文件, 可一边打印文件一边执行其他工作",zk gk cet4 ky
printed,'printid,"a. 印刷的, 印好的, 印花样的\n[电] 印刷的",ielts
printer,'printә,"n. 印刷工, 打印机\n[计] 打印机",gk cet6
printing,'printiŋ,"n. 印刷, 印刷术, 印花\n[计] 打印; 印刷",gk ielts
prior,'praiә,"a. 更重要的, 较早的, 在先的\nn. 小隐修院院长, 大隐修院副院长",cet4 cet6 ky toefl ielts
priorities,praiˈɔritiz,n. 先( priority的名词复数 ); 优先; 优先权; 优先考虑的事,ielts
priority,prai'ɒriti,"n. 优先权, 优先\n[计] 优先级",cet4 cet6 ky toefl ielts gre
prism,'prizm,"n. 棱镜, 棱柱\n[化] 棱镜",cet6
prison,'prizn,"n. 监狱, 监禁, 拘留所\nvt. 监禁",zk gk cet4 cet6 ky toefl
prisoner,'priznә,"n. 囚犯, 犯人, 战俘\n[法] 犯人, 囚犯, 扣押犯",zk gk cet4 cet6 ky
prissy,'prisi,"a. 谨小慎微的, 大惊小怪的, 为小事挂虑的",gre
pristine,'pristi:n,"a. 太古的, 原来的, 古时的, 原始的",toefl gre
privacy,'praivәsi,"n. 隐私, 隐居, 秘密\n[计] 个人保密权",cet6 ky ielts
private,'praivit,"a. 私人的, 秘密的, 私立的, 隐蔽的\nn. 士兵, 隐士, 阴部\n[计] 私人的",zk gk cet4 cet6 ky toefl ielts
privation,prai'veiʃәn,"n. 缺乏, 穷困",gre
privilege,'privilidʒ,"n. 特权, 特别恩典, 基本权利, 特免\nvt. 给与...特权, 特免",gk cet4 cet6 ky toefl ielts gre
prize,praiz,"n. 奖赏, 奖金, 奖品, 战利品, 捕获\na. 得奖的\nvt. 珍视, 估价, 捕获, 撬, 撬动",zk gk cet4 cet6 ky
prizes,praiziz,"n. 奖赏( prize的名词复数 ); 值得竞争的东西; 难能可贵的事物; 难以争取的重要事物\nv. 珍视, 珍惜( prize的第三人称单数 )",ielts
probability,.prɒbә'biliti,"n. 可能性, 或然率, 几率, 概率\n[化] 概率; 几率",cet4 cet6 ky
probable,'prɒbәbl,"a. 很可能的, 大概的, 可信的\nn. 很有希望的候选人, 很可能的事情",gk cet4 cet6 ky
probably,'prɒbәbli,"adv. 大概, 或许",zk gk cet4 cet6
probation,prәu'beiʃәn,"n. 鉴定, 查验, 证明, 试用, 察看, 缓刑\n[医] 审辨, 试验, 鉴定, 试用, 见习",ielts
probe,prәub,"n. 探索, 调查, 探针, 探测器\nv. 用探针探测, 调查, 探索",cet6 ky toefl ielts gre
probity,'prәubәti,"n. 诚实, 正直",toefl gre
problem,'prɒblәm,"n. 问题, 难题\na. 成问题的, 难处理的",zk gk
problems,,n. 问题；难题（problem的复数）,ielts
proboscis,prәu'bɒsis,"n. 长鼻子, 喙\n[医] 喙, 吻",gre
procedure,prә'si:dʒә,"n. 程序, 过程, 手续\n[计] 规程; 过程",gk cet4 cet6 ky toefl ielts
proceed,prәu'si:d,"vi. 继续进行, 进行, 开始, 发出, 起诉\n[法] 所得, 收入, 收益",cet4 cet6 ky toefl ielts
proceeding,prәu'si:diŋ,"n. 进行, 程序, 行动, 诉讼程序, 事项\n[化] 会议论文集",cet6 ky toefl ielts
proceeds,'prәusi:dz,"pl. 收益\n[经] 收入, 收款, 所得",toefl gre
process,'prɒses,"n. 程序, 进行, 过程\nvt. 加工, 使...接受处理, 对...处置, 对...起诉\na. 经加工的, 有特殊光效的\n[计] 进程",gk cet4 cet6 ky toefl ielts
processing,prәu'sesiŋ,[计] 处理\n[化] 加工,ielts
procession,prә'seʃәn,"n. 队伍, 连续, 列队行进, 涌出",cet4 cet6 ky gre
proclaim,prә'kleim,"vt. 宣布, 公告, 宣言, 表明, 赞扬\n[法] 宣布, 宣告, 公布",cet4 cet6 ky toefl ielts gre
proclamation,.prɒklә'meiʃәn,"n. 宣言, 公布, 布告, 公告\n[法] 宣告, 宣布, 布告",gre
proclivity,prә'kliviti,"n. 倾向, 癖性",toefl
procrastinate,prәu'kræstineit,"v. 延迟, 耽搁",gre
procreate,'prәukrieit,"vt. 生, 生殖, 产生\nvi. 生殖",gre
Procrustean,prәu'krʌstiәn,"a. 普罗克汝斯忒斯的, 强求一致的",gre
proctor,'prɒktә,"n. 代理人, 监考人, 代诉人\n[法] 代理人, 代诉人, 监督人",gre
procure,prәu'kjuә,"vt. 获得, 取得, 导致\nvi. 拉皮条",ielts gre
procurement,prә'kjuәmәnt,n. 获得\n[经] 采购,gre
prod,prɒd,"n. 刺针, 刺棒, 激励话, 提醒物\nvt. 戳, 刺, 刺激\nvi. 戳, 刺",toefl gre
prodigal,'prɒdigl,"n. 浪费者\na. 浪费的, 挥霍的, 丰富的",toefl gre
prodigious,prәu'didʒәs,"a. 庞大的, 惊人的, 异常的",toefl ielts gre
prodigy,'prɒdidʒi,"n. 惊人的事物, 奇迹, 不凡的人, 奇才, 神童, 预兆",toefl gre
produce,prә'dju:s,"n. 生产品, 物产, 后代\nvt. 产生, 生产, 提出, 出示\nvi. 生产, 制造",zk gk cet4 cet6 ky toefl gre
producer,prә'dju:sә,"n. 生产者, 制作者, 制作人\n[化] 发生器; (炉煤气)发生炉; 制气炉; 生产者",cet6
product,'prɒdʌkt,"n. 产品, 结果, 乘积\n[化] 生产物",gk cet4 cet6 ky ielts
production,prә'dʌkʃәn,"n. 制造, 生产, 产物\n[医] 产生, 生成",gk cet4 cet6 ky ielts
productive,prә'dʌktiv,"a. 能生产的, 有生产价值的, 多产的\n[医] 产出性的, 产生性的",cet4 cet6 ky toefl ielts
productivity,.prәudʌk'tiviti,"n. 生产力\n[经] 生产率, 生产能力",cet6 ky ielts gre
products,,n. 产品；商品（product的复数）,ielts
profane,prә'fein,"a. 世俗的, 不敬神的, 亵渎的\nvt. 亵渎, 玷污",toefl ielts gre
profess,prә'fes,"vt. 声称, 以...为业, 伪称, 讲授\nvi. 表白, 承认, 当教授",toefl
profession,prә'feʃәn,"n. 职业, 表白, 声明\n[化] 工种; 职业",gk cet4 cet6 ky toefl ielts
professional,prә'feʃәnl,"n. 专业人才\na. 专业的, 职业的",cet4 cet6 ky toefl ielts
professionalism,"prә'feʃәnә,lizәm","n. 职业特性, 专业技巧, 职业行为, 职业作风, (褒)专业人员的特质, 职业化\n[经] 职业特性, 职业作风, 职业化",toefl
professions,,n. 专业；职业；行业（profession的复数形式）,ielts
professor,prә'fesә,n. 教授,gk cet4 cet6 ky ielts
proffer,'prɒfә,"vt. 提供, 贡献, 提议\nn. 提供, 提议",gre
proficiency,prә'fiʃәns,"n. 精通, 熟练, 精练",cet6 ky toefl ielts
proficient,prә'fiʃәnt,"n. 高手, 专家\na. 精通的, 熟练的",cet6 toefl gre
profile,'prәufail,"n. 侧面, 轮廓, 传略\nvt. 描绘...轮廓, 写...的传略\n[计] 提问档; 剖面图法; 剖面法",cet6 ky toefl ielts gre
profit,'prɒfit,"n. 利润, 赢利, 利益\nvi. 有益, 获利, 赚钱\nvt. 有益于",gk cet4 cet6 ky toefl ielts
profitable,'prɒfitәbl,"a. 有利润的, 有利益的, 赚钱的\n[经] 有利(可图)的, 合算的",cet4 cet6 ky
profiteer,.prɒfi'tiә,"n. 获暴利的人, 奸商\nvi. 获暴利, 赚大钱",gre
profitless,'prɒfitlis,"a. 无利的, 无益的",toefl
profits,,"n. 收益, 红利；盈利（profit的复数）",ielts
profligate,'prɒfligit,"a. 放荡的, 不检点的, 浪费的\nn. 放荡者, 享乐者",gre
profound,prә'faund,"a. 极深的, 深厚的, 深刻的, 渊博的",cet6 ky toefl ielts gre
profoundly,prә'fajndli,"adv. 深深地, 深切地",toefl
profuse,prә'fju:s,"a. 很多的, 丰富的, 浪费的, 慷慨的",toefl ielts gre
progenitor,prәu'dʒenitә,"n. 祖先, 先辈, 原本\n[医] 祖先, 祖代",toefl gre
progeny,'prɒdʒәni,"n. 子孙, 后裔, 成果\n[医] 后代, 后裔",toefl gre
prognosis,prɒg'nәusis,"n. 预测, 预后\n[医] 预后",gre
prognostic,prɒg'nɒstik,"a. 预兆的, 预后的\nn. 先兆, 预测",toefl
prognosticate,prɒg'nɒstikeit,"vt. 预兆, 预言, 预测\n[医] 预测(疾病的结局)",gre
program,'prәugræm,"n. 节目, 节目单, 程序, 纲要, 大纲, 计划\nvt. 规划, 拟...计划\nvi. 安排节目, 编程序\n[计] 程序",cet4 cet6 ielts
programme,'prәugræm,"n. 节目, 节目单, 程序, 纲要, 大纲, 计划\nvt. 规划, 拟...计划\nvi. 安排节目, 编程序",zk gk ky
progress,'prәugres,"n. 进步, 发展, 前进\nvi. 进步, 进行",zk gk cet4 cet6 ky toefl
progression,prә'greʃәn,"n. 前进, 连续, 级数\n[医] 进行, 前进, 步态",toefl
progressive,prә'gresiv,"n. 改革论者, 进步论者\na. 前进的, 累进的, 进步的",cet4 cet6 ky toefl
prohibit,prә'hibit,"vt. 禁止, 阻止\n[经] 禁止",gk cet4 cet6 ky toefl ielts
prohibition,.prәuhi'biʃәn,"n. 禁令, 禁止",cet6
prohibitive,prә'hibitiv,"a. 禁止的, 禁止性的\n[经] 禁止性的, 抑制的",toefl gre
prohibitively,,"adv. 禁止, 起阻止作用, 抑制",toefl
project,'prɒdʒekt,"n. 计划, 设计, 事业\nvt. 计划, 设计, 投掷, 发射, 使凸出, 放映\nvi. 凸出",gk cet4 cet6 ky toefl ielts
projectile,prә'dʒektil,"n. 发射体, 抛射物\na. 发射的, 投射的",gre
projecting,prә'dʒektiŋ,"a. 突出的, 伸出的",cet6 toefl
projection,prә'dʒekʃәn,"n. 发射, 计划, 突出部分, 设计, 推测\n[计] 投影",toefl gre
projectionist,prә'dʒekʃәnist,"n. 放映员, 电视技师, 地图制作者",toefl
projector,prә'dʒektә,"n. 计划人, 发起人, 规划人, 放映机, 映画器, 幻灯机, 幻灯, 探照灯, 发射器\n[计] 投影仪",cet6 ky toefl ielts gre
proliferate,prәәu'lifәreit,"vi. 增殖, 激增, 扩散\nvt. 使激增",toefl gre
proliferation,.prәulifә'reiʃәn,"n. 增殖, 激增\n[医] 增生, 增殖",toefl
prolific,prәu'lifik,"a. 有生殖力的, 多产的, 丰富的\n[医] 多育的, 多产的, 繁殖的",toefl ielts gre
prolix,'prәuliks,"a. 冗长的, 说话罗唆的",gre
prolixity,prәu'liksiti,"n. 冗长, 罗唆\n[法] 冗长失当, 冗长的答辩, 冗长的陈述",gre
prologue,'prәulɒ:g,"n. 开场白, 序言, 序幕\nvt. 为...作序, 加上...前言",ielts gre
prolong,prәu'lɒŋ,"vt. 延长, 拖延, 拖长\n[化] 冷凝管",cet6 ky toefl ielts gre
promenade,.prɒmi'neid,"n. 散步, 骑马, 舞会\nvi. 漫步, 兜风\nvt. 在...散步",gre
prominence,'prɒminәns,"n. 突起, 突出, 显著, 突出物, 凸出\n[医] 隆凸, 凸",cet6 toefl
prominent,'prɒminәnt,"a. 卓越的, 显著的, 突出的, 凸出的",cet4 cet6 ky toefl ielts gre
promise,'prɒmis,"n. 诺言, 约定的事情, 有指望\nvt. 允诺, 约定, 预示\nvi. 允诺, 有前途, 有指望",zk gk cet4 cet6 ky toefl ielts
promising,'prɒmisiŋ,"a. 有希望的, 前途有望的\n[经] 有希望的",cet4 cet6 ky toefl ielts
promote,prәu'mәut,"vt. 促进, 晋升, 创办, 推销\n[经] 促进, 推广, 推销",gk cet4 cet6 ky toefl ielts gre
promoter,prә'mәutә,"n. 促进者, 助长者\n[化] 助催化剂",toefl
promotion,prәu'mәuʃәn,"n. 晋级, 创建, 增进\n[经] 推广, 推销, 促进",cet6
prompt,prɒmpt,"n. 激励, 提示, 提醒物, 提词, 付款期限\na. 迅速的, 敏捷的, 立刻的, 提词员的\nvt. 激励, 鼓动, 提示\nadv. 准时地\n[计] 提示符; DOS内部命令:设定DOS命令行的提示符",cet4 cet6 ky toefl ielts gre
promptly,'prɒmptli,"adv. 敏捷地, 迅速地",cet6
promulgate,prә'mʌlgeit,"vt. 发布, 公布, 发表, 传播\n[法] 颁布, 公告, 散播",toefl gre
prone,prәun,"a. 俯伏的, 面向下的, 有...倾向的\n[医] 旋前的, 伏的, 俯的",cet6 ky toefl ielts gre
pronghorn,'prɒŋhɒ:n,n. 叉角羚,toefl
pronoun,'prәunaun,n. 代词,cet4 cet6 ky
pronounce,prә'nauns,"v. 发音, 宣告, 断言",zk gk cet4 cet6 ky
pronounced,prә'naunst,"a. 发出音的, 读出来的, 显著的, 断然的, 明显的\n[法] 显著的, 明显的, 明确的",toefl gre
pronunciation,prәu.nʌnsi'eiʃәn,"n. 发音, 读法",zk gk cet4 cet6 ky
proof,pru:f,"n. 证据, 证明, 试验, 检验, 考验\na. 不能透入的, 证明用的, 防...的, 耐...的\nvt. 检验, 试验, 校对, 使不被穿透\n[计] 审稿",cet4 cet6 ky toefl
proofread,'pru:fri:d,"vt. 校正, 校对",toefl gre
prop,prɒp,"n. 支柱, 支持者, 倚靠人, 道具, 螺旋桨\nvt. 支撑, 维持",toefl gre
propaganda,.prɒpә'gændә,"n. 宣传, 宣传活动\n[医] 宣传",cet6 ky ielts
propagate,'prɒpәgeit,"vt. 繁殖, 传播, 传送\nvi. 繁殖, 蔓延",cet6 toefl ielts gre
propagation,.prɒpә'geiʃәn,"n. 增殖, 繁殖, 宣传\n[医] 传播, 繁殖, 持续培养",cet6 gre
propel,prәu'pel,"vt. 推进, 驱使\n[机] 推进",cet6 ky toefl ielts gre
propellant,prәu'pelәnt,"n. 推进剂, 发射火药, 推进者\n[化] 火药",toefl
propeller,prә'pelә,"n. 螺旋桨, 推进器\n[化] 搅拌叶片; 螺旋桨",cet6 gre
propensity,prә'pensәti,"n. 倾向, 爱好, 习性",toefl gre
proper,'prɒpә,"a. 适当的, 固有的, 高尚的, 专属的\nadv. 完全地, 彻底地",zk gk cet4 cet6 ky toefl
properly,'prɒpәli,"adv. 适当地, 相当地",gk cet4 cet6
property,'prɒpәti,"n. 财产, 所有权, 性质, 属性\n[计] 属性",cet4 cet6 ky toefl ielts
prophecy,'prɒfәsi,"n. 预言, 预言能力",cet6 ielts gre
prophet,'prɒfit,"n. 预言者, 先知, 提倡者",cet6 ky gre
prophetic,prә'fetik,"a. 预言的, 先知的, 预示的",gre
propitiate,prә'piʃieit,"vt. 慰抚, 安抚, 和解, 谋求...的好感",toefl gre
propitious,prә'piʃәs,"a. 顺利的, 适合的, 吉祥的, 慈悲的",gre
proponent,prә'pәunәnt,"n. 建议者, 支持者\n[法] 提议者, 辩护者, 支持者",toefl
proportion,prә'pɒ:ʃәn,"n. 比例, 比率, 均衡, 部分, 面积\nvt. 使成比例, 使均衡",cet4 cet6 ky toefl ielts
proportional,prә'pɒ:ʃәnl,"a. 比例的, 相称的\nn. 比例项",cet4 cet6
proposal,prә'pәuzl,"n. 提议, 计划, 求婚\n[经] 提案, 申请, 投标",cet4 cet6 ky toefl gre
propose,prә'pәuz,"vt. 计划, 打算, 建议, 提议, 求(婚)\nvi. 打算, 求婚",cet4 cet6 ky toefl ielts
proposition,.prɒpә'ziʃәn,"n. 建议, 命题, 主张\nvt. 向...提议, 向...提出猥亵的要求",cet6 ky toefl ielts gre
propound,prә'paund,"vt. 提出供考虑\n[法] 提出建议, 提出供考虑, 提出",toefl
proprietary,prә'praiәtәri,"a. 所有者的, 所有权的, 私有的\nn. 所有者, 业主, 所有权",gre
proprietor,prә'praiәtә,"n. 所有者\n[经] 所有人, 资本主, 业主",toefl
proprietorship,prә'praiәtәʃip,"n. 所有权\n[经] 所有权, 业主权, 资本",toefl
propriety,prә'praiәti,"n. 礼貌, 规矩, 适当\n[计] 专有权",toefl ielts gre
propulsion,prә'pʌlʃәn,"n. 推进, 推进力\n[医] 前冲, 慌张步态",cet6 toefl ielts gre
prorogue,prә'rәu^,"vt.vi. (使)闭会, (使)休会\n[法] 使休会, 使闭会",toefl gre
prosaic,prәu'zeiik,"a. 散文的, 散文体的, 平凡的",gre
proscribe,prәu'skraib,"vt. 剥夺...的公民权, 使失去法律保护, 把...充军, 把...放逐, 排斥, 禁止",toefl gre
prose,prәuz,"n. 散文\nv. 写散文\na. 散文的, 平凡的",cet6 ky toefl gre
prosecute,'prɒsikju:t,"vt. 告发, 起诉, 彻底进行, 执行, 从事\nvi. 告发, 起诉, 作检察官",ky toefl ielts gre
prosecution,.prɒsi'kju:ʃәn,"n. 执行, 经营, 起诉",gre
prosecutor,'prɒsikju:tә,"n. 实行者, 告发者, 公诉人\n[法] 原告, 起诉人, 检举人",ky
proselytize,'prɒsilitaiz,vt. 使改变宗教信仰\nvi. 劝诱改变宗教信仰,gre
prospect,'prɒspekt,"n. 景色, 展望\nvt. 勘探, 勘察\nvi. 勘探, 有前途",cet4 cet6 ky toefl ielts gre
prospecting,prәs'pektiŋ,"n. 探矿, 勘探",toefl
prospective,prәs'pektiv,"a. 预期的, 将来的\n[经] 预期的, 未来的",cet6 ky toefl ielts
prospector,'prɒspektә,"n. 勘探者, 采矿者",toefl
prospectus,prәs'pektәs,"n. 创办计划书, (内容)说明书, 内容简介\n[经] (募债)说明书",ielts
prosper,'prɒspә,"vi. 繁荣, 兴隆, 成功\nvt. 使成功, 使昌盛",ky toefl
prosperity,prɒs'periti,"n. 繁荣, 茂盛, 成功\n[经] 繁荣",cet4 cet6 ky toefl gre
prosperous,'prɒspәrәs,"a. 成功的, 繁盛的, 幸运的\n[经] 繁荣的, 昌盛的",cet4 cet6 ky toefl gre
prostrate,'prɒstreit,"a. 拜倒的, 降伏的, 俯卧的, 衰竭的, 沮丧的\nvt. 弄倒, 使屈服, 使俯伏, 使平卧",gre
protagonist,prәu'tægәnist,"n. 主人公, 主角, 领导者",toefl gre
protean,'prәutiәn,"a. 千变万化的, 变化不定的, (海神)普罗透斯的\n[化] ┚(音田)",gre
protect,prә'tekt,"vt. 防卫, 保护, 警戒\n[法] 庇护, 保护, 警戒",zk gk cet4 cet6 ky
protection,prә'tekʃәn,"n. 保护, 防卫, 贸易保护制度\n[计] 保护",gk cet4 cet6 toefl
protectionist,prә'tekʃәnist,n. 贸易保护主义者\na. 贸易保护主义的,toefl
protective,prә'tektiv,"a. 给予保护的, 保护的\n[医] 保护的, 防护的, 保护剂, 保护物, 油绸",cet4 cet6
protein,'prәuti:in,n. 蛋白质\na. 蛋白质的,cet4 cet6 ky toefl ielts
protend,prәu'tend,"v. (使)伸出, (使)伸展",cet6
protest,prә'test,"n. 抗议, 反对, 抗议书, 断言\nv. 反对, 抗议, 断言",cet4 cet6 ky toefl ielts gre
protocol,'prәutәkɒl,"n. 草案, 礼仪, 协议\nv. 拟定\n[计] 协议, 协议列表实用程序",ielts gre
proton,'prәutɒn,n. 质子\n[化] 质子,cet6
prototype,'prәutәtaip,n. 原型\n[计] 样机; 原型,cet6 ky toefl ielts gre
prototypical,,[计] 原型的,toefl
protract,prәu'trækt,"vt. 延长, 拖延, 伸出, 绘制\n[法] 延迟, 拖延, 延长",toefl ielts gre
protrude,prәu'tru:d,"vi. 伸出, 突出\nvt. 使伸出, 使突出",toefl ielts gre
protruding,prə'tru:diŋ,"v. （使某物）伸出, （使某物）突出( protrude的现在分词 ); 凸",toefl
protuberance,prәu'tju:bәrәns,"n. 突起, 隆起物\n[医] 隆凸",gre
protuberant,prәu'tju:bәrәnt,"a. 突起的, 招人注意的",gre
proud,praud,"a. 骄傲的, 自大的, 自豪的, 辉煌的, 壮丽的",zk gk cet4 cet6 ky
prove,pru:v,"vt. 证明, 查验, 检验, 勘探, 显示\nvi. 证明是",zk gk cet4 cet6 ky
provenance,'prɒvәnәns,"n. 起源, 出处",gre
provender,'prɒvәndә,"n. 粮草, 秣, 食物",gre
proverb,'prɒvә:b,"n. 谚语, 格言, 箴言\nvt. 使众所周知, 用谚语表达",cet6
proverbially,prә'vә:biәli,"adv. 如谚语所说, 众所周知",gre
provide,prә'vaid,"vt. 提供, 供应, 规定, 预备\nvi. 作准备, 抚养, 规定",zk gk cet4 cet6 ky toefl
provided,prә'vaidid,"conj. 倘若, 以...为条件",cet4 cet6 ky ielts
provident,'prɒvidәnt,"a. 有先见之明的, 有远虑的, 节俭的",toefl gre
providential,.prɒvi'denʃәl,"a. 天意的, 根据神意的, 天佑的, 幸运的",gre
province,'prɒvins,"n. 省, 地方, 职权, 领域\n[法] 省, 地方, 领域",gk cet4 cet6 ky toefl
provincial,prә'vinʃәl,"n. 外地人, 粗野的人\na. 省的, 外地的, 偏狭的",gre
provincialism,prә'vinʃәlizm,"n. 乡下习气, 方言, 地方风俗",toefl
provision,prә'viʒәn,"n. (政府提供的)钱和设备, 准备, 供应品, 规定, 条款\nvt. 供给...食物及必需品",cet4 cet6 ky toefl ielts gre
provisional,prә'viʒәnl,"a. 暂时的, 暂定的, 临时的\n[医] 临时的",ielts gre
provisory,prә'vaizәri,"a. 有附文的, 有附带条件的\n[法] 有附文的, 附带条件的, 一时的",gre
provocation,.prɒvә'keiʃәn,"n. 激怒, 刺激, 挑拨\n[医] 激发[作用]",ky toefl gre
provocative,prә'vɒkәtiv,"a. 激发感情的, 挑拨的, 刺激的\nn. 刺激物, 挑拨物, 兴奋剂",cet6 ky toefl
provoke,prә'vәuk,"vt. 激怒, 惹起, 诱导\n[法] 刺激, 煽动, 激怒",cet6 ky toefl ielts
provost,'prɒvәst,"n. 教务长, 监督员, 牧师\n[法] 监督者, 负责官员, 监狱看守",cet6
prowess,'prauis,"n. 英勇, 勇敢, 超凡技术",gre
prowl,praul,"n. 潜行, 徘徊, 悄悄踱步\nvi. 潜行以觅食, 徘徊\nvt. 徘徊",gre
proximate,'prɒksimeit,"a. 最近的, 将临的, 近似的\n[医] 近接的, 邻近的",gre
proximity,prɒk'simiti,"n. 接近, 亲近",cet6 toefl ielts
proxy,'prɒksi,"n. 代理, 代理人, 委托书\n[经] 代理人, 代表权, 授权书",toefl ielts
prude,pru:d,"n. 拘守礼仪的人, 故作正经的人",gre
prudence,'pru:dns,"n. 审慎, 慎重, 精明, 节俭",ky gre
prudent,'pru:dnt,"a. 审慎的, 三思而后行的, 精明的, 节俭的",cet6 ky toefl gre
prudish,'pru:diʃ,"a. 拘守礼仪的, 过分规矩的, 表面正经的",gre
prune,pru:n,"n. 洋李, 李子干, 深紫红色, 傻瓜\nvt. 修剪, 砍掉, 删除\nvi. 删除, 删节",toefl gre
pry,prai,"n. 杠杆, 窥探, 好奇者\nvi. 打听, 窥探\nvt. 撬动, 撬开, 费力得到",toefl ielts gre
psalm,sɑ:m,"n. 圣诗, 圣歌, 诗篇\nvt. 唱(圣歌)",gre
pseudonym,'sju:dәnim,"n. 假名, 笔名\n[法] 笔名, 假名",ielts gre
psyche,'psaiki,"n. 灵魂, 精神, 普赛克(希腊神话中人类灵魂的化身)\n[医] 精神, 心灵",toefl gre
psychiatric,saiki'ætrik; (?@) si-,"a. 精神病学的, 医精神病的\n[医] 精神病学的",ielts
psychiatry,sai'kaiәtri,"n. 精神病学, 精神病治疗\n[医] 精神病学",ky ielts
psychoanalysis,.saikәuә'nælәsis,n. 心理分析\n[医] 精神分析,toefl
psycholinguistics,",saikәuliŋ'^wistiks",n. 语言心理学,ielts
psychological,.saikә'lɒdʒikәl,"a. 心理学的, 精神上的, 心灵的\n[法] 心理上的, 心理学的",cet4 cet6 ielts
psychologist,sai'kɒlәdʒist,n. 心理学家\n[医] 心理学家,toefl
psychology,sai'kɒlәdʒi,"n. 心理学, 心理状态\n[医] 心理学",gk cet6 ky toefl ielts gre
pub,pʌb,"n. 酒馆, 客栈",gk ky
puberty,'pju:bәti,"n. 青春期, 春情发动期\n[医] 青春期(12-17岁)",gre
public,'pʌblik,"n. 公众, 民众\na. 公众的, 公共的, 公立的, 公用的",zk gk cet4 cet6 ky ielts
publication,.pʌbli'keiʃәn,"n. 出版物, 出版, 公布\n[经] 发布",cet4 cet6 ky toefl ielts
publicity,pʌb'lisiti,"n. 名声, 宣传, 公开场合\n[经] 宣传, 广告",cet6 ky toefl ielts
publicize,'pʌblisaiz,vt. 宣传,ky toefl gre
publicly,'pʌblikli,"adv. 公然地, 以公众名义",gk
publish,'pʌbliʃ,"vt. 出版, 发行, 公开, 发表, 宣传, 公布\nvi. 出版, 发行",gk cet4 cet6 ky
pucker,'pʌkә,vt. 使起皱\nvi. 折成褶\nn. 皱纹,gre
puckish,'pʌkiʃ,"a. 顽皮的, 恶作剧的",gre
pudding,'pudiŋ,n. 布丁,cet4 cet6
puddle,'pʌdl,"n. 小池, 水坑, 胶土\nvt. 搅浊, 搅炼\nvi. 在泥污中打滚, (把黏土等)捣制成胶土",toefl gre
pueblo,pu'eblәu,"n. 普韦布洛印第安人, 印第安人村庄",toefl
puerile,'pjuәrail,"a. 孩子气的, 天真的, 未成熟的\n[医] 儿童的, 幼稚的",gre
puff,pʌf,"n. 一阵喷烟, 肿块, 喘息\nv. 喷出, 张开, 吹捧, (使)充气, 喘气, (使)骄傲, (使)膨胀",cet4 cet6 ky
puffery,'pʌfәri,"n. 夸大广告, 吹捧",gre
pugilism,'pju:dʒilizm,n. 拳击,gre
pugilist,'pju:dʒilist,n. 拳击手,gre
pugnacious,pʌg'neiʃәs,a. 好斗的,gre
puissance,'pju:isns,"n. 力, 势, 权力",gre
puissant,'pju:isnt,"a. 强有力的, 强盛的, 有权力的",gre
pulchritude,'pʌlkritju:d,n. 美丽,gre
pull,pul,"vt. 拉, 拖, 拔, 牵, 撕开, 吸引\nvi. 拉, 拖, 拔, 有吸引力\nn. 拉, 拖, 拔, 拉力, 牵引力, 划船, 吸引",zk gk toefl ielts
pullet,'pulit,n. 小母鸡,gre
pulley,'puli,"n. 滑车, 滑轮\n[医] 滑车",cet6 gre
pullulate,'pʌljuleit,"vi. 发芽, 抽芽, 充满, 产生, 发展, 成长\n[医] 出芽, 生芽, 发芽",gre
pulp,pʌlp,"n. 果肉, 纸浆\nvt. 使化成纸浆, 除去...果肉\nvi. 变成纸浆",toefl ielts gre
pulpit,'pulpit,n. 讲道坛,gre
pulsate,'pʌlseit,"vi. 搏动, 悸动, 震动\n[医] 搏动",toefl gre
pulsation,pʌl'seiʃәn,"n. 悸动, 震动\n[化] 脉动",gre
pulse,pʌls,"n. 脉冲, 脉搏, 情绪, 意向, 拍子, 豆类\nvi. 跳动, 脉跳\nvt. 使跳动, 用脉冲调制\n[计] 脉冲",gk cet4 cet6 ky toefl gre
pulverize,'pʌlvәraiz,vt. 把...磨成粉\nvi. 变成粉,gre
pummel,'pʌml,"vt. 击, 打, 揍",gre
pump,pʌmp,"n. 抽水机, 打气筒, 泵, 抽吸\nvt. 用唧筒抽水, 打气, 盘问, 倾注, 使疲惫\nvi. 抽水, 上下(或往复)运动",gk cet4 cet6 ky toefl ielts
pumpkin,'pʌmpkin,n. 南瓜,cet6 toefl
pun,pʌn,"n. 双关语, 俏皮话\nvi. 说双关语, 说俏皮话\nvt. 用双关语说服, 捣实",gre
punch,pʌntʃ,"n. 打洞器, 钻孔机, 冲压机, 冲床, 潘趣酒\nvt. 以拳重击, 开洞, 冲压\nvi. 用拳猛击",cet4 cet6 ky toefl gre
punctilious,pʌŋk'tiliәs,"a. 精密细心的, 一丝不苟的, 拘泥形式的",gre
punctual,'pәŋktʃuәl,"a. 准时的, 守时的, 点状的, 中肯的\n[经] 准时的, 不误期的, 准时",gk cet4 cet6 ky toefl ielts
punctuate,'pʌŋktjueit,"vt.vi. 给文章加标点, 加标点符号\nvt. 强调, 加强, (常用被动)不时打断\nn. 标点, 标点法, 标点符号",gk
punctuation,.pʌŋktʃu'eiʃәn,"n. 标点, 标点符号\n[计] 标点符号",gk
puncture,'pʌŋktʃә,"n. 刺痕, 穿刺\nvt. 刺穿, 刺, 揭穿\nvi. 被刺穿",toefl ielts gre
pundit,'pʌndit,"n. 学者, 梵文学者, 博学的印度人, 权威",gre
pungent,'pʌndʒәnt,"a. 刺激性的, 尖刻的, 苦痛的\n[医] 冲味的, 刺激味的",toefl ielts gre
punish,'pʌniʃ,"vt. 处罚, 惩罚, 严厉对待\nvi. 惩罚",zk gk cet4 cet6 ky
punishment,'pʌniʃmәnt,"n. 处罚, 刑罚, 惩罚\n[法] 罚, 处罚, 刑罚",gk cet4 cet6
puny,'pju:ni,"a. 微小的, 弱小的, 微不足道的",gre
pupil,'pju:pl,"n. 学生, 门生, 未成年人, 瞳孔\n[医] 瞳孔",zk gk toefl ielts
puppet,'pʌpit,"n. 傀儡, 木偶\n[法] 木偶, 傀儡, 受他人操纵的人",cet4 cet6 ky
puppy,'pʌpi,"n. 小狗, 小动物, 自负的年轻人",cet6
purblind,'pә:blaind,"a. 半盲的, 愚钝的\nvt. 使成半瞎",gre
purchase,'pә:tʃәs,"n. 购买, 购买品, 紧握, 绞辘\nvt. 购买, 赢得, 努力取得, 用滑轮起(锚等)",gk cet4 cet6 ky toefl gre
pure,pjuә,"a. 纯的, 纯净的, 纯洁的, 清白的, 完美的, 无瑕的, 抽象的\n[医] 的, 纯净的",gk cet4 cet6 ky toefl ielts
purely,'pjuәli,"adv. 纯粹地, 清白地, 贞洁地",cet4 cet6
purest,ˈpjʊərɪst,a. 纯的( pure的最高级 ); 单纯的; 纯真的; 干净的,ielts
purgative,'pә:gәtiv,"a. 净化的, 通便的, 赎罪的\nn. 泻剂",gre
purgatory,'pә:gәtәri,"n. 涤罪, 炼狱\na. 涤罪的",gre
purge,pә:dʒ,"n. 净化, 清除, 泻药\nv. (使)净化, 清除, (使)通便\n[计] 服务器文件删除实用程序",toefl ielts gre
purification,.pjurifi'keiʃәn,"n. 纯化, 提纯, 涤罪\n[化] 提纯",toefl
purified,,a. 净化的；精制的,toefl
purify,'pjuәrifai,"vi. 变纯净\nvt. 使纯净, 净化, 提纯, 精炼",cet4 cet6 ky toefl gre
purity,'pjuәrәti,"n. 纯净, 纯正, 纯粹\n[化] 纯度",cet4 cet6 ielts gre
purlieu,'pә:lju:,"n. 森林边缘, 常去的地方, 范围, 界限\n[法] 森林边缘的空地, 界限, 常到的地方",gre
purloin,pә:'lɒin,"v. 偷窃, 盗取",gre
purple,'pә:pl,"n. 紫色, 帝位\na. 紫色的, 帝王的, 华而不实的\nv. (使)成紫色",zk gk cet4 cet6 ky toefl
purport,'pә:pɒ:t,"n. 意义, 要旨, 目的\nvt. 意味着, 声称, 打算",toefl gre
purported,pә:'pɔ:tid. 'pә:p-. 'pә:pә-,a. 传说的,gre
purpose,'pә:pәs,"n. 目的, 意向, 决心, 用途, 效果, 论题\nvt. 意欲, 企图, 计划",zk gk cet4 cet6 ky ielts
purse,pә:s,"n. 钱包, 小钱袋, 金钱, 募捐款, 囊状物\nv. 缩拢, 皱起",zk gk cet4 cet6 ky ielts gre
pursue,pә'sju:,"vt. 追赶, 追踪, 追随, 追求, 实行, 继续, 从事\nvi. 追赶, 继续",cet4 cet6 ky toefl gre
pursuit,pә'sju:t,"n. 追踪, 追求, 追赶, 娱乐, 职业\n[法] 追捕, 追求",cet4 cet6 ky ielts
purvey,pә'vei,"v. 供给, 供应",gre
push,puʃ,"n. 推, 推动, 奋斗, 攻击, 进取心\nvt. 推, 推动, 使伸出, 推行, 逼迫, 增加\nvi. 推, 推进, 增加, 努力争取",zk gk
pusillanimous,.pju:si'lænimәs,"a. 无勇气的, 胆怯的, 优柔寡断的",gre
put,put,"vt. 放, 摆, 安置, 移动, 发射, 投掷, 写上, 表达, 使从事, 使受到, 驱使, 赋予\nvi. 出发, 航行, 发芽\nn. 掷, 股票出售权, 笨蛋\na. 固定不动的\n[计] 发送文件",zk gk ielts
putative,'pju:tәtiv,"a. 推定的, 被公认的\n[法] 被公认的, 推定的, 假定的",gre
putrefy,'pju:trifai,"v. (使)化脓, (使)腐烂, (使)堕落",gre
putrid,'pju:trid,"a. 腐败的\n[医] 腐败的, 恶臭的",gre
puzzle,'pʌzl,"n. 难题, 迷惑\nvt. 使困惑, 使为难\nvi. 迷惑, 苦思",gk cet4 cet6 ky toefl ielts
puzzled,,"a. 困惑的, 迷惑的",gk
puzzling,'pʌzliŋ,"a. 使迷惑的, 把人难住的",toefl
pygmy,'pigmi,"n. 矮人, 侏儒\na. 矮小的",gre
pyjamas,pә'dʒɑ:mәs,"n. 睡衣裤, 宽松裤",cet6
pylon,'pailɒn,"n. 标塔, 路标塔\n[医] 暂用假肢",gre
pyramid,'pirәmid,"n. 角锥, 金字塔\nv. (使)成金字塔状, (使)渐增, (使)上涨",gk ky toefl
pyre,'paiә,n. (火葬用)柴堆,gre
pyromania,.pairә'meiniә,n. 放火狂\n[医] 放火狂,gre
quack,kwæk,"n. 鸭叫声, 冒牌医生, 冒充内行之人\na. 冒牌医生的\nv. 嘎嘎叫, 当冒牌医生, 夸大广告",gre
quadrangle,'kwɒdræŋgl,"n. 四角形, 四边形, 四方院\n[医] 四角形, 四角器(牙科)",gre
quadrilateral,.kwɒdri'lætәrәl,"a. 四边形的\n[医] 四边形的, 四边形",toefl
quadruped,'kwɒdruped,"n. 四足动物\n[医] 四足的, 四足动物",gre
quaff,kwæf,"v. 狂饮, 大口地喝\nn. 大口喝下的酒, 痛饮",gre
quagmire,'kwæ^maiә,"n. 沼泽地, 泥坑, 泥潭, 泥沼, 沼泽, 困境",gre
quail,kweil,"n. 鹌鹑\nvi. 胆怯, 畏缩",toefl gre
quaint,kweint,"a. 古雅的, 离奇有趣的, 奇怪的",toefl gre
quake,kweik,"vi. 颤抖, 地震\nn. 颤抖, 地震",gk
qualification,.kwɒlifi'keiʃәn,"n. 资格, 条件, 限制\n[计] 限定",gk cet6 ky toefl ielts
qualifications,,n. 职位要求；任职资格；资格证书；限定性条件（qualification的复数形式）,ielts
qualified,'kwɒlifaid,"a. 有资格的\n[经] 合格的, 有条件的, 有限制的",toefl gre
qualify,'kwɒlifai,"vi. 取得资格, 有资格\nvt. 使有资格, 使合格, 限定, 限制, 准予",cet4 cet6 ky toefl ielts
qualitative,'kwɒlitәtiv,"a. 性质的, 质的, 定性的",cet6 ky ielts
quality,'kwɒlәti,"n. 品质, 特性, 才能, 质量\na. 优质的\n[计] 品质",gk cet4 cet6 ky toefl ielts
qualm,kwɒ:m,"n. 晕眩, 不安, 疑虑\n[法] 疑虑, 不安, 内疚",gre
qualms,,n. 良心之谴责；不安,gre
quandary,'kwɒndәri,"n. 困惑, 迷惑, 为难",toefl gre
quantify,'kwɒntifai,"vt. 定量, 用数量表示, 测量",cet6 ky
quantitative,'kwɒntitәtiv,"a. 数量的, 定量的\n[医] 定量的, 数量的",cet6 ky toefl ielts
quantity,'kwɒntәti,"n. 量, 数量, 总量\n[计] 数量; 量",gk cet4 cet6 ky toefl
quantum,'kwɒntәm,"n. 量, 量子\n[计] 量子",gre
quarantine,'kwɒrәnti:n,"n. 隔离, 封锁交通, 检疫期\nvt. 隔离, 排斥",gre
quarrel,'kwɒrәl,"n. 吵架, 反目, 怨言, 方头凿\nvi. 吵架, 争论, 挑剔",gk cet4 cet6 ky
quarry,'kwɒri,"n. 采石场, 方形石, 猎物, 被追求物, 来源\nvt. 挖出, 努力挖掘\nvi. 费力地找",toefl ielts gre
quart,kwɒ:t,n. 夸脱\n[医] 夸脱(四分之一加仑),cet4 cet6 ky
quarter,'kwɒ:tә,"n. 四分之一, 一刻钟, 季度, 地区\nvt. 四等分, 肢解\nvi. 驻扎, 住宿",zk gk toefl ielts
quarterly,'kwɔ:tәli,"a. 季度的, 按季度的, 每季的\nadv. 按季, 每三个月, 每季一次\nn. 季刊",cet4 cet6 ky toefl ielts
quartet,kwɒ:'tet,n. 四重奏\n[计] 四位字节,gre
quartz,kwɒ:ts,n. 石英\n[化] 石英,cet6 ky toefl
quash,kwɒʃ,"vt. 撤销, 平息, 镇压\n[法] 撤销, 废止, 宣布无效",gre
quaver,'kweivә,"vi. 发颤音, 颤抖\nvt. 颤抖地说, 用颤声唱出\nn. 颤抖, 颤声, 八分音符",gre
quay,ki:,"n. 码头, 驳岸\n[经] 贴岸码头",gre
queasy,'kwi:zi,"a. 呕吐的, 使人呕吐的\n[经] 不稳定的",gre
queen,'kwi:n,"n. 王后, 女王\nvt. 立为女王\nvi. 做女王",zk gk cet4 cet6 ky
queer,kwiә,"n. 怪人, 同性恋者\na. 奇怪的, 不舒服的, 可疑的\nvt. 搞糟",cet4 cet6 ky toefl ielts gre
quell,kwel,"vt. 压制, 平息, 减轻",toefl gre
quench,kwentʃ,"vt. 熄灭, 结束, 使冷却, 将...淬火\nvi. 熄灭, 平息",cet6 ky toefl ielts gre
querulous,'kwerulәs,"a. 抱怨的, 爱发牢骚的, 易怒的",gre
query,'kwiәri,"n. 疑问, 疑问号, 质问, 查询\nv. 询问, 质问\n[计] 查询",toefl gre
quest,kwest,"n. 探索, 寻求, 调查\nv. 寻找, 找, 追寻猎物",cet6 ky toefl ielts gre
question,'kwestʃәn,"n. 问题, 询问\nv. 询问, 审问, 怀疑\n[计] 询问",zk gk
questionable,'kwestʃәnәbl,"a. 可疑的\n[法] 可疑的, 有问题的, 不可靠的",cet6 ky toefl
questionnaire,kwestʃә'nєә,"n. 调查表, 问卷\n[经] 调查表",gk cet6 ky toefl ielts
questions,,n. 问题（question的复数）,ielts
queue,kju:,"n. 辫子, 一队人, 队列\nvt. 使排队, 将...梳成辫子\nvi. 排队\n[计] 队列",gk cet4 cet6 ky gre
quibble,'kwibl,"n. 遁词, 双关语\nvi. 吹毛求疵, 争吵, 说模棱两可的话\nvt. 对...诡辩",toefl gre
quick,kwik,"a. 快的, 迅速的, 敏捷的, 灵敏的, 急速的\nadv. 快\nn. 新长出的肉, 要害, 核心, 感觉敏锐部位",zk gk
quicken,'kwikәn,"vt. 加快, 激发, 使有生气, 鼓舞, 使复活\nvi. 加快, 变活跃, 进入胎动期",cet4 cet6
quiescent,kwai'esnt,"a. 静止的, 不活动的, 寂静的\n[医] 静息的, 静止的",toefl gre
quiet,'kwaiәt,"n. 安静, 闲适, 平静\na. 安静的, 静止的, 寂静的, 朴素的, 从容的, 暗中的\nvi. 平静下来\nvt. 使平静, 使平息, 使安心, 安慰",zk gk
quill,kwil,"n. 羽根, 大翎毛, 羽毛笔\nvt. 刺穿",gre
quilt,kwilt,"n. 棉被\nvt. 加软衬料后缝制, 东拼西凑地编\nvi. 缝被子",gk cet4 cet6 ky toefl
quilter,'kwiltә,n. 缝被子的人,toefl
quintessence,kwin'tesns,"n. 精萃, 精华, 典范\n[医] 浓浸膏, 精华",gre
quip,kwip,"n. 妙语, 遁辞, 讽刺\nv. 说讽刺话, 嘲弄",gre
quirk,kwә:k,"n. 古怪举动, 俏皮话, 急转",ky gre
quisling,'kwizliŋ,"n. 卖国贼\n[法] 卖国贼, 内奸, 通敌分子",gre
quit,kwit,"vi. 离开, 辞职, 停止\nvt. 离开, 放弃, 使解除, 停止\nn. 离开\n[计] 结束, 退出",gk cet4 cet6 ky ielts
quite,kwait,"adv. 相当, 完全, 十分",zk gk
quiver,'kwivә,"n. 震动, 颤抖, 箭袋\nvi. 颤抖, 振动\nvt. 使颤动\na. 敏捷的",cet6 ky toefl ielts gre
quixotic,kwik'sɔtik,"a. 堂吉诃德式的, 愚侠的, 狂热而侠义的, 理想而不实际的, 充满幻想的",gre
quiz,kwiz,"n. 考查, 课堂测验, 恶作剧, 智力测验\nvt. 戏弄, 考查, 恶作剧",gk cet4 cet6 ky
quota,'kwәutә,"n. 配额, 限额\n[化] 定额",ky toefl ielts gre
quotation,kwәu'teiʃәn,"n. 引用语, 语录, 牌价, 报价\n[化] 报价",cet4 cet6 toefl
quote,kwәut,"n. 引用\nvt. 引述, 举证, 报(价)\nvi. 引用",cet4 cet6 ky gre
quotidian,kwɒ'tidiәn,"a. 每日的, 每日发作的, 司空见惯的, 平凡的\nn. 日发热",gre
rabbit,'ræbit,n. 兔子\nvi. 猎兔\nvt. 让...见鬼去,zk gk cet4 cet6 ky
rabble,'ræbl,"n. 乌合之众, 暴民, 下层社会, 长柄耙\nvt. 聚众闹事, 用拨火棍搅动",gre
rabid,'ræbid,"a. 猛烈的, 热烈的, 急进的, 狂怒的, 偏激的, 疯狂的\n[医] 狂犬病的, 咬病的",gre
rabies,'reibi:z,"n. 狂犬病\n[医] 狂犬病, 咬病",gre
race,reis,"n. 种族, 人种, 赛跑, 比赛, 急流, 人类, 同道, 姜根\nvi. 赛跑, 竞赛, 疾走\nvt. 与...赛跑, 使疾走, 使猛转\n[计] 竞争; 追赶; 欧州高级通信研究开发计划",zk gk cet4 cet6 ky toefl
racial,'reiʃәl,"a. 人种的, 种族的\n[医] 种族的",gk cet4 cet6 ky
rack,ræk,"n. 架, 行李架, 饲草架, 搁物架, 痛苦, 折磨, 齿条, 行云团\nvt. 把...放在架上, 在架上制作, 折磨, 使痛苦, 压榨, 榨取, 猛烈撕拉, 拷问\nvi. 变形, 倾斜, (云)随风飘, (马)小步跑\n[计] 机架",cet4 cet6 ky toefl ielts
racket,'rækit,"n. 球拍, 喧闹, 杂乱无章\nvi. 喧闹\nvt. 用球拍打",cet4 cet6 ky ielts
racketeer,.ræki'tiә,"n. 敲诈者, 骗子\nv. 诈骗钱财",gre
raconteur,rækɔn'tә:,"n. 说书者, 擅长讲故事的人, 健谈者",gre
racy,'reisi,"a. 保持原味的, 活泼的, 生动的, 为竞赛设计的",gre
radar,'reidә,"n. 雷达, 无线电探测器\n[计] 雷达图",cet4 cet6 ky toefl ielts
radial,'reidiәl,"a. 光线的, 光线状的, 放射状的, 半径的, 径向的\nn. 光线, 射线",cet6
radiant,'reidiәnt,"a. 发光的, 明亮的, 辐射的, 容光焕发的\n[医] 放射的, 辐射的, 辐射物[质]",cet6 ky toefl
radiate,'reidieit,"vt. 放射, 散发, 辐射, 传播, 广播\nvi. 发光, 辐射, 流露\na. 有射线的, 辐射状的",cet4 cet6 ky toefl ielts
radiation,.reidi'eiʃәn,n. 辐射\n[化] 放射,gk cet4 cet6 ky toefl
radiator,'reidieitә,"n. 暖气装置, 散热器, 辐射体\n[化] 散热器",cet6
radical,'rædikl,"n. 激进分子, 词根, 基础, 根式, 根\na. 激进的, 根本的, 基本的, 根的",cet4 cet6 ky toefl ielts
radically,'rædikәli,"adv. 根本地, 完全地",ky toefl
radio,'reidiәu,"n. 无线电, 收音机, 无线电报, 无线电广播, 无线电台\nv. 用无线电发送",zk gk ielts
radioactive,.reidiәu'æktiv,"a. 放射性的, 有放射能的\n[医] 放射性的, 放射的",gk cet4 cet6 ky
radioactivity,.reidiәuæk'tiviti,n. 放射性\n[化] 放射性,cet4 cet6
radish,'rædiʃ,n. 小萝卜,cet4 cet6
radium,'reidiәm,n. 镭\n[化] 镭Ra,gk cet4 cet6
radius,'reidiәs,"n. 半径, 范围, 辐射光线\n[电] 半径",cet4 cet6 ky toefl ielts gre
raffish,'ræfiʃ,"a. 名誉不好的, 无赖的, 卑鄙的, 俗艳的",gre
raffle,'ræfl,"n. 抽彩售货, 废物\nvt. 抽彩售货\nvi. 抽彩",gre
raft,ræft,"n. 筏, 救生筏, 大量\nvi. 乘筏\nvt. 筏运, 制成筏",toefl ielts
rafter,'ræftә,"n. 椽, 筏夫\nvt. 装椽于",gre
rag,ræg,"n. 碎布, 抹布, 碎片, 碎屑, 少量, 破旧衣服\nvt. 责骂, 揶揄, 戏弄\nvi. 喧闹",gk cet4 cet6 ky gre
rage,reidʒ,"n. 愤怒, 情绪激动, 狂暴\nvi. 大怒, 狂吹, 流行",cet4 cet6 ky toefl ielts gre
ragged,'rægid,"a. 衣衫褴褛的, 参差不齐的, 不协调的, 粗糙的, 刺耳的",toefl ielts gre
ragtime,'rægtaim,"n. 雷格泰姆旋律, 散拍乐\na. 滑稽的",toefl gre
raid,reid,"n. 袭击, 突袭, 搜捕\nv. 奇袭, 搜捕\n[计] 廉价磁盘冗余阵列",cet4 cet6 ky toefl ielts gre
rail,reil,"n. 横杆, 围栏, 栏杆, 铁轨, 扶手, 秧鸡\nvt. 以横木围栏, 给...铺铁轨\nvi. 责骂, 抱怨",gk cet4 cet6 ky toefl ielts gre
raillery,'reilәri,"n. 戏谑, 逗趣",gre
railroad,'reilrәud,"n. 铁路, 铁路公司\nvt. 铺设铁路, 用铁路运输\nvi. 在铁路工作",cet4 cet6 ky
railway,'reilwei,"n. 铁路, 轨道\n[经] 铁路",zk gk ielts
rain,rein,"n. 雨, 下雨, 雨天\nvi. 下雨\nvt. 使大量落下",zk gk
rainbow,'reinbәu,n. 彩虹\na. 五彩缤纷的,gk cet4 cet6 ky toefl
raincoat,'reinkәut,n. 雨衣,zk gk ielts
rainfall,'reinfɒ:l,"n. 降雨, 降雨量\n[经] 降雨量",gk toefl ielts
rainforest,'rein'fɔrist,[生态]雨林,cet6
rainwater,'reinwɒ:tә,n. 雨水,ielts
rainy,'reini,"a. 下雨的, 多雨的",zk gk cet4 cet6
raise,reiz,"n. 上升, 高地, 增高\nvt. 升起, 举起, 唤起, 提高, 使出现, 使复活, 提出, 筹集, 饲养",zk gk toefl
raisin,'reizn,n. 葡萄干,cet6 gre
rake,reik,"n. 耙子, 钱耙, 斜度, 浪子\nv. 搜索, 掠过, (用耙子)耙, (使)倾斜",cet4 cet6 ky
rakish,'reikiʃ,"a. 轻快的, 潇洒的, 放荡的",gre
rally,'ræli,"n. 重振旗鼓, 集合, 群众集会, 跌停回升\nv. 重整旗鼓, 集合, 恢复精神, 团结, 挖苦, 嘲笑",cet6 ky toefl ielts gre
ram,ræm,"n. 公羊, 撞锤\nvi. 猛击, 撞\nvt. 猛击, 填塞, 反复灌输\nn. 只读内存, 随机存取内存, 随机存取存储器\n[计] 随机存取存储器",gre
ramble,'ræmbl,"n. 漫步, 随笔\nvi. 漫步, 漫谈, 漫游, 蔓延\nvt. 闲逛于",cet6 ielts gre
rambunctious,ræm'bʌŋkʃәs,"a. 粗暴的, 难控制的, 喧闹的",gre
ramify,'ræmifai,"v. (使)分枝, (使)分叉, (使)成枝岔状",gre
ramp,ræmp,"n. 斜坡, 坡道, 敲诈\nvi. 狂跳乱撞, 乱冲, 敲诈, 蔓延\nvt. 使有斜面, 敲诈",toefl
rampage,'ræmpeidʒ,"n. 乱闹, 乱冲, 暴跳\nvi. 乱闹, 狂暴",gre
rampant,'ræmpәnt,"a. 猖獗的, 蔓生的, 猛烈的, 跃立作扑击状的",toefl ielts gre
rampart,'ræmpɑ:t,"n. 垒, 壁垒, 防御土墙\nvt. 用壁垒围绕, 防卫, 守卫",gre
ramshackle,'ræmʃækl,"a. 象要倒的, 摇晃的, 放荡的",gre
ranch,ræntʃ. rɑ:ntʃ,n. 大牧场\nv. 经营牧场,cet6 toefl
rancher,'ræntʃә,"n. 大农场经营者, 牧场工人",toefl
ranching,ˈrɑ:ntʃɪŋ,n. 经营大牧场,toefl
rancid,'rænsid,"a. 像油脂腐臭味的, 腐臭的\n[医] 酸败的",gre
rancor,'ræŋkә,"n. 敌意, 深仇",toefl gre
random,'rændәm,"n. 随意, 随机\na. 任意的, 随便的, 胡乱的, 随机的\nadv. 胡乱地",gk cet6 ky toefl ielts gre
range,'reindʒ,"n. 排, 行, 山脉, 范围, 行列, 射程\nvt. 排列, 归类于, 使并列, 放牧\nvi. 平行, 延伸, 漫游\n[计] 量程; 范围; 域; 距离",gk cet4 cet6 ky toefl ielts
ranger,'reinʒә,"n. 王室守林人, 骑警, 漫游者",gre
rank,ræŋk,"n. 等级, 排, 横列, 队伍, 阶级\na. 茂密丛生的, 恶臭的, 十足的, 粗俗的\nvt. 排列, 归类于, 把...分等\nvi. 列为, 列队\nn. 秩\n[计] 秩",gk cet4 cet6 ky toefl ielts
rankle,'ræŋkl,"vi. 化脓, 怨恨\nvt. 使怨恨",gre
ransom,'rænsәm,"n. 赎金, 赎身, 赎回\nvt. 赎, 赎身, 赎回, 勒索赎金",toefl ielts gre
rant,rænt,"v. 咆哮, 痛骂\nn. 咆哮, 大话",toefl gre
rap,ræp,"n. 轻敲, 拍击, 责骂, 无价值的东西\nvt. 轻敲, 厉声说出, 叱责, 抢走, 使着迷\nvi. 敲击, 发敲击声, 交谈, 同情\n[计] 随机存取程序, 资源分配处理器, 常驻汇编程序",cet6 ky toefl
rapacious,rә'peiʃәs,"a. 强夺的, 贪欲的, 贪婪的",toefl gre
rape,reip,"n. 抢夺, 掠夺, 强奸, 葡萄渣, 芸苔\nvt. 掠夺, 抢夺, 强奸",ky
rapid,'ræpid,"a. 迅速的, 飞快的, 急促的, 陡的\nn. 急流",zk gk cet4 cet6 ky ielts
rapidity,rә'piditi,"n. 迅速, 急速, 速度",cet6
rapidly,'ræpidli,"adv. 飞快地, 迅速地, 赶紧地",cet4 cet6
rapids,ræpidz,n. 湍流；急流,gre
rapport,ræ'pɒ:,"n. 关系, 融洽, 一致\n[医] 关系, 协调(病人与医师间), 感通(唯心的灵交术时)",gre
rapprochement,ræ'prɔʃmә:ŋ,"n. 和解, 恢复邦交, 恢复友好关系, 重归于好",gre
rapscallion,ræp'skæljәn,"n. 流氓, 恶棍",gre
rapt,ræpt,"a. 全神贯注的, 入迷的, 出神的\nrap的过去式和过去分词",gre
rapture,'ræptʃә,"n. 兴高采烈, 着迷, 欢天喜地, 狂喜\nvt. 使狂喜",cet6 toefl
rare,rєә,"a. 稀罕的, 罕有的, 珍奇的, 稀薄的, 半熟的, 非常好的\nadv. 非常",gk cet4 cet6 ky toefl ielts
rarefaction,.rєәri'fækʃәn,"n. 稀薄化, 稀薄\n[医] 稀疏[状态], 疏松[状态]",gre
rarefy,'rєәrifai,"vt. 使稀少, 使稀薄, 使纯化, 精炼\nvi. 变稀少, 变稀薄",toefl
rarely,'rєәli,"adv. 很少地, 罕有地",cet4 cet6 ky toefl ielts
rascal,'ræskl,"n. 流氓, 无赖, 坏蛋, 淘气鬼\n[法] 流氓, 无赖, 恶棍",cet6 toefl
rash,ræʃ,"a. 轻率的, 匆忙的, 鲁莽的\nn. 皮疹",cet6 ky
rashly,'ræʃli,adv. 轻率地,toefl
rasp,ræsp,"n. 粗锉刀, 刺耳声\nvt. 用粗锉刀锉, 粗声粗气地说\nvi. 粗锉, 锉磨, 发刺耳声",gre
raspy,'ræspi,"a. 刺耳的, 粗糙的, 易怒的",gre
rat,ræt,"n. 鼠, 卑鄙的人, 破坏者, 变节者\nvi. 捕鼠, 变节\nvt. 弄蓬松",zk gk cet4 cet6 ky toefl ielts
rate,reit,"n. 比率, 率, 速度, 价格, 费用, 等级\nvt. 估价, 认为, 鉴定等级, 责骂\nvi. 被评价, 责骂",gk cet4 cet6 ky ielts
rather,'ræðә,"adv. 宁可, 稍微, 相当",zk gk cet4 cet6 ky
ratification,.rætifi'keiʃәn,"n. 批准, 承认, 认可\n[经] 追认, 批准",gre
ratify,'rætifai,"vt. 批准, 认可\n[经] 证实, 肯定, 确认",toefl gre
rating,'reitiŋ,"n. 等级, 额定功率, 责骂\n[经] 等级评定",cet6
ratio,'reiʃәu,"n. 比, 比率\n[医] 比, 比率, 比例",cet4 cet6 ky toefl ielts
ratiocination,.rætiɒsi'neiʃәn,"n. 推理, 推论",gre
ration,'ræʃәn,"n. 定额, 定量, 配给\nvt. 配给, 定量供应",toefl gre
rational,'ræʃәnl,"a. 理性的, 合理的\nn. 有理数",cet4 cet6 ky toefl ielts gre
rationing,'ræʃәniŋ,n. 定量配给\n[经] 限额配给,toefl
rattle,'rætl,"vt. 使嘎嘎响, 喋喋不休地说\nvi. 格格响, 喋喋不休\nn. 格格声, 拨浪鼓, 喋喋不休的话",cet6 toefl gre
rattlesnake,'rætlsneik,n. 响尾蛇\n[医] 响尾蛇,toefl
raucous,'rɒ:kәs,"a. 沙哑的, 粗声的, 喧闹的",toefl gre
ravage,'rævidʒ,"n. 破坏, 蹂躏\nv. 毁坏, 破坏, 掠夺",toefl ielts gre
rave,reiv,"n. 狂吼, 狂暴\nv. 愤怒地说, 叫嚷, 咆哮",ielts gre
ravel,'rævәl,"vt. 使纠缠, 使混乱, 拆开, 弄清\nvi. 散开, 解除\nn. 纠缠的一团, 散纱",gre
raven,'reivn,"n. 渡鸦, 掠夺\na. 乌黑的\nv. 掠夺, 狼吞虎咽",toefl
ravenous,'rævinәs,"a. 贪婪的, 饿极的, 狼吞虎咽的",toefl gre
ravine,rә'vi:n,"n. 峡谷, 冲沟, 溪谷",toefl gre
ravish,'ræviʃ,"vt. 强夺, 夺走, 使出神, 强奸\n[法] 强夺, 抢去, 强奸",toefl gre
ravishing,'ræviʃiŋ,a. 引人入胜的,gre
raw,rɒ:,"n. 擦伤处, 半成品\na. 生的, 未加工的, 生疏的, 不成熟的, 阴冷的, 刺痛的, 擦掉皮的\nvt. 擦伤\n[计] 写后读",gk cet4 cet6 ky toefl ielts
rawhide,'rɒ:haid,"n. 生皮, 生皮鞭\nvt. (用生皮鞭)抽打",toefl
ray,rei,"n. 光线, 射线, 闪烁, 光辉\nvi. 射出光线, 浮现, 放射光线\nvt. 放射, 显出",gk cet4 cet6 ky toefl
rayon,'reiɒn,n. 人造丝\n[化] 人造纤维; 人造丝,toefl
raze,reiz,"vt. 毁灭, 刮去, 把...夷为平地, 消除, 抹去, 破坏",toefl gre
razor,'reizә,n. 剃刀\nvt. 剃,gk cet4 cet6 ky gre
reach,ri:tʃ,"n. 伸出, 延伸, 区域, 范围, 流域, 岬\nvt. 到达, 达到, 伸出, 延伸, 影响\nvi. 达到, 延伸, 伸出手, 传到",zk gk cet4 cet6 ky
react,ri'ækt,"vi. 起反应, 起作用, 反攻\n[医] 应答, 发生反应",gk cet4 cet6 ky toefl
reactant,ri'æktәnt,n. 反应物\n[化] 反应物,gre
reaction,ri'ækʃәn,"n. 反应, 反作用, 反动\n[医] 反应",cet4 cet6
reactionary,ri'ækʃәnәri,"n. 反动分子\na. 反动的, 反动主义的, 反对改革的",gre
reactor,ri'æktә,"n. 反应者, 反应器, 反应堆, 电抗器\n[化] 反应釜; 反应锅",cet6
read,ri:d,"v. 读, 阅读, 理解\na. 有学问的\nn. 读取, 阅读\n[计] 读取",zk gk
reader,'ri:dә,"n. 读者, 读物, 文选, 校对人, 讲师\n[计] 阅读程序; 阅读器",cet4 cet6 ky
readers,,"n. 读者, 读物（reader的复数形式）",ielts
readily,'redili,"adv. 迅速地, 轻易地, 乐意地",cet4 cet6 ky toefl ielts gre
reading,'ri:diŋ,"n. 阅读, 知识, 读物\na. 阅读的",gk cet4 cet6 ky ielts
readjust,.ri:ә'dʒʌst,"vt. 重新调整, 再调整\n[法] 再整理, 再调整",toefl
ready,'redi,"n. 预备好的状态, 现款\na. 准备好的, 备用的, 可以使用的\nadv. 预先, 迅速\nvt. 使准备好",zk gk toefl gre
reagent,ri:'eidʒәnt,"n. 试剂, 反应物\n[化] 试剂",gre
real,'riәl,"a. 真的, 真实的, 实际的, 实在的, 不动(产)的, 实数的\nn. 实数, 现实\nadv. 真正地",zk gk cet4 cet6 ky
realign,",riә'lain","vt.vi. 重新排列, 重新组合",gre
realise,"'riәlaiz,'ri:-","vt. 实现, 认识到, 体会到, 了解, 认清, 使显得逼真, 变卖财产为现钱",zk gk ky
realism,'riәlizm,"n. 写实主义, 现实, 实在论\n[法] 现实主义",toefl
realistic,riә'listik,"a. 现实的, 逼真的, 现实主义的, 实在论的",cet6 ky
reality,ri'æliti,"n. 实在, 事实, 实体, 逼真\n[法] 现实, 实在存在的事物, 实在性",gk cet4 cet6 ky
realization,.riәlai'zeiʃәn,"n. 实现, 领悟, 实得\n[医] 现实化, 实现",cet6 toefl
realize,'riәlaiz,"vt. 了解, 实现, 使显得逼真, 变卖\nvi. 变卖",cet4 cet6 toefl
really,'riәli,"adv. 实际上, 真实地, 实在",zk
realm,relm,"n. 王国, 领土, 领域\n[计] 领域",cet4 cet6 ky toefl ielts gre
ream,ri:m,"n. 令, 大量\nvt. 扩(孔), 榨取, 挖",gre
reap,ri:p,"vt. 收割, 收获, 获得\nvi. 收割, 得到报应",cet4 cet6 ky toefl ielts gre
reaper,'ri:pә,"n. 收割者, 收割机",gre
rear,riә,"n. 后面, 背后, 后方\na. 后面的, 背面的, 后方的\nvt. 养育, 培养, 饲养, 举起, 树立, 栽种\nvi. 高耸, 暴跳",cet4 cet6 ky toefl ielts
rearrange,.ri:ә'reindʒ,"vt. 再排列, 重新整理\n[计] 重新排列; 重新整理",toefl
reason,'ri:zn,"n. 理由, 原因, 理智, 道理, 前提, 理性\nvt. 说服, 推论, 辩论\nvi. 推论, 劝说, 思考",zk gk toefl ielts
reasonable,'ri:znәbl,"a. 合理的, 明理的, 适当的\n[法] 合理的, 公道的, 正当的",gk cet4 cet6 ky ielts
reasoning,'ri:zniŋ,"n. 推论, 推理, 论证\n[化] 推理",ky
reasons,,n. 理由；理智；原因（reason的复数）,ielts
reassurance,.ri:ә'ʃurәns,"n. 安心, 放心, 再保证",ky
reassure,.ri:ә'ʃuә,"vt. 使...安心, 向...再保证\n[法] 重新保证, 再保险, 使清除疑虑",cet6 ky toefl ielts
rebarbative,ri'bɑ:bәtiv,"a. 厌烦的, 令人讨厌的, 难看的",gre
rebate,ri'beit,"n. 部分退款, 折扣\nvt. 退还, 打折扣\nvi. 退还部分付款",toefl gre
rebel,'rebl,"n. 叛徒, 反叛者\nvi. 造反, 反抗, 抵抗, 反感\na. 造反的, 反抗的",cet4 cet6 ky toefl
rebellion,ri'beljәn,"n. 谋反, 叛乱, 反抗\n[法] 造反, 反叛, 叛乱",cet4 cet6 ky toefl
rebellious,ri'beljәs,"a. 造反的, 反抗的\n[法] 造反的, 反抗的, 反判的",toefl gre
rebroadcast,.ri:'brɒ:dkɑ:st,"v. 转播, 重播\nn. 转播, 重播",toefl
rebuff,ri'bʌf,"n. 断然拒绝, 严厉拒绝, 漠不关心\nvt. 严厉拒绝",gre
rebuild,ri'bild,"vt. 改建, 重建, 改造\nvi. 重建",gk toefl
rebuke,ri'bju:k,"n. 指责, 谴责, 非难\nvt. 斥责, 指责, 制止",cet6 toefl gre
rebus,'ri:bәs,"n. 谜, 画谜",gre
rebut,ri'bʌt,"vi. 反驳\nvt. 辩驳, 反驳, 揭露",toefl
rebuttal,ri'bʌtәl,"n. 辩驳, 驳回, 反驳, 反驳的证据, 反证\n[法] 辩驳, 反驳, 驳回",gre
recalcitrant,ri'kælsitrәnt,"a. 反抗的, 反对的, 顽抗的\nn. 反抗者, 顽抗者",gre
recall,ri'kɒ:l,"n. 回忆, 召回, 撤消\nvt. 回想, 回忆, 召回, 撤消, 使恢复\n[计] 检索",cet4 cet6 ky toefl ielts gre
recant,ri'kænt,"vt. 放弃\nvi. 放弃信仰, 撤回声明, 公开认错",toefl gre
recantation,.ri:kæn'teiʃәn,"n. 放弃信仰, 改变论调",gre
recapitulate,.ri:kә'pitjuleit,"v. 重述要点, 概括, 摘要",toefl gre
recast,.ri:'kɑ:st,"vt. 重铸, 重作, 改造\nn. 重铸, 改换角色",gre
recede,ri'si:d,"vi. 向后退, 退却, 收回, 降低, 减弱\n[医] 退缩",ky toefl ielts gre
receipt,ri'si:t,"n. 收据, 收入, 收到\nvt. 开...的收据",gk ielts gre
receive,ri'si:v,"vt. 收到, 接到, 得到, 接待, 迎接, 承受\nvi. 收到, 会客\n[计] 接收",zk gk
receiver,ri'si:vә,"n. 接收器；接受者；收信机；收款员, 接待者",gk cet4 cet6 toefl
recent,'ri:snt,"a. 最近的, 近代的, 最新的\n[经] 最近的, 新进的",zk gk cet4 cet6 ky toefl
recently,'ri:sntli,adv. 最近,cet4 cet6 toefl
receptacle,ri'septәkl,"n. 容器, 花托, 插座\n[医] 容器, [接]受器, 花托",toefl gre
reception,ri'sepʃәn,"n. 接待, 接受, 招待会\n[医] 接受, 感受",gk cet4 cet6 ky toefl ielts
receptionist,ri'sepʃәnist,n. 接待员,gk toefl ielts
receptive,ri'septiv,"a. 能接纳的\n[医] 接受的, 感受的",toefl gre
receptor,ri'septә,"n. 受体, 感觉器官\n[化] 接受器; 受体",toefl
recess,ri'ses,"n. 休息, 休会, 放假, 凹进处, 深处\nvt. 使凹进\nvi. 休假, 休息",gre
recession,ri'seʃәn,"n. 后退, 凹处, 衰退, 归还\n[医] 退缩",cet6 ky toefl ielts gre
recessive,ri'sesiv,"a. 后退的, 逆行的, 隐性的\nn. 隐性性状",gre
recipe,'resipi,"n. 食谱, 处方, 秘诀\n[医] 取(处方头语), 处方",gk cet6 ky toefl ielts gre
recipient,ri'sipiәnt,"a. 领受的, 容易接受的, 感受性强的\nn. 领受者, 容纳者, 容器",cet6 ky toefl ielts gre
reciprocal,ri'siprәkl,"a. 互惠的, 相互的, 相等的, 倒数的, 彼此相反的\nn. 倒数, 互相起作用的事物",cet6 ky toefl ielts gre
reciprocate,ri'siprәkeit,"vt. 回报, 互换, 交换, 报答, 使往复运动\nvi. 往复运动, 回报, 互换, 酬答",gre
recital,ri'saitl,"n. 背诵, 吟诵, 详述\n[法] 叙述, 评述, 列举",toefl ielts gre
recite,ri'sait,"v. 背诵, 朗读, 叙述",zk gk cet4 cet6 ky ielts
reckless,'reklis,"a. 不介意的, 大意的, 鲁莽的, 不顾后果的\n[法] 不注意的, 粗心大意的, 鲁莽的",cet6 ky toefl ielts
reckon,'rekәn,"vt. 计算, 总计, 估计, 认为, 猜想\nvi. 数, 计算, 估计, 依赖, 料想",cet6 ky toefl ielts gre
reclaim,ri'kleim,"vt. 开垦, 改造, 感化, 纠正, 回收\nvi. 喊叫, 抗议",cet6 ky toefl ielts gre
reclamation,.reklә'meiʃәn,"n. 开垦, 教化\n[经] 经济上的复原再造",toefl
recline,ri'klain,"vt. 使斜靠\nvi. 靠, 斜倚, 依赖",ielts gre
recluse,ri'klu:s,"a. 隐遁的, 偏僻的\nn. 隐遁者, 遁世者",toefl gre
recognise,'rekә^naiz,"vt. 认识, 辩认, 认出, 承认, 认可, 清楚地认识到, 自认, 公认, 赏识, 准许某人发言",gk
recognition,.rekәg'niʃәn,"n. 赞誉, 认得, 识别, 承认, 认可, 认识\n[电] 认识",cet4 cet6 ky toefl
recognize,'rekәgnaiz,"vt. 认出, 认可, 承认, 公认, 识别, 赏识\nvi. 承认, 具结",cet4 cet6 ky toefl
recoil,ri'kɒil,"n. 畏缩, 后退, 弹回, 反作用, 后坐力\nvi. 退却, 畏缩, 弹回, 撤退, 反冲, 报应",toefl gre
recollect,.rekә'lekt,"vt. 回忆, 回想, 忆起\nvi. 回忆",cet4 cet6 ky
recollection,.rekә'lekʃәn,"n. 记忆, 回想, 回忆",toefl gre
recombine,.ri:kәm'bain,"vt. 再结合, 重组",gre
recommend,.rekә'mend,"vt. 推荐, 介绍, 劝告, 使受欢迎, 托付\n[经] 建议, 推荐",gk cet4 cet6 ky toefl
recommendation,.rekәmen'deiʃәn,"n. 推荐, 介绍, 推荐信, 劝告\n[经] 建议书",cet4 cet6 toefl ielts
recompense,'rekәmpens,"n. 报偿, 酬金, 赔偿\nvt. 报偿, 赔偿, 报酬",gre
recompose,.ri:kәm'pәuz,"vt. 重组, 修改, 使镇定",toefl
reconcile,'rekәnsail,"vt. 使和解, 调停, 使和谐, 使一致, 使听从\n[经] 对帐, 使一致",cet6 ky toefl ielts gre
reconciliation,",rekәnsili'eiʃәn","n. 和解, 和好, 复交, 调解, 调停, 和谐, 一致, 甘愿, 顺从\n[经] (银行往来)调节, 调和, 一致",toefl
recondite,'rekәndait,"a. 深奥的, 难解的, 隐藏的",gre
reconnaissance,ri'kɒnisәns,"n. 侦察, 勘察队\n[电] 勘查",gre
reconnoiter,.rekә'nɔitә. .ri:-,"vt. 侦察, 勘查",gre
reconstitute,.ri:'kɒnstitju:t,"vt. 重新组成, 重新设立\n[法] 重新构成, 重新组成, 重新设立",gre
reconstruct,.ri:kәns'trʌkt,"vt. 重建, 改造\n[化] 按原样修复",toefl
reconstruction,.ri:kәn'strʌkʃәn,"n. 改造, 再建\n[医] 改建, 改造, 翻造",toefl
record,ri'kɒ:d,"n. 记录, 履历, 档案, 审判记录, 最高纪录, 唱片\nvt. 记录, 记载, 标明, 将...录音\nvi. 记录, 录音, 可被录音\na. 创纪录的\n[计] 录制, 记录",zk gk cet4 cet6 ky ielts
recorder,ri'kɒ:dә,"n. 记录员, 录音机\nn. 记录器\n[计] 宏录制器, 记录器",zk gk cet4 cet6 ky ielts
recording,ri'kɒ:diŋ,"a. 记录的, 记录用的\nn. 录音",toefl ielts
records,,"n. 记录, 录音；唱片, 档案（record的复数形式）",ielts
recount,ri'kaunt,"vt. 详述, 叙述, 重新计算\nn. 重新计算",toefl
recourse,ri'kɒ:s,"n. 求援, 求助, 追索权\n[经] 追索权",toefl gre
recover,ri'kʌvә,"vt. 重新获得, 恢复, 复原, 拯救\nvi. 痊愈, 复原, 胜诉\n[计] 恢复",gk cet4 cet6 ky toefl ielts
recovery,ri'kʌvәri,"n. 恢复, 复原, 痊愈, 重获\n[计] 恢复",cet4 cet6 ky
recreation,.rekri'eiʃәn,"n. 娱乐, 消遣, 休息, 再创造\n[医] 娱乐, 休养",gk cet4 cet6 ky toefl ielts
recreational,.rekri'eiʃәnәl,"a. 消遣的, 娱乐的",toefl
recruit,ri'kru:t,"n. 新兵, 新手, 新会员, 补给品\nvt. 恢复, 补充, 充实, 征募\nvi. 征募新兵, 复原, 得到补充",cet4 cet6 ky toefl ielts gre
recruitment,ri'kru:tmәnt,"n. 新兵征召\n[医] 募集[反应], 募集[现象](生理), 复聪(耳科)",cet6
rectangle,'rektæŋgl,"n. 长方形, 矩形\n[化] 矩形",gk cet6 ky toefl ielts gre
rectangular,rek'tæŋgjulә,a. 成直角的\n[化] 矩形的,cet6 toefl
rectify,'rektifai,"vt. 订正, 矫正, 改正, 调正, 校正, 精馏, 整流\n[化] 精馏",cet6 ky toefl ielts gre
rectitude,'rektitju:d,"n. 正直, 纯正, 正确\n[法] 公正, 正直, 严正",gre
recumbent,ri'kʌmbәnt,"a. 斜靠着的, 躺着的, 不活泼的, 休息着的\n[医] 斜卧的, 躺着的",gre
recuperate,ri'kju:pәreit,"vt. 恢复, 使复原, 使恢复健康, 使恢复精神\nvi. 复原, 恢复健康, 挽回损失",gre
recur,ri'kә:,"vi. 复发, 回到, 重现, 再来, 诉诸, 采用, 循环",cet6 ky toefl
recurrence,ri'kʌrәns,"n. 再现, 再发生, 反复, 循环\n[医] 复发, 再发",cet6 ky
recurrent,ri'kʌrәnt,"a. 再发生的, 定期重复的, 循环的\n[医] 复发的, 再发的, 回归的",ky
recurring,,"[计] 循环的\n[医] 复发的, 再发的",toefl
recycle,.ri:'saikl,"vt. 使再循环, 重新利用, 再制\nn. 再循环",gk cet6 ky toefl ielts
recycled,ˌri:ˈsaikld,v. 回收利用( recycle的过去式和过去分词 ); 再利用; 再次应用; 重新使用（概念、方法、玩笑等）,ielts
recycling,,[电] 再循环,ielts
red,red,"a. 红的, 红色的, 红肿的, 流血的\nn. 红色, 红颜料, 赤字\n[计] 简化, 减少",zk gk
reddish,'rediʃ,"a. 微红的, 略带红色的",toefl
redeem,ri'di:m,"vt. 赎回, 挽回, 恢复, 偿还, 补偿\n[经] 履行(契约), 买回, 赎回",toefl ielts gre
redemptive,ri'demptiv,"a. 赎回的, 救世的, 赎身的",gre
redirect,.ri:di'rekt,"vt. 重新寄送, 使改道, 使改方向\n[计] 重定向, 重新引导",gk toefl gre
redistribution,'ri:distri'bju:ʃәn,"n. 重新分配, 再分发\n[计] 重新分配",gre
redolent,'redәulәnt,"a. 芬芳的, 有...香味的, 令人想起...的",gre
redoubtable,ri'dautәbl,"a. 可怕的, 厉害的, 可敬的",gre
redress,ri'dres,"n. 赔偿, 补救, 矫正\nvt. 纠正, 赔偿, 救济",toefl gre
reduce,ri'dju:s,"vt. 减少, 分解, 降低, 使衰退, 把...分解, 把...归纳\nvi. 减少, 减肥, 缩小\n[计] 缩小",gk cet4 cet6 ky toefl
reduction,ri'dʌkʃәn,"n. 减少, 缩影, 变化\n[化] 还原",cet4 cet6 ky toefl
redundancy,ri'dʌndәnsi,"n. 过多, 冗长, 累赘, 多余, 冗余位, 冗余度, 冗余码, 多余信息\n[计] 冗余",ky gre
redundant,ri'dʌndәnt,"a. 多余的, 过多的, 冗长的\n[医] 过多的, 多余的",cet6 ky toefl ielts gre
reed,ri:d,"n. 芦苇, 芦笛, 簧舌, 纤弱的人\nvt. 用芦苇盖, 用小凸嵌线装饰",cet4 cet6 ky toefl gre
reedy,'ri:di,"a. 芦苇丛生的, 芦苇做的, 芦苇状的",gre
reef,ri:f,"n. 暗礁, 礁, 缩帆\nv. 缩(帆)",cet6 toefl
reek,ri:k,"n. 烟, 水蒸气, 臭气散发\nvi. 冒烟, 发臭气, 散发\nvt. 用烟熏, 散发",toefl gre
reel,ri:l,"n. 卷轴, 一卷, 纺车, 旋转, 蹒跚\nvt. 卷...于轴上, 绕, 使旋转\nvi. 蹒跚地走, 旋转, 眩晕, 摇晃, 退缩\n[计] 卷; 盘",cet4 cet6 ky toefl ielts gre
refectory,ri'fektәri,n. 餐厅,gre
refer,ri'fә:,"vt. 提交, 归诸于, 把...提交, 使求助于\nvi. 提到, 涉及, 查阅, 查询, 咨询",gk cet4 cet6 ky toefl
referee,.refә'ri:,"n. 仲裁人, 调解人, 裁判员\nv. 仲裁, 裁判",gk cet6 ky ielts gre
referees,ˌrefəˈri:z,n. 裁判员( referee的名词复数 ); 证明人; 公断人; （专业性强的文章的）审阅人,ielts
reference,'refәrәns,"n. 参考, 索引, 参照\nvt. 给...加上参考资料\nvt. 引用\nvi. 引用\n[计] 引用",gk cet4 cet6 ky ielts
referendum,.refә'rendәm,n. （就重大政治或社会问题进行的）全民公决，全民投票,ielts
refine,ri'fain,"vt. 精炼, 净化, 使优雅, 使精炼\nvi. 被精炼, 被净化",cet4 cet6 ky toefl ielts
refined,ri'faind,"a. 精炼的, 优雅的, 精细的\n[医] 精制过的, 精练过的",toefl
refinement,ri'fainmәnt,"n. 精致, 高尚, 精巧\n[医] 精制, 精练",toefl
refinery,ri'fainәri,n. 精炼厂\n[化] 精炼厂炼糖厂,cet6 gre
reflect,ri'flekt,"vt. 反射, 反映, 招致, 深思\nvi. 被反射, 映出, 深思, 考虑, 指责",gk cet4 cet6 ky gre
reflectance,ri'flektәns,n. 反射比\n[电] 反射本领,ielts
reflection,ri'flekʃәn,"n. 反映, 沉思, 映像, 想法, 责难\n[计] 反射",cet4 cet6 ky toefl
reflexion,ri'flekʃәn,"[医] 反射[作用], 反折",cet4 cet6
reform,ri'fɒ:m,"n. 改革, 改正, 改造\nvt. 改革, 改过, 革新, 重整\nvi. 革新, 改过",gk cet4 cet6 ky toefl ielts
reformer,ri'fɒ:mә,"n. 改革家, 改革运动者\n[化] 转化炉; 转化器; 重整器; 重整炉",toefl
reformism,ri'fɒ:mizm,n. 改良主义,toefl
refraction,ri'frækʃәn,"n. 折光, 折射\n[医] 折射, 屈光",toefl gre
refractory,ri'fræktәri,"a. 不听话的, 执拗的, 难治疗的, 耐火的\n[医] 不应的(期), 难治的, 顽固性的",gre
refrain,ri'frein,"n. 重复的话, 叠句, 副歌\nvi. 节制, 避免, 克制",cet6 ky ielts gre
refresh,ri'freʃ,"vt. 使清新, 使恢复, 使生气蓬勃\nvi. 提起精神, 恢复精神, 吃点心, 喝饮料\nvt. 刷新, 重新整理\nvi. 刷新, 重新整理\n[计] 刷新, 重新整理",gk cet4 cet6 ky toefl gre
refreshing,ri'freʃiŋ,"a. 使清爽的, 有精神的, 爽快的",toefl ielts
refreshment,ri'freʃmәnt,"n. 点心, 起提神作用的事物, 精神爽快",cet4 cet6 ky toefl ielts
refreshments,,n. 茶点；点心；小吃,gk ielts
refrigerant,ri'fridʒәrәnt,"a. 冷冻的, 冷却的, 清凉的\nn. 清凉剂, 冷却剂, 冷冻剂\n[计] 致冷剂",toefl
refrigerate,ri'fridʒәreit,"vt. 使冷却, 使清凉, 冷藏\n[机] 冷冻",toefl
refrigeration,ri.fridʒә'reiʃәn,"n. 冷却, 冷藏, 冷冻\n[计] 致冷",toefl
refrigerator,ri'fridʒәreitә,"n. 电冰箱, 冷藏库\n[计] 冷冻机; 致冷器",gk cet4 cet6 toefl
refuge,'refju:dʒ,"n. 避难所, 安全地带, 避难, 庇护\nvi. 躲避\nvt. 给予...庇护",cet4 cet6 ky toefl
refugee,.refju'dʒi:,"n. 难民, 流亡者\n[法] 避难者, 流亡者, 难民",cet6 ky ielts gre
refulgent,ri'fʌldʒәnt,"a. 辉煌的, 灿烂的",gre
refund,'ri:fʌnd,"n. 偿还\nvt. 付还, 偿还借款\nvi. 归还, 偿还",ky toefl ielts
refurbish,.ri:'fә:biʃ,"vt. 再磨光, 刷新",toefl gre
refusal,ri'fju:zl,"n. 拒绝, 推却, 优先决定权\n[法] 拒绝, 谢绝, 取舍权",gk cet4 cet6 ky ielts
refuse,ri'fju:z,"vt. 拒绝, 谢绝\nvi. 拒绝\nn. 废物\na. 扔掉的, 无用的",zk gk cet4 cet6 ky toefl
refute,ri'fju:t. ri:-,"vt. 反驳, 驳斥；驳倒",cet4 cet6 ky toefl gre
regal,'ri:gl,"a. 帝王的, 适于帝王的",gre
regale,ri'geil,"vt. 款待, 使快乐\nvi. 享用\nn. 盛宴, 佳肴, 款待",gre
regard,ri'gɑ:d,"n. 关心, 注意, 尊敬, 关系, 问候\nvt. 视为, 注意, 考虑, 和...有关, 看待\nvi. 注视, 注意",zk gk cet4 cet6 ky toefl
regarding,ri'gɑ:diŋ,prep. 关于,cet4 cet6 ky ielts
regardless,ri'gɑ:dlis,"a. 不管, 不注意, 不顾",gk cet4 cet6 ky toefl ielts
regards,,"n. 问候, 致意",gk
regenerate,ri'dʒenәreit,"vt. 使再生, 重建, 革新\nvi. 新生, 再生\na. 新生的, 再生的\n[计] 再生; 重写",cet6 ky toefl
regeneration,ri.dʒenә'reiʃәn,"n. 再生, 重建\n[化] 再生作用",toefl ielts
regenerative,ri'dʒenәreitiv,"a. 再生的, 更生的, 更新的\n[医] 再生的",cet6
regent,'ri:dʒәnt,"n. 摄政者, 摄政王\na. 摄政的",gre
regime,rei'ʒi:m,"n. 政权, 当权期间, 政体, 社会制度, 体制, 情态\n[医] 制度, 生活制度",cet6 ky toefl ielts gre
regimen,'redʒimen,"n. 养生法, 常规强化训练课, 体制, 情态\n[医] 制度, 生活制度",toefl
regiment,'redʒimәnt,"n. （军队）团, 大量（人或物）\nv. 组编成团，组织，严格管制",cet6 gre
regimentation,.redʒimen'teiʃәn,"n. 团的编制, 系统化, 严格控制\n[法] 组成, 编组, 统制",toefl
region,'ri:dʒәn,"n. 区域, 地带, 地区, 领域, 范围, 区\n[计] 区, 区域",cet4 cet6 ky ielts
regional,'ri:dʒәnәl,"a. 地方的, 地域性的\n[医] 区的, 部位的",toefl ielts
register,'redʒistә,"n. 寄存器, 记录, 登记簿, 注册\nvt. 记录, 注册, 提示, 表达, 把...挂号\nvi. 登记, 注册, 挂号\n[计] 寄存器",gk cet4 cet6 ky toefl ielts
registrar,'redʒistrɑ:,"n. 记录者, 登记者, 登记官员\n[医] 登记员, 挂号员, 专科住院医师",ielts
registration,.redʒi'streiʃәn,"n. 登记, 挂号, 注册\n[计] 登记; 定位; 对齐; 记录",ielts
regress,'ri:^res,"n. 退回, 复归权, 回归, 倒退, 退步, 退化, 退行\nvi. 退回, 复归, 回归, 倒退, 退步, 退化, 退行",gre
regressive,ri'gresiv,"a. 后退的, 退化的, 回归的\n[医] 退化的, 退行的, 消退的, 回归的",gre
regret,ri'gret,"n. 遗憾, 后悔, 悔恨, 抱歉, 歉意\nvt. 为...感到遗憾, 后悔, 惋惜, 懊悔, 抱歉\nvi. 感到抱歉",zk gk cet4 cet6 ky
regular,'regjulә,"a. 规则的, 常例的, 有秩序的, 整齐的, 等边的, 定期的, 经常的, 合格的, 常备军的\nn. 正规军, 正式队员\nadv. 经常地\nn. 正常体\n[计] 正常体",gk cet4 cet6 ky toefl ielts
regularity,.regju'læriti,"n. 规则性, 匀整, 正规, 经常\n[医] 规律性",cet6
regularly,'regjulәli,"adv. 有规则地, 一丝不苟地, 正式地",cet4 cet6 ielts
regulate,'regjuleit,"vt. 管理, 控制, 调节, 调整, 校准\n[经] 控制, 管理",cet4 cet6 ky toefl ielts gre
regulation,.regju'leiʃәn,"n. 规则, 管理, 调整\n[计] 调整; 规章; 规则; 调节",gk cet4 cet6 ky toefl ielts
regulations,,n. 章则；条例；规程（regulation的复数）,ielts
regulatory,'regjulәtәri,"a. 受控制的, 统制的, 调整的\n[经] 规则的",toefl
rehabilitate,.ri:hә'biliteit,"vt. 恢复原状, 修复, 使康复\n[法] 恢复, 使恢复心理健康, 修复",toefl ielts gre
rehabilitation,"'ri:(h)ә,bili'teiʃәn","n. 复原\n[医] 复原, 恢复, 康复",toefl
rehearsal,ri'hә:sl,"n. 预演, 排演, 练习, 叙述, 复述\n[法] 详述, 列举事实, 复述",cet4 cet6 ky ielts gre
rehearse,ri'hә:s,"vt. 预演, 排演, 使熟练掌握, 练习, 复述\nvi. 排练, 练习, 演习",toefl gre
reheating,ri:'hi:tiŋ,[机] 重热,toefl
reign,rein,v. 为王，为君；当政；统治\nn. 为王，为君；当政；统治,cet4 cet6 ky toefl ielts gre
reigning,'reiniŋ,a. 统治的；在位的；本届的；起支配作用的,toefl
reimburse,.ri:im'bә:s,"vt. 付还, 偿还, 赔偿\n[经] 偿付, 赔还, 付还; 偿还",cet6 toefl ielts gre
rein,rein,"n. 缰绳, 统治, 支配\nvt. 驾驭, 以缰绳控制, 控制\nvi. 勒住马",cet4 cet6 ky gre
reincarnate,.ri:in'kɑ:neit,"vt. 使转世化身, 使重新体现\na. 转世化身的, 再生的",gre
reinforce,.ri:in'fɒ:s,"vt. 加强, 增援, 补充\nvi. 求援, 得到增援\nn. 加固材料",cet4 cet6 ky toefl ielts gre
reinforced,,a. 加强的；加固的；加筋的,ielts
reinstate,.ri:in'steit,"vt. 使复原, 使恢复, 使复立",gre
reinterpretation,ˌri:ɪnˌtɜ:prɪ'teɪʃn," 重新解释, 纠正性说明",toefl
reiterate,ri:'itәreit,"vt. 反复地说, 重申, 反复地做\n[法] 重述, 重申, 反覆地做",toefl gre
reject,ri'dʒekt,"n. 被拒之人, 被弃之物, 不合格品, 次品\nvt. 拒绝, 抵制, 否决, 驳回, 丢弃, 呕出",gk cet4 cet6 ky toefl
rejection,ri'dʒekʃәn,"n. 拒绝, 抛弃, 驳回, 被抛弃的东西, 呕出物\n[化] 报废; 拒收",cet6 toefl
rejoice,ri'dʒɒis,"vt. 使欢喜\nvi. 欣喜, 高兴, 庆祝",cet4 cet6 ky ielts gre
rejoin,ri'dʒɒin,"vt. 使再结合, 再加入, 回答\nvi. 重新聚合, 回答, 第二次答辩",gre
rejoinder,ri'dʒɒindә,"n. 回答, 答辩, 答复\n[法] 答辩, 反驳, 第二次答辩",gre
rejuvenate,ri'dʒu:vineit,"vt. 使年轻, 使复原, 使恢复精神\nvi. 返老还童, 复原",cet6 toefl gre
rekindle,.ri:'kindl,"vt. 再点火, 重新激起\nvi. 重新燃烧",toefl
relapse,ri'læps,"n. 回复, 故态复萌, 复发\nvi. 故态复萌, 再陷邪道, 再度堕落",toefl ielts gre
relate,ri'leit,"vt. 讲, 叙述, 使互相关联\nvi. 有关, 符合, 相处得好",gk cet4 cet6 ky gre
related,ri'leitid,"a. 讲述的, 叙述的；有关系的, 有关联的",ielts
relation,ri'leiʃәn,"n. 关系, 联系, 叙述, 故事, 家属, 亲戚\n[计] 关系",zk gk cet4 cet6 ky
relations,,"n. 交往, 关系, 事务",ielts
relationship,ri'leiʃәnʃip,"n. 关系, 关联\n[医] 关系",gk cet4 cet6 ky ielts
relative,'relәtiv,"n. 亲戚, 关系词\na. 有关系的, 相对的, 比较的",gk cet4 cet6 ky
relatively,'relәtivli,"adv. 相对地, 比较地, 相当地, 相关地\n[计] 相对地",cet4 cet6
relativity,.relә'tiviti,"n. 有关系, 相关性, 相对性\n[化] 相对性",cet4 cet6 ky
relax,ri'læks,"vi. 放松, 松懈, 松弛, 变从容, 休息, 休养\nvt. 使松弛, 缓和, 使松懈, 使休息",zk gk cet4 cet6 ky toefl
relaxation,.ri:læk'seiʃәn,"n. 松弛, 放松, 减轻, 缓和, 休息, 休养\n[化] 松弛; 驰豫",toefl ielts gre
relaxed,ri'lækst,"a. 松懈的, 不严密的, 不严格的, 放松的, 得到休息的, 随意的, 不拘束的, 自在的",toefl
relay,'ri:lei,"n. 驿马, 替班, 中继, 接力\nvt. 分程传递, 转播, 使接替\nvi. 接力传送, 转播",gk cet6 ky toefl ielts
release,ri'li:s,"n. 释放, 发泄, 豁免, 发行, 释放证书\nvt. 释放, 解除, 放松, 豁免, 免除, 发布, 放弃, 让与\nn. 发布\n[计] 版本, 发布",cet4 cet6 ky toefl ielts gre
relegate,'religeit,"vt. 驱逐, 使降低地位, 把...归类, 把...委托给\n[法] 流放, 判流放刑, 驱逐",cet6 gre
relent,ri'lent,"vi. 变宽厚, 变温和, 动怜悯之心",gre
relenting,ri'lentiŋ,"v. 怜悯, 变温和, 变宽厚( relent的现在分词 ); 堆成垛( rick的过去式和过去分词 )",gre
relentless,ri'lentlis,"a. 无情的, 冷酷的, 残酷的",toefl ielts gre
relevance,'relivәns,n. 中肯；关联；相关性,toefl gre
relevant,'relivәnt,"a. 有关联的, 有关系的, 适当的, 相应的\n[法] 有关的, 相关的",gk cet4 cet6 ky toefl ielts
reliability,ri.laiә'biliti,"n. 信度, 可靠性\n[计] 可靠性",cet4 cet6 toefl
reliable,ri'laiәbl,"a. 可靠的, 可信赖的\n[法] 可靠的, 可信赖的, 确实的",gk cet4 cet6 ky toefl ielts
reliance,ri'laiәns,"n. 信任, 信赖, 受信赖的人(或事)\n[法] 信任, 信赖, 信心",cet4 cet6 ky toefl gre
reliant,ri'laiәnt,"a. 依赖的, 信赖的",toefl
relic,'relik,"n. 遗物, 遗迹, 纪念物, 遗风, 残留物",toefl gre
relief,ri'li:f,"n. 减轻, 解除, 救济, 安慰, 调剂, 浮雕, 换班, (地势的)起伏\n[医] 缓减, 减轻, 浮雕(绘画中)",gk cet4 cet6 ky toefl ielts
relieve,ri'li:v,"vt. 减轻, 救济, 解除, 使免除, 换...的班, 使得到调剂, 使不单调, 衬托, 使显著\nvi. 救济, 当替补投手, 呈鲜明突出",cet4 cet6 ky toefl
relieved,ri'li:vd,"a. 宽慰的, 解除的, 减轻的",toefl gre
religion,ri'lidʒәn,"n. 宗教, 信仰\n[法] 宗教, 宗教信仰, 信仰",gk cet4 cet6 ky toefl ielts gre
religious,ri'lidʒәs,"a. 宗教性的, 虔诚的, 宗教上的, 严谨的\nn. 修道士, 出家人",gk cet4 cet6 ky toefl
relinquish,ri'liŋkwiʃ,"vt. 放弃, 撤回, 停止, 松开, 让与\n[法] 让与, 把...交给, 放弃",toefl ielts gre
relish,'reliʃ,"n. 滋味, 风味, 美味, 爱好, 食欲, 调味品\nvt. 调味, 喜欢, 玩味\nvi. 有味道",ky gre
reluctant,ri'lʌktәnt,"a. 不情愿的, 勉强的\n[法] 不愿的, 勉强的, 难以处理的",cet4 cet6 ky toefl ielts
rely,ri'lai,"vi. 信赖, 依赖, 信任",gk cet4 cet6 ky toefl ielts
remain,ri'mein,"vi. 保持, 逗留, 剩余\n[法] 停留, 居住, 继续",zk gk cet4 cet6 ky
remainder,ri'meindә,"n. 剩余物, 其他人, 残余, 余数\nv. 削价出售(图书)\na. 剩余的, 出售削价剩书的\n[计] 余数",cet6 ky toefl gre
remaining,,[电] 剩余的,toefl
remains,ri'meins,"n. 剩余物, 废墟, 残余\n[法] 遗体, 尸体, 遗骸",cet4 cet6 ky gre
remark,ri'mɑ:k,"n. 评论, 注意\nvt. 评论, 注意\nvi. 评论, 谈论\n[计] 注释",gk cet4 cet6 ky toefl ielts
remarkable,ri'mɑ:kәbl,"a. 不平常的, 值得注意的, 显著的",cet4 cet6 ky toefl ielts
remarkably,ri'mɑ:kәbli,"adv. 显著地, 引人注目地, 非常地",toefl
remedy,'remidi,"n. 药物, 治疗法, 治疗, 补救, 赔偿\nvt. 治疗, 补救, 矫正, 改善, 修补, 修缮",cet4 cet6 ky toefl ielts
remember,ri'membә,"vt. 记得, 回忆起, 记住, 铭记, 纪念\nvi. 记得",zk gk
remind,ri'maind,"vt. 提醒, 使想起",gk cet4 cet6 ky toefl ielts
reminder,ri'maindә,"n. 提醒的人, 暗示\n[经] 催单",toefl gre
reminisce,.remi'nis,"vt. 追忆说\nvi. 追忆往事, 话旧",gre
remiss,ri'mis,"a. 怠慢的, 不小心的, 没精打采的, 疏忽的",gre
remission,ri'miʃәn,"n. 宽恕, 豁免, 免罪, 缓和, 减轻\n[医] 缓解, 弛张",gre
remit,ri'mit,"vt. 宽恕, 赦免, 免除, 汇出, 缓解, 减轻, 把...提交, 使恢复原状, 推迟\nvi. 缓解, 汇款\nn. 移交的事物",toefl gre
remittance,ri'mitns,"n. 汇款\n[经] 汇款, 寄款, 支付(金额)",ielts gre
remittent,ri'mitәnt,"a. 张弛性的, 缓解的\nn. 弛张热",gre
remnant,'remnәnt,"n. 剩余, 零料, 遗迹\na. 剩余的, 残余的",cet6 ky toefl ielts gre
remonstrance,ri'mɒnstrәns,"n. 抗议, 忠告, 规劝\n[法] 抗议, 抗辩, 规劝",gre
remonstrate,ri'mɒnstreit,"vi. 表示异议, 抗议, 责备\nvt. 抗议地说",gre
remorse,ri'mɒ:s,"n. 懊悔, 良心不安, 自责, 同情\n[法] 悔恨, 自责, 懊悔",ielts gre
remote,ri'mәut,"a. 遥远的, 偏僻的, 疏远的, 微少的\n[计] 远程, 远程访问实用程序",gk cet4 cet6 ky toefl
removal,ri'mu:vl,"n. 移动, 移居, 迁移, 排除, 切除\n[医] 切除, 除去",cet4 cet6 ky ielts
remove,ri'mu:v,"vt. 移动, 调动, 除去, 迁移, 开除, 移交\nvi. 迁移, 移动, 搬家\nn. 班级, 升级, 移动, 搬家, 间距\n[计] 删除",gk cet4 cet6 ky toefl gre
remunerate,ri'mju:nәreit,"vt. 给与报酬, 赔偿, 酬劳",gre
remunerative,ri'mju:nәreitiv,"a. 有报酬的, 有利可图的, 合算的",gre
renaissance,ri'neisәns,"n. 复活, 复兴, 文艺复兴\na. 文艺复兴的",cet6 ky toefl ielts
renascent,ri'næsnt,"a. 再生的, 复活的",gre
rend,rend,"vt. 分裂, 劈开, 强夺, 撕碎, 划破\nvi. 撕开, 裂开",toefl gre
render,'rendә,"vt. 回报, 给于, 付给, 汇报, 提出, 舍弃, 反映, 表示, 表演, 致使, 执行, 实施\nvi. 给予补偿\nn. 交纳, 打底",cet4 cet6 ky toefl ielts gre
rendering,'rendәriŋ,"n. 翻译, 表现, 描写, 表演, 打底, 透视图",toefl gre
rendezvous,'rɒndivu:,"n. 约会, 约会地点\nv. 集合, 集结, 在约定场所会面\n[计] 会合",ielts gre
rendition,ren'diʃәn,"n. 译文, 施舍, 表演\n[经] 生产量",toefl gre
renegade,'renigeid,"n. 背教者, 变节者, 脱党者\na. 背弃的, 脱离的, 叛徒的\nvi. 背叛, 背弃, 脱离",gre
renege,ri'ni:g,"vi. 违例出牌, 食言, 毁约\nvt. 否认, 放弃, 拒绝\nn. 出牌违例",gre
renew,ri'nju:,"vt. 使更新, 使恢复, 复兴, 修补, 补充, 继续, 重订, 重申, 续借\nvi. 更新, 重新开始",cet4 cet6 ky toefl
renewable,ri'nju(:)әbl,"a. 可更新的, 可恢复的, 可继续的, 可换新的, 可重复的, 可重说的\n[计] 可更新, 可再生的",toefl
renewal,ri'nju:әl,"n. 更新, 革新, 复兴, 恢复, 修补, 补充, 继续, 重订, 重申, 续借\n[经] 更新, 换新, 重申",toefl ielts
renounce,ri'nauns,"vt. 拒绝, 放弃, 否认, 垫牌\nvi. 垫牌, 声明放弃权利\nn. 垫牌",toefl gre
renovate,'renәuveit,"vt. 更新, 革新, 刷新, 修复, 使恢复活力",ky toefl gre
renovation,.renәu'veiʃәn,"n. 革新, 刷新, 修理\n[化] 改建",cet6 toefl ielts
renown,ri'naun,"n. 名声, 声望\nvt. 使有声望",gre
renowned,ri'naund,"a. 有名的, 有声誉的",toefl ielts
rent,rent,"n. 租金, 房租, 出租物, 裂缝, 破裂处, 分裂\nvt. 租用, 租出\nvi. 出租\na. 分裂的, 破裂的\nrend的过去式和过去分词",gk cet4 cet6 ky toefl ielts gre
rentable,,"a. 可租的, 可收租金的\n[法] 可租的, 可收租金的",toefl
rental,'rentl,"n. 租费, 租金收入\na. 租赁的, 收取租金的",toefl ielts
renunciate,ri'nʌnsieit,"v. 放弃, 抛弃, 宣布中止",gre
renunciation,ri.nʌnsi'eiʃәn,"n. 放弃, 废弃, 弃权, 脱离关系\n[法] 放弃, 抛弃, 脱离关系",toefl
reorient,.ri:'ɒ:rient,"vt. 使适应, 再调整",toefl
repair,ri'pєә,"n. 修理, 补救, 修复\nvt. 修理, 修补, 补救, 恢复, 补偿\nvi. 修理, 修补, 补救, 恢复, 去, 常去, 集合",zk gk cet4 cet6 ky toefl ielts
repairs,,n. 备件；修理；修理费；修理工作（repair的复数形式）,gk
reparable,'repәrәbl,"a. 可修缮的, 可赔偿的, 可补偿的\n[法] 可修补的, 可补救的, 可纠正的",gre
reparation,.repә'reiʃәn,"n. 补偿, 赔偿, 弥补, 修复, 修理\n[经] 赔偿, 补偿, 修理",gre
repartee,",repɑ:'ti:","n. 机敏巧妙的回答, 妙语, 机智的反驳, 巧辩, 敏捷答辩的才能",gre
repatriate,ri:'pætrieit,vt. 把...遣返\nvi. 回国\nn. 被遣返回国者,ielts gre
repay,ri'pei,"v. 偿还, 报答, 报复",cet6 ky
repeal,ri'pi:l,"n. 废止, 撤消\nvt. 废止, 撤消, 放弃",cet6 gre
repeat,ri'pi:t,"n. 重复, 反复\nvt. 重做, 重复, 复述, 使再现, 复制\nvi. 重复\n[计] 重复",zk gk cet4 cet6 ky toefl
repeatedly,ri'pi:tidli,"adv. 重复地, 再三地",cet4 cet6 ky
repel,ri'pel,"vt. 逐退, 抵制, 使厌恶, 抗御\nvi. 使厌恶, 相互排斥",cet6 ky toefl ielts gre
repellent,ri'pelәnt,"a. 抵抗的, 排斥的, 令人讨厌的, 防水的\nn. 防水布, 防护剂",gre
repent,ri'pent,"vi. 后悔, 懊悔, 忏悔\nvt. 后悔\na. 匍匐生根的",cet4 cet6 ky ielts gre
repercussion,.ri:pә'kʌʃәn,"n. 弹回, 反响, 反射\n[医] 消退[法], 消肿[法], 浮动诊胎法",gre
repertoire,'repәtwɑ:,"n. 全部剧目, 全部技能, 全部节目, 全部作品",cet6 ky toefl ielts gre
repertory,'repәtәri,"n. 仓库, 库存, 储备, 保留剧目轮演",toefl
repetition,.repi'tiʃәn,"n. 重复, 背诵, 循环, 复制品, 副本\n[机] 重复, 反复",cet4 cet6 ky toefl ielts
repetitive,ri'petitiv,"a. 重复的, 反复性的",toefl
repine,ri'pain,"vi. 抱怨, 发牢骚, 向往",gre
replace,ri'pleis,"vt. 代替, 替换, 放回, 归还\n[计] 替换; DOS外部命令:取代或更新文件",gk cet4 cet6 ky toefl
replacement,ri'pleismәnt,"n. 归还, 更换, 代替者\n[医] 复位, 置换",cet6 ky ielts
replenish,ri'pleniʃ,"vt. 把...重新补足, 把...再装满\nvi. 被再装满, 充满",toefl gre
replete,ri'pli:t,"a. 装满的, 充满的, 充实的, 吃饱的",gre
replica,'replikә,n. 复制品\n[计] 目录分区复制,toefl gre
replicate,'replikeit,"vt. 折叠, 折转, 复制\nn. 复现试验, 复制品, 高八度音\na. 复现的, 复制的, 折转的, 弯回的",toefl
reply,ri'plai,"n. 答复, 回答, 答辩\nvi. 答复, 回答, 回击, 反响, 答辩\nvt. 回答\n[计] 答复",zk gk cet4 cet6 ky
report,ri'pɒ:t,"n. 报告, 报道, 传说, 案情报告, 爆炸声, 成绩单\nvt. 报告, 汇报, 转述, 报道, 揭发, 使报到\nvi. 报告, 写报道, 报到\n[计] 报告",zk gk ielts
reportage,.repɒ:'tɑ:ʒ,"n. 新闻报道, 报告文学",gre
reporter,ri'pɒ:tә,"n. 记者, 报告者\n[化] 指示器",gk cet4 cet6 ky
reportorial,.repә'tɒ:riәl,"a. 记者的, 报道的",gre
reports,,n. 报表；专题；报告（report的复数）,ielts
repose,ri'pәuz,"n. 休息, 睡眠, 静止\nvt. 使休息, 寄托于\nvi. 休息, 长眠, 静卧, 座落, 依靠, 信赖",gre
repository,ri'pɔzitәri,"n. 贮藏所, 贮物器, 仓库, 博物馆, 店铺, 陈列室, 资源丰富地区, 墓地, 亲信, 知己\n[经] 仓库, 栈房, 贮藏所",gre
reprehend,.repri'hend,"vt. 申斥, 谴责, 非难",gre
reprehensible,.repri'hensәbl,"a. 应斥责的, 应该谴责的\n[法] 应受严责的, 应受指责的, 应受申斥的",gre
represent,.repri'zent,"vt. 表现, 表示, 描绘, 讲述, 代表, 象征, 回忆, 再赠送, 再上演\nvi. 提出异议",gk cet4 cet6 ky toefl ielts
representation,.reprizen'teiʃәn,"n. 表示法, 表现, 陈述, 代表\n[计] 表示法指定",cet6 toefl
representative,.repri'zentәtiv,"n. 代表, 众议员, 典型\na. 描写的, 表现的, 代理的, 代表的, 代议制的, 典型的",gk cet4 cet6 ky toefl ielts
repress,ri'pres,"vt. 镇压, 抑制, 压制\nvi. 压制",ky toefl
repressed,ri'prest,"a. 被镇压的, 受约束的, 被抑制的",gre
repression,ri'preʃәn,"n. 抑制, 压抑, 制止\n[医] 压抑, 抑制",ky
repressive,ri'presiv,"a. 压抑的, 抑制的, 镇压的",ky
reprieve,ri'pri:v,"n. 缓刑, 缓刑令, 暂缓\nvt. 暂时解救, 缓期执行",gre
reprimand,'reprimɑ:nd,"n. 谴责, 惩戒, 非难\nvt. 谴责, 惩戒, 严责",gre
reprisal,ri'praizl,"n. 报复, 报仇, 报复性劫掠\n[法] 复仇, 报复, 报复性暴力为",gre
reprise,ri'praiz,"n. 年金, 重演, 重复\nvt. 重演, 重奏",gre
reproach,ri'prәutʃ,"n. 责备, 耻辱\nvt. 责备, 申斥, 使丢脸",cet4 cet6 ky toefl ielts gre
reprobate,'reprәubeit,"n. 堕落的人, 恶棍, 被神遗弃的人\na. 堕落的, 邪恶的\nvt. 斥责, 非难, 拒绝",gre
reproduce,.ri:prә'dju:s,"v. 繁殖, 再生, 复制, 生殖\n[计] 复制",cet4 cet6 ky toefl
reproduction,.ri:prә'dʌkʃәn,"n. 再现, 复制, 生殖, 繁殖, 复制品\n[医] 生殖, 复现(心理)",cet6 toefl
reproductive,.ri:prә'dʌktiv,"a. 生殖的, 再生的, 复制的\n[医] 生殖的, 复现的",toefl
reproof,ri'pru:f,"n. 谴责, 非难\n[法] 谴责, 申诉, 责备",gre
reprove,ri'pru:v,"vt. 责备, 责骂, 非难\n[法] 共和国, 共和政体, 社团; 责骂, 谴责, 指责",gre
reptile,'reptail,"n. 爬行动物, 爬虫, 卑鄙的人\na. 爬行的, 爬虫类的, 卑鄙的",cet6 ky toefl ielts gre
reptilian,rep'tiliәn,"a. 爬虫类的, 像爬虫的, 卑鄙的\nn. 爬行动物",gre
republic,ri'pʌblik,"n. 共和国, 共和政体, 团体, 界",gk cet4 cet6 ky toefl
republican,ri'pʌblikәn,"n. 共和主义者, 共和党员\na. 共和政体的, 共和国的, 共和主义的",cet4 cet6 ky
repudiate,ri'pju:dieit,"vt. 声明离婚, 拒绝, 拒付, 拒绝履行\n[经] 拒付(公债,国债等)",toefl gre
repugnance,ri'pʌgnәns,"n. 反感, 厌恶, 不一致, 矛盾, 抵触\n[法] 不一致, 矛盾, 不一致之处",gre
repugnant,ri'pʌgnәnt,"a. 讨厌的, 不愉快的, 厌恶的, 不一致的, 矛盾的, 反对的\n[法] 不一致的, 不相当的, 矛盾的",gre
repulse,ri'pʌls,"n. 击退, 拒绝\nvt. 厌恶, 击退, 拒绝",toefl gre
repulsion,ri'pʌlʃәn,"n. 击退, 排斥力, 反感\n[医] 排斥, 斥力",gre
repulsive,ri'pʌlsiv,"a. 排斥的, 可恶的, 击退的",toefl
reputation,.repju'teiʃәn,"n. 名誉, 名声, 声望\n[法] 名声, 名誉, 公认证据",gk cet4 cet6 ky toefl ielts gre
repute,ri'pju:t,"n. 名望, 名气, 声望\nvt. 认为, 以为",toefl gre
reputed,ri'pju:tid,"a. 名誉好的, 被称为...的, 有...名气的\n[法] 好名誉的, 驰名的, 号称的",toefl
request,ri'kwest,"n. 请求, 需要, 申请书\nvt. 请求, 要求, 邀请\n[计] 请求",gk cet4 cet6 ky toefl ielts gre
require,ri'kwaiә,"vt. 需要, 命令, 要求\n[法] 需要, 要求, 命令",zk gk cet4 cet6 ky
requirement,ri'kwaiәmәnt,"n. 需求, 必要条件, 要求\n[化] 要求; 合同要求",gk cet4 cet6 ky toefl ielts
requisite,'rekwizit,"n. 必需品, 要素, 必要物品\na. 必要的, 需要的",cet6 gre
requital,ri'kwaitl,"n. 酬答, 还礼\n[法] 报答, 回报, 报复",toefl
requite,ri'kwait,"vt. 报答, 酬答, 还礼",gre
reschedule,ri:ʃedju:l,"[计] 重安排, 重调度\n[化] 修订计划",toefl
rescind,ri'sind,"vt. 废止, 使无效, 取消, 撤消, 解除\n[经] 取消, 废除",gre
rescission,ri'siʒәn,"n. 废止, 取消, 使无效, 撤消\n[经] 解除, 取消",gre
rescript,'ri:skript,"n. 敕令, 诏书, 抄书\n[法] 敕命, 诏书, 命令",gre
rescue,'reskju:,"n. 援救, 解救, 营救\nvt. 援救, 救出, 营救",gk cet4 cet6 ky toefl ielts gre
research,ri'sә:tʃ,"n. 研究, 调查, 考察\nvi. 研究, 调查",zk gk cet4 cet6 ky ielts
researcher,ri:'sә:tʃә,n. 研究人员,cet4 cet6
resemblance,ri'zemblәns,"n. 相似处, 类似, 肖像",cet6 ky toefl ielts
resemble,ri'zembl,"vt. 相似, 类似",gk cet4 cet6 ky toefl ielts
resent,ri'zent,"vt. 愤恨, 憎恶, 怨恨",cet6 ky toefl ielts gre
resentful,ri'zentful,"a. 岔恨的, 易怨恨的, 不满的, 显然不满的",toefl
resentment,ri'zentmәnt,"n. 怨恨, 愤恨",cet6 gre
reservation,.rezә'veiʃәn,"n. 保留, 预定, 保留品, 保留地\n[经] 预定, 预约, 权益保留",gk cet4 cet6 ky ielts
reserve,ri'zә:v,"n. 储备品, 贮量, 后备军, 自然保护区, 保留, 拘谨, 节制, 储备金\nvt. 保留, 保存, 预订, 延期, 推迟",gk cet4 cet6 ky toefl ielts gre
reservior,,"n. 贮水池,贮藏处,贮备",cet4
reservoir,'rezәvwɑ:,"n. 贮水池, 贮藏处, 贮备, 水库\nvt. 储藏",cet6 ky toefl ielts
reshape,ri:'ʃeip,"vt. 改造, 使成新的形状, 打开新局面\nvt. 整形\nvi. 整形\n[计] 整形",toefl
reshuffle,ri:'ʃʌfl,"vt. 重新洗牌, 改组, 撤换\nn. 重新洗牌, 改组, 撤换",gre
reside,ri'zaid,"vi. 住, 居留, 属于\n[法] 居住",cet6 toefl gre
residence,'rezidәns,"n. 住宅, 居留, 驻扎, 居住期间\n[医] 住房",cet4 cet6 ky toefl ielts
resident,'rezidәnt,"n. 居民, 常驻程序, 居住者, 留鸟\na. 居留的, 定居的",cet4 cet6 ky toefl gre
residential,.rezi'denʃәl,"a. 住宅的, 与居住有关的\n[法] 有关居住的, 房产的:居所的, 适于居住的",cet6 toefl
residents,,n. 居民；房客；住院医生（resident的复数）,ielts
residual,'rezidju:l,"a. 残渣的, 剩余的\nn. 残渣, 剩余, 余数",cet6 toefl gre
residue,'rezidju:,"n. 残渣, 剩余, 余数\n[化] 残基; 残渣; 残液; 釜液",toefl gre
resign,ri'zain,"vt. 辞职, 放弃, 使顺从\nvi. 辞职, 屈从",gk cet4 cet6 ky ielts
resignation,.rezig'neiʃәn,"n. 辞职, 辞呈, 听从\n[经] 辞职",cet4 cet6 ielts gre
resigned,ri'zaind,"a. 服从的, 听任的, 已辞职的",gre
resilience,ri'ziliәns,"n. 弹回, 有弹力, 恢复力\n[化] 回弹; 弹性; 弹回性; 回能; 弹能",ielts gre
resilient,ri'ziliәnt,"a. 弹回的, 有弹力的\n[医] 回弹的, 回能的",gre
resin,'rezin,n. 树脂\nvt. 涂树脂于,toefl gre
resist,ri'zist,"v. 抵抗, 耐得住, 抵制, 反抗\nn. 防染材料",gk cet4 cet6 ky toefl
resistance,ri'zistәns,"n. 抵抗力, 反抗, 耐力, 阻力, 电阻\n[化] 抵抗; 抗性; 阻力; 抗药性; 电阻",cet4 cet6 ky toefl ielts
resistant,ri'zistәnt,"n. 抵抗者, 反抗者\na. 抵抗的, 反抗的, 耐...的",cet4 cet6 ky toefl ielts
resolute,'rezәlu:t,"n. 果断的人\na. 坚决的, 刚毅的, 毅然的",cet6 ky toefl
resolution,.rezә'lu:ʃәn,"n. 解析, 决心, 坚定, 决定, 决议, 消除, 解答, 分解\nn. 图形分辨率\n[计] 图形分辨率",cet4 cet6 ky toefl ielts
resolve,ri'zɒlv,"vi. 决定, 分解, 决心\nvt. 使分解, 解析, 解决, 消除, 决心\nn. 决定之事, 决心, 坚决",cet4 cet6 ky toefl ielts
resonance,'rezәnәns,"n. 共鸣, 回声, 反响, 谐振, 共振\n[化] 共振; 共鸣",cet6 toefl
resonant,'rezәnәnt,"a. 共鸣的, 反响的, 洪亮的, 共振的\n[医] 反响的, 叩响的, 共鸣的, 共振的",ielts gre
resort,ri'zɒ:t,"n. 度假胜地, 手段, 凭借, 常去之地\nvi. 诉诸, 常去",cet4 cet6 ky toefl ielts gre
resound,ri'zaund,"vi. 回响, 鸣响, 反响, 驰名, 被传遍\nvt. 使回响, 传颂",gre
resource,ri'sɒ:s,"n. 资源, 财力, 办法, 策略, 急智, 消遣\n[计] 资源",cet4 cet6 ky toefl ielts
resourceful,ri'sɒ:sful,"a. 资源丰富的, 策略的, 机智的\n[法] 资源丰富的, 善于遂机应变的, 足智多谋的",gre
resources,,n. 资源；物力（resource的复数）,ielts
respect,ri'spekt,"n. 尊敬, 尊重, 问候\nvt. 尊敬, 注意, 遵守",gk cet4 cet6 ky toefl
respectable,ri'spektәbl,"a. 值得尊重的, 人格高尚的, 相当数量的\nn. 品格高尚的人",cet6
respectful,ri'spektful,"a. 表示尊敬的, 有礼貌的, 谦恭的",cet4 cet6
respective,ri'spektiv,"a. 分别的, 各自的",cet4 cet6 ky toefl
respectively,ri'spektivli,"adv. 各自地, 独自地, 个别地, 分别地",cet4 cet6 toefl
respiration,.respә'reiʃәn,"n. 呼吸, 一口气, 呼吸作用\n[化] 呼吸",toefl ielts gre
respiratory,ri'spaiәrәtәri,a. 呼吸的\n[医] 呼吸的,toefl
respite,'respait,"n. 暂缓, 缓期执行\nvt. 使暂缓",gre
resplendent,ri'splendәnt,"a. 辉煌的, 灿烂的",gre
respond,ri'spɒnd,"vt. 以...回答\nvi. 回答, 响应, 回报, 有反应, 承担责任",gk cet4 cet6 ky toefl
respondent,ri'spɒndәnt,"a. 回答的, 应答的, 反射的\nn. 应答者, 被告",gre
respondents,rɪs'pɒndənts,"n. <律>（尤指离婚案的）被告( respondent的名词复数 ); 回答问题的人, （尤指）调查对象",ielts
response,ri'spɒns,"n. 反应, 回答, 响应\n[计] 应答",cet4 cet6 ky ielts gre
responsibility,ri.spɒnsә'biliti,"n. 责任, 职责, 负担, 可靠性\n[化] 职责",gk cet4 cet6 ky toefl ielts
responsible,ri'spɒnsәbl,"a. 有责任的, 负责的, 责任重大的\n[法] 应负责任的, 有责任的, 能履行责任的",cet4 cet6 ky toefl
responsive,ri'spɒnsiv,"a. 回答的, 应答的, 易感应的",toefl ielts gre
responsiveness,,n. 强烈的反应\n[计] 响应能力,gre
rest,rest,"n. 休息, 睡眠, 安息, 稍息, 静止, 支架, 休息处, 其余者, 剩余部分\nvi. 休息, 睡, 长眠, 安心, 静止, 停止, 安置, 依赖\nvt. 使休息, 使支撑, 把...寄托于",zk gk
restaurant,'restәrɒŋ,"n. 餐馆, 饭店",zk gk ielts
restaurants,ˈrestərənts,n. 饭店( restaurant的名词复数 ); 餐馆; 饭馆; 菜馆,ielts
restitution,.resti'tju:ʃәn,"n. 归还, 偿还, 赔偿\n[医] 整复, 恢复, 转回(胎头)",gre
restive,'restiv,"a. 不愿向前走的, 倔强的, 难驾御的",gre
restiveness,,n. 难以驾御；倔强,gre
restless,'restlis,"a. 不安静的, 慌张的, 休息不充分的\n[医] 不安静的, 不宁的",cet4 cet6 ky ielts gre
restoration,.restә'reiʃәn,"n. 恢复, 归还, 复位\n[医] 恢复, 康复, 复位, 回复, 修复",toefl
restorative,ri'stɒrәtiv,"a. 恢复健康的, 滋补的\nn. 兴奋药, 补药",gre
restore,ri'stɒ:,"vt. 回复, 恢复, 归还, 修补, 修复\nvt. 还原\nvi. 还原\n[计] 还原; DOS外部命令:从备份盘中取回文件",cet4 cet6 ky toefl ielts gre
restored,,a. 精力充沛的；精力恢复的,gre
restrain,ri'strein,"vt. 抑制, 阻止, 束缚\n[法] 抑制, 遏制, 制止",cet4 cet6 ky toefl ielts gre
restraint,ri'streint,"n. 抑制, 克制, 束缚\n[医] 约束, 拘束",cet4 cet6 ky toefl gre
restrict,ri'strikt,"vt. 限制, 限定, 约束\n[医] 限制",gk cet4 cet6 ky toefl
restriction,ri'strikʃәn,"n. 限制, 限定, 约束\n[计] 限定",gk cet4 cet6 toefl
restrictive,ri'striktiv,"a. 限制的, 约束的, 限定的\nn. 限制词",toefl
result,ri'zʌlt,"n. 结果, 成绩, 答案\nvi. 产生, 结果, 致使\n[计] 结果",zk gk cet4 cet6 ky ielts
resultant,ri'zʌltәnt,"a. 结果的, 合成的\nn. 结果, 合力, 生成物",cet6 ky
results,,n. 结果；成绩（result的复数）,ielts
resume,ri'zju:m,"vt. 重新开始, 取回, 恢复\nvi. 再开始\nn. 摘要, 个人简历\n[计] 继续执行",cet4 cet6 ky toefl ielts gre
resurge,ri'sә:dʒ,"vi. 再起, 复活, 复生",gre
resurgence,ri'sә:dʒәns,"n. 再起, 复活, 再现",gre
resurrect,.rezә'rekt,"vi. 复活\nvt. 使复活, 复兴, 恢复, 盗掘",gre
resuscitate,ri'sʌsiteit,"v. (使)复苏, (使)复兴",gre
retail,'ri:teil,"n. 零售\na. 零售的\nvt. 零售, 详述, 传播\nvi. 零售",cet4 cet6 ky toefl ielts gre
retailer,'ri:teilә,"n. 零售商人, 传播的人\n[经] 零售商",toefl
retails,,v. 零售；转述（retail的第三人称单数）,ielts
retain,ri'tein,"vt. 保持, 保有, 留住, 记得, 付定金聘请\n[经] 保留, 留存",cet4 cet6 ky toefl ielts gre
retainer,ri'teinә,"n. 家臣, 侍从, 保持者\n[化] 保持器; 定位器; 隔栅; 隔环; 护圈; 止动器; 止动装置",gre
retaliate,ri'tælieit,"vt. 报复, 回敬\nvi. 报复, 以牙还牙",gre
retaliation,ri.tæli'eiʃәn,"n. 报复\n[法] 报仇, 报复, 回敬",gre
retard,ri'tɑ:d,"n. 阻止, 延迟\nvt. 妨碍, 延迟, 使减速\nvi. 减速, 延迟",cet6 toefl gre
retell,ri:'tel,"vt. 再讲, 重复, 重说",zk gk cet4 cet6
retention,ri'tenʃәn,"n. 保持, 留置, 保留, 保持力, 保留物, 记忆, 停滞, 固位\n[计] 保贸, 保持",cet6 ky gre
retentive,ri'tentiv,"a. 保持的, 有保持力的, 记性好的",toefl gre
reticence,'retisns,"n. 无言, 沉默, 勉强",toefl
reticent,'retisnt,"a. 无言的, 沉默的, 不情愿的\n[法] 言不尽意的, 沈默寡言的, 有保留的",ielts gre
reticulation,ri.tikju'leiʃәn,"n. 网眼, 网状, 网状物\n[医] 网状形成",gre
retinue,'retinju:,"n. 随行人员, 侍从们",gre
retire,ri'taiә,"n. 隐居\nvi. 引退, 退役, 退休, 退去, 撤退, 退却\nvt. 使...撤退, 辞退",gk cet4 cet6 ky toefl
retirement,ri'taiәmәnt,"n. 退休, 隐居, 撤退\n[经] 退休, 退股, (固定资产)报废",cet6 toefl ielts
retiring,ri'tairiŋ,"a. 行将隐退的, 行将退休的, 就寝的",gre
retool,'ri:'tu:l,[化] 重新装备,toefl
retort,ri'tɒ:t,"n. 反驳, 顶嘴, 蒸馏器, 曲颈甑\nvi. 反驳, 回嘴, 反击\nvt. 反击, 反驳, 蒸馏",cet6 ky toefl ielts gre
retouch,.ri:'tʌtʃ,"v. 润饰, 修整\nn. 润饰, 修整, 修整部分",gre
retrace,ri'treis,"vt. 追溯, 折回, 绕回\n[电] 返驰",gre
retract,ri'trækt,"v. 缩回, 收回, 取消, 撤消",toefl gre
retreat,ri'tri:t,"n. 休息寓所, 撤退, 隐居, 退避\nvi. 撤退, 隐退, 向后倾\nvt. 退(棋)",cet4 cet6 ky toefl ielts gre
retrench,ri'trentʃ,"vt. 紧缩, 减少, 删除\nvi. 削减费用",gre
retrenchment,"ri'trentʃmәnt,ri:-","n. 紧缩, 节省, 删节\n[医] 赘余组织切除术",gre
retribution,.retri'bju:ʃәn,"n. 报应, 惩罚, 报酬\n[法] 惩罚, 报应, 报答",toefl gre
retrieve,ri'tri:v,"vt. 取回, 挽回, 弥补, 恢复, 补偿, 回忆, 检索\nvi. 找回猎物\nn. 取回, 恢复, 救险球\n[计] 检索",cet4 cet6 ky toefl ielts gre
retriever,ri'tri:vә,n. 取回的人,toefl
retroactive,.retrәu'æktiv,"a. 反动的, 追溯的, 有追溯效力的\n[经] 有追溯效力的",gre
retrograde,'retrәgreid,"a. 后退的, 倒退的, 退步的\nvi. 倒退, 退步, 回顾",toefl
retrospect,'retrәspekt,"n. 回顾, 追忆, 回溯\nv. 回顾, 追忆",cet6 ky toefl ielts
retrospection,.retrә'spekʃәn,"n. 回顾, 追忆, 反省\n[医] 追想, 回忆",ky
retrospective,.retrә'spektiv,"a. 回顾的, 怀旧的, 在后面的\nn. 回顾展",ky toefl
return,ri'tә:n,"n. 回来, 返回, 来回票, 归还, 报答, 利润率, 报告书\na. 返回的, 回程的, 报答的, 反向的, 重现的, 复原的\nvi. 返回, 归还, 回来\nvt. 归还, 还, 回报, 产生, 反射, 报告, 申报, 退回\n[计] 返回",zk gk ielts
reunion,ri:'ju:njәn,"n. 团圆, 重聚\n[医] 再连合, 复连[合]",cet6
reuse,ri:'ju:z,vt. 再使用\nn. 重新使用,gk
reveal,ri'vi:l,"vt. 露出, 显示, 透露, 揭露, 泄露, (神)启示\nn. 窗侧, 门侧",cet4 cet6 ky toefl
revealing,ri'vi:liŋ,"a. 暴露的, 显露的, 揭露的",gre
revelation,.revi'leiʃәn,"n. 揭露, 泄露, 发觉, 默示, 启示",cet6 ky toefl ielts gre
revelry,'revәlri,"n. 闹饮, 狂欢",gre
revenge,ri'vendʒ,"n. 报仇, 复仇, 报复\nvt. 报仇, 报复",cet4 cet6 ky ielts gre
revenue,'revinju:,"n. 收入, 岁入, 税收, 税务局\n[经] 岁入, 税收, 税务局",cet4 cet6 ky toefl ielts gre
reverberate,ri'vә:bәreit,"vi. 回响, 反响, 被反射\nvt. 使反响, 使回响, 反射\na. 回响的, 反射的",toefl gre
revere,ri'viә,"vt. 崇敬, 敬畏, 尊敬",toefl gre
revered,rɪ'vɪəd,"v. 崇敬, 尊崇, 敬畏（ revere的过去式和过去分词 ）\na. 可敬的, 尊敬的",toefl
reverence,'revәrәns,"n. 尊敬, 敬重, 敬礼, 尊严, 威望\nvt. 崇敬, 敬畏, 尊敬",toefl
reverent,'revәrәnt,"a. 尊敬的, 虔诚的",ielts
reverently,,"adv. 虔诚地, 恭敬地",toefl
reverie,'revәri,"n. 梦想, 沉思, 幻想曲\n[医] 出神, 幻想",gre
reverse,ri'vә:s,"n. 相反, 背面, 倒退, 挫折, 失败\na. 反面的, 相反的, 反向的, 颠倒的\nvt. 使颠倒, 使逆转, 使倒退, 使反向\nvi. 倒退, 反向, 倒转, 反转\n[计] 反转",cet4 cet6 ky toefl ielts gre
reversible,ri'vә:sәbl,"a. 可逆的, 可撤消的\nn. 双面可用织物",toefl
reversion,ri'vә:ʃәn,"n. 回复, 复原, 归还, 继承权\n[化] 返硫",gre
revert,ri'vә:t,"vi. 恢复, 复归, 回复, 还原\nvt. 使回复原状, 使回转\nn. 恢复原信仰的人\n[计] 还原",toefl gre
review,ri'vju:,"n. 检讨, 复习, 回顾, 检阅, 评论\nvt. 温习, 检讨, 评论, 再检察, 复审\nvi. 复习功课, 写评论",zk gk cet4 cet6 ky toefl ielts
reviewer,ri'vju:ә(r),"n. 评论者, 书评作者, 评论家, 剧评家, 报刊评论家",gk
revile,ri'vail,"v. 辱骂, 斥责",toefl gre
revise,ri'vaiz,"n. 校订, 修正, 改样\nvt. 校订, 修正, 校正",cet4 cet6 ky toefl ielts gre
revision,ri'viʒәn,"n. 校订, 修正, 修订本, 修订版\n[计] 修订版",gk cet6 toefl ielts
revitalization,"ri:,vaitəlai'zeiʃən;-li'z-","[医] 复苏, 回生, 复新",toefl
revitalize,.ri:'vaitәlaiz,"vt. 使恢复生气, 使复活, 使复兴",gre
revival,ri'vaivl,"n. 复兴, 复活, 恢复精神, 苏醒\n[医] 复苏, 回生, 精神重振",toefl
revive,ri'vaiv,"vt. 使苏醒, 使复兴, 使振奋, 回想起, 重播\nvi. 苏醒, 复活, 复兴, 恢复精神",cet6 ky toefl ielts gre
revoke,ri'vәuk,"vt. 撤回, 废除\nvi. 藏牌\nn. 藏牌\n[计] 取消权限程序",toefl
revolt,ri'vәult,"n. 叛乱, 反抗, 反感\nvi. 叛乱, 反抗, 起义, 厌恶, 反感\nvt. 使反感, 使恶心",cet4 cet6 ky toefl ielts gre
revolution,.revә'lu:ʃәn,"n. 革命, 大变革, 旋转, 转数, 循环\n[化] 回转",gk cet4 cet6 ky toefl
revolutionary,.revә'lu:ʃәnәri,"n. 革命者, 革命党人\na. 革命的, 革命性的",cet4 cet6 ky toefl
revolutionize,.revә'lu:ʃәnaiz,"vt. 向...鼓吹革命, 使发生革命性剧变",toefl
revolve,ri'vɒlv,"v. (使)旋转, 反复考虑, 循环出现",cet6 ky ielts
revue,ri'vju:,"n. 时事剧, 活报剧",gre
revulsion,ri'vʌlʃәn,"n. 剧变, 厌恶, 强烈反感\n[医] 诱导法",gre
reward,ri'wɒ:d,"n. 报酬, 酬谢, 赏金\nvt. 奖赏, 酬谢, 给...应有报应",gk cet4 cet6 ky toefl ielts gre
rewarding,ri'wɒ:diŋ,"a. 有益的, 有报酬的, 报答的",gre
rewind,ri:'waind,vt. 重绕\nn. 重绕\n[计] 反绕,gk
rewrite,ri:'rait,"vt. 重写, 改写, 改写新闻, 书面答复\nvi. 修改旧作\nn. 改写的作品\n[计] 重写",gk
rhapsody,'ræpsәdi,"n. 吟诵史诗, 狂文, 狂喜, 狂想曲",gre
rhetoric,'retәrik,"n. 修辞, 修辞学, 雄辩(术)",toefl ielts gre
rhinestone,'rainstәjn,n. 莱茵石,gre
rhinoceros,rai'nɒsәrәs,n. 犀牛,toefl
rhubarb,'ru:bɑ:b,"n. 大黄, 大黄根",gre
rhyme,raim,"n. 韵, 押韵, 韵文\nvi. 押韵\nvt. 使押韵, 用韵诗表达",gk gre
rhythm,'riðәm,"n. 旋律, 节奏, 韵律, 匀称, 张弛节律\n[医] 节律",cet4 cet6 ky toefl ielts
rhythmic,'riðmik,"a. 有韵律的, 有节奏的",toefl gre
rhythmical,"'riðmikəl,'riθ-","a. 有韵律的, 有节奏的\n[医] 节律的",toefl
rib,rib,"n. 肋骨, 肋状物, 笑话\nvt. 装肋状物于, 戏弄",cet4 cet6 ky gre
ribald,'ribɒ:ld,"a. 说话猥亵的, 下流的, 粗俗的\nn. 说下流话的人",gre
ribbon,'ribәn,"n. 缎带, 色带, 带状物\nvt. 用丝带装饰, 把...撕成条状\nvi. 形成带状\n[计] 带状条, 格式栏",cet4 cet6 ky toefl ielts
rice,rais,"n. 米, 米饭, 稻\nvt. 将...压成米粒状",zk gk ielts
rich,ri:tʃ,"a. 富裕的, 富饶的, 浓厚的, 贵重的",zk gk
rickety,'rikәti,"a. 患佝偻病的, 虚弱的, 摇摆的\n[医] 佝偻病的",gre
rid,rid,"vt. 免除, 以...清除, 使获自由, 使摆脱\n[法] 免除, 清除, 摆脱",gk cet4 cet6 ky toefl
riddle,'ridl,"n. 谜, 谜语, 粗筛\nvt. 解谜, 给...出谜, 筛, 寻根究底地检验, 充满于\nvi. 出谜",zk gk cet4 cet6 ky toefl gre
ride,raid,"n. 骑马, 乘坐, 乘车, 搭便车\nvt. 骑, 乘坐, 压迫, 控制\nvi. 骑马, 乘车, 漂游",zk gk
rider,'raidә,"n. 骑手, (文件后的)附件, 扶手\n[化] 游码",cet4 cet6 gre
riders,ˈraɪdəz,n. 骑（马、自行车等）的人( rider的名词复数 ); 乘客; 附文; 附加条款,ielts
ridge,ridʒ,"n. 脊, 山脊, 山脉\n[医] 嵴, 脊, 棱线",cet4 cet6 ky toefl ielts gre
ridicule,'ridikju:l,"n. 嘲笑, 愚弄, 笑柄\nvt. 嘲笑, 嘲弄, 愚弄",cet6 toefl gre
ridiculous,ri'dikjulәs,"a. 荒谬的, 可笑的",gk cet4 cet6 ky toefl ielts
rife,raif,"a. 流行的, 盛传的, 充满的",gre
riffle,'rifl,"n. 浅滩, 急流, 涟漪, 弹洗\nvt. 使起涟漪, 迅速翻阅, 弹洗洗牌\nvi. 成涟漪, 飞快翻书",gre
riffraff,'rifræf,"n. 流氓\n[法] 暴徒, 流氓",gre
rifle,'raifl,"n. 来复枪, 步枪\nvt. 用步枪射击, 抢夺\nvi. (抱有不良意图)迅速翻查",cet4 cet6 ky toefl gre
rift,rift,"n. 裂口, 空隙\nvi. 裂开\nvt. 使分开, 使割开",toefl gre
rig,rig,"n. 装备, 帆装\nvt. 装配, 装扮, 给船装帆, 垄断, 操纵",cet6 ielts gre
right,rait,"n. 权利, 右边, 正义, 右派, 公正\na. 正确的, 对的, 恰当的, 正常的, 正直的, 正面的, 右方的\nadv. 正确地, 以有利结果, 一直, 直接, 向右\nvt. 扶直, 整理, 纠正, 伸冤, 使昭雪\nvi. 恢复平衡\n[计] 右, 权利",zk gk
righteous,'raitʃәs,"a. 公正的, 正义的, 正直的\n[法] 正直的, 正当的, 正义的",ielts
rigid,'ridʒid,"a. 坚硬的, 刚性的, 严格的, 精密的, 刻板的",gk cet4 cet6 ky toefl ielts gre
rigidity,ri'dʒiditi,"n. 坚硬, 僵化, 坚硬, 刚性, 刚度\n[化] 刚度系数",toefl
rigmarole,'rigmәrәul,"n. 冗长的废话, 繁琐费时的手续\na. 冗长的, 无条理的",gre
rigor,'rigә,"n. 严格, 严厉, 苛刻, 严酷, 严密, 精确\n[医] 寒战, 强直, 僵硬",toefl gre
rigorous,'rigәrәs,"a. 严厉的, 严酷的, 严格的, 苛刻的, 严密的, 精确的",cet6 ky toefl ielts
rigour,'rigә,"n. 严格, 严厉, 苛刻, 严酷, 严密, 精确",ky
rile,rail,"vt. 搅浑, 惹怒, 使焦急",gre
rim,rim,"n. 边, 轮缘, 框\nvt. 镶边, 为...装边\nvi. 形成边缘",cet6 ky toefl ielts
rind,raind,"n. 树皮, 壳, 外表\nvt. 削皮, 剥壳",gre
ring,riŋ,"n. 环, 环形物, 拳击场, 戒指, 角逐, 小集团, 铃声, 钟声, 声调\nvt. 包围, 套住, 按铃, 敲钟\nvi. 成环形, 响, 鸣, 按铃, 敲钟, 回响",zk gk toefl
ringlet,'riŋlit,"n. 长鬈发, 小圈, 小环",gre
rinse,rins,"n. 清洗, 染发, 染发剂\nvt. 以清水冲洗, 漱, 漂清\nvi. 被漂净",cet6 toefl gre
riot,'raiәt,"n. 暴动, 喧闹, 放纵\nvi. 发动, 暴动, 纵情, 放荡\nvt. 浪费, 挥霍",cet6 ky toefl ielts gre
riotous,'raiәtәs,"a. 引起骚扰的, 暴乱的, 放荡的",gre
rip,rip,"n. 裂痕, 破绽, 拉裂, 浪子, 巨浪\nvi. 被拉开, 裂开, 猛冲\nvt. 撕, 扯, 劈",cet6 ky toefl ielts gre
ripe,raip,"a. 成熟的, 熟练的, 成年的\n[医] 成熟的",gk cet4 cet6 ky toefl
ripen,'raipәn,vt. 使成熟\nvi. 成熟,gk cet4 cet6 toefl gre
ripple,'ripl,"n. 涟波, 涟漪, 波纹, 粗钢梳\nvt. 使起涟漪\nvi. 起微波, 起潺潺声",cet6 ielts gre
rise,raiz,"n. 上升, 增加, 上涨, 高地, 升高, 出现\nvi. 升起, 起身, 起立, 上升, 上涨, 增长, 高耸, 起义, 浮现\nvt. 使飞起",zk gk cet4 cet6 ky
rising,'raiziŋ,"n. 上升, 造反, 叛乱\na. 上升的, 高涨的, 新兴的",ielts
risk,risk,"n. 冒险, 危险, 保险额\nvt. 冒...的危险, 冒险干",zk gk cet4 cet6 ky toefl
risks,,"n. 风险, 危险（risk复数）",ielts
risky,'riski,a. 危险的,toefl
rite,rait,"n. 仪式, 典礼, 惯例, 礼拜式",toefl gre
ritual,'ritʃuәl,"n. 仪式, 典礼, 宗教仪式\na. 仪式的, 依仪式进行的",cet6 ky toefl ielts gre
rival,'raivl,"n. 对手, 竞争者\na. 竞争的",cet4 cet6 ky toefl ielts gre
rivalry,'raivlri,"n. 竞争, 对抗\n[医] 拮抗",toefl gre
rive,raiv,"vt. 撕开, 使破碎\nvi. 裂开, 破裂",gre
riven,'rivәn,rive的过去分词,gre
river,'rivә,"n. 河, 江\n[法] 河流, 江河, 内河",zk gk
rivers,,n. 里弗斯（人名）；河流州（尼日利亚州名）；河水钻,ielts
rivet,'rivit,"n. 铆钉\nvt. 用铆钉固定, 敲进去, 注目, 吸引住",ielts gre
riveting,'rivitiŋ,"a. 非常有趣的, 引人注目的\n[机] 铆接",gre
rivulet,'rivjulit,n. 小河,gre
road,rәud,"n. 路, 道路, 公路, 途径, 方法\n[法] 公路, 道路, 行车道",zk gk ielts
roam,rәum,"v. 漫游, 闲逛, 徜徉\nn. 漫步, 漫游",cet6 toefl ielts
roar,rɒ:,"n. 吼, 咆哮, 轰鸣\nvi. 吼, 大声说出, 叫喊, 喧闹\nvt. 呼喊, 使轰鸣",cet4 cet6 ky toefl ielts
roast,rәust,"n. 烤肉, 烘烤, 嘲笑\na. 烘烤的, 烤过的\nvt. 烤, 炙, 烘焙, 嘲笑\nvi. 烤, 炙, 烘焙",gk cet4 cet6 ky toefl ielts
rob,rɒb,"v. 抢夺, 抢掠, 剥夺",gk cet4 cet6 ky
robber,'rɒbә,"n. 强盗, 盗贼",cet4 cet6 ielts
robbery,'rɒbәri,"n. 抢掠, 抢夺\n[法] 强盗, 抢劫, 劫掠",cet4 cet6
robe,rәub,"n. 宽松长袍, 礼服, 披肩, 覆盖物\nv. (给)穿长袍",cet4 cet6 ky gre
robot,'rәubәt,"n. 机械人, 自动机械, 机械般工作的人\n[计] 机器人; 自动机",zk gk cet4 cet6 ky
robots,,n. 机器人（robot的复数形式）,ielts
robust,rәu'bʌst,"a. 健康的, 强健的, 要用力气的, 坚定的, 粗野的\n[计] 健壮性",cet6 ky toefl ielts gre
rock,rɒk,"n. 岩石, 岩礁, 石头, 基石, 暗礁, 摇动, 摇滚乐\nvt. 摇摆, 摇动, 使摇晃, 使动摇\nvi. 摇, 摇动",zk gk cet4 cet6 ky ielts
rocket,'rɒkit,"n. 火箭, 烟火\nvi. 急升, 猛涨, 飞驰\nvt. 用火箭运载",gk cet4 cet6 ky
rocks,,"n. 岩石, 岩礁；岩石礁石（rock复数形式）",ielts
rocky,'rɒki,"a. 岩石的, 多石的, 像岩石的, 无情的, 摇动的, 摇晃的",toefl
rod,rɒd,"n. 竿, 笞鞭, 小枝\n[化] 棒",cet4 cet6 ky toefl
rodent,'rәudәnt,"a. 咬的, 啮齿类的\nn. 啮齿动物",toefl
roe,rәu,"n. 狍, 鱼子, 鱼卵\n[医] 鱼卵, 牝鹿",toefl gre
roil,rɒil,"vt. 搅浑, 使焦急",gre
roister,'rɔistә,"vi. 大摇大摆, 摆架子, 喧闹, 闹饮",gre
role,rәul,"n. 角色, 职责, 任务\n[医] 作用, 功用",zk gk cet4 cet6 ky toefl ielts
roll,rәul,"n. 卷, 滚动, 名单, 案卷, 压路机\nvi. 滚, 滚动, 飘流, 起伏, 卷, 绕\nvt. 使滚动, 卷, 绕",gk cet4 cet6 ky toefl ielts
roller,'rәulә,"n. 滚筒, 滚轴, 压路机\n[化] 滚柱; 托辊",gk cet4 cet6
rollicking,'rɔlikiŋ,a. 欢乐的；喧闹的,gre
Roman,'rәumәn,"n. 罗马人\na. 罗马人的, 罗马的",cet4 cet6
romance,rәu'mæns,"n. 冒险故事, 浪漫史, 传奇文学\nvi. 写传奇, 作空想, 虚构",cet6 ky toefl
romantic,rәu'mæntik,"a. 浪漫的, 风流的, 传奇性的, 夸大的, 空想的, 浪漫派的",cet4 cet6 ky
roof,ru:f,"n. 屋顶, 室顶\nvt. 给...盖屋顶, 遮蔽",gk cet4 cet6 ky toefl
rookie,'ruki,n. 新手,gre
room,ru:m,"n. 房间, 空位, 场所\nvi. 住宿, 居住\nvt. 留宿",zk gk ielts
roommate,,n. 住在同室的人,ielts
roost,ru:st,"n. 栖木, 休息所, 群栖的禽鸟\nvi. 栖息, 安歇\nvt. 使栖息",toefl
rooster,'ru:stә,"n. 公鸡, 栖息的鸟\n[机] 炉篦",gk cet6 toefl
root,ru:t,"n. 根, 根本, 根源, 基础, 底部\nvt. 使扎根, 使固定, 根除, 肃清, 搜出, 用鼻拱\nvi. 生根, 固定, 源于, 用鼻拱土, 寻找, 捧场, 支持",gk cet4 cet6 ky
rope,rәup,"n. 绳, 索, 粗绳, 绞索, 决窍\nvt. 捆, 缚, 绑, 圈起, 以绳将...系住\nvi. 拧成绳状",zk gk cet4 cet6 ky toefl
rose,rәuz,"n. 玫瑰, 蔷薇, 玫瑰色\na. 玫瑰色的, 玫瑰花的\nvt. 使成玫瑰色\nrise的过去式",zk gk cet4 cet6 ky
roster,'rɒstә,n. 花名册,gre
rostrum,'rɒstrәm,"n. 讲坛, 演讲台, 演讲, 演讲者\n[医] 嘴, 喙",gre
rosy,'rәuzi,"a. 蔷薇色的, 玫瑰红色的",gre
rot,rɒt,"n. 腐烂, 腐蚀, 败坏\nvi. 腐烂, 烂, 堕落, 憔悴\nvt. 使腐烂, 使腐朽, 使堕落",gk cet4 cet6 ky toefl ielts
rotary,'rәutәri,"a. 旋转的, 轮流的\nn. 旋转式机器",cet4 cet6 ky
rotate,'rәuteit,"a. 辐状的\nvt. 使旋转, 使转动, 使轮流\nvi. 旋转, 循环\n[计] 旋转",cet4 cet6 ky toefl ielts gre
rotation,rәu'teiʃәn,"n. 旋转, 循环, 轮流\n[计] 旋转",cet4 cet6 toefl
rote,rәut,"n. 机械性的背诵, 死记硬背",toefl gre
rotten,'rɒtn,"a. 腐烂的, 恶臭的, 堕落的, 风化的, 虚弱的\n[经] 腐烂的, 堕落的",cet4 cet6 ky toefl gre
rotund,rәu'tʌnd,"a. 圆的, 圆胖的, 洪亮的, (表现)华丽的",gre
rough,rʌf,"n. 粗糙的东西, 毛坯, 未加工品, 梗概, 草图, 暴徒, 艰难\na. 粗糙的, 粗暴的, 蓬乱的, 草率的, 大致的, 简陋的, 暴风雨的, 艰难的\nvt. 使粗糙, 使不平, 使蓬乱, 粗制, 草拟, 粗暴对待, 对...动粗\nvi. 变粗糙\nadv. 粗糙地, 粗暴地",gk cet4 cet6 ky toefl ielts
roughen,'rʌfәn,v. (使)变粗糙,gre
roughly,'rʌfli,"adv. 概略地, 粗糙地, 粗暴地",cet4 cet6 ky toefl
round,raund,"n. 圆, 圆形物, 巡回, 循环, 一轮, 一回合, 一局, 范围, 轮唱\na. 圆的, 球形的, 丰满的, 肥胖的, 完全的, 大概的, 完美的, 圆润的\nprep. 围着, 附近, 绕过, 在...周围\nadv. 围绕着, 在周围, 迂回地, 挨个, 朝反方向\nvt. 弄圆, 使成圆形, 绕行, 完成, 围捕, 把...四舍五入\nvi. 变圆, 发胖, 环行, 拐弯, 进展",zk gk
roundabout,'raundә.baut,"a. 迂回的, 委婉的\nn. 迂回路线",gk cet6 ky gre
rounded,'raundid,"a. 圆形的, 滚圆的, 完整的, 圆润的",toefl
rouse,rauz,"n. 觉醒, 奋起, 干杯\nvt. 唤醒, 鼓舞, 激动, 使振奋, 惊起\nvi. 醒来, 奋起",cet4 cet6 ky ielts
rout,raut,"n. 溃败, 大败, 乌合之众, 盛大晚会\nvt. 使溃败, 使败逃, 打垮, 用鼻拱, 挖起, 搜, 唤起\nvi. 用鼻拱地, 搜",gre
route,ru:t,"n. 路径, 途径, 路线\nvt. 确定路线, 按规定路线发送\n[计] 传递, 路由设定程序",cet4 cet6 ky ielts
routine,ru:'ti:n,"n. 常规, 日常工作, 惯例, 例行公事\na. 日常的, 常规的\n[计] 例程",gk cet4 cet6 ky toefl ielts
routinely,,"adv. 日常, 乏味, 常规, 例行",toefl
rove,rәuv,"n. 徘徊, 粗纺, 流浪\nvt. 漂泊于, 漫游于\nvi. 流浪, 飘忽不定\nreeve的过去式和过去分词",gre
row,rәu. rau,"n. 排, 行, 街道, 划船, 吵闹\nvt. 使成排, 划, 划船, 参加(赛船), 痛骂\nvi. 划船, 划动, 争吵\n[计] 行",zk gk cet4 cet6 ky toefl
rowdy,'raudi,n. 好吵闹的人\na. 吵闹的,gre
rows,,n. 返回引用中的行数；行（row的复数形式）,ielts
royal,'rɒiәl,"n. 王室, 皇族\na. 王室的, 皇家的, 盛大的, 庄严的",gk cet4 cet6 ky ielts
royalty,'rɒiәlti,"n. 皇室, 王族成员, 王权, 特权阶层, 庄严\n[经] 特许权, 使用费, 使用税",cet6 ky gre
rub,rʌb,"n. 摩擦, 困难, 障碍, 磨损处\nvt. 擦, 搓, 摩擦, 惹怒\nvi. 摩擦, 擦破",cet4 cet6 ky toefl ielts
rubber,'rʌbә,"n. 橡皮, 橡胶, 做摩擦动作的人, 按摩师, 决胜盘\nvt. 用橡胶制造, 涂橡胶于",zk gk cet4 cet6 ky ielts
rubbery,'rʌbәri,"a. 橡胶似的, 有弹力的",toefl
rubbish,'rʌbiʃ,"n. 废物, 垃圾, 胡说",zk gk cet4 cet6 ky toefl ielts
rubble,'rʌbl,"n. 粗石, 碎砖, 粗石堆",toefl gre
rubicund,'ru:bikәnd,"a. 红润的, 透红的",gre
ruby,'ru:bi,"n. 红宝石, 深红色\na. 红宝石色的, 深红色的\nvt. 使带红宝石色",cet6 ky
ruck,rʌk,"vt. 弄皱\nvi. 变皱\nn. 皱, 一群",gre
rucksack,'rʌksæk,n. 帆布背包,gre
rudder,'rʌdә,"n. 舵, 方向舵, 指导原则",gre
ruddy,'rʌdi,"a. 红的, 红润的\nv. (使)变红",gre
rude,ru:d,"a. 粗鲁无礼的, 粗陋的, 粗暴的, 原始的, 未开化的, 大略的, 崎岖不平的, 狂暴的",gk cet4 cet6 ky
rudimentary,ru:di'mentәri,"a. 基本的, 起码的, 初步的, 发展不完全的, 残留的, 退化的\n[医] 原基的, 未成熟的; 残遗的, 已退化的",toefl gre
rue,ru:,"n. 懊悔, 后悔, 芸香\nv. 后悔, 悲伤, 懊悔",gre
ruffian,'rʌfiәn,"n. 恶棍, 无赖\na. 凶恶的, 残忍的, 残暴的",toefl gre
ruffle,'rʌfl,"n. 皱褶, 波纹, 生气, 混乱\nvt. 弄皱, 触怒, 洗(牌), 连续轻擂(鼓)\nvi. 起皱, 发脾气, 连续轻擂",toefl ielts gre
rug,rʌg,"n. 小块地毯, 揭露某人",cet4 cet6 ky
rugby,'rʌ^bi,"n. 橄榄球, 橄榄球赛",gk
rugged,'rʌgid,"a. 高低不平的, 崎岖的, 粗糙的",toefl
ruin,ruin,"n. 毁灭, 推翻, 废墟\nvi. 毁灭, 衰败, 破坏, 破产, 堕落\nvt. 使毁灭, 毁坏, 使破产",gk cet4 cet6 ky toefl
ruinous,'ruinәs,"a. 破坏性的, 招致毁灭的",toefl ielts
ruins,,"n. 虚墟, 遗迹",toefl
rule,ru:l,"n. 规则, 统治, 控制, 支配, 规律, 标准, 章程, 破折号, 铅线\nvt. 规定, 统治, 管理, 控制, 支配, 裁决\nvi. 统治, 管辖, 裁定\n[计] 规则, 水线",zk gk cet4 cet6 ky toefl ielts
ruler,'ru:lә,"n. 统治者, 管理者, 尺, 直尺\nn. 划线板\n[计] 标尺",zk gk cet4 cet6 ky
rules,,n. 规则；条例（rule的复数形式）,ielts
rumble,'rʌmbl,"n. 隆隆声, 辘辘声\nvi. 发隆隆声, 辘辘响\nvt. 使隆隆响, 低沉地说",toefl gre
ruminant,'ru:minәnt,"a. 反刍类的, 沉思的, 默想的\nn. 反刍动物",gre
ruminate,'ru:mineit,"v. 反刍, 沉思",toefl gre
rumor,'ru:mә,"n. 谣言, 传闻\nvt. 谣传",ky toefl
rumour,'ru:mә,"n. 谣言, 传闻\nvt. 谣传",cet4 cet6 ielts
rumple,'rʌmpl,"v. 弄皱, 弄得乱七八糟\nn. 皱纹, 皱褶",gre
run,rʌn,"n. 跑, 赛跑, 奔跑, 奔跑的路程, 趋向, 流出, 运转时间, 连续\nvi. 跑, 奔跑, 跑步, 赛跑, 竞赛, 行驶, 运转, 进行, 蔓延\nvt. 使跑, 参赛, 追究, 驾驶, 开动, 管理, 经营, 使流出, 运行\na. 熔化的, 融化的, 浇铸的\nrun的过去式和过去分词\n[计] 运行",zk gk
rung,rʌŋ,"n. (梯子)踏步, 横档, 轮辐, 粗棍\nring的过去分词",gre
runic,'ru:nik,a. 如尼文字的,gre
runner,'rʌnә,"n. 跑步者, 赛跑者, 送信人, 走私船, 操作者, 滑槽\n[化] 碾碎机; 压碎机",gk cet4 cet6
running,'rʌniŋ,"n. 赛跑, 流出, 运转\na. 流动的, 跑着的, 连续的",gk
runoff,'rʌnɒf,"n. 径流(量), 决赛, 决定性竞选",toefl
rupture,'rʌptʃә,"n. 破裂, 断裂, 裂开, 决裂, 不和\nv. (使)破裂",cet6 toefl ielts gre
rural,'ruәrәl,"a. 乡下的, 田园的, 乡村风味的\n[法] 农村的, 乡村的, 有关农业的",cet4 cet6 ky toefl ielts gre
ruse,ru:z,"n. 计策, 谋略, 诡计\n[法] 诡计, 计策",gre
rush,rʌʃ,"n. 匆促, 冲进, 急流, 灯心草\nvi. 冲, 奔, 闯, 赶紧, 匆促行事, 涌现\nvt. 使冲, 匆忙地做, 突袭, 飞跃, 用灯心草做\na. 紧急的",zk gk cet4 cet6 ky toefl
Russia,'rʌʃә,"n. 俄国, 俄罗斯\n[法] 俄罗斯, 苏联",zk gk ielts
Russian,'rʌʃәn,"n. 俄国人, 俄语\na. 俄国的, 俄语的",zk gk
rust,rʌst,"n. 锈, 生锈, 衰退\nvi. 生锈, 衰退\nvt. 使生锈, 腐蚀",cet4 cet6 ky toefl ielts
rustic,'rʌstik,"n. 乡下人, 乡巴佬\na. 乡村的, 纯朴的, 手工粗糙的",toefl gre
rustle,'rʌsl,"n. 沙沙声, 瑟瑟声, 飒飒声, 急忙\nvi. 发出沙沙声\nvt. 使飒飒作响",gre
rustler,'rʌslә,"n. 活跃分子, 偷家畜贼",gre
rustproof,'rʌstpru:f,"a. 不锈的\n[机] 不锈, 防锈的",toefl
rusty,'rʌsti,"a. 生锈的, 腐蚀的, 生疏的, 顽固的, 腐烂的\n[医] 锈色的",cet4 cet6 toefl
rut,rʌt,"n. 辙迹, 凹槽, 常规, 惯例, 发情期\nvi. 交尾, 发情\nvt. 挖槽于",ky
ruthless,'ru:θlis,"a. 无情的, 残忍的, 毫不留情的, 彻底的\n[法] 无情的, 残忍的",cet6 ky toefl ielts
ruthlessness,,n. 无情；冷酷；残忍,gre
saber,'seibә,"n. 军刀, 骑兵\nvt. 用马刀砍",toefl
sabotage,'sæbәtɑ:ʒ,"n. 怠工, 破坏活动, 破坏\nvi. 从事破坏活动\nvt. 妨害, 破坏",ielts gre
saboteur,.sæbә'tә:,"n. 从事破坏活动者, 阴谋破坏者\n[法] 破坏者, 破坏份子, 怠工者",gre
SAC,sæk,"n. 囊, 液囊, (美)战略空军司令部\n[医] 囊, 袋",toefl
saccharin,'sækәrin,n. 糖精\n[化] 糖精; 邻磺酰苯甲酰亚胺,gre
saccharine,"'sækәrain, -ri:n","a. 糖的, 含糖的, 产糖的, 极甜的, 过甜的, 太甜的, 奉承的, 讨好的, 和颜悦色的\nn. 糖精",gre
sack,sæk,"n. 麻布袋, 洗劫\nvt. 把...装入袋, 洗劫",cet4 cet6 ky toefl ielts gre
sacrament,'sækrәmәnt,"n. 圣礼, 圣事, 誓言\nvt. 使立誓, 使宣誓",gre
sacred,'seikrid,"a. 神圣的, 献给上帝的, 庄严的, 祭祀的\n[法] 神圣的, 不可侵犯的",gk cet4 cet6 ky toefl ielts gre
sacrifice,'sækrifais,"n. 牺牲, 供奉, 祭品\nvt. 牺牲, 祭祀, 贱卖\nvi. 献祭",gk cet4 cet6 ky ielts gre
sacrilege,'sækrilidʒ,"n. 亵渎圣物, 冒渎, 渎圣行为\n[法] 橇门入教堂行窃, 窃取圣物",gre
sacrilegious,.sækri'lidʒәs,"a. 冒渎的, 犯渎圣罪的",gre
sad,sæd,"a. 忧愁的, 悲哀的",zk gk
sadden,sædn,"vt. 使忧愁, 使悲哀\nvi. 忧愁, 悲哀",gre
saddle,'sædl,"n. 鞍, 马鞍, 车座, 鞍状物\nvt. 装以马鞍, 使负担\nvi. 跨上马鞍",cet4 cet6 ky toefl ielts gre
sadistic,sæ'distik,"a. 虐待狂的, 残酷成性的",gre
sadly,'sædli,"adv. 悲痛地, 悲惨地, 悲伤地, 说来遗憾",cet4 cet6
sadness,'sædnis,"n. 悲哀, 悲伤",gk cet4 cet6
safari,sә'fɑ:ri,"n. 旅行, 旅行队, 科学考察",ielts
safe,seif,"n. 保险箱, 冷藏室\na. 安全的, 可靠的, 平安的, 稳健的, 有把握的",zk gk cet4 cet6 ky ielts gre
safeguard,'seifgɑ:d,"n. 保卫, 保护措施, 防护设施\nvt. 保卫, 保护",cet6 ky ielts gre
safely,'seifli,"adv. 安全地, 确实地",cet4 cet6
safety,'seifti,"n. 安全, 保险, 平安, 保安设备\nvt. 保护, 防护",zk gk cet4 cet6 ky ielts
saga,'sɑ:gә,"n. 传说, 英雄传奇, 冒险故事",toefl gre
sagacious,sә'geiʃәs,"a. 睿智的, 聪明的, 贤明的, 伶俐的",toefl gre
sage,seidʒ,"n. 圣人, 哲人, 鼠尾草属植物\na. 贤明的, 明智的",gre
sail,seil,"n. 帆, 篷, 帆船, 航程, 帆状物\nvi. 航行, 启航, 张帆而行\nvt. 航行于, 驾船",zk gk cet4 cet6 ky toefl
sailing,'seiliŋ,"n. 航行, 航海术, 启航\na. 航行的",gk ielts
sailor,'seilә,"n. 水手, 船员, 海员\n[法] 水手, 船员, 海员",gk cet4 cet6 ky
Saint,seint,"n. 圣徒, 圣人\na. 神圣的\n[计] 自动积分程序符号",cet4 cet6 ky
saintly,'seintli,a. 圣洁的,gre
sake,seik,"n. 目的, 缘故, 理由",cet4 cet6 ky toefl ielts
salad,'sælәd,n. 色拉,zk gk cet4 cet6 ky ielts
salary,'sælәri,n. 薪水\nvt. 给...加薪,gk cet4 cet6 ky ielts
sale,seil,"n. 出售, 卖, 拍卖, 销售额, 廉价出售\n[经] 卖, 出售; 销售(货)",zk gk cet4 cet6 ky toefl ielts
sales,,a. 销售的\n[计] 销售,ielts
salesgirl,'seilzgә:l,n. 女店员,gk
salesman,'seilzmәn,"n. 售货员, 推销员\n[经] 售货员, 店员, 推销员",gk cet4 cet6 ky
saleswoman,'seilzwumәn,"n. 女售货员, 女店员",gk
salient,'seiliәnt,"a. 显著的, 突出的, 跳跃的\nn. 凸角, 突出部分",toefl gre
saliferous,sә'lifәrәs,a. 含盐的,gre
saline,'seilain,"a. 盐的, 苦涩的, 由碱金属(或含镁之盐类)组成的\nn. 盐湖, 盐田, 碱盐泻药, 生理盐水",toefl ielts
salinity,sә'liniti,"n. 盐性, 盐度\n[化] 盐度",toefl
saliva,sә'laivә,"n. 唾液, 唾沫, 涎\n[医] 涎, 唾液",ky toefl gre
sallow,'sælәu,"a. 灰黄色的, 土色的, 气色不好的\nv. (使)成土色\nn. 黄华柳, 黄华柳细枝",toefl
salmon,'sæmәn,"n. 鲑鱼, 大麻哈鱼\n[医] 鲑",cet6 gre
salt,sɒ:lt,"n. 盐, 风趣, 刺激\na. 含盐的, 咸的, 风趣的, 辛辣的\nvt. 加盐于, 用盐腌",zk gk cet4 cet6 ky
saltiness,,n. 咸性,toefl
salty,'sɒ:lti,"a. 有盐分的, 咸味浓的, 海洋的, 辛辣的, 有经验的",gk
salubrious,sә'lu:briәs,"a. 有益健康的, 健康的\n[医] 增进健康的, 适于卫生的",gre
salutary,'sæljutәri,"a. 有益的, 有用的, 有益健康的\n[医] 适于健康的",toefl gre
salutation,.sælju:'teiʃәn,"n. 招呼, 寒喧, 问候",gre
salute,sә'lu:t,"vi. 行礼, 致意, 问候, 放礼炮\nvt. 向...致意, 迎接, 赞扬\nn. 招呼, 敬礼, 礼炮",gk cet4 cet6 ky ielts gre
salvage,'sælvidʒ,"n. 海上救助, 抢救, 打捞, 抢救出来的财物\nvt. 海上救助, 抢救, 打捞, 营救\n[计] 文件恢复程序",toefl ielts gre
salvation,sæl'veiʃә,"n. 拯救, 救助, 救世",cet6 ky
salve,sælv,"n. 油膏, 药膏, 安慰, 奉承话\nvt. 涂油膏于, 安慰, 缓和, 抢救, 打捞",gre
same,seim,"a. 相同的, 同样的\npron. 相同的人(或事物)\nadv. 同样地",zk gk
sample,'sæmpl,"n. 样品, 范例, 样本\nvt. 抽样, 尝试\n[计] 示例, 字样",cet4 cet6 ky toefl ielts
sampler,'sæmplә,"n. 样品检验员, 刺绣样品\n[化] 取样器; 进样器",gre
sanatorium,.sænә'tɒ:riәm,"n. 疗养院, 疗养所, 静养地\n[医] 疗养院, 疗养所, 疗养站",gre
sanctify,'sæŋktifai,"vt. 使神圣, 奉献给神, 使成为神圣之物",gre
sanctimonious,.sæŋkti'mәuniәs,"a. 假装圣洁的, 假装虔诚的, 假装诚实的",toefl gre
sanction,'sæŋkʃәn,"n. 核准, 制裁, 处罚, 约束力\nvt. 制定制裁规则, 认可, 核准, 同意",cet6 ky toefl ielts gre
sanctuary,'sæŋktʃuәri,"n. 圣所(指教堂、寺院等), 耶路撒冷的神殿, 避难所\n[法] 庇护所, 避难所, 教堂",toefl
sand,sænd,"n. 沙, 沙子, 沙滩, 光阴, 生涯\nvt. 撒沙, 以沙掩盖",zk gk cet4 cet6 ky
sandal,'sændl,"n. 凉鞋, 拖鞋, 檀香木\nvt. 穿以便鞋",gre
sandwich,'sændwitʃ,"n. 三明治, 夹心面包, 夹层板\nvt. 插入, 夹入, 把...制成三明治",zk gk cet4 cet6 ky ielts
sandy,'sændi,"a. 沙的, 沙地的, 多沙的",cet4 cet6 toefl
sane,sein,"a. 神智健全的, 稳健的, 没病的, 合理的\n[医] 精神健全的",ky toefl gre
sangfroid,sɒŋ'frwɑ:,"n. 冷静, 泰然, 沉着",gre
sanguine,'sæŋgwin,"a. 血红色的, 满怀希望的, 乐观的\nn. 血红色, 红粉笔\nvt. 用血沾污, 血染",gre
sanitary,'sænitәri,a. 卫生的\nn. 公共厕所,toefl ielts gre
sanitation,sæni'teiʃәn,"n. (环境)卫生, 环境卫生的提倡/维持, 卫生设备, 下水道设施, 卫生设施\n[医] 环境卫生",toefl
sanity,'sæniti,"n. 神智健全, 头脑清楚, 通情达理\n[医] 精神健全",toefl ielts gre
sap,sæp,"n. 树液, 体液, 活力, 坑道, 消弱, 警棍\nvt. 使排出体液, 使伤元气, 使衰竭, 挖坑道逼近, 逐渐侵蚀\nvi. 挖坑道, 消弱\n[计] 共享汇编程序, 结构分析程序, 符号汇编程序, 服务器广告协议",toefl gre
sapience,'seipjәns,"n. 象有学识, 装聪明, 智慧",toefl
sapient,'seipjәnt,"a. 装聪明样的, 聪明的, 伶俐的, 有见识的",gre
sapling,'sæpliŋ,"n. 树苗, 小树",gre
sapphire,'sæfaiә,"a. 天蓝色的\nn. 蓝宝石, 刚玉宝石, 天蓝色",toefl gre
sarcasm,'sɑ:kæzm,"n. 挖苦, 讽刺, 讽刺话, 讽刺性",ky toefl ielts
sarcastic,sɑ:'kæstik,"a. 讽刺的, 讥讽的",ky toefl gre
sardine,sɑ:'di:n,n. 沙丁鱼,cet6
sardonic,sɑ:'dɒnik,"a. 嘲笑的, 冷笑的, 讥讽的\n[医] 痉笑的",toefl gre
sartorial,sɑ:'tɒ:riәl,"a. 裁缝匠的, 缝工的, 裁缝的",gre
sash,sæʃ,"n. 框格, 肩带, 腰带\nvt. 装以窗框, 系上腰带",gre
Satanic,sә'tænik,"a. 魔鬼似的, 穷凶极恶的, 邪恶的, 非常残酷的, 罪恶的, 极恶劣的",gre
sate,seit,"vt. 充分满足, 过分满意, 使厌腻",gre
sated,ˈseɪtɪd,a. <正>厌腻的,gre
satellite,'sætlait,"n. 人造卫星\n[医] 伴行静脉, 陪静脉, 陪病部, 随体, 卫星",gk cet4 cet6 ky toefl ielts
satiate,'seiʃieit,"vt. 使饱足, 使厌腻, 充分满足\na. 饱足的, 厌腻的",toefl
satiated,'seiʃieitid,a. [对...厌倦的；充分满足的；生腻的[with],gre
satiny,'sætini,"a. 缎子似的, 柔软的, 光滑的",gre
satire,'sætaiә,"n. 讽刺文学, 讽刺",ky toefl gre
satiric,sә'tirik,"a. 讽刺的, 挖苦的",toefl
satirical,sә'tirik(ә)l,"a. 讽刺的, 讥讽的, 好挖苦的, 写讽刺作品的",toefl
satirist,'sætәrist,"n. 讽刺作者, 爱挖苦的人",toefl
satirize,'sætәraiz,"vt. 讽刺, 挖苦\nvi. 写讽刺作品",gre
satisfaction,.sætis'fækʃәn,"n. 满足, 满意, 快事, 赔偿, 赎罪, 报仇的机会\n[经] 偿还, 赎回",gk cet4 cet6 ky toefl ielts
satisfactorily,.sætis'fæktәrili,adv. 令人满意地,cet6
satisfactory,.sætis'fæktәri,"a. 满意的, 赎罪的\n[法] 令人满意的, 令当事人满意的, 充分的",cet4 cet6 ky toefl
satisfy,'sætisfai,"vt. 使满意, 满足, 符合, 使确信, 赔偿\nvi. 令人满意, 替人赎罪",zk gk cet4 cet6 ky toefl
saturate,'sætʃәreit,"vt. 使渗透, 浸透, 使充满, 使饱和\na. 浸透的, 饱和度高的, 深颜色的\nn. 饱和化合物, 饱和脂肪酸",cet6 ky toefl ielts gre
saturated,'sætʃәreitid,"a. 饱和的, 渗透的\n[医] 饱和的",toefl gre
saturation,.sætʃә'reiʃәn,"n. 饱和, 渗透, 浸透, 色饱和度\n[计] 饱和度",cet6
Saturday,'sætәdi,n. 星期六,zk gk ielts
Saturn,'sætәn,n. 土星,cet6
saturnine,'sætәnain,"a. 沉默寡言的, 阴沉的, 铅中毒的\n[医] 铅的",gre
sauce,sɒ:s,"n. 酱油, 调味汁, 酱\nvt. 给...调味, 使增加趣味",gk cet4 cet6 ky ielts
saucer,'sɒ:sә,"n. 茶碟, 茶托\n[医] 碟",gk cet4 cet6 ky toefl
saunter,'sɒ:ntә,"n. 闲逛, 漫步\nvi. 闲逛, 漫步",gre
sausage,'sɒsidʒ,"n. 香肠, 腊肠",zk gk cet4 cet6 ky
savage,'sævidʒ,"a. 未开化的, 野蛮的, 无礼的, 残酷的, 原始的, 粗鲁的, 未开发的\nvt. 用暴力对付, 凶猛攻击\nn. 原始人, 粗鲁人",gk cet6 ky ielts gre
savant,'sævәnt,"n. 学者, 专家",gre
save,seiv,"n. 救球\nvt. 解救, 挽救, 储蓄, 保存, 节省, 保留\nvi. 挽救, 节省, 救球\nprep. 除...之外\n[计] 保存",zk gk cet4 cet6 ky toefl
saving,'seiviŋ,"n. 存款, 挽救, 节约\na. 搭救的, 节约的, 保留的, 补偿的\nprep. 除...之外",cet4 cet6 ky ielts
savings,'seiviŋz,"n. 储蓄, 存款\n[经] 储金, 储蓄",toefl ielts
savor,'seivә,"n. 滋味, 气味, 食欲\nvi. 有...的滋味\nvt. 加调味品于, 使有风味, 尝到",toefl
savvy,'sævi,"v. 理解, 领悟\nn. 理解能力, 机智, 悟性",gre
saw,sɒ:,"n. 锯子, 谚语\nvt. 锯, 锯开, 来回移动\nvi. 拉锯, 移动\nsee的过去式",cet4 cet6 ky
sawdust,'sɒ:dʌst,n. 锯屑\n[机] 锯屑,gre
say,sei,"vt. 说, 讲, 念, 说明, 指明\nvi. 说, 讲\nn. 意见, 发言权",zk gk ielts
saying,'seiiŋ,"n. 叙述, 话, 说, 言论",gk
scab,skæb,"n. 痂, 恶棍, 工贼\nvi. 结痂, 当工贼",gre
scabbard,'skæbәd,"n. 鞘\nvt. 放入鞘内, 装鞘",gre
scabrous,'skeibrәs,"a. 粗糙的, 多痂的, 难解决的, 猥亵的",gre
scad,skæd,"n. 竹荚鱼, 许多",gre
scads,,n. 很多；巨额,gre
scaffold,'skæfәld,"n. 脚手架, 绞刑台\n[化] 脚手架",gre
scaffolding,'skæfәldiŋ,"n. 脚手架, 台架, (搭脚手架用的)支杆和木板, (喻)(论点等的)支柱\n[化] 搭脚手架",toefl
scald,skɒ:ld,"n. 烫伤, 烫洗\nv. 烫伤, 烫洗",gre
scalding,'skɔ:ldiŋ,"a. 滚烫的, 将近沸腾的, 沸腾的, 灼人的, 尖锐辛辣的\n[化] 烫伤",gre
scale,skeil,"n. 刻度, 衡量, 比例, 比例尺, 数值范围, 等级, 规模, 天平, 秤, 鳞, 积垢\nvt. 依比例决定, 攀登, 测量, 绘制, 刮鳞, 使生垢, 过秤\nvi. 剥落, 生水垢, 重量为, 攀登, 衡量\n[计] 刻度",cet4 cet6 ky toefl ielts gre
scaled,skeild,"a. 有鳞(斑)的, 瓦片迭盖的, 栉比鳞次的",toefl
scalpel,'skælpәl,n. 解剖刀\nvt. 用解剖刀切开,ielts gre
scamper,'skæmpә,"n. 蹦跳, 奔跑, 浏览\nvi. 蹦跳, 奔跑, 浏览",gre
scan,skæn,"n. 审视, 浏览, 扫描, 细查\nvt. 细看, 浏览, 扫描, 详细调查, 标出格律\nvi. 押韵, 扫描\n[计] 网络软件目录, 编码与分析系统",gk cet4 cet6 ky toefl ielts gre
scandal,'skændәl,"n. 丑闻, 中伤, 耻辱, 反感, 流言蜚语\n[法] 丑事, 丑闻, 干丑事的人",cet4 cet6 ky toefl ielts gre
scant,skænt,"a. 不充分的, 不足的\nvt. 减少, 吝啬, 限制, 藐视, 忽略",ielts gre
scanty,'skænti,"a. 缺乏的, 仅有的, 不够的, 狭小的, 吝啬的",toefl
scapegoat,'skeipgәut,"n. 替罪羔羊, 替人顶罪者, 替身\n[法] 替罪羊, 代人受过者",toefl ielts
scar,skɑ:,"n. 疤痕, 伤痕, 悬崖\nvi. 结疤, 愈合, 痊愈\nvt. 使有伤痕",gk cet4 cet6 ky toefl ielts gre
scarce,skɑ:s,"a. 难得的, 稀罕的, 缺乏的",cet4 cet6 ky toefl ielts
scarcely,'skɑ:sli,"adv. 简直不, 一定不, 仅仅",cet4 cet6 ky toefl ielts
scarcity,'skɑ:siti,"n. 缺乏, 不足, 缺少\n[经] 缺乏, 不足",cet6 gre
scare,skєә,"n. 惊吓, 恐慌\nvt. 惊吓, 使恐慌\nvi. 受惊",gk cet4 cet6 ky toefl gre
scarf,skɑ:f,"n. 围巾, 头巾, 领带, 领巾, 嵌接\nvt. 用围巾围, 嵌接",zk gk cet4 cet6 ky gre
scarlet,'skɑ:lit,"n. 猩红色, 绯红色, 红衣\na. 绯红色的, 鲜红色的",cet6 toefl
scarp,skɑ:p,n. 悬崖\nvt. 使成陡坡,gre
scathe,skeið,"n. 危害, 损伤, 损害\nvt. 损伤, 伤害, 痛斥",toefl gre
scathing,'skeiðiŋ,"a. 伤害的, 损伤的, 严厉的",gre
scatter,'skætә,"n. 消散, 分散, 散播, 散射, 散布, 酒馆\nvi. 散布, 散播, 消散\nvt. 使消散, 使分散, 撒, 散布, 散播, 散射\n[计] 散点图",cet4 cet6 ky toefl ielts gre
scavenger,'skævindʒә,"n. (英)清道夫, 清扫工, 拾垃圾的人, 清除剂, 净化剂, 食腐动物, 黄色作家\n[计] 清除器",toefl
scenario,si'nɑ:riәu,"n. 剧本提纲, 情节, 剧本, 方案, 事态\n[计] 方案",gre
scene,si:n,"n. 场, 情景, 镜头, 发生地点, 道具, 布景, 景色\n[化] 现场",gk cet4 cet6 ky toefl
scenery,'si:nәri,"n. 风景, 景色, 舞台布景",gk cet4 cet6 ky toefl ielts
scenic,'si:nik,"a. 风景好的, 戏剧性的, 舞台的, 布景的\nn. 风光影片, 风景照片",toefl
scent,sent,"n. 气味, 香味, 香水, 踪迹, 痕迹, 线索, 嗅觉\nvt. 闻出, 嗅, 发觉, 使充满气味\nvi. 嗅猎, 发出气味",cet4 cet6 ky toefl ielts
sceptical,'skeptikl,"a. 怀疑论的, 怀疑的",gk cet6 ky ielts gre
schedule,'skedʒuәl,"n. 时间表, 一览表, 计划表, 议事日程\nvt. 预定, 编制目录, 制...表, 安排",gk cet4 cet6 ky toefl ielts
schematic,ski:'mætik,"a. 概要的, 图解的, 略图的\nn. 图表",gre
schematize,'ski:mәtaiz,"vt. 把...图式化, 将...列入计划",gre
scheme,ski:m,"n. 方案, 计划, 组合, 系统, 图解, 诡计, 阴谋\nv. 计划, 设计, 图谋, 策划",cet4 cet6 ky toefl ielts gre
schism,'sizm,"n. 分裂, 分立, 分裂教会罪\n[法] 分裂, 分裂宗教罪, 宗派",toefl gre
scholar,'skɒlә,"n. 学者, 奖学金获得者, 有文化者, 学习者",gk cet4 cet6 ky toefl
scholarly,'skɔlәli,"a. 学者派头的, 学者风度的, 有学问的, 博学的, 好学的",toefl
scholarship,'skɒlәʃip,"n. 学问, 学术成就, 奖学金",gk cet4 cet6 ky toefl ielts
school,sku:l,"n. 学校, 鱼群, 门派, 学派\nvt. 教育, 训练, 培养\nvi. 成群地游",zk gk ielts gre
schoolbag,'sku:lbæ^,n. 书包,zk gk
schoolmate,'sku:lmeit,"n. 同窗, 同学",gk
science,'saiәns,"n. 科学, 学科, 学问, 自然科学\n[医] 科学",zk gk ielts
scientific,.saiәn'tifik,"a. 科学的, 系统的, 符合科学规律的\n[计] 科学记数法",gk cet4 cet6 ky ielts
scientist,'saiәntist,n. 科学家\n[医] 科学家,zk gk cet4 cet6 ky
scientists,'saɪəntɪsts,n. 科学家( scientist的名词复数 ),ielts
scintillate,'sintileit,"v. 发出火花, 闪耀光芒",gre
scion,'saiәn,"n. 接穗, 子孙\n[医] 嫩枝, 接穗",gre
scission,'siʒәn,"n. 切断, 分离, 分裂\n[医] 分裂",gre
scissor,'sizә,"vt. 剪, 剪取, 删除, 削减\nn. 剪刀",gre
scissors,'sizәz,pl. 剪刀\n[医] 剪,gk cet4 cet6 ky toefl ielts
scoff,skɒf,"n. 嘲笑, 愚弄, 笑柄, 食品\nv. 嘲笑, 嘲弄, 贪吃, 狼吞虎咽地吃",cet6 toefl gre
scold,skәuld,"n. 好骂街的人, 责骂\nv. 责骂",gk cet4 cet6 ky ielts
scoop,sku:p,"n. 铲子, 勺子, 穴, 口, 独家新闻\nvt. 汲取, 舀取, 挖空, 抢先报道",toefl ielts gre
scooter,'sku:tә,"n. 小型摩托车, 踏板车\n[机] 机车",gre
scope,skәup,"n. 范围, 机会, 广度, 眼界, 观察仪器, 导弹射程\n[计] 作用域",cet4 cet6 ky toefl gre
scorch,skɒ:tʃ,"n. 烧焦, 枯萎\nv. 烧焦, 拷焦, (使)枯萎, 讽刺",cet6 toefl ielts gre
scorching,'skɒ:tʃiŋ,"a. 灼热的, 激烈的\n[化] 焦烧; 过早硫化",gre
score,skɒ:,"n. 得分, 抓痕, 二十个, 刻痕, 帐目, 乐谱, 起跑线, 终点线, 大量\nvt. 刻划, 划线, 获得, 评价, 把...记下\nvi. 刻痕, 记分, 得分\n[计] 得分",zk gk cet4 cet6 ky toefl ielts gre
scores,skɔ:z,"n. 大量, 众多; 二十( score的名词复数 ); （游戏或比赛中的）得分; 大量; 百分数",gk
scorn,skɒ:n,"n. 轻蔑, 藐视, 嘲笑, 被嘲弄的人\nvt. 轻蔑, 不屑做",cet4 cet6 ky ielts gre
scornful,'skɒ:nful,a. 轻蔑的,toefl
scorpion,'skɒ:piәn,"n. 蝎子, 心黑的人, 蝎尾鞭\n[医] 蝎",gre
Scotch,skɔtʃ,"n. 苏格兰人, 苏格兰语, 刻痕\na. 苏格兰人的, 苏格兰语的\nvt. 刻痕于, 伤害, 镇压, 妨碍",toefl gre
Scotland,'skɒtlәnd,n. 苏格兰,gk ielts
scotsman,'skɔtsmәn,n. 苏格兰人,ielts
Scottish,'skɒtiʃ,"a. 苏格兰的, 苏格兰人的",gk
scour,'skauә,"vt. 擦亮, 洗涤, 清洗, 冲刷成, 急速穿过\nvi. 擦, 洗, 冲刷, 腹泻, 急速穿行\nn. 擦, 洗, 腹泻, 洗涤剂",toefl gre
scourge,skә:dʒ,"n. 鞭, 苦难根源, 灾祸\nvt. 鞭打, 痛斥, 蹂躏",gre
scout,skaut,"n. 守候, 侦察, 搜索, 侦察员, 侦察机\nvi. 守候, 侦察, 巡视, 嘲笑\nvt. 侦察, 跟踪, 发现, 监视, 嘲弄",cet4 cet6 ky toefl ielts
scowl,skaul,"n. 愁容, 阴沉脸色\nvi. 皱眉, 绷着脸\nvt. 怒视",gre
scramble,'skræmbl,"n. 攀缘, 爬行, 抢夺, 混乱, 紧急起飞\nvi. 攀缘, 杂乱蔓延, 争夺, 拼凑, 匆忙\nvt. 攀登, 扰乱, 使混杂",cet6 ky toefl gre
scrap,skræp,"n. 碎片, 残余物, 些微, 片断, 铁屑, 吵架\nvt. 扔弃, 敲碎, 拆毁\nvi. 互相殴打\na. 零碎拼凑成的, 废弃的",cet6 ky toefl ielts gre
scrape,skreip,"n. 刮, 擦, 挖, 擦痕, 刮擦声, 困境\nvi. 刮掉, 擦掉, 刮出刺耳声\nvt. 刮, 擦, 擦伤, 挖成, 积蓄",cet4 cet6 ky toefl ielts gre
scraping,'skreipiŋ,"n. 擦去, 抹去, 削去, 刮擦声, 碎屑\na. 刮擦的, 吝啬的",toefl
scrappy,'skræpi,"a. 杂凑的, 不连贯的, 爱打架的, 坚决的",gre
scratch,skrætʃ,"n. 抓痕, 搔, 抓, 擦伤, 刮擦声, 乱写, 零分, 起跑线\nvt. 搔, 抓, 挖出, 擦, 刮, 乱涂, 勾抹掉\nvi. 搔, 抓, 发刮擦声, 勉强糊口\na. 碰巧的, 凑合的, 打草稿用的\n[计] 擦除",gk cet4 cet6 ky toefl ielts
scrawl,skrɒ:l,vt. 潦草地写\nvi. 乱写\nn. 潦草的笔迹,gre
scream,skri:m,"n. 尖叫声\nvi. 尖叫, 大笑, 尖啸, 令人震惊\nvt. 尖叫着说, 大叫大嚷着要求",gk cet4 cet6 ky
screed,skri:d,"n. 冗长的文章, (瓦工用的)抹灰靠尺\n[法] 事故陈述书, 呈文, 冗长文章",toefl gre
screen,skri:n,"n. 幕, 银幕, 屏风, 掩蔽物, 屏蔽, 筛子\nvt. 掩蔽, 放映, 拍摄, 掩护, 筛, 甄别\nvi. 拍电影\n[计] 筛选; 屏幕",zk gk cet4 cet6 ky toefl
screw,skru:,"n. 螺旋, 螺杆, 螺钉, 螺旋桨, 吝啬鬼\nvt. 调节, 扭紧, 旋, 拧, 加强, 压榨, 勒索\nvi. 转动, 旋, 拧",cet4 cet6 ky toefl ielts gre
screwdriver,'skru:draivә,n. 螺丝起子\n[机] 活动扳手,toefl gre
scribble,'skribl,"n. 潦草的写法, 潦草写成的东西, 拙劣的作品\nv. 潦草地书写, 乱写, 滥写",toefl gre
script,skript,"n. 手迹, 手稿, 正本, 手写体\nvt. 改编为演出本\n[计] 手写体, 小型程序",cet6 ky ielts gre
scripture,'skriptʃә,"n. 圣经, 圣经的一节, 圣经的一句, 铭文",cet6 toefl gre
scroll,skrәul,"n. 卷轴, 画卷, 名册, 条幅, 滚动\nv. (使)成卷形\n[计] 滚动",toefl ielts gre
scrub,skrʌb,"n. 用力擦洗, 矮树, 矮人, 渺小之物\nvt. 用力擦洗, 擦掉, 摩擦\nvi. 擦洗干净, 进行手臂消毒\na. 次等的, 矮小的, 非正规球队的, 临时凑合的",cet6 toefl gre
scrumptious,'skrʌmpʃәs,"a. 可口的, 绝妙的, 缩紧的",gre
scruple,'skru:pl,"n. 踌躇, 犹豫, 微量\nvi. 踌躇, 有顾忌",toefl gre
scrupulous,'skru:pjulәs,"a. 小心谨慎的, 细心的",toefl ielts
scrupulously,,"adv. 严谨, 一丝不苟, 用心, 准确, 多顾虑, 小心翼翼, 审慎, 诚实, 真心实意",toefl
scrutable,'skru:tәbl,"a. 可解读的, 可以了解的",gre
scrutinize,'skrutinaiz,"vt.vi. 细看, 仔细检查, 审查, 细阅\n[法] 细看, 细阅, 仔细检查",ky toefl gre
scrutiny,'skru:tini,"n. 细看, 仔细检查, 监视, 选票检查\n[经] 复查, 评核, 仔细检查",cet6 ky toefl ielts
scuba,'skju:bә,n. 自携式水中呼吸器,toefl
scud,skʌd,"vi. 飞奔, 疾行\nn. 飞奔, 飞云, 小阵雨, 皮垢",toefl gre
scuff,skʌf,"vi. 拖着脚走, 磨损\nvt. 拳打, 攻击, 用足尖触, 使磨损\nn. 拖着脚走, 磨损, 家用平底拖鞋",toefl gre
scuffle,'skʌfl,"vi. 扭打, 混战, 拖着脚走, 敷衍了事\nn. 扭打, 混战, 拖着脚走",toefl
sculpt,skʌlpt,"v. 雕刻, 造型",toefl gre
sculptor,'skʌlptә,n. 雕刻家,toefl gre
sculptural,'skʌlptʃәrәl,"a. 雕刻的, 雕刻般的",toefl
sculpture,'skʌlptʃә,"n. 雕刻, 雕塑\nvt. 雕刻, 雕塑\nvi. 当雕刻师",gk cet6 ky toefl ielts
scum,skʌm,"n. 浮渣, 糟粕, 浮藻, 熔渣, 不起好作用的人\nvt. 撇去(浮沫)\nvi. 产生泡沫",ielts
scurrilous,'skʌrilәs,"a. 说话粗鄙恶劣的, 下流的\n[法] 语言粗鄙的, 庸俗的",gre
scurry,'skʌri,"vi. 急赶, 急跑, 急转\nn. 急赶, 急跑, 急转, 阵雪, 阵雨",toefl gre
scurvy,'skә:vi,"a. 下流的, 卑鄙的, 无礼的\nn. 坏血病",gre
scutter,'skʌtә,vi. 急跑；疾走,gre
scuttle,'skʌtl,"n. 箩, 筐, 急速逃走, 天窗, 小舱口\nvi. 急速逃走, 急忙撤退\nvt. 凿沉, 毁坏",toefl gre
scythe,saið,"n. 长柄大镰刀, 大钐镰\nvt. 用大镰刀割",gre
sea,si:,"n. 海, 海洋, 海浪, 大量\n[法] 海, 海洋",zk gk
seabed,'si:bed,"n. 海底, 海床",toefl
seafaring,'si:.fєәriŋ,"n. 航海业, 航海\na. 航海的, 在海上工作的",gre
seafood,'si:fu:d,"n. 海味, 海鲜, 鱼类",ielts
seagull,'si:^ʌl,n. 鸥,gk
seal,si:l,"n. 印章, 封条, 海豹, 海豹皮, 火漆, 封蜡, 玺, 保证, 批准, 象征, 标志\nvt. 封闭, 盖印, 盖章\nvi. 猎海豹",gk cet4 cet6 ky toefl ielts
seam,si:m,"n. 缝合线, 衔接口, 接缝, 线缝, 伤疤\nvt. 缝合, 接合, 焊合, 使留下伤痕\nvi. 裂开, 发生裂痕",cet6 ky toefl ielts gre
seaman,'si:mәn,"n. 船员, 海员, 水兵\n[法] 海员, 水手, 精通海事者",gk cet4 cet6
seamen,,"水兵, 海员, 水手",toefl
seamount,'si:maunt,n. 海山,toefl
seamy,'si:mi,"a. 露出线缝的, 丑恶的",gre
seaport,'si:pɒ:t,"n. 海港, 港口城市",cet4 cet6 toefl
sear,siә,"a. 枯萎的, 凋谢的\nvt. 烤焦, 使枯萎\nvi. 凋谢, 干枯",toefl gre
search,sә:tʃ,"n. 搜寻, 查究\nv. 搜寻, 搜查, 探求, 调查, 搜索\n[计] 搜索, 路径检索程序",zk gk cet4 cet6 ky toefl
seashell,'si:ʃel,n. 海贝壳,gk
seashore,'siʃɒ:,"n. 海岸, 海滨",toefl
seaside,'si:said,"a. 海边的, 海滨的\nn. 海滨",gk cet6 ky
season,'si:zn,"n. 季节, 时节, 当令期, 时期\nvt. 给...调味, 使成熟, 使老练, 缓和\nvi. 变干燥",zk gk toefl ielts
seasonal,'si:znәl,"a. 季节的, 依照季节的, 周期性的\n[经] 季节性的, 季节的",toefl
seasoned,'si:znd,"a. 经验丰富的, 老练的",ielts gre
seasoning,'si:zniŋ,"n. 调味品, 作料, 佐料, 锻练\n[化] 天然时效",toefl gre
seat,si:t,"n. 座, 座位, 位子, 席位, 所在地\nvt. 使坐下, 使就座, 为...设座于, 使就职\nvi. 安装在底座上",zk gk ielts
seats,,"n. 座椅, 座位（seat的复数形式）",ielts
seaweed,'si:wi:d,"n. 海草, 海藻\n[医] 海藻",gk toefl
secede,si'si:d,"vi. 正式脱离(或退出), 分离\n[法] 退出, 脱离",gre
seclude,si'klu:d,"vt. 使隔离, 使孤立, 隔开",toefl ielts gre
seclusion,si'klu:ʒәn,"n. 隔离, 隐退",toefl
second,'sekәnd,"n. 秒, 瞬间, 第二名, 支持者, 助手\na. 第二的, 其次的, 次要的, 附加的, 辅助的\nnum. 第二\nvt. 当...助手, 支持",zk gk ielts
second-hand,'sekәnd'hænd,"a. 用过的, 旧货的, 旧的, 间接的, 传来的, 第二手的\n[机] 半新的, 旧货",cet6 ielts
secondary,'sekәndәri,"a. 中级的, 中等的, 次要的, 第二的, 从属的, 辅助的\n[化] 仲(指CH-3...CH(CH-3)-型支链烃基或指二元胺及R-2CHOH型的醇); 第二",cet4 cet6 ky toefl ielts
secondhand,'sekәnd'hænd,"a. 间接获得的, 旧的, 二手的, 做旧货买卖的\nadv. 间接地, 间接听来, 以旧货",gk
secondly,'sekәndli,"adv. 第二, 其次",cet4 cet6
secret,'si:krit,"n. 秘密, 机密, 秘诀, 秘方\na. 秘密的, 极机密的, 隐蔽的, 暗中的, 神秘的, 偏僻的",zk gk cet4 cet6 ky toefl
secretary,'sekrәtәri,"n. 秘书, 书记, 大臣\n[经] 秘书",zk gk ielts
secrete,si'kri:t,"vt. 隐秘, 隐藏, 隐匿, 分泌\n[医] 分泌",toefl gre
secretin,si'kri:tn,n. 促胰液素\n[化] 肠促胰液肽; 胰泌素,toefl
secretion,si'kri:ʃәn,"n. 分泌, 分泌物, 分泌液, 隐蔽\n[医] 分泌; 分泌物",toefl ielts
secretive,si'kri:tiv,"a. 秘密的, 偷偷摸摸的, 分泌的, 促进分泌的",gre
sect,sekt,"n. 宗派, 教派",toefl gre
section,'sekʃәn,"n. 区段, 部分, 区域, 节, 截面, 处, 科, 区, 扇区\nvt. 把...分段, 把...切片\nvi. 被切成片\n[计] 扇区",gk cet4 cet6 ky toefl ielts
sectional,'sekʃәnl,"a. 部分的, 部门的, 节的, 截面的\nn. 组合式家具",toefl ielts
sector,'sektә,"n. 扇形, 部门, 部分, 函数尺, 象限仪, 段, 区段\nvt. 把...分成扇形\n[计] 扇面; 扇区; 段; 区段",cet6 ky toefl ielts
secular,'sekjulә,"n. 修道院外的教士\na. 世俗的, 现世的, 长期的",ky toefl ielts gre
secure,si'kjuә,"a. 无虑的, 安心的, 安全的, 可靠的, 保险的\nvt. 固定, 获得, 保证, 使安全, 掩护, 招致\nvi. 停止操作, 船抛锚",gk cet4 cet6 ky toefl gre
securely,si'kjuәli,adv. 安全地；安心地；牢固地；有把握地,toefl
securities,si'kjuәritis,n. 有价证券\n[经] 证券,gre
security,si'kjuriti,"n. 安全, 安全性, 防护物, 保安, 可靠性, 担保人, 抵押品, 保证金\n[计] 安全性, 保密性, 安全检查程序",gk cet4 cet6 ky toefl
sedate,si'deit,"a. 沉着的, 镇静的, 安静的\nvt. 给...服镇静剂",toefl gre
sedative,'sedәtiv,"a. 使安静的, 使镇静的\nn. 镇静剂",gre
sedentary,'sedәntәri,"a. 久坐的, 坐惯的, 定栖的\n[医] 静坐的; 坐式的",cet6 toefl gre
sediment,'sedimәnt,"n. 沉淀物, 沉积\n[化] 沉降物; 沉积物",toefl ielts gre
sedimentary,.sedi'mentәri,"a. 沉渣的, 沉淀物的, 由沉淀物所生成的\n[医] 沉淀的, 沉积的, 沉降的",toefl
sedition,si'diʃәn,"n. 煽动骚乱, 暴动, 妨害治安, 骚动\n[法] 煽动, 煽动叛逆罪, 暴动",gre
seditious,si'diʃәs,"a. 煽动性的, 妨害治安的\n[法] 妨害治安罪的, 煽动性的, 危及治安的",gre
seduce,si'dju:s,"vt. 唆使, 怂恿, 引诱, 诱奸\n[法] 勾引, 诱惑, 诱奸",toefl
sedulity,si'dju:liti,"n. 勤勉, 勤奋",gre
sedulous,'sedjulәs,"a. 勤勉的, 勤苦工作的",gre
see,si:,"vt. 看见, 查看, 参观, 游览, 理解, 知道, 同意\nvi. 看, 观看, 注意, 知道, 考虑\nn. 主教的职位",zk gk
seed,si:d,"n. 种子, 籽, 萌芽, 子孙, 精液\nvt. 在...播种, 催...发育, 脱...籽\nvi. 结实, 播种",gk cet4 cet6 ky
seedling,'si:dliŋ,"n. 秧苗, 树苗\n[医] 籽苗, 幼苗, 实生苗",toefl gre
seek,si:k,"vt. 寻求, 寻找, 探索, 追求, 搜索, 请求\nvi. 寻找, 搜索\n[计] 查找",gk cet4 cet6 ky
seem,si:m,"vi. 象是, 似乎",zk gk
seemingly,'si:miŋli,"adv. 看来似乎, 表面上看来",cet6 ky toefl ielts
seemly,'si:mli,"a. 适当的, 恰当的, 合适的, 好看的",gre
seep,si:p,"vi. 渗出, 渗流, 漏\nn. 小泉, 水陆两用吉普车",toefl ielts gre
seethe,si:ð,"vi. 冒泡, 沸腾\nvt. 使煮沸, 使浸透\nn. 翻腾",toefl gre
segment,'segmәnt,"n. 片段, 部分, 分节, 段\nv. 分割, 分裂\n[计] 段",cet4 cet6 ky toefl ielts gre
segregate,'segrigeit,"a. 分离的, 被隔离的\nvi. 分离, 隔离, 分凝\nvt. 使分离, 使隔离",cet6 ky toefl ielts
seine,sein,"n. 曳网, 拖地大网\nvt. 用曳网围捕\nvi. 用曳网捕鱼",gre
seismic,'saizmik,a. 地震的,toefl ielts gre
seismograph,'saizmәgrɑ:f,n. 地震仪\n[电] 地震计,toefl
seismology,saiz'mɒlәdʒi,n. 地震学,toefl
seize,si:z,"vt. 抓住, 逮捕, 俘获, 没收, 扣押, 掌握\nvi. 突然抓住, 利用",gk cet4 cet6 ky toefl
seldom,'seldәm,"a. 不常的, 稀少的\nadv. 很少, 不常",zk gk cet4 cet6 ky toefl
select,si'lekt,"a. 挑选出来的, 极好的\nv. 选择, 挑选\nn. 被挑选者, 精萃\n[计] 选定",gk cet4 cet6 ky toefl
selection,si'lekʃәn,"n. 选择, 选文, 精选品\n[医] 选择, 淘汰",cet4 cet6 ky toefl ielts
self,self,"n. 自己, 自我, 本性, 本质, 私心, 本人\nvt. 使近亲繁殖, 使自花授精\nvi. 自花授精\na. 同一的",gk cet4 cet6 ky
self-abasement,'selfә'beismәnt,n. 自卑,gre
self-absorbed,'selfәb'sɔ:bd,a. 自我专注的,gre
self-assertion,'selfә'sә:ʃәn,"n. 自作主张\n[法] 一意孤行, 坚持自己的权利",gre
self-defense,selfdi'fens,"n. 自卫, 自卫术, 自卫权\n[法] 自卫, 正当防卫",ielts
self-discipline,'self'disiplin,"n. 自我训练, 自我修养, 自律\n[法] 自律, 自我约束, 自我修养",ielts
self-sufficient,'selfsә'fiʃәnt,"a. 自给自足的, 极为自负的",toefl ielts
selfish,'selfiʃ,"a. 自私的, 利己主义的, 自我中心的",gk cet4 cet6 ky toefl
selfishness,'selfiʃnis,"n. 自我中心, 利己主义, 任性",toefl
sell,sel,"vt. 卖, 背叛, 销售, 出卖\nvi. 卖, 销售\nn. 卖, 推销术, 失望",zk gk
seller,'selә,n. 销售者\n[化] 卖方,cet4 cet6
semblance,'semblәns,"n. 外表, 伪装, 假象, 少量",toefl ielts gre
semester,si'mestә,n. 学期,cet4 cet6 ky toefl ielts
semiarid,.semi'ærid,"a. 雨量非常少的, 半干旱的",toefl
semicircle,'semi.sә:kl,n. 半圆形,gk
semiconductor,.semikәn'dʌktә,n. 半导体\n[化] 半导体,cet4 cet6 ky
semiliterate,.semi'litәrәt,n. 半文盲,toefl
semimolten,semɪ'mɒltən, 半熔化的,toefl
seminal,'seminl,"a. 精液的, 种子的, 生殖的\n[医] 种子的; 精液的",gre
seminar,'seminɑ:,"n. 研究班, 专题讨论会\n[经] 讨论会, 专家讨论会",cet4 cet6 ky ielts
seminary,'seminәri,"n. 神学院, 发源地",gre
seminate,'semineit,"vt.播种于, 传播,散布",cet6
senate,'senit,"n. 参议院, 立法机构, 评议会",cet4 cet6 ky
senator,'senәtә,"n. 参议员, (某些大学的)理事\n[法] 参议员, 上议员",cet6 ky toefl
send,send,"vt. 发送, 使进入, 寄, 派遣, 发射, 使陷于\nvi. 寄信, 派人, 播送\nn. (船的)上升运动\n[计] 发送",zk gk
senile,'si:nail,"a. 高龄的, 衰老的, 老年期的\n[医] 老年的",gre
senior,'si:njә,"n. 年长者, 资深者, 毕业班学生\na. 年长的, 高级的, 资深的",gk cet4 cet6 ky ielts
sensation,sen'seiʃәn,"n. 感觉, 轰动\n[医] 感觉",cet6 ky toefl gre
sensational,sen'seiʃәnl,"a. 使人感动的, 非常好的",toefl
sense,sens,"n. 感应, 感觉, 感官, 意识, 观念, 情理, 知觉, 理智\nvt. 感觉, 觉察, 检测\n[计] 阅读; 检测",zk gk cet4 cet6 ky ielts
senseless,'senslis,"a. 无感觉的, 无意识的, 不省人事的",cet6
sensibility,.sensi'biliti,"n. 感性, 感觉, 情感\n[医] 感觉性, 感受性; 感觉, 感觉能力",toefl
sensible,'sensәbl,"a. 有感觉的, 敏感的, 明智的\n[医] 可感觉的",cet4 cet6 ky toefl ielts gre
sensitive,'sensitiv,"a. 敏感的, 易感的, 灵敏的, 感光的\n[机] 敏感的, 灵敏的, 感度高的",gk cet4 cet6 ky toefl ielts gre
sensitivity,.sensә'tiviti,"n. 敏感, 灵敏度\n[计] 灵敏度",cet6 toefl gre
sensitization,.sensitai'zeiʃәn,"n. 敏感化, 致敏作用\n[化] 敏化作用; 致敏作用",gre
sensitize,'sensitaiz,"vt. 使敏感, 使具有感光性\nvi. 变得敏感",gre
sensor,'sensә,n. 传感器\n[计] 检测器,cet6
sensory,'sensәri,"a. 知觉的, 感觉的, 传递感觉的\n[医] 感觉的",toefl
sensual,'senʃuәl,"a. 肉欲的, 感觉的, 感觉论的",gre
sensuous,'senʃuәs,"a. 感觉上的, 使感官以快感的, 敏感的",toefl
sentence,'sentәns,"n. 句子, 命题, 宣判\nvt. 宣判, 判决\n[计] 句子",zk gk cet4 cet6 ky toefl
sentences,ˈsentənsiz,"n. [律]判决, 宣判; 句子（ sentence的名词复数 ）\nv. 宣判, 判决（ sentence的第三人称单数 ）",ielts
sententious,sen'tenʃәs,"a. 简洁的, 警句的, 富于格言的",gre
sentient,'senʃәnt,"a. 有感觉力的, 意识到的\nn. 有知觉的人",gre
sentiment,'sentimәnt,"n. 感情, 感伤, 情操, 情绪, 感想, 意见\n[医] 情感, 情操",cet6 ky ielts gre
sentimental,.senti'mentl,"a. 感伤的, 感情用事的",ky toefl
sentimentalism,",senti'mentəlizəm",n. 感伤主义,toefl
sentimentalize,.senti'mentәlaiz,vi. 流于感伤\nvt. 使感伤,toefl
sentinel,'sentinl,"n. 哨兵, 标记\nvt. 警戒, 守卫\n[计] 标记",gre
sentry,'sentri,"n. 哨兵, 看守\nvt. 设岗哨\nvi. 站岗, 放哨",toefl gre
separate,'sepәreit,"n. 独立件, 抽印本\na. 分开的, 各别的, 单独的, 分隔的\nvi. 分开, 隔开, 分居\nvt. 使分离, 使分开, 区分, 使分居",zk gk cet4 cet6 ky gre
separately,'sepәrәtli,"adv. [表]分开, 不相连, 分隔, 分离, 不同, 单独, 独立, 各自, 各别, 脱离肉体, 灵魂\n[计] 分离地",gk cet4 cet6 toefl
separation,.sepә'reiʃәn,"n. 分离, 分居, 缺口, 退职\n[化] 分离",gk cet4 cet6
September,sep'tembә,n. 九月,zk gk ielts
septic,'septik,"a. 腐败的, 脓毒性的\nn. 引起腐败的物质",ielts gre
sepulchral,si'pʌkrәl,"a. 坟墓的, 埋葬的",gre
sequacious,si'kweiʃәs,"a. 盲从的, 卑贱的, 合于逻辑的",gre
sequela,si'kwi:lә,"n. 结果, 后遗症\n[医] 后遗症, 后发病, 遗患",gre
sequence,'si:kwәns,"n. 序列, 续发事件, 顺序, 连续\nvt. 按顺序排好\n[计] 顺序",cet4 cet6 ky toefl ielts
sequential,si'kwenʃәl,"a. 继续的, 后果的\n[计] 顺序的",gre
sequester,si'kwestә,"vt. 使隐退, 使隔绝, 扣押, 没收\n[化] 螯合剂; 多价螯合剂",toefl gre
sequestrate,si'kwestreit,"vt. 扣押, 没收\n[法] 扣押, 没收, 把系争物交第三者保管",gre
seraphic,sә'ræfik,"a. 六翼天使的, 天使一般的, 纯洁的",gre
sere,siә,a. 干枯的\nn. 演替系列,gre
serenade,'serineid,n. 小夜曲\nv. 唱小夜曲,gre
serendipity,",serәn'dipiti","n. 偶然发现珍宝的运气/才能, 易遇奇缘的运气",gre
serene,si'ri:n,"a. 宁静的, 沉着的, 安详的, 晴朗的\nn. 晴朗, 平静",toefl gre
serenity,si'reniti,"n. 宁静, 沉着, 晴朗",toefl
serfdom,'sә:fdәm,"n. 农权制, 农奴地位, 农奴境遇, 奴役",gre
serial,'siәriәl,"n. 分期连载作品, 连载小说\na. 连续的, 一连串的, 连载的, 分期偿还的\n[计] 连续的; 串行的",ky ielts gre
series,'siәri:z,"n. 串联, 序列, 连续, 系列, 丛书, 套, 级数, 组\n[计] 系列",cet4 cet6 ky ielts
serious,'siәriәs,"a. 严肃的, 认真的, 重要的, 严重的\n[电] 严重的",zk gk cet4 cet6 ky toefl ielts
seriously,'siәriәsli,"adv. 严肃地, 认真地, 严重地",cet4 cet6 toefl
sermon,'sә:mәn,"n. 说教, 启示, 布道",cet6 ky toefl gre
sermonize,'sә:mәnaiz,"v. 说教, 布道, 说大道理与人听",gre
serpent,'sә:pәnt,"n. 巨蛇座, 蛇, 蛇形管, 狡猾的人",cet6
serpentine,'sә:pәntain,"a. 蛇的, 层层卷绕的, 阴险的, 迂回的\nn. 蛇纹石, 弯弯曲曲之物\nvi. 蜿蜒\nvt. 使迂回曲折地行进",gre
serrate,'serit,a. 锯齿状的\n[医] 锯齿状的,gre
serrated,se'reitid,a. 锯齿状的\n[医] 锯齿状的,toefl gre
serried,'serid,"a. 密集的, 林立的, 锯齿状的",gre
servant,'sә:vәnt,"n. 仆人, 有用物, 公务员, 雇员\n[法] 受雇人, 服务者, 公务员",zk gk cet4 cet6 ky
serve,sә:v,"vt. 可作...用, 服务, 经历, 招待, 供应, 送交, 对待\nvi. 服务, 服役, 侍应, 适合, 有用, 开球\nn. 发球, 轮到发球",zk gk
service,'sә:vis,"n. 服务, 贡献, 雇佣, 公职, 服役, 功劳, 仪式, 送达, 行政部门\nvt. 保养, 维修\na. 武装部队的, 服务性的, 仆人的, 耐用的\n[计] 服务, 业务",zk gk ielts
serviceable,'sә:visәbl,"a. 有用的, 耐用的\n[化] 能操作的",gre
servile,'sә:vail,"a. 奴隶的, 奴性的, 卑屈的",gre
servitude,'sә:vitju:d,"n. 奴隶状态, 惩役, 地役权\n[法] 苦役, 劳役, 奴役",gre
session,'seʃәn,"n. 期间, 开庭期, 会议, 学期\n[计] 会话, 对话, 会晤, 通用任务程序",gk cet4 cet6 ky toefl ielts
set,set,"n. 日落, 同伙, 组合, 集合, 装置\nvt. 放, 安置, 放置, 设定, 使凝结, 点燃, 确定, 点缀, 使就位, 树立, 分配, 调整\nvi. 日落, 凝固, 定型, 搁住, 结果, 适合\na. 决心的, 规定的, 故意的, 持久的, 固定的, 老套的, 准备好的\n[计] 设置; DOS内部命令:改变或显示分配给环境变量的值",zk gk ielts
setback,'setbæk,"n. 挫折, 退步, 逆流",cet6 ky ielts gre
setting,'setiŋ,"n. 环境, 背景, 布景, 镶嵌, 调整, 沉落, 一副餐具\n[计] 设置",cet4 cet6 ky toefl ielts
settle,'setl,"n. 有背长椅\nvt. 决定, 整理, 安放, 使定居, 使平静, 支付, 安排, 解决, 结算\nvi. 停留, 下陷, 沉淀, 澄清, 安下心来, 结清, 定居, 安家",gk cet4 cet6 ky ielts gre
settled,'setld,"a. 固定的, 决定的, 持续的, 难以消除的\n[经] 付讫的, 固定的, 结过帐的",gre
settlement,'setlmәnt,"n. 安顿, 解决, 处理, 结算, 殖民, 殖民地, 沉降\n[医] 居住区; 沉渣",gk cet4 cet6 ky ielts
settler,'setlә,"n. 移民者, 解决者, 结算员\n[化] 沉淀池; 沉降器; 澄清槽",gk
seven,'sevn,"num. 七, 七个",zk gk
seventeen,sevn'ti:n,"num. 十七, 十七个",zk gk cet4 cet6
seventh,'sevnθ,"num. 第七, 七分之一",zk gk
seventy,'sevnti,"num. 七十, 七十个",zk gk cet4 cet6
sever,'sevә,"vt. 切断, 脱离, 分开, 使分离, 断绝, 中断\nvi. 断, 裂开",toefl gre
several,'sevәrәl,"a. 几个的, 一些的, 各自的\npron. 几个",zk gk ielts
severe,si'viә,"a. 严格的, 尖锐的, 严肃的, 严重的, 严厉的, 朴素的\n[法] 严厉的, 苛刻的, 严重的",gk cet4 cet6 ky toefl ielts gre
severely,si'viәli,"adv. 严格, 尖锐, 严肃, 严重, 严厉, 朴素",cet4 cet6
sew,sәu,"vt. 缝纫, 缝合, 缝\nvi. 缝纫",gk cet4 cet6 ky toefl
sewage,'sju:idʒ,"n. 脏水, 污水\n[医] 污水, 污物",ielts
sewer,'su:ә,"n. 下水道, 阴沟, 裁缝师\nvt. 用下水道排, 铺设下水道于",toefl ielts gre
sewerage,'su:әridʒ,"n. 排水设备, 污水\n[化] 污水",toefl
sex,seks,"n. 性别, 性欲\nvt. 区别...的性别, 引起...的性欲",gk cet4 cet6 ky ielts
sextant,'sekstәnt,n. 六分仪,gre
sexual,'sekʃuәl,"a. 性的, 性别的\n[医] 性的; 性欲的",cet4 cet6
shabby,'ʃæbi,"a. 衣衫褴褛的, 低劣的, 破旧的, 吝啬的, 卑鄙的",gk cet6 ky toefl ielts gre
shack,ʃæk,"n. 陋屋, 棚屋\nvi. 居住, 暂住",gre
shackle,'ʃækl,"n. 桎梏, 束缚物\nvt. 加枷锁, 束缚",toefl gre
shade,ʃeid,"n. 荫, 阴暗, 遮光物, 灯罩, 帘, 浓淡, 微量, 底纹\nvi. 渐变\nvt. 使阴暗, 使渐变, 遮蔽, 微减\n[计] 底纹",gk cet4 cet6 ky toefl
shadow,'ʃædәu,"n. 阴影, 荫, 影子, 影像, 阴暗, 幽灵, 少许, 隐蔽处, 庇护\nvt. 遮蔽, 使朦胧, 预示, 尾随\nvi. 渐变, 变阴暗\n[计] 阴影",gk cet4 cet6 ky
shadowy,'ʃædәui,"a. 有影的, 暗黑的, 朦胧的, 虚幻的",cet6
shady,'ʃeidi,"a. 荫凉的, 成荫的, 阴暗的, 隐蔽的\n[法] 成问题的, 令人怀疑的",cet4 cet6 ky
shaft,ʃæft,"n. 轴, 箭杆, 矛, 矿井\nvt. 装杆于, 利用",cet6 ky toefl ielts
shake,ʃeik,"n. 摇动, 震动\nvt. 摇动, 动摇, 使震动, 挥舞\nvi. 震动, 发抖, 动摇",zk gk cet4 cet6 ky toefl
shaky,'ʃeiki,"a. 震动的, 摇晃的, 动摇的",cet6
shale,ʃeil,n. 页岩,toefl gre
shall,ʃæl,aux. 将,zk gk
shallow,'ʃælәu,"n. 水浅的地方, 浅滩\na. 浅的, 肤浅的\nv. (使)变浅",gk cet4 cet6 ky toefl ielts
sham,ʃæm,"n. 假, 赝品, 骗子, 哄骗\na. 假的, 伪造的\nvt. 假装, 冒充\nvi. 装假",cet6 ky gre
shamble,'ʃæmbl,"vi. 蹒跚地走, 摇摇晃晃地走, 摇晃不稳\nn. 蹒跚",ielts
shambles,'ʃæmblz,"n. 肉店, 屠宰场, 混乱, 废墟",gre
shame,ʃeim,"n. 羞耻, 羞愧, 耻辱\nvt. 使羞愧, 侮辱",zk gk cet4 cet6 ky
shameful,'ʃeimful,"a. 可耻的, 丢脸的, 不道德的, 淫猥的, 猥亵的, 不体面的",cet6
shameless,'ʃeimlis,a. 不知羞耻的,toefl
shampoo,ʃæm'pu:,"n. 洗头, 洗发剂\nvt. 洗头, 洗发",cet4 cet6 ky
Shanghai,'ʃæŋhai,"n. 上海, 浦东鸡\na. 上海的, 上海时行的, 上海风格的\nvt. 拐骗, 胁迫",gk
shanty,'ʃænti,n. 棚屋,ielts gre
shape,ʃeip,"n. 形状, 形态, 外形, 形式, 身材\nvt. 定形, 使成形, 塑造, 计划, 使符合\nvi. 成形, 形成, 成长\n[计] 形状",zk gk cet4 cet6 ky
shard,ʃɑ:d,"n. 陶瓷碎片, 鞘翅, 薄硬壳",gre
share,ʃєә,"n. 部分, 参与, 一份, 参股, 份额\nvt. 均分, 分担, 分享, 分配, 共有\nvi. 分享\n[计] 共享; DOS外部命令:在网络或多工系统中提供文件共享\n文件锁定及检测磁盘更动和对超过32MB硬盘分区的支持",zk gk cet4 cet6 ky
shark,ʃɑ:k,"n. 鲨鱼, 骗子\nv. 诈骗",gk cet6 ky
sharp,ʃɑ:p,"n. 半升音调, 利刃, 骗子\na. 锋利的, 明显的, 敏锐的, 急剧的, 尖刻的, 严厉的, 刺耳的, 精明的\nadv. 锐利地, 急速地",gk cet4 cet6 ky toefl ielts
sharpen,'ʃɑ:pn,"vt. 使尖锐, 使敏捷, 加重, 削尖\nvi. 尖锐化, 变锋利",gk cet4 cet6 toefl
sharpener,'ʃɑ:pnә,"n. 研磨者, 卷笔刀, 研磨工具",gk
sharply,'ʃɑ:pli,"adv. 锐利地, 严厉地, 厉害地\n[经] 剧烈地",cet4 cet6 toefl
shatter,'ʃætә,"n. 碎片, 粉碎, 落叶, 喷洒\nvt. 打碎, 使散开, 粉碎, 破坏\nvi. 粉碎, 损坏, 脱落",cet6 ky toefl ielts
shattered,,a. 极度疲劳的；破碎的,gre
shave,ʃeiv,"n. 修面, 刮胡子, 幸免, 剃刀\nvt. 修面, 剃, 修剪, 掠过\nvi. 刮脸, 勉强通过",gk cet4 cet6 ky ielts
shaver,'ʃeivә,"n. 修面的人, 电动剃刀, 刨刀, 杀价买进期票的人, 善于讨价还价的人",gk
shavings,,n. 刨花；剃须（shaving的复数形式）,gre
shawl,ʃɒ:l,"n. 披肩, 围巾\nvt. 用披肩裹",gre
she,ʃi:,pron. 她,zk gk
sheaf,ʃi:f,"n. 束, 捆, 扎\nvt. 捆, 束",gre
shear,ʃiә,"n. 修剪, 剪下的东西, 大剪刀, 切变, 剪切机, 切\nvt. 修剪, 割, 剥夺, 横越, 削剪\nvi. 剪, 修剪, 剪羊毛, 切断",cet4 cet6 ky toefl ielts gre
sheath,ʃi:θ,"n. 鞘, 叶鞘, 翅鞘\n[化] 护套",toefl gre
sheathe,ʃi:ð,"vt. 插入鞘, 覆盖",toefl gre
shed,ʃed,"n. 车棚, 小屋, 脱落之物, 分水岭\nvt. 使流出, 放射, 脱落, 散发, 摆脱\nvi. 流出, 散布, 脱落",cet4 cet6 ky toefl ielts gre
sheen,ʃi:n,"n. 光辉, 光彩, 光泽\na. 光辉的, 发光的, 有光泽的\nvi. 发出光泽",gre
sheep,ʃi:p,"n. 羊, 胆小者",zk gk ielts
sheer,ʃiә,"a. 绝对的, 全然的, 纯粹的, 透明的, 峻峭的\nvi. 偏转, 偏航\nvt. 使急转向, 使偏航\nadv. 完全, 全然, 峻峭\nn. 偏航",cet6 ky toefl ielts gre
sheet,ʃi:t,"n. 床单, 张, 纸张, 印刷品, 裹尸布, 薄片\nvt. 盖上被单, 遍布\nvi. 大片落下\na. 片状的, 成薄片的\n[计] 工作表",gk cet4 cet6 ky toefl ielts
shelf,ʃelf,"n. 架子, 搁板\n[化] 架子",zk gk cet4 cet6 ky toefl ielts
shell,ʃel,"n. 贝壳, 壳, 外形, 炮弹\nvt. 去壳, 脱落, 炮轰\nvi. 剥落, 脱壳\n[计] 外壳; DOS内部命令:指定命令行处理程序",cet4 cet6 ky toefl ielts gre
shellfish,'ʃelfiʃ,"n. 贝, 甲壳类水生物\n[医] 牡蛎",toefl
shelter,'ʃeltә,"n. 庇护所, 避难所, 庇护, 隐蔽处, 掩蔽\nvt. 庇护, 保护, 隐匿\nvi. 躲避",gk cet4 cet6 ky toefl ielts gre
sheltered,,"a. 受庇护的, 受保护的",toefl
shelve,ʃelv,"vt. 放置架子上, 搁置\nvi. 渐渐倾斜",gre
shepherd,'ʃepәd,"n. 牧羊人, 牧羊犬, 牧师, 保护者\nvt. 看守, 领导, 指导, 牧羊",cet4 cet6 ky toefl ielts
sheriff,'ʃerif,"n. 郡治安官, 县治安官\n[法] 司法行政官, 郡长, 执行吏",cet6 gre
shibboleth,'ʃibәleθ,"n. 暗语, 暗号, 口令, 口号, 行话, 术语, 习俗, 习惯, 陈词滥调, 过时的信仰",gre
shield,'ʃi:ld,"n. 盾, 防卫物, 保护者, 屏蔽\nvt. 保护, 遮蔽, 屏蔽, 庇护, 挡开, 避开\nvi. 起保护作用",cet4 cet6 ky toefl ielts gre
shift,ʃift,"n. 变化, 移动, 轮班, 手段, 应急办法, 移位\nvt. 替换, 转移, 改变, 推卸, 变速\nvi. 转换, 移动, 转变, 推托, 变速\n[计] DOS内部命令:该命令可将批处理参数向左移动一个位置",cet4 cet6 ky toefl ielts
shiftiness,, 奸诈,gre
shifting,'ʃiftiŋ,"[计] 移位, 移位操作",toefl
shiftless,'ʃiftlis,"a. 无计谋的, 偷懒的, 不中用的, 无能的",gre
shilling,'ʃiliŋ,n. 先令\n[经] 先令,cet4 cet6 ky
shimmer,'ʃimә,"n. 微光, 闪光\nvi. 闪烁\nvt. 使闪烁",ielts gre
shine,ʃain,"n. 光泽, 阳光\nvt. 使发光\nvi. 照耀, 发光, 发亮",zk gk toefl
shingle,'ʃiŋgl,"n. 墙面板, 小招牌",toefl gre
shining,'ʃainiŋ,"a. 光亮的, 华丽的",toefl
shiny,'ʃaini,"a. 有光泽的, 发光的, 辉煌的, 磨光的, 磨损的",toefl
ship,ʃip,"n. 船, 舰\nvt. 以船运送, 装船, 运送\nvi. 上船, 乘船",zk gk ielts
shipbuilding,'ʃipbildiŋ,n. 造船,cet6
shipload,'ʃiplәud,"n. 船货, 大量\n[经] 船货, 船双运载量, 大量",toefl
shipment,'ʃipmәnt,"n. 装船, 出货\n[经] 运送, 运送(寄出)货物, 装载",cet6 ky toefl
shipshape,'ʃipʃeip,"a. 整洁干净的, 整整齐齐的\nadv. 整洁地, 整齐地",gre
shipwreck,'ʃiprek,"n. 遇难船, 海难\nvt. 遇海难, 毁灭, 使失事",cet6 toefl
shipwright,'ʃiprait,n. 造船木匠,toefl gre
shirk,ʃә:k,"vi. 溜掉, 逃避, 推卸\nvt. 逃避",gre
shirt,ʃә:t,"n. 衬衫, 内衣, 汗衫",zk gk
shiver,'ʃivә,"vi. 颤抖, 哆嗦, 被打碎\nvt. 使迎风飘动, 粉碎\nn. 战栗, 碎块",cet4 cet6 ky ielts
shoal,ʃәul,"n. 浅水, 浅滩, 沙洲, 鱼群, 暗礁, 潜在危险\na. 浅的\nvi. 鱼成群而游, 变浅\nvt. 使变浅",ielts gre
shock,ʃɒk,"n. 震动, 冲突, 震惊, 冲击, 突击, 禾束堆, 休克, 长毛狗\nvt. 使震动, 使休克, 使受电击, 震惊得\nvi. 震动, 吓人\na. 蓬乱浓密的",gk cet4 cet6 ky toefl ielts
shocked,ʃɔkt,a. 震撼的；震惊的,toefl
shocking,'ʃɒkiŋ,"a. 令人震惊的, 极坏的, 不正当的",toefl
shoddy,'ʃɒdi,"a. 用长弹毛做的, 以次充好的\nn. 长弹毛, 软再生毛, 赝品",gre
shoe,ʃu:,"n. 鞋, 靴, 外胎\nvt. 给...穿鞋, 为马钉蹄铁",zk gk
shoes,,n. 鞋子（shoe的复数）,ielts
shoot,ʃu:t,"n. 射击, 狩猎, 芽, 射伤, 发射, 发芽, 急流, 推力, 摄影, 急送, 滑运道, 浪费\nvt. 射击, 射中, 损毁, 拍摄, 喷出, 投射, 挥出, 飞速行进, 挥霍, 给...注射\nvi. 射出, 射击, 发出, 拍电影, 射门, 发芽",gk cet4 cet6 ky gre
shooting,'ʃu:tiŋ,"n. 发射, 猎场, 射击",gk
shop,ʃɒp,"n. 商店, 工厂, 车间\nvi. 购物, 到处寻找\nvt. 选购",zk gk ielts
shopkeeper,'ʃɒp.ki:pә,"n. 零售商, 店主, 老板",gk cet4 cet6 ky
shoplift,,vi.vt. 入店偷窃商品,gre
shopping,'ʃɒpiŋ,"n. 买东西, 购物\n[经] 购物, 买东西",gk cet4 cet6 ielts
shopworn,'ʃɒpwә:n,a. 陈旧的,gre
shore,ʃɒ:,"n. 海岸, 海滨, 斜撑柱\nvt. 把...送上岸, 支撑, 支持",gk cet4 cet6 ky toefl
short,ʃɒ:t,"a. 短的, 近的, 矮的, 短期的, 简短的, 少量的\nadv. 简短地, 突然\nn. 扼要, 短片, 缺乏\nvt. 故意少给, 使短路",zk gk ielts
short-range,'ʃɔ:t'reindʒ,a. 短射程的\n[经] 短射程的,toefl
shortage,'ʃɒ:tidʒ,"n. 不足, 缺乏\n[化] 缺额",cet4 cet6 ky toefl ielts
shortcoming,'ʃɒ:t'kʌmiŋ,"n. 缺点, 短处",gk cet4 cet6 ky
shortcut,'ʃɒ:tkʌt,"n. 捷径, 最短路线\n[计] 快捷方式",cet6 toefl
shorten,'ʃɒ:tn,"vt. 弄短, 缩短, 减少\nvi. 缩小, 变短",cet6
shortfall,'ʃɒ:tfɒ:l,"n. 不足, 不足量\n[经] 缺少, 不足, 亏舱运费",cet6
shorthand,'ʃɒ:thænd,"n. 速记\n[法] 速记法, 速记, 记录文字",cet6 ky
shortly,'ʃɒ:tli,"adv. 不久, 简短, 唐突地",gk cet4 cet6 ky
shorts,ʃɔ:ts,"n. 短裤, (美)男人的短衬裤\n[经] 空头户, 空头, 短期债券",zk gk
shot,ʃɒt,"n. 发射, 炮弹, 射击, 射手, 投篮, 射门, 子弹, 射程, 拍摄, 注射\nvt. 装弹, 使成颗粒状\na. 杂色的, 交织着的, 渗透的, 点焊的, 破旧的\nshoot的过去式和过去分词",gk cet4 cet6 ky toefl
should,ʃud,"aux. 应该, 将要",zk gk
shoulder,'ʃәuldә,"n. 肩, 肩膀, 衣肩\nvt. 肩负, 负担, 担任\nvi. 用肩推挤",zk gk cet4 cet6 ky gre
shout,ʃaut,"n. 呼喊, 喊声\nvi. 呼喊, 喊叫, 嚷\nvt. 高喊",zk gk
shove,ʃʌv,"n. 推, 挤\nvt. 推挤, 猛推, 强使\nvi. 推",cet6 ky toefl gre
shovel,'ʃʌvl,"n. 铲, 铁铲\nv. 铲",cet6 toefl ielts
show,ʃәu,"n. 显示, 表现, 展览, 卖弄, 炫耀, 外观, 演出, 洋相\nvt. 表示, 显示, 展现, 陈列, 演出, 表明, 指出, 带领\nvi. 露面, 显现, 演出\n[计] 显示",zk gk
shower,'ʃauә,"n. 阵雨, 淋浴, 一阵, 展出者, 显示者\nvi. 淋浴, 下阵雨\nvt. 淋湿, 倾注",zk gk cet4 cet6 ky toefl ielts
showy,'ʃәui,"a. 艳丽的, 炫耀的",gre
shred,ʃred,"n. 碎布条, 细片, 少量\nv. 撕碎",toefl ielts gre
shrewd,ʃru:d,"a. 精明的, 锐利的, 剧烈的, 机灵的, 厉害的",cet6 ky toefl ielts gre
shriek,ʃri:k,"n. 尖锐的响声\nvi. 尖叫, 发尖声\nvt. 尖声发出",cet4 cet6 toefl gre
shrill,ʃril,"n. 尖声\na. 尖锐的, 刺耳的\nvt. 尖声说出\nvi. 发出刺耳声",cet6
shrimp,ʃrimp,"n. 虾, 小虾, 矮子\nvi. 捕小虾",cet6 toefl
shrine,ʃrain,"n. 圣地, 神龛, 庙\nvt. 将...置于神龛内",cet6 gre
shrink,ʃriŋk,"n. 收缩, 萎缩, 回避\nvi. 收缩, 退缩, 萎缩, 缩小, 回避\nvt. 使收缩, 使缩小",gk cet4 cet6 ky toefl ielts gre
shrinkage,'ʃriŋkidʒ,"n. 收缩, 收缩量, 减低\n[化] 起皱; 收缩; 收缩量",toefl
shrivel,'ʃrivl,"v. (使)起皱纹, (使)枯萎, (使)束手无策",toefl gre
shroud,ʃraud,"n. 尸衣, 寿衣, 覆盖物, (船的)横桅索\nvt. 包以尸衣, 遮蔽, 隐藏, 覆盖",gre
shrub,ʃrʌb,"n. 矮树, 灌木, 果汁甜酒",cet6 toefl ielts gre
shrug,ʃrʌg,n. 耸肩\nv. 耸肩,cet4 cet6 ky ielts gre
shuck,ʃʌk,"n. 壳, 外皮, 牡蛎壳\nv. 剥去, 脱去",gre
shudder,'ʃʌdә,"n. 战栗, 发抖\nvi. 战栗, 发抖",gre
shuffle,'ʃʌfl,"n. 拖着脚走, 曳步, 混乱, 蒙混, 洗纸牌\nv. 拖曳, 马虎地做, 笨手笨脚地穿(脱)衣, 推诿, 洗牌\n[计] 混洗",toefl gre
shun,ʃʌn,"vt. 避开, 规避, 避免",toefl gre
shunt,ʃʌnt,"vt. 使转轨, 使分流, 回避讨论, 推延\nvi. 转向一边, 转轨, 往返\nn. 转轨, 分流",gre
shut,ʃʌʃ,"n. 关闭\nvt. 关上, 闭起, 幽禁, 合拢, 轧住\nvi. 关上, 停止营业",zk gk cet4 cet6 ky toefl
shutter,'ʃʌtә,"n. 百叶窗, 关闭物, 照相机快门, 关闭者\nvt. 为...装百叶窗, 以百叶窗遮闭",cet6 ky toefl ielts
shuttle,'ʃʌtl,"n. 穿梭, 梭子, 往返移动之物\nv. (使)穿梭移动, 往返运送",gk cet4 cet6 ky toefl ielts gre
shy,ʃai,"n. 惊跳, 惊避\na. 胆怯的, 畏缩的, 迟疑的, 羞怯的\nvi. 惊退, 乱投, 乱掷, 厌恶, 避开\nvt. 乱投, 乱掷",zk cet4 cet6 ky toefl
shyness,'ʃainis,"n. 羞怯, 胆怯",toefl
sibilant,'sibilәnt,a. 咝咝作声的\nn. 齿擦音,gre
sibling,'sibliŋ,"n. 兄弟, 同胞\n[医] 同胞(兄弟姐妹)",gre
sibyl,'sibil,"n. 女巫, 女算命者, 女预言家",gre
sick,sik,"n. 病人\na. 不舒服, 有病的, 恶心的, 厌恶的, 渴望的, 病态的\nvt. 呕吐, 追击, 使(狗)去攻击",zk gk toefl ielts
sicken,'sikәn,"vt. 患病, 使厌倦, 使恶心\nvi. 生病, 作呕",toefl ielts
sickness,'siknis,"n. 疾病, 不健康, 呕吐\n[医] 病",gk cet4 cet6 toefl ielts
side,said,"n. 旁边, 侧, 方面, 胁, 侧边, 血统\na. 旁的, 侧的, 次要的\nvt. 同意, 支持\nvi. 支持, 赞助",zk gk ielts
sidereal,sai'diәriәl,"a. 星的, 恒星的, 恒星引起的, 根据星球运行测定的",gre
sideshow,'saidʃәu,"n. 杂耍, 附属活动, 枝节问题",gre
sidesplitting,'saidsplitiŋ,a. 令人捧腹大笑的,gre
sidestep,'saidstep,"n. 横跨的一步, 台阶\nvt. 横跨一步躲避, 回避\nvi. 回避问题, 躲避打击",toefl gre
sideway,'saidwei,"n. 小路, 人行道, 旁路",gk
sideways,'saidweiz,"adv. 向旁边, 向侧面地\na. 旁边的, 向侧面的",gk cet4 cet6 ky toefl
sidle,'saidl,"v. 横着走, 悄悄贴近, 侧身而行\nn. 侧走, 挨近",gre
siege,si:dʒ,"n. 包围, 围攻, 再三的努力\nvt. 包围, 围攻",cet6 ky toefl ielts gre
sieve,siv,"n. 筛子, 滤网\nvt. 筛, 滤",toefl ielts
sift,sift,"vt. 筛, 过滤, 撒, 详查\nvi. 筛, 被筛下, 精选",cet6 gre
sigh,sai,"n. 叹息\nvi. 叹息, 渴望\nvt. 叹息着说",gk cet4 cet6 ky toefl ielts
sight,sait,"n. 景观, 视力, 眼界, 阅读, 见解, 意见\nvt. 看见, 瞄准\nvi. 瞄准, 观看\na. 即席的, 见票即付的",zk gk cet4 cet6 ky toefl ielts
sightseeing,'saitsi:iŋ,"n. 观光, 游览\na. 观光的, 游览的",gk cet4 cet6 ky ielts
sign,sain,"n. 符号, 招牌, 征兆, 正负号, 手势\nvt. 签名, 打手势表达\nvi. 签名\n[计] 正负号; 符号; 符号字符",gk cet4 cet6 ky ielts
signal,'signl,"n. 信号, 暗号, 近因, 导火线\nvt. 向...作信号, 标志, 用信号通知\nvi. 发信号\na. 作为信号的, 显著的\n[计] 信号",gk cet4 cet6 ky ielts gre
signatory,'si^nәtәri,"n. 协议的签署者, 签约国\na. 签署的, 签约的",gre
signature,'signәtʃә,"n. 签字, 识别标志, 调号\n[计] 签名附件",gk cet4 cet6 ky toefl ielts gre
significance,sig'nifikәns,"n. 重要性, 意义, 意味\n[计] 有效; 有效性",gk cet4 cet6 ky toefl
significant,sig'nifikәnt,"a. 重要的, 有效的, 有含义的, 暗示的, 值得注意的",cet4 cet6 ky toefl ielts gre
signify,'signifai,"vt. 象征, 预示\nvi. 要紧, 重要",cet6 ky toefl ielts gre
silence,'sailәns,"n. 沉默, 无声, 静寂, 湮没, 无声息\nvt. 使缄默\ninterj. 安静",zk gk cet4 cet6 ky toefl ielts
silent,'sailәnt,"a. 沉默的, 安静的, 无声的, 静止的\n[医] 静止的, 无症状的",zk gk cet4 cet6 ky ielts
silica,'silikә,"n. 硅石, 二氧化硅\n[化] 二氧化硅",toefl
silicate,'silikit,n. 硅酸盐\n[化] 硅酸盐; 硅酸酯,toefl
silicon,'silikәn,n. 硅\n[化] 硅Si,cet6 ky
silk,silk,"n. 丝, 绸, 绸锻类, 丝织品\na. 丝的, 丝织的",zk gk
sill,sil,"n. 基石, 槛, 窗台, 岩床, 海底山脊, 梁",gre
silly,'sili,"a. 愚蠢的, 糊涂的",zk gk cet4 cet6 ky toefl
silt,silt,n. 淤泥\nvt. 使淤塞\nvi. 淤塞,toefl gre
silver,'silvә,"n. 银, 银币, 银器\na. 银的, 银制的, 银器的\nvt. 镀银\nvi. 变银白色",zk gk cet4 cet6 ky toefl ielts
silversmith,'silvәsmiθ,n. 银(器)匠,toefl gre
simian,'simiәn,"a. 类人猿的, 猴子一般的\nn. 猴子, 类人猿",gre
similar,'similә,"a. 相似的, 类似的\nn. 相似的东西",zk gk ielts
similarity,.simi'læriti,"n. 类似, 类似处\n[法] 类似, 相似, 类似事例",cet6
similarly,'similәli,"adv. 相像地, 类似于",cet4 cet6
simile,'simili,"n. 明喻, 明喻说法",gre
simper,'simpә,"n. 假笑, 傻笑, 痴笑\nvi. 假笑, 傻笑, 痴笑\nvt. 假笑着说",gre
simple,'simpl,"a. 简单的, 普通的, 朴素的, 单纯的, 绝对的, 初级的, 原始的, 迟钝的\nn. 出身低微者, 傻子",zk gk ielts
simpleton,'simpltәn,"n. 笨蛋, 傻子",gre
simplicity,sim'plisiti,"n. 单纯, 简朴, 朴素, 坦率, 天真\n[计] 简明性",cet4 cet6 ky toefl
simplify,'simplifai,"vt. 单一化, 简单化",gk cet4 cet6 ky ielts
simply,'simpli,"adv. 简单地, 只是, 简直, 简朴地, 坦白地",gk
simulate,'simjuleit,"vt. 模拟, 假装, 模仿\n[法] 伪装的, 模拟的; 假装的, 伪装的, 冒充",cet6 ky toefl ielts gre
simultaneous,.simәl'teinjәs,"a. 同时的, 同时发生的\n[计] 同时的",cet6 ky toefl ielts gre
simultaneously,simәl'teiniәsly; (?@) saim-,"adv. 同时发生, 一齐, 同时, 同时存在",cet6 toefl
sin,sin,"n. 罪, 犯罪, 过失, 失礼\nv. 犯",cet4 cet6 ky toefl
since,sins,"prep. 自...以后, 自...以来\nadv. 自那时以后\nconj. 既然, 自...以后, 自...以来",zk gk
sincere,sin'siә,"a. 诚实的, 正直的, 真挚的, 纯净的",cet4 cet6 ky ielts gre
sincerely,sin'siәli,adv. 真诚地,gk
sincerity,sin'serәti,"n. 诚实, 真实, 诚心诚意",cet6
sinecure,'saini.kjuә,n. 闲职\n[经] 领干俸的职位,gre
sinew,'sinju:,"n. 肌肉, 精力, 体力, 力量的源泉, 腱\nvt. 赋予力量, 加强",gre
sing,siŋ,"vi. 唱, 唱歌, 演唱, 鸣, 啼\nvt. 唱, 歌颂\nn. 嗖嗖声",zk gk
singe,sindʒ,"v. 烧焦, 烤焦",toefl gre
singer,'siŋә,n. 歌手,gk cet4 cet6
single,'siŋgl,"a. 单身的, 单程的, 单一的, 个别的, 孤独的, 专一的\nn. 一个, 单打, 单程票\nvt. 选出\nvi. 击出一垒打\n[计] 单精度型",zk gk ielts
singular,'siŋgjulә,"n. 单数\na. 异常的, 单一的",cet4 cet6 ky ielts
singularity,.siŋgju'læriti,"n. 奇异, 突出, 稀有\n[化] 奇点",gre
sinister,'sinistә,"a. 不吉利的, 凶恶的, 左边的\n[医] 左的",toefl gre
sink,siŋk,"n. 藏垢的场所, 沟渠, 污水槽\nvi. 下沉, 沉没, 下陷, 减弱, 衰退, 消沉, 堕落, 渗透\nvt. 使低落, 使下沉, 陷于, 投入(资金等), 挖掘",gk cet4 cet6 ky toefl ielts
sinuous,'sinjuәs,"a. 弯弯曲曲的, 迂回的, 运动柔软的\n[医] 纡曲的",toefl gre
sip,sip,"n. 啜饮, 小口喝, 抿\nvi. 啜饮\nvt. 啜\n[计] 单列直插式组件",ky gre
sir,sә:,"n. 先生, 阁下",zk gk
siren,'saiәrin,"n. 女海妖, 妖女, 警报器, 汽笛, 迷人的美女\na. 诱惑的\nvi. 响着警报器前进",cet6 ky gre
sister,'sistә,"n. 姐妹, 姐, 妹, 护士, 修女\nvt. 姐妹般对待",zk gk
sit,sit,"vi. 坐, 就座, 坐落\nvt. 使就座, 骑\nn. 坐, 衣服合身",zk gk
site,sait,"n. 位置, 场所, 地点\nvt. 给...择址",cet4 cet6 ky toefl ielts
sites,,"n. 遗址, 举办地点；网站（site的复数）",ielts
sitting-room,,n. 起居室,cet6
situated,'sitjueitid,"a. 位于...的, 坐落在...的, 处于某种境地的\n[法] 坐落...的, 位于...的, 处于某种境地的",cet6 ky ielts
situation,.sitju'eiʃәn,"n. 情形, 境遇, 位置\n[医] 情境, 处境",zk gk cet4 cet6 ky
six,siks,"num. 六, 六个",zk gk
sixteen,'siks'ti:n,"num. 十六, 十六个",zk gk
sixteenth,'siks'ti:nθ,"num. 第十六, 十六分之一",gk
sixth,siksθ,"num. 第六, 六分之一",zk gk
sixty,'siksti,"num. 六十, 六十个",zk gk cet4 cet6
size,saiz,"n. 大小, 尺寸, 规模, 尺码, 能力, 浆料\nvt. 上浆, 依大小排列\nvi. 可比拟\na. 一定大小的, 一定尺寸的",zk gk ielts
sizes,,"n. 象素显示尺寸, 尺寸（size复数形式）",ielts
sizzler,'sizlә,"n. 极烫的东西, 炎热天",gre
skate,skeit,"n. 溜冰, 冰鞋\nvi. 滑冰, 滑过",zk gk cet4 cet6 ky
skateboard,'skeitbɔ:d,n. 溜冰板,gk
skating,'skeitiŋ,n. 溜冰,ielts
skein,skein,"n. 一束, 飞鸟群, 纠纷\n[医] 染色质纽, 丝球; 线团, 线球",gre
skeleton,'skelәtn,"n. 骨骼, 骨瘦如柴的人, 梗概, 骨干, 残骸\na. 骨骼的, 概略的, 基层的, 骨干的\n[计] 骨架",cet6 ky toefl ielts gre
skeptic,'skeptik,"n. 怀疑者, 怀疑论者, 不可知论者",ky toefl
skeptical,'skeptikәl,"a. 怀疑论的, 怀疑的, 不可知论的\n[法] 怀疑的, 不信的, 怀疑论者的",cet6 ky toefl
skepticism,'skeptisizm,n. 怀疑论\n[医] 多疑癖,toefl
sketch,sketʃ,"n. 素描, 草图, 小品\nv. 描绘略图, 画素描或速写",cet4 cet6 ky toefl ielts
sketchy,'sketʃi,"a. 概略的, 草草完成的",gre
skew,skju:,"a. 斜的, 歪的\nn. 歪斜, 偏态家庭关系\nvi. 歪斜, 侧转\nvt. 使歪斜, 曲解\n[计] 扭斜; 歪斜; 偏斜",gre
skewer,skju:ә,"n. 串肉棒, 烤肉叉子, 针状物\nvt. 刺穿, 串住, 讽刺",gre
ski,ski:,n. 滑雪橇\nvi. 滑雪,gk cet4 cet6 ky
skiff,skif,"n. 小艇, 轻舟, 小型帆船",gre
skiing,'ski:iŋ,"n. 滑雪运动, 滑雪术",ielts
skill,'skil,"n. 技术, 技巧, 技能, 熟练, 熟练工人\n[化] 技能",zk gk cet4 cet6 ky ielts
skilled,'skild,"a. 熟练的\n[经] 熟练的, 有技能的",gk cet4 cet6 ky
skillet,'skilit,"n. 煮锅, 长柄浅锅",gre
skillful,'skilful,"a. 熟练的, 巧妙的\n[机] 熟练的",gk cet4 cet6 ky toefl
skillfully,,adv. 巧妙地；精巧地,gk
skills,,n. 技术；技能；技巧（skill的复数形式）,ielts
skim,skim,"vt. 撇取浮沫, 略读, 掠过\nvi. 擦过, 浏览\nn. 脱脂乳, 擦过, 表层物\na. 撇去浮沫的",cet4 cet6 ky toefl ielts gre
skimp,skimp,"vt. 少给, 克扣\nvi. 吝啬\na. 少的, 不足的",toefl gre
skimpy,'skimpi,"a. 不足的, 吝啬的",toefl
skin,skin,"n. 皮肤, 皮\nvt. 剥皮, 在...植皮\nvi. 长皮, 愈合, 蜕皮",gk cet4 cet6 ky ielts
skinflint,'skinfliŋt,n. 吝啬鬼,gre
skip,skip,"n. 跳跃, 跳读\nvi. 跳越, 跳读, 跳绳, 遗漏, 跳级\nvt. 跳过, 遗漏\n[计] 跳过",gk cet6 ky toefl ielts
skipping,'skipiŋ,[计] 跳跃,gk
skirmish,'skә:miʃ,"n. 前哨战, 小争论, 小冲突\nvi. 发生小争论, 侦察",gre
skirt,skә:t,"n. 裙子, 下摆, 边缘, 郊区\nvt. 位于...边缘, 绕过, 回避\nvi. 位于边缘",zk gk ielts gre
skit,skit,"n. 讽刺文, 戏文, 小喜剧",gre
skittish,'skitiʃ,"a. 易惊的, 轻佻的, 三心二意的, 不可靠的, 羞怯的, 活泼的, 爱蹦跳的, 活跃的",gre
skulk,'skʌlk,"vi. 偷偷隐躲, 偷懒",toefl
skull,skʌl,"n. 头盖骨, 头脑, 好学生\n[医] 头颅",ky toefl
skullduggery,skʌl'dʌ^әri,"n. 欺骗, 诡计, 诈骗",gre
skunk,skʌŋk,"n. 臭鼬, 臭鼬皮, 讨厌鬼\nvt. 使惨败, 欺骗",gre
sky,skai,"n. 天空, 天色, 天堂\nvt. 击向空中, 挂在高处\nvi. 高涨",zk gk
skyrocket,'skai.rɒkit,"vi. 飞涨, 突升\nn. 焰火",toefl gre
skyscraper,'skaiskreipә,"n. 摩天楼, 三角形天帆",gk cet6 ky toefl gre
slab,slæb,"n. 平板, 厚片\nvt. 切成厚板, 以平板盖上",toefl ielts gre
slack,slæk,"n. 松弛, 松懈, 淡季, 闲散, 家常裤\na. 松弛的, 不流畅的, 疏忽的, 无力的, 呆滞的, 软弱的, 漏水的\nadv. 马虎地, 缓慢地\nvt. 放松, 使缓慢\nvi. 松懈, 减弱, 松弛",cet6 ky ielts gre
slacken,'slækәn,"vt. 使松弛, 放松, 放慢\nvi. 变松弛, 减弱, 松劲",toefl gre
slag,slæg,"n. 熔渣, 矿渣, 无足轻重的人\nvt. 使变成熔渣\nvi. 变熔渣",toefl ielts gre
slake,sleik,"vt. 消除, 使清凉, 熄灭\n[医] 消, 灭; 消和(石灰); 松, 缓和",toefl gre
slam,slæm,"n. 砰然声, 猛然, 猛烈的抨击\nvt. 猛然关上, 砰地关上, 猛烈抨击\nvi. 砰地关上, 猛攻",cet4 cet6 ky ielts
slander,'slændә,"n. 中伤, 诽谤\nvt. 中伤, 诽谤",cet6 toefl ielts gre
slanderous,'slændәrәs,"a. 中伤性的, 中伤的, 挖苦人的\n[法] 诽谤的, 造谣中伤的, 诋毁的",gre
slang,slæŋ,"n. 俚语\nv. 辱骂, 用俚语说",cet6 ielts
slant,slænt,"n. 倾斜, 斜面, 观点, 偏见, 歪曲\na. 倾斜的\nv. (使)倾斜",toefl gre
slap,slæp,"n. 掴, 掌击, 侮辱, 拍击声\nv. 拍击, 惩罚\nadv. 正面地, 直接地, 突然地",cet6 ky toefl ielts
slapdash,'slæpdæʃ,"n. 草率\na. 猛烈的, 粗心的",gre
slash,slæʃ,"v. 猛砍, 乱砍\nn. 猛砍, 乱砍, 删减\n[计] 斜线",toefl
slate,sleit,"n. 板岩, 页岩, 提名名单, 人选, 记录, 石板\na. 石板色的\nvt. 铺石板, 责骂, 痛打",ielts gre
slaughter,'slɒ:tә,"n. 残杀, 屠杀, 杀戮\nvt. 残杀, 屠杀, 亏本出售",cet6 ky ielts gre
slave,sleiv,"n. 奴隶, 从动装置, 卑鄙的人\nvi. 拼命工作\n[计] 从设备",gk cet4 cet6 ky toefl
slaver,'sleivә,"n. 奴隶商人, 奴隶贩卖船, 口水\nvi. 垂涎, 淌口水, 奉承\nvt. 淌口水弄脏",gre
slavery,'sleivәri,"n. 奴隶的身分, 奴隶状态, 奴隶制度\n[法] 奴隶制度, 奴役, 苦役",gk cet4 cet6
slavish,'sleiviʃ,"a. 奴隶的, 奴性的, 盲从的",toefl
slay,slei,"v. 杀害, 残杀",gre
sleazy,'sleizi,"a. 质地薄的, 没有内容的, 低级庸俗的",gre
sledge,sledʒ,"n. 雪橇, 大锤\nvt. 用雪橇搬运\nvi. 坐雪橇",gre
sledgehammer,'sledʒ.hæmә,"n. 大锤, 极有分量的事物\na. 强力的, 手下不留情的\nv. 用大锤打, 沉重打击",gre
sleep,sli:p,"n. 睡眠, 静止, 昏迷, 麻木, 长眠, 冬眠\nvi. 睡觉, 睡眠, 静止\nvt. 睡",zk gk ielts
sleeping,'sli:piŋ,n. 睡眠\na. 睡着的,ielts
sleepy,'sli:pi,"a. 困乏的, 欲睡的",zk gk cet4 cet6 ielts
sleeve,sli:v,"n. 袖子, 套管\nvt. 缝上袖子",gk cet4 cet6 ky
sleigh,slei,n. 雪撬\nvt. 用雪撬搬运\nvi. 乘雪撬,gre
sleight,slait,"n. 技巧, 诡计, 熟练",gre
slender,'slendә,"a. 苗条的, 纤弱的, 微少的, 微薄的\n[机] 细的, 纤细的",cet4 cet6 ky toefl ielts
slew,slu:,"n. 沼地, 回转, 旋转, 扭转, 大量\nvt. 使旋转, 使猛拐, 使侧滑\nvi. 回转, 扭转, 侧滑, 猛拐\nslay的过去式",gre
slice,slais,"n. 薄的切片, 一部分, 菜刀\nvt. 切成薄片, 切下\nvi. 切\n[计] 片",gk cet4 cet6 ky toefl ielts gre
slick,slik,"a. 光滑的, 熟练的, 聪明的, 华而不实的, 老套的, 陈腐的\nadv. 灵活地, 聪明地\nvt. 使光滑, 使漂亮\nvi. 打扮整洁\nn. 光滑平面, 平滑器, 修光工具",gre
slide,slaid,"n. 滑, 滑道, 山崩, 雪崩, 幻灯片\nvt. 使滑动, 偷偷放入\nvi. 滑动, 滑落, 不知不觉陷入, 偷偷地走",gk cet4 cet6 ky toefl ielts
slight,slait,"n. 轻蔑, 怠慢\na. 轻微的, 纤细的, 脆弱的, 苗条的\nvt. 轻视, 忽略, 怠慢",gk cet4 cet6 ky toefl ielts gre
slightly,'slaitli,"adv. 些微地, 苗条地",cet4 cet6 toefl
slim,slim,"a. 瘦的, 苗条的, 微小的, 稀少的, 微薄的\nvi. 变苗条\nvt. 使苗条",gk cet6 ky toefl ielts
slime,slaim,"n. 烂泥, 粘液\nvt. 涂上泥\nvi. 变粘滑",toefl
slimy,'slaimi,"a. 泥的, 泥泞的, 粘糊糊的, 讨厌的",toefl
sling,sliŋ,"n. 投石器, 抛掷, 吊索, 吊钩\nvt. 用投石器投掷, 用吊钩吊上, 吊起",gre
slip,slip,"n. 滑, 滑行, 事故, 溜, 差错, 滑台, 下降, 插条, 后裔, 板条, 瘦长的年轻人\nvi. 滑动, 滑倒, 失足, 溜走, 滑落, 犯错, 变坏\nvt. 使滑动, 滑过, 摆脱, 闪开, 塞入, 从...取接枝\na. 滑动的, 滑移的, 活络的, 有活结的\n[计] 串行线接口协议",gk cet4 cet6 ky toefl ielts
slippage,'slipidʒ,"n. 滑移, 滑动, 滑程\n[经] 延误",gre
slipper,'slipә,"n. 拖鞋, 制轮器\nvt. 用拖鞋打",cet4 cet6 ky toefl
slippery,'slipәri,"a. 滑的, 光滑的, 靠不住的, 圆滑的, 不稳固的\n[法] 狡猾的, 不可靠的, 不安定的",cet4 cet6 ky toefl ielts gre
slipshod,'slipʃɒd,"a. 破烂的, 马虎的, 潦草的",gre
slit,slit,"n. 裂缝, 投币口, 狭长裂口\nvt. 切开, 扯裂, 使有狭缝\nvi. 纵切, 纵裂",cet4 cet6 ky toefl ielts gre
slither,'sliðә,vi. 不稳地滑动\nvt. 使滑动,gre
sliver,'slivә,"n. 裂片, 薄片, 梳毛\nvt. 切成长片\nvi. 剖开, 分裂",gre
slobber,'slɒbә,"vi. 垂涎, 流口水, 情不自禁地说\nvt. 流口水弄湿, 口齿不清地说, 处事马虎\nn. 口水, 涎, 过分动情的话, 语无伦次的话",gre
slogan,'slәugәn,"n. 呐喊声, 标语, 口号",cet4 cet6 ky toefl ielts
sloop,slu:p,n. 单桅帆船,toefl
slope,slәup,"n. 倾斜, 斜坡, 斜率, 扛枪姿势\nvt. 使倾斜, 弄斜, 扛\nvi. 倾斜, 走, 逃走",cet4 cet6 ky toefl ielts
sloping,'slәjpiŋ,"a. 成斜坡的, 倾斜的",toefl
sloppy,'slɒpi,"a. 泥泞的, 潮湿的, 粗心的",toefl gre
slot,slɒt,"n. 水沟, 细长孔, 硬币投币口, 缝, 狭槽, 狭通道, 位置, 一档(广播节目等)\nvt. 开槽于, 把...纳入机构\n[计] 槽; 存储槽",cet6 ky ielts gre
sloth,slәuθ,"n. 怠惰, 懒惰",toefl gre
slothful,'slәuθful,"a. 怠惰的, 懒惰的",toefl
slouch,slautʃ,"n. 没精打采的样子, 耷拉, 笨人\nvi. 没精打采地走, 耷拉着\nvt. 使低垂",gre
slough,slau,"n. 泥沼, 沼泽, 蜕下的皮, 腐肉\nvt. 使陷入泥沼, 使沉沦, 脱落, 抛弃\nvi. 在泥浆中跋涉, 蜕皮, 脱落",gre
sloven,'slʌvn,"n. 懒散的人, 散漫的人",gre
slovenly,'slʌvәnli,"a. 邋遢的, 不修边幅的, 不整洁的, 懒散的, 潦草的, 马虎的\nadv. 邋遢地, 不修边幅地, 不整洁地, 懒散地, 潦草地, 马虎地",toefl
slow,slәu,"a. 慢的, 缓慢的, 迟缓的, 迟钝的, 冷漠的, 落后的\nadv. 慢地, 迟缓地\nv. (使)慢下来",zk gk
slowly,'slәuli,"adv. 慢慢地, 迟缓地",cet4 cet6
slue,slu:,v. (使)旋转\nn. 旋转,gre
slug,slʌg,"n. 鼻涕虫, 刺蛾, 懒汉, 弹丸, 金属小块, 重击\nvi. 偷懒, 动作迟缓\nvt. 重击",toefl
sluggard,'slʌgәd,"n. 偷懒者, 游手好闲的人, 懒鬼",gre
sluggish,'slʌgiʃ,"a. 偷懒的, 懒惰的, 迟钝的\n[经] 萧条的, 呆滞的",toefl ielts
sluice,slu:s,"n. 水门, 水闸, 蓄水\nvt. 泄洪, 冲洗\nvi. 奔流",gre
slum,slʌm,n. 贫民窟\nvi. 访问贫民区,cet4 cet6 ky toefl ielts
slumber,'slʌmbә,"n. 睡眠, 麻木状态\nvi. 微睡, 静止, 麻木\nvt. 睡着度过(时间)",cet6 toefl gre
slump,slʌmp,"n. 暴跌, 垂头弯腰的姿态\nvi. 猛然掉落, 陷入, 衰落(经济等)",toefl gre
slur,slә:,"n. 连音符, 诽谤, 玷污, 印刷模糊\nvt. 草率地看过, 忽略, 含糊地念\nvi. 模糊不清",gre
slurp,slә:p,n. 吃的声音\nv. 出声地吃(或喝),gre
sly,slai,"a. 狡猾的, 诡密的, 俏皮的, 偷偷摸摸的",cet4 cet6 ky toefl gre
smack,smæk,"n. 风味, 滋味, 少量, 拍击声, 咂嘴声, 小渔船, 海洛因\nvi. 有味道, 咂嘴, 发出拍击声\nvt. 拍, 打, 掴, 咂, 出声地吻\nadv. 啪地一声, 猛然",toefl
small,smɒ:l,"a. 小的, 少的, 小型的, 低微的, 小气的, 细微的\nadv. 些微地\nn. 狭小部分",zk gk
smarmy,'smɑ:mi,"a. 虚情假意的, 爱说奉承话的",gre
smart,smɑ:t,"a. 聪明的, 漂亮的, 刺痛的, 剧烈的, 敏捷的, 巧妙的, 伶俐的, 潇洒的\nn. 刺痛, 痛苦\nvi. 刺痛",zk gk cet4 cet6 ky toefl ielts gre
smash,smæʃ,"n. 打碎, 粉碎, 打碎时哗啦声, 猛击, 扣球, 杀球, 经营失败, 破产, 硬币, 假硬币\na. 非常轰动的, 了不起的\nvt. 打碎, 粉碎, 击溃, 使破产, 使裂变, 使用假硬币\nvi. 碎裂, 猛撞, 破产, 扣球, 杀球\nadv. 轰隆一声, 哗啦一声",cet4 cet6 ky toefl ielts
smattering,'smætәriŋ,"n. 肤浅的知识, 一知半解的知识, 片断的知识, 少数, 少量",gre
smear,smiә,"vt. 涂, 擦上, 玷污, 把...擦模糊\nvi. 被弄脏\nn. 污点, 污迹, 污蔑",toefl gre
smell,smel,"n. 味道, 气味, 嗅觉, 嗅, 臭味, 气息\nvt. 闻, 探出, 察觉, 发出...的气味\nvi. 嗅, 散发气味, 发臭",zk gk toefl
smelly,'smeli,"a. 发臭的, 有臭味的",gk ielts
smelting,'smeltiŋ,[化] 熔炼; 冶炼,toefl
smile,smail,"n. 微笑, 喜色, 笑容\nvi. 微笑, 觉得好笑\nvt. 微笑着表示",zk gk
smirch,smә:tʃ,"vt. 沾污, 弄脏\nn. 脏污, 污点",gre
smirk,smә:k,"vi. 傻笑, 假笑, 得意地笑\nn. 傻笑, 假笑, 得意的笑",gre
smog,smәug,n. 烟雾\n[化] 烟雾,gk cet4 cet6 ky toefl
smoke,smәuk,"n. 烟, 雾气, 烟熏剂, 抽烟, 烟色\nvi. 吸烟, 冒烟, 弥漫\nvt. 以烟熏, 抽烟而导致...",zk gk toefl ielts
smoker,'smәukә,"n. 吸烟者, 吸烟的人, 吸烟车厢, (美)(非正式)蒸汽火车头",gk
smokers,ˈsməʊkəz,n. 吸烟者( smoker的名词复数 ),ielts
smoking,'smәukiŋ,"n. 抽烟, 冒烟\n[医] 烟熏; 吸烟",gk ielts
smooth,smu:ð,"a. 平滑的, 平稳的, 流畅的, 和蔼的, 安祥的, 圆滑的, 调匀的, 无毛的\nvt. 使光滑, 烫平, 使平和, 消除\nvi. 变平滑, 变平静\nn. 一块平地, 平滑部分",zk gk cet4 cet6 ky toefl ielts gre
smoothly,'smu:ðli,"adv. 平滑地, 流畅地, 流利地",cet4 cet6 toefl
smother,'smʌðә,"vt. 使喘不过气, 使窒息, 闷熄, 忍住, 抑制, 覆盖\nvi. 窒息, 被抑制\nn. 浓烟, 窒息状态, 杂乱无章",toefl ielts gre
smudge,smʌdʒ,"n. 污点, 脏污, 熏烟\nvt. 弄脏, 使模糊, 用浓烟熏\nvi. 被弄脏",gre
smug,smʌg,"a. 自以为是的, 自鸣得意的, 整洁的\nn. 书呆子, 自命不凡的家伙",toefl gre
smuggle,'smʌgl,"vt. 偷运, 走私, 私运\nvi. 走私",cet6 ky toefl ielts gre
snack,snæk,"n. 小吃, 点心, 快餐\nvi. 吃零食, 吃快餐",gk cet6 ky ielts
snacks,,n. 快餐；小吃；零嘴（snack的复数）,ielts
snag,snæg,"n. (尖利的)突出物, (衣服等的)戳破处, 断牙, 意外障碍\nvt. 造成阻碍, 抓住机会, 抢到, 清除障碍物",toefl
snail,sneil,"n. 蜗牛, 行动迟缓的人, 脑筋迟钝的人, 蜗形凸轮\nvt. (蜗牛般)缓慢地打发(时间)\nvi. 缓慢移动",cet6
snake,sneik,"n. 蛇, 阴险的人\nvi. 曲折行进\nvt. 迂回, 拉, 急抽",zk gk cet4 cet6 ky toefl
snap,snæp,"vt. 使突然中断, 猛咬, 争夺, 拉断, 使有啪啪声, 厉声说, 突然射击, 用快照拍摄\nvi. 咬, 扑, 抓, 折断, 劈啪地响, 厉声说, 砰然关上\nn. 猛咬, 猛扑, 劈啪声, 申斥, 快照, 活力, 一般时期的寒冷天气, 揿钮\na. 突然的, 装搭扣的\nadv. 猛地\n[计] 子网访问协议",cet4 cet6 ky toefl
snappish,'snæpiʃ,"a. 要咬人的, 厉声说话的, 没好气的",gre
snappy,'snæpi,a. 厉声说话的；生气勃勃的；时髦的；爽快的,gre
snare,snєә,"n. 陷阱, 诱惑, 圈套\nvt. 以陷阱捕获, 诱惑",gre
snarl,snɑ:l,"vi. 吼叫, 怒骂, 缠结\nvt. 咆哮着说, 搞乱, 使缠结\nn. 咆哮, 吼叫, 怒骂, 缠结, 混乱",toefl gre
snatch,snætʃ,"n. 抢夺, 攫取, 片断\nvt. 夺取, 攫取\nvi. 想抢走, 攫取",gk cet6 ky ielts gre
sneak,sni:k,"vi. 鬼鬼祟祟做事\nvt. 偷偷地做\nn. 鬼鬼祟祟的人, 偷偷摸摸的行为, 帆布胶底运动鞋\na. 暗中进行的",cet6 ky toefl
sneaker,'sni:kә,"n. 鬼鬼祟祟做事的人, 卑鄙者, 帆布胶底运动鞋",gk
sneaking,'sni:kiŋ,"a. 偷偷逃走的, 暗中的, 卑微的\n[法] 隐密的, 鬼祟的, 卑怯的",gre
sneer,sniә,"n. 冷笑, 嘲笑\nvi. 嘲笑, 冷笑\nvt. 嘲笑着说, 嘲笑得使",cet6 toefl gre
sneeze,sni:z,n. 喷嚏\nvi. 打喷嚏,gk cet6 ky
snicker,'snikә,n. 窃笑\nvi. 窃笑\nvt. 窃笑着说,gre
snide,snaid,"n. 赝品, 假珠宝\na. 伪造的, 不诚实的, 卑鄙的, 险恶的",gre
sniff,snif,"n. 以鼻吸气, 嗅, 气息\nvi. 嗅, 蔑视, 嗤之以鼻\nvt. 闻, 用力吸, 发觉",gk cet6 ky toefl
snip,snip,"v. 剪, 剪断, 削减, 删节\nn. 剪, (剪刀的)一剪, 不足道的人",gre
snippet,'snipit,"n. 小片, 片断, 摘录",toefl
snitch,snitʃ,"vt. 偷, 扒(不太值钱的东西)\nvi. 进行小偷小摸, 告密, 告发\nn. 告密者, 告发者",gre
snob,snɒb,"n. 势利的人, 假内行",cet6 ky gre
snobbish,'snɒbiʃ,"a. 自命不凡的, 势利的",cet6 toefl gre
snore,snɒ:,"n. 鼾声, 打鼾\nvi. 打鼾\nvt. 打鼾度过",cet6
snow,snәu,"n. 雪, 积雪, 下雪, 雪花形干扰\nvi. 下雪, 似雪般落下\nvt. 使雪白, 用雪覆盖, 使像雪般落下",zk gk
snowball,'snәubɒ:l,"n. 雪球, 果味冰霜卷, 滚雪球式的募捐法\nvt. 向...丢雪球, 使滚雪球般增长\nvi. 打雪仗, 滚雪球般增长",gk
snowdrift,'snәudrift,"n. (被风刮在一起的)雪堆, 随风飘飞的雪",toefl gre
snowflake,'snәufleik,"n. 雪片, 雪花, 雪片莲",toefl
snowman,'snәumæn,n. 雪人,gk
snowstorm,'snәustɒ:m,n. 暴风雪\n[化] 雪暴,cet4 cet6 ky
snowy,'snәui,"a. 多雪的, 雪的, 被雪所覆盖着的, 下雪的",zk gk cet4 cet6
snub,snʌb,"n. 冷落, 怠慢, 斥责, 制止\na. 制动用的, 短而扁的\nvt. 冷落, 怠慢, 制止, 使...停住, 掐灭",gre
snug,snʌg,"a. 舒适的, 温暖的, 整洁的, 紧身的, 隐藏的\nvt. 使整洁干净, 使紧身, 隐藏",toefl gre
snuggle,'snʌgl,"vi. 偎依\nvt. 使舒适温暖, 紧抱",gre
so,sәu,"adv. 如此, 如是, 如...那样\nconj. 所以, 因此\npron. 这样",zk gk
so-called,,"a. 所谓的, 号称的\n[法] 所谓的, 据称的",cet4 cet6
soak,sәuk,"n. 浸, 湿透, 大雨\nvt. 使上下湿透, 浸, 吸入, 吸收, 浸洗掉\nvi. 浸泡, 渗透",cet4 cet6 ky ielts gre
soap,sәup,"n. 肥皂, 阿谀\nvt. 以肥皂洗, 阿谀\n[计] 评语",zk gk cet4 cet6 ky toefl
soar,sɒ:,"n. 高扬, 翱翔\nvi. 往上飞舞, 高耸, 翱翔",cet6 ky ielts gre
soaring,'sɔ:riŋ 'sɔәr-,"a. 高飞的, 翱翔的, 高耸入云的, 崇高的, 高涨的\n[经] 飞涨的, 高涨的",ky toefl
sob,sɒb,"vi. 啜泣, 呜咽\nvt. 哭诉, 哭得使\nn. 啜泣, 呜咽",gk cet4 cet6 ky
sober,'sәubә,"a. 未醉的, 稳重的, 节制的, 严肃的, 不夸大的, 合理的, 朴素的\nvt. 使醒酒, 使严肃\nvi. 从醉里醒来, 变严肃",cet4 cet6 ky toefl ielts gre
sobriety,sә'braiiti,"n. 节制饮酒, 戒酒, 节制, 一本正经, 庄重",gre
soccer,'sɒkә,n. 英式足球,gk cet4 cet6 ky
sociable,'sәuʃәbl,"a. 好交际的, 社交的, 过社会生活的\nn. 联谊会",ky toefl ielts gre
social,'sәuʃәl,"a. 社会的, 群居的, 社交的\nn. 联欢会",zk gk cet4 cet6 ky ielts
socialism,'sәuʃәlizm,"n. 社会主义, 社会主义运动",gk cet4 cet6 ky
socialist,'sәuʃәlist,"n. 社会主义者, 社会党党员\n[法] 社会主义的",gk cet4 cet6
society,sә'saiәti,n. 社会；社交界；交往；社团,zk gk cet4 cet6 ky
sociology,.sәusi'ɒlәdʒi,n. 社会学\n[医] 社会学,cet6 ky ielts
sock,sɒk,"n. 短袜, 鞋垫, 一击\nvt. 重击, 猛投, 给...穿袜\nvi. 打击\nadv. 正着地, 不偏不倚地\na. 非常成功的",gk cet4 cet6 ky gre
socket,'sɒkit,"n. 窝, 穴, 插座, 眼窝\nvt. 插进插座\n[计] 套接字",gk
socks,,"短袜, 袜子, 鞋内的衬垫, 轻软鞋, 巨款, 存款, 存钱处, 银箱, 拳打, 一击, 重击",zk
sod,sɒd,"n. 草地, (铺草坪用的)草皮, 故乡\nvt. 铺上草皮, 以生草土覆盖",gre
soda,'sәudә,"n. 苏打, 碳酸水\n[化] 纯碱; 苏打; 碳酸钠",cet4 cet6 ky
sodden,'sɒdn,"a. 浑身湿透的, 饱含的, (因沉湎于酒而)迷糊的\nvt. 拿水浸, 使变呆\nvi. 被浸湿",gre
sodium,'sәudiәm,n. 钠\n[化] 钠Na,cet6 toefl
sofa,'sәufә,n. 沙发,zk gk cet6 ky
soft,sɒft,"a. 软的, 温和的, 柔和的, 柔滑的, 温柔的, 软弱的, 坡度小的, 笨的, 纸币的\nn. 柔软的东西, 笨人, 纸币\nadv. 柔软地, 温和地",zk gk cet4 cet6 ky
softball,'sɒftbɒ:l,"n. 垒球运动, 垒球",gk
soften,'sɒftn,"v. (使)变柔软, (使)变柔和",cet6
softly,'sɒftli,"adv. 柔和地, 静静地, 温柔地",cet4 cet6
softness,'sɒftnis,"n. 柔和, 温柔",cet6
software,'sɒftwєә,n. 软件\n[计] 软设备,gk cet4 cet6 ky
softwood,'sɒftwud,n. 软木材,toefl
soggy,'sɒgi,"a. 浸水的, 沉闷的\n[化] 欠硫; 硫化不足",gre
soil,sɒil,"n. 土壤, 土地, 国家, 国土, 温床, 污物, 粪便, 水池\nvt. 弄脏, 污辱\nvi. 变脏",gk cet4 cet6 ky ielts gre
sojourn,'sɒdʒә:n,"n. 逗留, 旅居\nvi. 逗留, 旅居",toefl gre
solace,'sɒlis,"n. 安慰, 安慰之物\nvt. 安慰, 抚慰, 给与安慰, 使轻松",gre
solar,'sәulә,"a. 太阳的, 日光的, 源自太阳的\n[医] 太阳的; 腹腔丛的",gk cet4 cet6 ky toefl ielts
solder,'sɒldә,"n. 焊接剂, 接合物\nv. 施以焊接, 焊合, 联结",toefl gre
soldier,'sәuldʒә,"n. 军人, 士兵, 兵蚁\nvi. 从军, 尽职, 偷懒, 磨洋工",zk gk toefl
sole,sәul,"n. 脚掌, 鞋底, 底部\na. 唯一的, 仅有的, 单独的, 独身的\nvt. 上鞋底, 触底",cet4 cet6 ky toefl ielts
solely,'sәulli,"adv. 仅仅, 单独地",cet4 cet6 toefl
solemn,'sɒlәm,"a. 严肃的, 郑重的, 庄严的",cet4 cet6 ky toefl ielts gre
solemnity,sә'lemniti,"n. 严肃, 一本正经\n[法] 要式, 庄严的仪式, 严肃",gre
solicit,sә'lisit,"v. 请求, 乞求, 招揽, 征求",toefl gre
solicitor,sә'lisitә,"n. (英)律师, 初级律师, (美)法务官, (美)掮客, 游说者, (美)募捐者\n[经] 募损者, 律师",toefl
solicitous,sә'lisitәs,"a. 关心的, 渴望的, 热切期望的, 十分讲究的",toefl gre
solicitude,sә'lisitju:d,"n. 焦虑, 关心, 担心, 挂念, 渴望, 担心的事情",gre
solid,'sɒlid,"n. 固体\na. 坚硬的, 稳固的, 固体的, 实心的, 纯质的, 立体的, 立方的\n[计] 原色",zk gk cet4 cet6 ky
solidarity,.sɒli'dæriti,"n. 团结, 团结一致, 共同一致\n[法] 团结, 共同责任",cet6 ky toefl ielts gre
solidify,sә'lidifai,"v. (使)凝固, (使)团结, 巩固",cet6 toefl gre
solitary,'sɒlitәri,"n. 独居者\na. 孤独的, 独居的",cet6 ky toefl ielts gre
solitude,'sɒlitju:d,"n. 孤独, 单独, 孤寂",ky toefl gre
solo,'sәulәu,"n. 独奏, 独唱, 单独表演\na. 单独的, 独奏的, 独唱的\nvi. 放单飞",cet6 ky toefl ielts gre
soloist,'sәulәuist,"n. 独奏者, 独唱者",toefl
soluble,'sɒljubl,"a. 溶解的, 可溶解的, 可以解决的\n[医] 溶解的, 可溶的",cet4 cet6 ky toefl ielts gre
solution,sә'lu:ʃәn,"n. 解决, 解答, 溶液\n[化] 溶液",cet4 cet6 ky toefl ielts
solvable,'sɒlvәbl,"a. 可以解的, 可以解决的\n[医] 溶解的, 可溶的",cet6
solve,sɒlv,"vt. 解决, 付给, 溶解\nvt. 求解\nvi. 求解\n[计] 求解",cet4 cet6 ky toefl ielts
solvent,'sɒlvәnt,"n. 溶剂\na. 有偿付能力的, 有溶解力的",ielts gre
somatic,sәu'mætik,"a. 身体的, 肉体的, 壁体的\n[医] 躯体的, 体壁的",gre
somber,'sɒmbә,"a. 昏暗的, 阴天的, 严峻的, 忧郁的",gre
some,sʌm,"pron. 一些, 一部分, 若干\nadv. 大约\na. 一些的, 少许的, 某一的",zk gk
somebody,'sʌmbɒdi,"n. 了不起的人, 大人物\npron. 有人, 某人",zk gk
somehow,'sʌmhau,adv. 不知何故,cet4 cet6 ky ielts
someone,'sʌmwʌn,"pron. 有人, 某人",zk gk
something,'sʌmθiŋ,"pron. 某事, 某物",zk gk
sometime,'sʌmtaim,"a. 以前的, 某一时间的\nadv. 改天, 来日",cet4 cet6 ky
sometimes,'sʌmtaimz,"adv. 有时, 时常, 往往",zk gk
somewhat,'sʌmhwɒt,"n. 某物, 几分\nadv. 多少, 几分",cet4 cet6 ky toefl ielts
somewhere,'sʌmhwєә,"adv. 到某处, 在某处",zk gk
somnolent,'sɒmnәlәnt,"a. 想睡的, 催眠的\n[医] 瞌睡的; 嗜眠的",gre
son,sʌn,"n. 儿子, 女婿, 子孙\n[法] 儿子, 女婿, 养子",zk gk
sonata,sә'nɑ:tә,n. 奏鸣曲,gre
song,sɒŋ,"n. 歌, 曲, 鸣声, 歌唱, 歌曲, 诗歌",zk gk
sonnet,'sɒnit,n. 十四行诗,gre
sonorous,sәu'nɒ:rәs,"n. 宏亮的, 响亮的, 作响的\n[医] 响声的, 作响的",gre
soon,su:n,"adv. 不久, 早, 快, 宁可",zk gk
soot,sut,"n. 煤烟, 炭黑色\nvt. 熏以煤烟",gre
soothe,su:ð,"vt. 缓和, 使安静, 安慰, 奉承\nvi. 起安慰作用",toefl gre
sop,sɒp,"n. 面包片, 湿透的东西, 一滩(液体), 小贿赂, 懦夫\nvt. 浸湿, 吸水, 贿赂\nvi. 渗透, 湿透",gre
sophism,'sɒfizm,n. 诡辩,gre
sophisticate,sә'fistikeit,"n. 久经世故的人, 精于...之道的人\nvt. 篡改, 曲解, 使变得世故, 掺合, 弄复杂\nvi. 诡辩",cet6
sophisticated,sә'fistikeitid,"a. 复杂的, 久经世故的\n[法] 尖端的, 高级的, 非常有经验的",cet4 cet6 ky toefl ielts gre
sophistication,sә.fisti'keiʃәn,"n. 诡辩, 老于世故, 复杂(性)\n[医] 掺假",toefl gre
sophistry,'sɒfistri,"n. 诡辩\n[法] 诡辩, 辩术, 诡辩法",gre
sophomore,'sɒfәmɒ:,"n. (大学)二年级生\na. 二年级学生的, 二年级的",ky
soporific,.sәupә'rifik,"a. 催眠的, 想睡的, 令人麻木不仁的\nn. 催眠剂, 安眠药",gre
sopping,'sɒpiŋ,a. 浑身湿透的,gre
sorcery,'sɒ:sәri,"n. 巫术, 魔术\n[法] 巫术",gre
sordid,'sɒ:did,"a. 肮脏的, 贪婪的, 卑鄙的, 恶劣的, 暗淡的\n[医] 污色的",gre
sore,sɒ:,"a. 悲伤的, 痛的, 引起痛苦的\nn. 痛处, 溃疡, 疮",cet4 cet6 ky ielts
sorrow,'sɒrәu,"n. 悲伤, 哀惜, 不幸\nvi. 悲伤, 懊悔, 遗憾",gk cet4 cet6 ky
sorrowful,'sɒrәuful,a. 悲伤的,cet6
sorry,'sɒri,"a. 难过的, 悲哀的, 遗憾的",zk gk
sort,sɒ:t,"n. 种类, 方式, 品质, 态度, 举止\nvt. 分类, 排序, 挑选\nvi. 交往, 协调\n[计] 排序; DOS外部命令:从标准输入设备接收数据, 整个数据输入完后\n对它以行为单位进行排序, 然后在标准输出设备上输出",zk gk cet4 cet6 ky toefl ielts
soul,sәul,"n. 灵魂, 心灵, 精神, 精髓, 人, 化身, 典型, 鬼魂\na. 黑人的",gk cet4 cet6 ky toefl
sound,saund,"n. 声音, 语音, 吵闹, 声调, 听力范围, 探条, 海峡\na. 健全的, 可靠的, 合理的, 健康的, 彻底的, 资金充实的\nadv. 彻底地, 充分地\nvi. 发出声音, 回响, 测深, 试探, 听起来\nvt. 使发声, 宣告, 听诊, 测...深, 试探\n[计] 声音",zk gk ielts
soundproof,'saundpru:f,a. 隔音的,toefl ielts
soup,su:p,"n. 汤, 马力\nvt. 加速, 增加马力",zk gk cet4 cet6 ky toefl
sour,'sauә,"a. 酸的, 酸臭的, 发酵的, 愠怒的, 讨厌的, 拙劣的, 不健全的\nvi. 变酸, 发酵, 厌烦, 变坏\nvt. 使变酸, 使失望\nn. 酸味, 酸饮料",zk gk cet4 cet6 ky toefl ielts
source,sɒ:s,"n. 来源, 水源, 根源, 原始资料, 源\n[计] 来源, 源程序",cet4 cet6 ky ielts
sources,,n. 输入源；发起者；来源（source的复数）,ielts
souse,saus,"n. 溅落, 浸入, 腌渍用盐汁, 腌制物, 浸水\nvt. 把...浸如水中, 腌制, 弄醉\nvi. 被浸透, 喝醉\nadv. 扑通一声地, 出其不意地",gre
south,sauθ,"n. 南方, 南\na. 南的, 向南的\nadv. 在南方\nvi. 转向南方",zk gk
southeast,sauθ'i:st,"n. 东南, 东南地区\na. 东南的, 向东南的, 来自东南的\nadv. 往东南, 来自东南",gk cet4 cet6 ky
southern,'sʌðәn,"n. 南方人, 男风\na. 向南方的, 来自南方的",zk gk cet4 cet6 ky
southwards,'sajθwәdz,adv. 在南方,cet6
southwest,sauθ'west,"n. 西南, 西南方, 西南地区\na. 西南的, 来自西南方的\nadv. 往西南, 来自西南",gk cet4 cet6 ky
souvenir,.su:vә'niә,n. 纪念品,cet6 toefl ielts gre
souvenirs,su:və'nɪəz,n. 纪念品( souvenir的名词复数 ),gk ielts
sovereign,'sɒvrin,"n. 元首, 独立国\na. 具有主权的, 至高无上的, 国王的, 完全的",cet6 ky toefl ielts gre
sovereignty,'sɒvrәnti,"n. 主权, 独立国\n[法] 主权, 主权国家, 统治权",toefl gre
Soviet,'sәuviәt,"n. 代表会议, 苏维埃, 苏联\na. 苏维埃的, 苏联的",cet4 cet6
sow,sau. sәu,"n. 母猪, 懒胖女人\nvt. 播种, 散布, 使密布\nvi. 播种",gk cet4 cet6 ky toefl ielts gre
soy,sɒi,"n. 酱油, 大豆\n[医] 大豆; 酱油",cet6 toefl
soybean,'sɒibi:n,n. 大豆\n[化] 大豆,toefl
space,speis,"n. 位置, 空间, 距离, 太空, 空白, 间隔, (期刊等的)篇幅\nvt. 隔开, 分隔\nvi. 留间隔\n[计] 空白, 空格校验",zk gk cet4 cet6 ky ielts
space shuttle,,航天飞机,toefl
spacecraft,'speiskræft,n. 航天飞船,cet4 cet6 ky toefl
spaceship,'speisʃip,n. 宇宙飞船,gk cet4 cet6 ky toefl
spacious,'speiʃәs,"a. 广大的, 宽广的",cet6 ky toefl ielts gre
spackle,'spækl,一种抹墙粉的商标名；抹墙粉于...,gre
spade,speid,"n. 铲子, 锄, 铲刀, 黑桃\nvt. 以锄掘, 把...弄实抹平\nvi. 铲",gk cet4 cet6 ky
Spain,spein,n. 西班牙,ielts
span,spæn,"n. 指距, 全长, 跨距, 一段时间, 小范围\nvt. 以手指测量, 跨越, 架设, 持续",cet4 cet6 ky toefl ielts gre
spangle,'spæŋgl,n. 亮晶晶的小物件\nv. (使)闪烁,toefl gre
Spanish,'spæniʃ,"n. 西班牙人, 西班牙语\na. 西班牙的",gk cet4 cet6 ielts
spank,spæŋk,"vt. 打, 拍击, 飞跑\nvi. 飞跑\nn. 拍打, 一巴掌",gre
spanking,'spæŋkiŋ,"a. 清爽的, 疾行的, 强烈的\nadv. 显著地\nn. 拍击, 打屁股",toefl
spare,spєә,"n. 剩余, 备用品, 备件, 备用零件, 备用轮胎\na. 多余的, 备用的, 空闲的, 节约的, 瘦的\nvi. 节约, 省掉, 宽恕\nvt. 节约, 省用, 剩下, 饶恕, 赦免",zk gk toefl ielts
sparing,'speәriŋ,"a. 节约的, 节制的, 吝啬的, 爱惜的, 吝惜的, 节省的, 贫乏的, 少量的",gre
sparingly,,"adv. 节约地, 爱惜地, 吝惜地, 少量地, 贫乏地",toefl
spark,spɑ:k,"n. 火花, 火星, 闪光, 无线电报务员, 瞬间放电, 活力, 朝气, 花花公子, 情郎\nvi. 闪光, 发火花, 求婚\nvt. 发动, 鼓舞, 使有朝气, 求婚",cet4 cet6 ky toefl ielts gre
sparkle,'spɑ:kl,"n. 闪耀, 火花, 活力, 发泡\nvi. 闪耀, 冒火花\nvt. 使闪耀",cet4 cet6 ky ielts
sparring,'spɑ:riŋ,"n. 对打；夹条板, 保护条",gre
sparrow,'spærәu,n. 麻雀,gk cet4 cet6 toefl
sparse,'spɑ:s,"a. 稀疏的, 稀稀落落的, 稀薄的",toefl ielts gre
sparsely,spɑ:slɪ,adv. 稀疏地; 稀少地; 不足地; 贫乏地,toefl
Spartan,'spɑ:tәn,"a. 斯巴达的, 斯巴达式的, 刚强的, 勇敢的, 好战的, 严峻的, 简朴的, 艰苦的\nn. 斯巴达人, 勇士, 坚韧不拔的人",gre
spasmodic,spæz'mɔdik,"a. 痉挛的, 痉挛性的, 由痉挛引起的, 抽搐的, 间歇的, 突发性的, 一阵阵的\n[医] 痉挛的",gre
spat,spæt,"n. 蚝卵, 口角, 拍打\nvi. 拍打, 争吵\nspit的过去式和过去分词",gre
spate,speit,"n. 泛滥, 洪水, 大雨, 大量, 一阵",gre
spatial,'speiʃәl,"a. 空间的, 受空间条件限制的, 占地位的\n[医] 隙的, 间隙的, 腔的; 空间的, 立体的",cet6 toefl ielts gre
spatula,'spætʃәlә,"n. 刮刀, 压舌片, 匙突\n[医] 药刀, 软膏刀; 铲; 压舌板",gre
spawn,spɒ:n,"n. (鱼)卵, 产物\nvt. 产卵, 酿成, 大量生产\nvi. 产卵, 大量生产",toefl gre
speak,spi:k,"vi. 说, 说话, 演说, 发言\nvt. 说, 讲, 说出",zk gk
speaker,'spi:kә,"n. 说话人, 讲演者, 发言人, 喇叭, 扬声器\n[计] 扬声器",zk gk cet4 cet6 ky ielts
speaking,'spi:kiŋ,"n. 谈话, 演说\na. 讲话的, 适于说的, 讲某种语言的",ielts
spear,spiә,"n. 矛, 枪, 持矛者, 嫩枝\nvt. 用矛刺\nvi. 刺, 戳\na. 父系的",gk cet4 cet6 ky gre
special,'speʃәl,"n. 专辑, 专车, 号外, 特别的东西, 负有特别任务的人员\na. 特别的, 专门的, 特殊的, 额外的, 附加的, 特别亲密的",zk gk cet4 cet6 ky ielts
specialist,'speiʃәlist,"n. 专门医师, 专家\na. 专业的, 专家的",gk cet4 cet6 ky
speciality,.speʃi'æliti,"n. 专长, 擅长, 特种技能, 详细说明, 特性, 特产, 专业\n[化] 特制品",cet4 cet6 ky ielts
specialize,'speʃәlaiz,"vt. 使特殊化, 列举, 特别指明, 限定...的范围\nvi. 成为专家, 专攻",cet4 cet6 ky ielts gre
specialized,,"a. 专门的, 特别的, 专科的, 特化的, 专化的\n[计] 专业化的",toefl gre
specially,'speʃәli,"adv. 特别地, 专门地",cet4 cet6
specialty,'speʃәlti,"n. 专业, 专长, 特产, 特制品, 特性, 特点\na. 专门的, 独立的",toefl
species,'spi:ʃiz,"n. 种, 类, 外形\n[医] 茶剂; 种",cet4 cet6 ky toefl ielts
specific,spi'sifik,"n. 特效药, 特性\na. 特殊的, 明确的, 具有特效的, 特定地, 具体地",gk cet4 cet6 ky toefl ielts
specifically,spi'sifikli,"adv. 特定地, 明确地, 按特性",cet6
specification,.spesifi'keiʃәn,"n. 规格, 详述, 详细说明书\n[计] 规范; 形式说明; 说明; 说明书; 规格",cet6 ky toefl ielts
specifics,spi'sifiks,n. 详情；细节；特性（specific的复数）,gre
specified,,a. 规定的；详细说明的,toefl
specify,'spesifai,"vt. 详列, 指定, 说明\n[计] 指定",cet4 cet6 ky toefl
specimen,'spesimәn,"n. 样品, 标本, 试料\n[化] 试样",cet4 cet6 ky toefl ielts gre
specious,'speiʃәs,"a. 徒有其表的, 似是而非的, 外表美观的",gre
speck,spek,"n. 斑点, 有斑点的东西, 污点, 缺点, 微粒, 肥肉\nvt. 使有斑点",toefl gre
spectacle,'spektәkl,"n. 引人羡慕的东西, 景象, 眼镜, 场面, 公开展示",cet4 cet6 ky toefl ielts
spectacular,spek'tækjulә,"a. 公开展示的, 惊人的, 壮观的\nn. 奇观, 惊人之举, 展览物",cet6 ky toefl ielts gre
spectacularly,,adv. 引人注目地；壮观地,toefl
spectator,spek'teitә,"n. 观众, 目击者, 旁观者",cet6 ky toefl ielts gre
specter,'spektә,"n. 幽灵, 妖怪, 凶兆",gre
spectra,,"系列, 范围, 谱, 光谱, 波谱, 射频频谱, 无线电信号频谱, 余象\n[计] , 光谱, 频谱",toefl
spectral,'spektrәl,"a. 光谱的, 鬼怪的, 幻觉的\n[医] 光谱的",gre
spectrum,'spektrәm,"n. 光谱, 范围, 系列\n[化] 光谱",cet6 ky toefl ielts gre
speculate,'spekjuleit,"vi. 深思, 推测, 投机\n[经] 投机",cet6 ky toefl ielts gre
speculation,.spekju'leiʃәn,"n. 沉思, 推测, 投机\n[经] 投机交易, 买空卖空",toefl
speculative,'spekjuleitiv,"a. 思索性的, 投机的, 推测的\n[经] 投机的, 冒险的",gre
speech,spi:tʃ,"n. 演讲, 说话, 谈话, 言语, 引语, 民族语言\n[医] 言语, 语言",zk gk cet4 cet6 ky ielts
speed,spi:d,"n. 速率, 速度, 迅速\nvi. 加速, 超速, 快进\nvt. 快速传送, 促进, 使加速\n[计] 中央处理机速度设置程序",zk gk cet4 cet6 ky ielts
speedy,'spi:di,"a. 快的, 迅速的\n[经] 快的, 迅速的",toefl
speleology,",spili'ɔlәdʒi",n. 洞穴学,gre
spell,spel,"n. 符咒, 魅力, 轮值, 轮班, 工作时间, 一次发作\nvt. 拼写, 拼成, 琢磨, 理解, 招致, 轮换, 迷住\nvi. 轮换, 拼字",zk gk cet4 cet6 ky gre
spelling,'speliŋ,"n. 拼, 拼字, 拼法\n[计] 拼写检查",gk cet4 cet6 ky
spend,spend,"vt. 花费, 浪费, 度过, 消耗, 消磨\nvi. 花费, 用尽",zk gk
spending,'spendiŋ,"n. 经费, 开销\n[经] 开支, 开销, 经费",ielts
spendthrift,'spendθrift,"n. 浪费的人\na. 浪费的, 挥霍无度的",gre
spew,spju:,"vi. 呕吐, 喷涌\nvt. 呕出, 喷\nn. 呕吐物, 喷涌物",toefl
sphere,sfiә,"n. 球, 球面, 球体, 天体, 地球仪, 范围\nvt. 包围, 使成球体, 放入球内",cet4 cet6 ky toefl ielts
spherical,'sferikl,"a. 球的, 球面的, 球状的, 天体的\n[医] 球形的, 球状的",cet6 toefl
spice,spais,"n. 香料, 药料, 香气, 调味品, 情趣, 少许\nvt. 加香料, 使添趣味",cet6
spicy,'spaisi,"a. 香的, 多香料的, 辛辣的, 下流的",ky
spider,'spaidә,"n. 蜘蛛, 设圈套者\n[化] 星形轮",cet4 cet6 ky toefl ielts
spike,spaik,"n. 长钉, 鞋钉, 钉状物, 尖峰状物, 穗\nvt. 以大钉钉牢, 用尖物刺穿, 阻止, 弃置不用\n[计] 尖峰信号",toefl gre
spiky,'spaiki,"a. 大钉一般的, 长而尖的, 钉满钉子的, 有穗的",toefl
spill,spil,"n. 溢出, 溅出, 摔下, 溢出量, 木片, 小塞子\nvt. 使溢出, 使散落, 洒, 使流出, 倒出, 使摔下\nvi. 溢出, 涌流, 摔下",cet4 cet6 ky toefl ielts
spin,spin,"n. 旋转, 自旋, 疾驰, 情绪低落\nvt. 纺织, 纺, 使旋转, 编造\nvi. 纺纱, 吐丝, 作茧, 结网, 旋转, 自旋, 疾驰",gk cet4 cet6 ky toefl ielts gre
spinach,'spinitʃ,"n. 菠菜, 货币, 胡说八道",toefl
spinal,'spainl,"a. 针的, 尖刺的, 尖刺状突起的, 脊骨的\n[医] 棘折; 脊柱的",cet6 toefl
spindly,'spindli,"a. 纺锤形的, 细长的",gre
spine,spain,"n. 背骨, 脊柱, 尖刺\n[医] 脊柱; 棘, 刺; 马蹄嵴",ky toefl
spined,'spaind,"a. 有背骨的, 有脊柱的, 有刺的",toefl
spineless,'spainlis,"a. 无脊椎的, 没有骨气的, 懦弱的",toefl gre
spinet,'spinit,"n. 小型拨弦古钢琴, 小型立式钢琴",toefl
spinning,'spiniŋ,n. 纺纱\n[化] 纺丝,toefl
spiny,'spaini,"a. 多刺的, 尽是尖刺的, 尖刺状的, 麻烦的, 棘手的",toefl gre
spiral,'spairәl,"n. 螺旋形之物, 螺线\na. 螺旋形的, 盘旋的\nvi. 螺旋形下降, 螺旋形上升, 螺旋形行进\nvt. 使螺旋形行进",cet6 ky toefl ielts
spire,spaiә,"n. 尖塔, 尖顶, 锥形体, 螺旋\nvi. 突出, 耸立, 螺旋形上升\nvt. 给...加塔尖",gre
spirit,'spirit,"n. 精神, 心灵, 灵魂, 态度, 志气, 人格, 情绪, 心情, 烈酒\nvt. 诱拐, 鼓励, 鼓舞",zk gk cet4 cet6 ky toefl
spiritual,'spiritʃuәl,"a. 精神上的, 神圣的, 崇高的, 高尚的, 鬼的, 招魂术的\nn. 有关教会的事",gk cet4 cet6 ky toefl ielts gre
spit,spit,"n. 唾液, 唾吐, 小雨, 炙叉, 一铲的深度\nvt. 唾吐, 吐出, 降小雨, 用炙叉穿过\nvi. 吐唾沫, 吐痰, 唾弃, 飘霏霏细雨",gk cet4 cet6 ky ielts
spite,spait,"n. 恶意, 怨恨, 使人烦恼的事物\nvt. 故意刁难, 欺侮",cet4 cet6 ky gre
splash,splæʃ,"n. 飞溅, 污点, 一点儿, 溅泼声, 色斑\nvi. 溅湿, 溅开, 飞溅\nvt. 溅, 泼, 使溅起水, 洒, 使成斑驳状",cet4 cet6 ky toefl ielts
splashy,'splæʃi,"a. 容易溅开的, 泥泞的, 遍布斑点的",gre
spleen,spli:n,"n. 脾脏, 坏脾气, 怨恨\n[医] 脾",toefl gre
splendid,'spendid,"a. 光亮的, 了不起的, 灿烂的, 壮丽的, 显著的, 杰出的",gk cet4 cet6 ky toefl ielts
splendor,'splendә,"n. 光辉, 壮丽, 显赫",toefl gre
splice,splais,"vt. 接合, 捻接, 胶接, 使结婚\nn. 接合, 胶接, 结婚\n[计] 接头",gre
splint,splint,"n. 薄木片, 细木梗, 夹板, 薄金属片\nvt. 用夹板固定",gre
split,split,"n. 劈开, 裂片, 裂缝, 分裂, 派系, 派别, 柳条\na. 劈开的\nvi. 分离, 分开, 裂开, 被劈开\nvt. 劈开, 切开, 使分裂, 使分离\n[计] 拆分",gk cet4 cet6 ky toefl ielts gre
splurge,splә:dʒ,"n. 炫耀, 夸示\nvi. 炫耀, 卖弄, 挥霍\nvt. 挥霍",gre
spoil,spɒil,"n. 战利品, 赃物, 奖品, 变质, 次品\nvt. 损坏, 破坏, 溺爱\nvi. 腐坏, 掠夺",cet4 cet6 ky toefl ielts gre
spoilage,'spɒilidʒ,"n. 变质, 糟蹋, 损耗, 损坏\n[经] (原料,材料,产品)损坏",toefl
spoke,spәuk,"n. 轮辐\nvt. 装轮辐, 用刹车刹住\nspeak的过去式",gre
spoken,'spәukәn,"a. 口头讲的, 口语的\nspeak的过去分词",gk
spokesman,'spәuksmәn,"n. 发言人, 代言者",cet6 ky ielts
sponge,spʌndʒ,"n. 海绵, 海绵状的东西\nvt. 用海绵擦拭, 吸收掉, 抹掉\nvi. 采集海绵, 海绵般吸收",cet4 cet6 ky toefl ielts
spongy,'spʌndʒi,"a. 海绵状的, 海绵质的, 多孔的\n[医] 海绵状的, 海绵构造的",gre
sponsor,'spɒnsә,"n. 保证人, 赞助者, 发起者, 倡议者, 教父\nvt. 发起, 赞助, 倡议",gk cet4 cet6 ky toefl ielts
spontaneity,.spɒntә'ni:iti,"n. 自然发生, 自生, 自发",toefl gre
spontaneous,spɒn'teiniәs,"a. 自然的, 自发的, 未经琢磨的\n[医] 自发的, 特发的, 自生的",cet4 cet6 ky toefl ielts gre
spontaneously,,"adv. 自发, 一时冲动, 出自自然, 不依赖人工, 自然产生, 本能, 自动, 自然而优雅",toefl
spoof,spu:f,"n. 幽默的讽刺诗文, 愚弄, 戏弄\nv. 对...作幽默讽刺, 戏弄, 哄骗\na. 哄骗认的",gre
spool,spu:l,"n. 线轴, 缠线框\nvt. 缠绕在线轴上, 缠绕\n[计] 盘; 假脱机输入输出; 卷",gre
spoon,spu:n,"n. 匙, 调羹, 匙形工具\nvt. 以匙舀起, 调情, 使成匙状",zk gk cet4 cet6 ky toefl
spoonful,'spu:nful,"n. 一匙\n[医] 一匙, 匙",gk
spoons,spu:nz,"n. 匙, 调羹( spoon的名词复数 ); 一匙的量",ielts
spoor,spuә,"n. 痕迹, 足迹\nv. 循着足迹追踪",gre
sporadic,spәu'rædik,"a. 偶尔发生的, 零星发生的, 分散的\n[医] 散在的, 散发的",toefl ielts gre
sporadically,,adv. 偶发地；零星地,toefl
sport,spɒ:t,"n. 运动, 游戏, 娱乐, 消遣, 玩笑\na. 运动的, 户外穿戴的\nvi. 游戏, 参加体育运动, 戏弄, 产生变种\nvt. 炫耀, 使产生变种",zk gk ielts gre
sports,spɔ:ts,"n. (英)运动会, 运动的, 适用于运动的, 运动会的, 与运动会有关的",ielts
sportsman,'spɒ:tsmәn,"n. 运动员, 冒险家",cet4 cet6 ky ielts
sportswear,'spɒ:tswєә,"n. 运动装, 休闲服",ielts
spot,spɒt,"n. 污点, 地点, 斑点, 点, 娱乐场所, 处境, 少量\na. 当场的, 现场的, 现货买卖的, 现金交易的, 抽样的\nvt. 点缀, 玷污, 认出, 准确定...的位, 用灯光照射\nvi. 玷污, (从空中)侦察敌方目标",gk cet4 cet6 ky toefl ielts
spotless,'spɒtlis,"a. 无脏污的, 无缺点的, 无可挑剔的",toefl
spotlight,'spɒtlait,"n. 照明灯, 反光灯, 聚光灯",toefl ielts
spouse,spauz,n. 配偶,cet6 ky toefl ielts
spout,spaut,"n. 喷口, 从喷口流出的水, 水落管, 水龙卷\nvt. 喷出, 喷射, 滔滔不绝说出, 典押\nvi. 喷射, 高谈阔论",toefl gre
sprain,sprein,"vt. 挫伤, 扭筋, 错筋\nn. 扭伤, 扭筋",gre
sprawl,sprɒ:l,"vi. 伸开手足躺, 爬行, 蔓生, 蔓延\nvt. 懒散地伸开, 使蔓生, 使不规则地伸展\nn. 伸开手足躺卧姿势",toefl ielts gre
sprawling,,"a. 蔓生的, 不规则地伸展的",gre
spray,sprei,"n. 水沫, 浪花, 水花, 喷雾, 喷雾器, 小树枝\nvt. 喷雾, 扫射, 喷射\nvi. 喷, 溅开",gk cet4 cet6 ky toefl ielts
spread,spred,"n. 传播, 散布, 伸展\na. 双唇展开的, 伸展的\nvt. 展开, 铺开, 传播, 推广, 伸出, 涂, 敷, 延伸\nvi. 展开, 扩大, 传开, 延伸\n[计] 展开",zk gk cet4 cet6 ky
sprig,sprig,"n. 小树枝, 无头钉\nvt. 用小树枝装饰, 用钉子钉上, 使蔓生",gre
sprightly,'spraitli,"a. 活泼的, 愉快的\nadv. 活泼地, 愉快地",gre
spring,spriŋ,"n. 春天, 弹簧, 跳跃, 弹性, 活力, 泉, 源泉\na. 春天的\nvi. 跳, 弹跳, 涌出, 生长, 裂开, 高耸\nvt. 使跳起, 使爆炸, 突然提出",zk gk toefl ielts
springboard,'spriŋbɒ:d,"n. 跳板, 出发点",toefl
springtime,'spriŋtaim,"n. 春天, 春季, 初期",cet4 cet6 toefl
springwater,'spriŋwɒtә,n. 泉水,toefl
sprinkle,'spriŋkl,"vt. 洒, 散置, 撒, 点缀\nvi. 洒, 撒, 下小雨\nn. 洒, 撒, 散置, 小雨, 少量",cet4 cet6 ky
sprint,sprint,"n. 短距离赛跑\nvi. 全速跑, 冲刺\nvt. 全速跑过",ielts gre
sprout,spraut,"n. 芽, 萌芽\nvt. 使发芽, 摘去芽\nvi. 长芽, 抽条",ky toefl ielts gre
spruce,spru:s,"n. 云杉\na. 颇为干净的, 俏的, 整洁的\nv. (使)显干净, 打扮整齐",gre
spunk,spʌŋk,"n. 精神, 勇气, 怒意, 引火柴",gre
spur,spә:,"n. 马刺, 刺激物, 鼓舞\nvt. 刺激, 激励, 用马刺策(马)前进\nvi. 用马刺驱马, 疾驰",cet4 cet6 ky toefl ielts gre
spurious,'spjuriәs,"a. 假造的, 伪造的, 欺骗的\n[医] 假的, 伪的",gre
spurn,spә:n,"n. 踢开, 拒斥\nvt. 踢开, 冷落, 践踏, 唾弃\nvi. 藐视, 摒弃",gre
spurt,spә:t,"n. 喷射, 冲刺\nvt. 喷射\nvi. 喷出, 迸发, 冲刺",toefl
spy,spai,"n. 间谍, 侦探, 侦察\nvt. 侦察, 找出, 发现\nvi. 做密探, 侦查",gk cet4 cet6 ky
squabble,'skwɒbl,"vi. 争吵, 口角\nn. 争吵, 口角",toefl gre
squad,skwɒd,"n. 班, 小队, 小集团\nvt. 编成班",toefl
squalid,'skwɒlid,"a. 污秽的, 肮脏的, 悲惨的, 可怜的, 卑劣的",gre
squall,skwɒ:l,"n. 飑, 喊叫\nvi. 起飑, 嚎啕, 叫嚷\nvt. 尖叫",toefl gre
squalor,'skwɒlә,"n. 肮脏, 贫穷, 不干净",gre
squander,'skwɒndә,"vt. 浪费, 使分散\nvi. 浪费, 漂泊, 四散",toefl gre
square,skwєә,"n. 正方形, 街区, 广场, 平方, 直角尺\na. 正方形的, 正直的, 公正的, 平方的, 方正的, 结清的\nadv. 成直角地, 对准地\nvi. 一致, 符合, 结清\nvt. 使成方形, 使平方自乘, 调正, 结清, 使一致",zk gk cet4 cet6 ky toefl ielts gre
squarely,'skwєәli,"adv. 干脆地, 正好, 直角地",toefl
squash,skwɒʃ,"n. 挤压, 压碎的东西, 南瓜属植物, 拥挤的人群\nvt. 压扁, 镇压, 压制\nvi. 被压扁, 发溅泼声, 挤入",cet6 toefl gre
squat,skwɒt,"n. 蹲, 窝\na. 蹲着的, 矮胖的\nvi. 蹲下, 蹲坐, 蹲伏\nvt. 使蹲下, 擅自占有",cet6 toefl gre
squeak,skwi:k,"n. 吱吱声, 侥幸\nvi. 吱吱叫, 告密, 侥幸成功\nvt. 以短促尖声发出",toefl
squeamish,'skwi:miʃ,"a. 过于拘谨的, 神经质的, 易呕吐的",gre
squeeze,skwi:z,"n. 紧握, 挤, 榨, 榨取, 佣金\nvt. 紧握, 挤, 榨取\nvi. 压榨, 榨",gk cet4 cet6 ky toefl ielts gre
squelch,'skweltʃ,"n. 嘎吱声, 压碎的一堆, 使对手哑口无言的话\nvt. 压碎, 镇压, 使咯吱咯吱响\nvi. 咯吱咯吱响, 涉水而过\n[计] 撤消权限",gre
squid,skwid,"n. 枪乌贼, 鱿鱼, 反潜水雷发射装置\n[电] 超导量子干涉元件",gk
squint,skwint,"n. 斜视眼, 斜着\na. 斜视的\nvt. 使变斜视眼\nvi. 斜视, 倾向, 斜行",gre
squirrel,'skwә:rәl,"n. 松鼠, 松鼠毛皮\nvt. 贮藏",gk cet4 cet6 ky toefl gre
squirt,skwә:t,"v. 喷出, 溅迸, 注射\nn. 水枪, 注射器, 喷出",toefl
stab,stæb,"n. 刺, 戳, 剧痛, 尝试, 努力\nvt. 刺, 戳, 刺入, 刺痛, 直入, 使伤心\nvi. 刺, 刺伤",cet4 cet6 ky toefl gre
stability,stә'biliti,"n. 安定, 稳定性, 坚实, 巩固\n[化] 稳定性",cet4 cet6 ky toefl ielts
stabilize,'steibilaiz,"vt. 使安定, 使稳固\nvi. 稳定, 安定",cet6 toefl ielts
stable,'steibl,"n. 马房, 牛棚\na. 稳定的, 安定的, 坚固的, 坚定的\nvt. 赶入马房\nvi. 被关在马厩",gk cet4 cet6 ky toefl
staccato,stә'kɑ:tәu,"a. 断奏的, 断续的, 不连贯的\nadv. 断奏地, 断续地, 不连贯地\nn. 不连贯的东西",gre
stack,stæk,"n. 堆叠, 堆, 大量, 书库, 枪架, 烟囱, 堆积, 存贮栈\nvt. 堆积, 堆满, 暗中对...做手脚\nvi. 堆起\n[计] 堆积, 堆栈",cet4 cet6 ky toefl ielts
stadium,'steidiәm,"n. 露天大型运动场\n[医] 期, 病期",gk cet4 cet6 ky ielts
staff,stɑ:f,"n. 全体人员, 工作班子, 棍棒, 杆, 拐杖, 支柱, 权杖\na. 职员的, 雇员的, 参谋的\nvt. 为...配备人员",gk cet4 cet6 ky toefl ielts
stage,steidʒ,"n. 阶段, 舞台, 场所, 戏剧, 站, 驿站, 级, 层, 脚手架\nvt. 上演, 表演, 筹划\nvi. 适于上演, 乘驿车旅行",gk cet4 cet6 ky ielts
stagecoach,'steidʒkәutʃ,n. 公共马车,toefl
stagger,'stægә,"n. 蹒跚, 踌躇\nvi. 蹒跚, 犹豫\nvt. 使摇摆, 使踌躇, 交错, 错开\na. 交错的, 错开的",cet6 ky toefl ielts gre
staggering,'stægәriŋ,"a. 蹒跚的, 巨大的, 惊人的\n[电] 参差",ky toefl
stagnant,'stægnәnt,"a. 不流动的, 停滞的, 不景气的, 萧条的, 污浊的, 迟钝的\n[经] 萧条的",toefl ielts gre
stagy,'steidʒi,"a. 戏剧的, 戏一般的, 夸大的, 做作的",gre
staid,steid,"a. 认真的, 沉着的, 固定的",gre
stain,stein,"n. 污染, 污点, 着色剂\nvt. 沾染, 染污, 着色\nvi. 变脏",gk cet4 cet6 ky toefl ielts gre
stained,steind,"a. 沾污的, 褪色的, 着色的, 染色的\n[化] 染污",toefl
stainless,'steinlis,"a. 无瑕疵的, 不锈的\n[机] 不绣的, 污染的",gk cet6
stair,stєә,"n. 梯级, 楼梯, 阶梯",gk cet4 cet6 ky
staircase,'stєәkeis,"n. 楼梯, 梯子, 楼梯部分\n[医] 阶梯现象",cet4 cet6 ky toefl
stairs,,n. 楼梯,zk ielts
stairway,'stєәwei,"n. 楼梯, 阶梯",cet6
stake,steik,"n. 桩, 炮烙刑, 木柱, 赌注, 奖金\nvt. 打桩, 用桩撑, 下赌注, 资助\nvi. 打赌",cet4 cet6 ky toefl ielts gre
stale,steil,"n. 尿\na. 不新鲜的, 陈腐的, 疲惫的, 陈旧的\nvt. 使变旧, 走味\nvi. 变陈旧, 走味, 失时效, 撒尿",cet4 cet6 ky toefl ielts gre
stalemate,'steilmeit,"n. 僵持状态, 僵局, 陷于困境, 胶着状况\nvt. 将...逼和, 使僵持, 使陷入困境",gre
stalk,stɒ:k,"n. 茎, 追踪, 高视阔步\nvi. 悄悄靠近, 蹑手蹑脚地走近, 蔓延, 高视阔步\nvt. 追踪, 搜索",cet6 ky toefl gre
stall,stɒ:l,"n. 厩, 停车处, 牧师职位, 货摊, 托辞, 拖延\nvt. 关入厩, 停顿, 推托, 支吾, 使陷于泥中\nvi. 被关在厩内, 陷于泥中, 停止, 支吾",cet6 ky toefl ielts gre
stalwart,'stɒ:lwәt,"n. 健壮的人\na. 高大结实的, 坚定的",gre
stamina,'stæminә,"n. 精力, 活力, 耐力, 雄蕊\n[医] 耐力, 精力; 雄蕊",toefl
stammer,'stæmә,"v. 口吃, 结结巴巴地说\nn. 口吃, 结巴",cet6 gre
stamp,stæmp,"n. 印, 邮票, 打印器, 戳子, 图章, 印花税票, 标志, 特征, 类型, 跺脚\nvt. 盖章于, 顿足, 贴上邮票, 铭刻, 捣碎, 扑灭\nvi. 捣碎, 跺脚",zk gk toefl gre
stance,stæns,"n. 准备击球姿势, 站立的姿势, 位置, 姿态\n[经] 地位, 形势",gre
stanch,stænʃ,"vt. 使止血, 止住, 止血\na. 坚固的, 防水的, 忠实的",gre
stand,stænd,"n. 站立, 站住, 停顿, 讲台, 看台, 立场, 法院证人席\nvi. 站, 立, 坐落, 停滞, 位于, 坚持, 维持原状\nvt. 忍受, 使站立, 抵挡",zk gk toefl ielts
standard,'stændәd,"n. 标准, 规格, 旗, 军旗, 本位\na. 标准的, 合规格的\n[计] 标准",zk gk cet4 cet6 ky toefl ielts
standardize,'stændәdaiz,"vt. 使标准化, 使合于标准, 用标准检验\n[计] 标准化; 规格化",cet6 toefl
standardized,"'stændә,daizd",a. 标准化的；标准的；定型的,toefl
standards,,n. 标准；规格（standard的复数）,ielts
standing,'stændiŋ,"n. 起立, 持续, 身分\na. 立着的, 不动的, 经常的, 持续的",toefl ielts
standpoint,'stændpɒint,"n. 立场, 观点",cet4 cet6 ky toefl
standstill,'stændstil,"n. 停止, 停顿\n[医] 停顿",gre
stanza,'stænzә,"n. 演出期, (体育比赛的)局",toefl gre
staple,'steipl,"n. 主要产物, 常用品, 主要要素, 原料, 订书钉, 钩环\na. 主要的, 重要的\nvt. 分级, 钉住",ky toefl ielts gre
star,stɑ:,"n. 星, 恒星, 星形物, 运气, 明星\nvt. 以星状物装饰, 用星号标, 使成为明星\nvi. 变成明星",zk gk ielts
star-crossed,,"a. 时运不济的, 运气不好的, 不幸的",gre
starch,stɑ:tʃ,"n. 淀粉, 浆糊, 刻板\nvt. 浆硬",toefl ielts
starchy,'stɑ:tʃi,"a. 淀粉的, 浆糊的, 浆糊状的, 古板的",gre
stardom,'stɑ:dәm,"n. 明星身分, 明星们",toefl
stare,stєә,"vi. 注视, 凝视, 瞪视, 显眼\nvt. 盯\nn. 凝视",gk cet4 cet6 ky toefl
starfish,'stɑ:fiʃ,n. 海星,toefl
stark,stɑ:k,"a. 僵硬的, 完全的, 刻板的, 明显的, 荒凉的, 结实的\nadv. 突出地, 简直, 全然",toefl gre
start,stɑ:t,"n. 惊起, 出发, 开端, 起点, 吃惊, 有利条件\nvi. 开始, 出发, 启动, 跳起, 吃惊, 出现, 松动, 脱落, 起价, 参赛\nvt. 使惊起, 开动, 发动, 启动, 开始, 创办, 提议, 使松动, 使脱落, 起用\n[计] 起始",zk gk
starter,'stɑ:tә,"n. 开端者, 在起跑线上的人, 参加赛跑的人, 调度员, 起动机, 酵母\n[计] 启动程序, 启动器",ielts
starting,'stɑ:tiŋ,"n. 开端, 开始, 出发, 起动, 开动\n[机] 开动, 起动",ielts
startle,'stɑ:tl,"n. 惊愕, 惊恐\nvt. 吃惊, 使惊愕\nvi. 惊起",cet4 cet6 ky toefl ielts gre
startling,'stɑ:tliŋ,a. 令人吃惊的,toefl
starvation,stɑ:'veiʃәn,"n. 饥饿, 饿死\n[医] 绝食, 饥锇(指长时期的)",gk cet4 toefl
starve,stɑ:v,"v. (使)饿死, (使)挨饿",gk cet4 cet6 ky toefl ielts
stash,stæʃ,"vt. 藏起来\nn. 隐藏处, 隐藏物",toefl gre
stasis,'steisis,"n. 停滞, 郁积\n[医] 停滞, 郁滞",gre
state,steit,"n. 州, 状态, 情形, 国家, 政府, 领土, 国务, 社会地位\na. 国家的, 正式的, 礼仪用的, 州的\nvt. 说明, 陈述, 规定\n[计] 状态",zk gk cet4 cet6 ky
stately,'steitli,"a. 庄严的, 宏伟的",toefl
statement,'steitmәnt,"n. 陈述, 指令, 声明\n[计] 程序语句; 语句",gk cet4 cet6 ky ielts
States,,n. 美国,ielts
statesman,'steitsmәn,n. 政治家,cet4 cet6 ky ielts
static,'stætik,"n. 静电, 静电干扰\na. 静态的, 静止的, 固有的, 静电的",cet4 cet6 ky toefl ielts gre
station,'steiʃәn,"n. 车站, 站, 局, 驻地, 位置, 身分, 地位\nvt. 安置, 配置, 驻扎\n[计] 站",zk gk ielts
stationary,'steiʃ(ә)nәri,"a. 不动的, 静止的, 不变的, 固定的, 停留的\n[计] 定常, 定态, 固定的",cet6 ky toefl ielts gre
stationery,'steiʃәnәri,"n. 文具, 信纸\n[法] 文具",cet6 ky toefl ielts
stations,,n. 车站；驻地；位置（station的复数形式）,ielts
statistical,stә'tistikl,"a. 统计的, 统计上的, 统计学的\n[经] 统计的, 统计学的",cet4 cet6 ky
statistics,stә'tistiks,"n. 统计学, 统计资料\n[计] 统计信息",gk cet4 cet6 ky toefl ielts
statuary,'stætjuәri,"n. 雕像, 雕像艺术, 雕像家\na. 雕像的, 雕像用的",gre
statue,'stætju,vt. 以雕像装饰\nn. 雕像,gk cet4 cet6 ky toefl ielts
stature,'stætʃә,"n. 身材, 身高, 高度\n[医] 身材, 身高",toefl gre
status,'steitәs,"n. 状态, 情形, 地位, 要人身份\n[计] 状态",gk cet4 cet6 ky toefl ielts gre
statute,'stætju:t,"n. 法令, 成文法律, 法规, 章程, 条例\n[法] 法令, 法规, 成文法",cet4 ky ielts gre
statutory,'stætjutәri,"a. 法令的, 法定的, 可依法惩处的\n[经] 法定的",gre
stay,stei,"n. 停留, 逗留, 制止, 延缓, 停止, 支柱, 支撑物, 支索\nvt. 制止, 延缓, 坚持, 支持, 支撑, 用支索固定\nvi. 停留, 逗留, 暂停, 坚持, 中止",zk gk
steadfast,'stedfәst,"a. 坚定的, 踏实的, 固定的, 不变的",toefl ielts gre
steadily,'stedili,"adv. 稳定地, 无变化地, 有规则地",cet4 cet6
steady,'stedi,"a. 稳定的, 不动摇的, 沉着的, 稳固的, 坚定的, 经常的\nvt. 使稳定, 使坚定\nvi. 变为沉着, 稳固",gk cet4 cet6 ky toefl ielts
steak,steik,"n. 牛排, 鱼排, 肉排",gk cet6 ky toefl ielts
steal,sti:l,vt. 剽窃；偷偷地做；偷窃；vi. 窃取；偷偷地行动；[棒球]偷垒；n. [口]偷窃；便宜货；偷垒；[篮球]断球,zk gk cet4 cet6 ky toefl
stealth,stelθ,"n. 秘密行动, 秘密, 鬼祟\n[法] 秘密行动, 鬼祟",gre
steam,sti:m,"n. 蒸汽, 精力\na. 蒸汽的\nvi. 蒸发, 行驶, 发怒\nvt. 蒸, 煮, 散发",gk cet4 cet6 ky toefl ielts
steamer,'sti:mә,"n. 汽船, 蒸汽机\n[化] 蒸汽发生器; 蒸汽机",cet4 cet6 ky ielts
steel,sti:l,"n. 钢, 钢制品, 钢铁, 坚硬, 坚固\na. 钢的, 钢制的, 钢铁业的, 坚强的\nvt. 使坚强, 钢化, 使冷酷",zk gk cet4 cet6 ky ielts
steep,sti:p,"n. 浸渍, 悬崖\na. 险峻的, 陡峭的, 急剧升降的, 夸大的\nv. 浸, 泡",gk cet4 cet6 ky toefl ielts gre
steeple,'sti:pl,"n. 尖顶, (教堂的)尖塔, 锥形体",gre
steer,stiә,"vt. 引导, 驾驶, 航行, 控制\nvi. 驾驶, 掌舵, 行驶\nn. 驾驶指示, 劝告",cet4 cet6 ky toefl ielts gre
steering,'stiәriŋ,"n. 掌舵, 操纵, 指导",ielts
stellar,'stelә,"a. 星的, 似星的, 星球的, 主要的",toefl gre
stem,stem,"n. 茎, 干, 柄, 船首, 血统, 堵塞物\nvt. 摘掉茎, 装柄于, 阻止, 堵住, 逆行\nvi. 堵住, 逆行",cet4 cet6 ky toefl ielts gre
stench,stentʃ,"n. 恶臭, 臭气\nv. (使)发恶臭",gre
stencil,'stensil,"n. 模版, 蜡纸\nvt. 用蜡纸印, 用模版印刷",gre
stentorian,sten'tɒ:riәn,a. 声音洪亮的,gre
step,step,"n. 步骤, 步, 步幅, 脚步声, 踏级, 步伐, 短距离, 步态, 手段, 等级\nvt. 踏, 以步测量, 跨步, 使成阶梯状\nvi. 跨步, 轻快地走, 跳舞, 踩, 踏上, 行走\n[计] 步骤",zk gk cet4 cet6 ky
steps,,n. （楼外的）台阶；步伐；步幅；步数,ielts
stereo,'stiәriәu,"n. 铅版, 立体照片\na. 立体的, 立体感觉的",cet6 ky ielts
stereophotograph,stɪərɪəfəʊtəɡ'rɑ:f," 立体照片, 立体照相, 立体照像",toefl
stereotype,'stiәriәtaip,"n. 铅版, 陈规, 老套\nvt. 使用铅版, 把...印制成盲文, 套用老套, 使一成不变",cet6 ky toefl ielts gre
stereotyped,'steriәjtaipt,"a. 用铅版印的, 老一套的, 套用老调的, 千篇一律的, 已成陈规的",ky
sterile,'sterail,"a. 不毛的, 不孕的, 无菌的, 贫瘠的, 无效的, 枯燥的\n[医] 无菌的, 消毒的; 不育的",toefl gre
sterilize,'sterәlaiz,"vt. 使成不毛, 使绝育, 杀菌, 使不起作用\n[医] 灭菌, 消毒; 绝育",ielts gre
sterling,'stә:liŋ,"n. 英国货币, 标准纯银\na. 英国货币的, 标准纯银的, 含标准成分的",ielts
stern,stә:n,"n. 尾部, 船尾, 臀\na. 严厉的, 严格的, 坚定的, 坚决的",cet4 cet6 ky toefl ielts gre
stethoscope,'steθәskәup,n. 听诊器\nvt. 用听诊器诊断,gre
stew,stju:,"n. 炖, 烦恼, 热浴, 妓院, 鱼塘\nvi. 炖, 焖, 忧虑\nvt. 炖, 焖, 使焦虑",cet6 toefl
steward,'stju:wәd,"n. 管理人, 招待员, 管家, 乘务员\n[经] 轮船, 飞机的服务员, (财务)管理员",gk cet4 cet6 ky ielts
stewardess,'stju:wәdis,"n. 空中小姐, 女管理人, 女管家",gk cet4 cet6
stick,stik,"n. 棍, 棒, 刺, 枯枝, 茎, 条状物\nvt. 插进, 刺入, 钉住, 伸出, 粘贴, 停止\nvi. 粘住, 停留, 坚持, 陷住, 伸出",zk gk cet4 cet6 ky toefl ielts
stickler,'stiklә,"n. 坚持要求某种品质的人, 坚持要求一丝不苟者, 难题, 费解的事物",gre
stickpin,'stikpin,n. 领带夹,toefl
sticky,'stiki,"a. 粘的, 有粘性的, 顽固的",cet4 cet6 ky toefl
stiff,stif,"a. 坚硬的, 严厉的, 呆板的, 生硬的, 刚强的, 强烈的, 粘的, 稠的, 艰难的\nn. 死尸, 醉鬼, 钞票\nvt. 不肯付...小费",cet4 cet6 ky toefl ielts gre
stiffen,'stifn,"vt. 使变硬, 使僵硬, 使顽强, 使严厉\nvi. 变粘, 变硬, 变强烈",cet4 cet6 toefl
stiffness,'stifnis,"n. 坚硬, 呆板, 刻板\n[医] 强直, 僵硬",cet6
stifle,'staifl,"vt. 使窒息, 抑止, 扼杀\nvi. 窒息, 被扼杀",toefl gre
stigma,'stigmә,"n. 耻辱, 污名, 烙印\n[医] 柱头; 小孔, 眼点; 气孔; 小斑; 特征",gre
stigmatize,'stigmәtaiz,"vt. 打烙印, 诬蔑",gre
still,stil,"n. 蒸馏室, 寂静, 剧照\nv. 蒸馏, (使)平静, (使)静止\na. 静止的, 不动的, 静寂的, 不起泡的, 静物摄影的\nadv. 仍然, 更, 静止地\nconj. 然而, 但是",zk gk toefl
stillness,'stilnis,"n. 静止, 沉静",cet6
stilt,stilt,"n. 高跷, 支柱, 脚柱",toefl
stilted,'stiltid,"a. 踏上高跷的, 虚饰的, 夸大的, 夸张的, 呆板的, 不自然的, 做作的",gre
stimulant,'stimjulәnt,"a. 兴奋性的, 激励的, 鼓舞的\nn. 兴奋剂, 酒精饮料",toefl gre
stimulate,'stimjuleit,"vt. 刺激, 激励, 鼓舞\nvi. 起刺激作用",cet4 cet6 ky toefl ielts
stimulation,.stimju'leiʃәn,"n. 刺激, 激励, 鼓舞\n[医] 兴奋, 刺激",toefl
stimuli,,"剌激, 剌激物, 促进因素, 动因\n[医] 刺激特, 刺激",toefl
stimulus,'stimjulәs,"n. 刺激, 激励, 刺激品\n[医] 刺激特, 刺激",cet6 toefl ielts gre
sting,stiŋ,"n. 叮, 刺痛, 刺激, 讽刺\nvt. 叮, 刺痛, 刺激, 使苦恼\nvi. 叮, 刺痛",cet4 cet6 ky toefl ielts gre
stinginess,,n. 吝啬,gre
stingy,'stindʒi,"a. 小气的, 吝啬的, 缺乏的, 有刺的",toefl gre
stint,stint,"vt. 节省, 限制, 停止\nvi. 节约\nn. 吝惜, 节约, 限额",gre
stipend,'staipend,"n. 薪金, 定期生活津贴\n[经] 薪水",toefl
stipple,'stipl,"n. 点刻法, 点画, 点彩\nvt. 点刻, 点画, 点彩",gre
stipulate,'stipjuleit,"v. 规定, 保证",toefl ielts gre
stipulation,.stipju'leiʃәn,"n. 约束, 约定, 契约\n[经] 订定, 规定, 条款",toefl gre
stir,stә:,"n. 骚动, 轰动, 搅动, 监狱\nvt. 移动, 摇动, 激起, 惹起, 搅拌\nvi. 走动, 传播, 搅拌",cet4 cet6 ky toefl gre
stitch,stitʃ,"n. 一针, 疼痛, 针法, 碎布条, 针脚\nv. 缝, 缝合, 装订",cet4 cet6 ky toefl ielts gre
stock,stɒk,"n. 树干, 祖先, 血统, 原料, 备料, 库存, 牲畜, 股票, 股份, 保留剧目\na. 存货的, 常备的, 平凡的, 普通的, 股票的, 保留剧目的, 繁殖用的\nvt. 装把手于, 进货, 备有, 放牧\nvi. 出新芽, 备货, 囤积",cet4 cet6 ky toefl ielts gre
stockade,stɒ'keid,"n. 栅栏, 围起的地方\nvt. 用栅栏围住",gre
stockholder,'stɒkhәuldә,"n. 股东\n[法] 股东, 股票持有者, 股票所有人",cet6
stocking,'stɒkiŋ,n. 长袜\n[医] 马足水肿; 长袜,gk cet4 cet6 ky
stocky,'stɒki,"a. 矮胖的, 健壮结实的",toefl gre
stodgy,'stɒdʒi,"a. 易吃饱的, 塞满的, 平凡的, 庸俗的, 步履艰难的",toefl gre
Stoic,'stәuik,"a. 斯多葛派的, 禁欲主义的, 不以苦乐为意的, 坚忍的, 淡泊的\nn. 斯多葛派学者, 画廊派的人, 禁欲主义者, 不介意苦乐的人, 高度自制的人",gre
stoke,stәuk,"v. 司炉, (使)大吃",gre
stolid,'stɒlid,"a. 缺乏热情的, 神经麻木的",gre
stomach,'stʌmәk,"n. 胃, 食欲, 欲望, 肚子\nvt. 吃下, 忍受",zk gk cet4 cet6 ky toefl ielts gre
stomachache,'stʌmәkeik,"n. 胃痛, 肚子痛",gk
stone,stәun,"n. 石头, 宝石, 果核, 纪念碑, 结石\nvt. 投扔石子, 铺石头\na. 石的, 石制的, 完全的",zk gk cet4 cet6 ky ielts
stonemason,'stәunmeisn,"n. 石工, 石匠",toefl
stones,,n. 小石头；石子（stone的复数）,ielts
stonewall,stәun'wɒ:l,"vi. 防守挡击, 围以石墙, 妨碍或阻碍",gre
stony,'stәuni,"a. 多石的, 无情的",cet4 cet6 toefl
stool,stu:l,"n. 凳子, 大便, 粪便, 厕所\nvi. 长新枝\nvt. 引诱, 诱捕",cet4 cet6 ky
stoop,stu:p,"n. 佝偻, 屈从, 弯腰\nvi. 弯下, 屈从, 弯腰, 堕落\nvt. 使屈从, 使弯曲",cet4 cet6 ky ielts gre
stop,stɒp,"n. 停止, 车站, 逗留, 填塞, 障碍, (风琴的)音栓\nvi. 停止, 被塞住\nvt. 塞住, 堵塞, 阻止, 击落, 停止, 终止, 断绝",zk gk
stopwatch,'stɒpwɒtʃ,"n. 计时表, 码表",gk
storage,'stɒ:ridʒ,"n. 存储器, 储藏, 保管, 库存, 仓库\n[计] 存放处; 存储",gk cet4 cet6 ky toefl ielts
store,stɒ:,"n. 商店, 贮藏, 仓库, 备用品, 存储器\nvt. 储存, 贮藏, 供给\nvi. 贮藏\na. 贮藏的, 现成的\n[计] 存储器操作; 存储",zk gk ielts
storehouse,'stɒ:haus,"n. 仓库, 储藏所, 宝库\n[机] 库房, 贮藏库, 仓库",ielts
stores,,"n. (英)百货商店\na. 贮藏的, 用作贮藏处的, 贮存的",ielts
storey,'stɔ:ri,"n. 楼, 楼层, 层楼",cet4 cet6 ky ielts
storm,stɒ:m,"n. 暴风雨, 骚动, 风波, 风暴, 猛攻\nvi. 起风, 猛冲, 怒吼\nvt. 猛攻",zk gk cet4 cet6 ky toefl
stormy,'stɒ:mi,"a. 暴风雨的, 粗暴的, 激烈的",cet4 cet6
story,'stɒ:ri,"n. 故事, 小说, 传奇, 描述, 阅历, 经历, 层",zk gk ielts
stout,staut,a. 结实的；矮胖的；勇敢的；激烈的\nn. 矮胖子；烈性啤酒,gk cet6 toefl gre
stouthearted,'staut'hɑ:tid,"a. 刚毅的, 大胆的",gre
stove,stәuv,"n. 火炉, 窑\nvt. 用火炉烤\nstave的过去式和过去分词",gk cet4 cet6 ky toefl
stowaway,'stәuә.wei,"n. 偷渡者, 匿身处\n[法] 偷乘火车, 轮船的人, 偷渡者",gre
straggle,strægl,"vi. 掉队, 落伍, 蔓延, 散乱\nn. 低空扫射",gre
straight,streit,"n. 直线, 直\na. 直的, 笔直的, 正直的, 直接的, 连续的, 整齐的\nadv. 直接地, 立即, 不断地",gk toefl
straighten,'streitn,"vt. 弄直, 整顿, 清理, 使改正\nvi. 直起来, 改正, 好转",cet6
straightforward,streit'fɒ:wәd,"a. 笔直的, 率直的, 明确的, 简单的, 直接的",gk cet6 ky ielts gre
strain,strein,"n. 紧张, 拉紧, 张力, 过劳, 扭伤, 血缘, 种, 族, 气质, 曲调, 旋律, 口吻\nvt. 使劳累, 拉紧, 过分使用, 扭伤, 滥用, 曲解, 滤\nvi. 尽力, 努力, 紧拉, 弯曲, 被滤出",cet4 cet6 ky toefl ielts
strait,streit,"n. 海峡, 困境\na. 困难的, 窘迫的, 狭窄的",gk cet6 toefl ielts gre
strand,strænd,"n. (绳索的)股, 绳, 串, 海滨, 河岸\nvi. 搁浅\nvt. 使搁浅, 使落后, 使陷于困境, 弄断, 搓",toefl gre
stranded,,"a. 处于困境的, 进退两难的",gre
strange,streindʒ,"a. 奇怪的, 陌生的, 生疏的, 不熟悉的, 不可思议的, 外行的, 外地的, 异乡的",zk gk
stranger,'streindʒә,"n. 陌生人, 门外汉\n[法] 局外人, 非当事人, 第三者",zk gk cet4 cet6 ky
strangler,'stræŋ^lә,"n. 扼杀者, 压制者, (英)阻气门, 阻塞门",cet6
strangulation,.stræŋgju'leiʃәn,"n. 勒杀, 绞死, 压缩\n[医] 绞窄; 勒颈, 勒颈窒息",gre
strap,stræp,"n. 带, 皮带\nvt. (用皮带)捆扎",cet4 cet6 ky toefl ielts
strata,'streitә,"pl. 层, 地层, 阶层\n[医] 层",toefl
stratagem,'strætidʒәm,"n. 策略, 计谋",gre
strategic,strә'ti:dʒik,"a. 战略的, 战略上的\n[经] 战略的",cet4 cet6 ielts
strategy,'strætidʒi,"n. 战略, 策略\n[经] 战略, 策略",cet4 cet6 ky toefl ielts
stratify,'strætifai,vt. (使)成层\n[经] 分层,gre
stratum,'streitәm,"n. 层, 地层, 阶层\n[医] 层",toefl gre
straw,strɒ:,"n. 稻草, 麦管, 吸管, 一文不值的东西, 草帽\na. 稻草的, 稻草色的, 琐碎的, 无价值的",gk cet4 cet6 ky
strawberry,'strɒ:bәri,n. 草莓,zk gk cet4 cet6 ky
stray,strei,"n. 走失的家畜, 浪子\na. 迷途的, 偶然的\nvi. 迷路, 彷徨, 流浪",cet6 toefl gre
streak,stri:k,"n. 条理, 斑纹, 倾向\nvt. 加条纹\nvi. 变成条纹, 飞跑",toefl gre
stream,stri:m,"n. 水流, 小河, 流出, 趋势, 人潮\nvt. 流出, 流动, 展开\nvi. 流, 涌, 飘扬\n[计] 流",zk gk cet4 cet6 ky gre
streamline,'stri:mlain,"n. 流线, 流线型\nvt. 使成流线型, 使合理化",cet6 ky toefl
street,stri:t,"n. 街道, 马路, 街区\na. 街道的",zk gk ielts
strength,streŋθ,"n. 力量, 实力, 强度, 浓度, 人数, 抵抗力\n[化] 强度",gk cet4 cet6 ky toefl ielts
strengthen,'streŋθәn,"vt. 加强, 变坚固\nvi. 变强, 股票上涨",gk cet4 cet6 ky toefl ielts
strenuous,'strenjuәs,"a. 奋发的, 费劲的, 艰苦的",ky toefl ielts
strenuously,,adv. 勤奋地；费力地,toefl
stress,stres,"n. 压力, 紧迫, 强调, 重音, 重点, 应力\nvt. 加压力于, 着重, 重读",gk cet4 cet6 ky toefl ielts
stressful,,"a. 着重, 强调, 重读, 使受应力",ielts
stretch,stretʃ,"n. 伸展, 张开, 连绵, 一段路, 一段时间\na. 可伸缩的, 弹性的\nvt. 伸展, 张开, 曲解, 使过度伸展\nvi. 伸展, 延伸\n[计] 伸展",cet4 cet6 ky toefl ielts gre
strew,stru:,"vt. 散播, 撒满",gre
striate,'straieit,a. 有条纹的\nvt. 加条纹,gre
striated,'straieitid,"a. 有条纹的, 有线纹的\n[医] 纹状的",gre
strict,strikt,"a. 严厉的, 绝对的, 详尽的, 严格的, 精确的\n[法] 严格的, 精确的, 绝对的",zk gk cet4 cet6 ky toefl
strictly,'striktli,"adv. 严格地, 确实地",cet4 cet6
stricture,'striktʃә,"n. 狭窄, 指责, 束缚\n[医] 狭窄",gre
stride,straid,"n. 大步, 步幅, 步态, 进步\nv. 迈大步走, 跨过, 跨",cet6 ky toefl ielts gre
strident,'straidnt,"a. 刺耳的, 吱吱尖叫的, 尖锐的, 刺眼的\n[医] 喘鸣性的",gre
strife,straif,"n. 争吵, 竞争, 冲突",cet6 ky toefl gre
strike,straik,"n. 罢工, 打击, 殴打\nvt. 打, 撞击, 冲击, 侵袭, 取消, 结算, 打掉, 罢工, 刺透, 使生根, 遇见\nvi. 打, 打击, 抓, 罢工, 搏动, 触礁, 敲, 响, 穿透, 打动",gk cet4 cet6 ky toefl ielts
striking,'straikiŋ,"a. 醒目的, 惊人的, 打击的, 罢工的\n[法] 罢工的, 罢市的, 罢课的",cet6 ky toefl ielts gre
strikingly,,"adv. 显著地, 惊人地, 引人注目地",toefl
string,striŋ,"n. 线, 细绳, 一串, 字符串\nvt. 串起, 成串, 收紧, 缚, 扎\nvi. 成一串\n[计] 字符串, 串",gk cet4 cet6 ky toefl ielts
stringent,'strindʒәnt,"a. 迫切的, 严厉的, 银根紧的\n[医] 约束的, 紧迫的",toefl gre
strings,,"n. 附带条件, 弦乐部分, 弦乐器",toefl
strip,strip,"n. 长条, 条状, 带, 脱衣舞\nvt. 脱衣, 被剥去, 剥夺, 拆卸\nvi. 脱衣服",cet4 cet6 ky toefl ielts gre
stripe,straip,"n. 斑纹, 条纹\n[医] 纹, 条纹",cet4 cet6 ky toefl ielts
strive,straiv,"vi. 努力, 奋斗, 斗争",cet6 ky toefl ielts gre
stroke,strәuk,"n. 笔划, 打, 中风, 抚, 摩, 冲程\nvt. 划尾桨, 抚, 摩, 划去\n[计] 笔划",cet4 cet6 ky toefl ielts gre
stroll,strәul,"n. 闲逛, 漫步\nv. 闲逛, 漫步",cet6 ky toefl gre
strong,strɒŋ,"a. 强壮的, 坚固的, 坚强的, 强烈的, 有力的, 优良的\nadv. 强劲地, 有力地, 猛烈地",zk gk
stronger,,[经] 强劲的,ielts
strongly,'strɒŋli,"adv. 强有力地, 坚强地, 激烈地",cet4 cet6
structural,'strʌktʃәrәl,"a. 结构的, 建筑的\n[医] 结构的",cet4 cet6 toefl ielts
structure,'strʌktʃә,"n. 结构, 构造, 建筑物\nvt. 构成, 组织",cet4 cet6 ky
struggle,'strʌgl,"n. 斗争, 努力, 奋斗\nvi. 努力, 奋斗, 挣扎",gk cet4 cet6 ky toefl
strut,strʌt,"n. 高视阔步, 支柱, 压杆\nvi. 趾高气扬地走, 肿胀\nvt. 用支柱支撑, 炫耀",gre
stub,stʌb,"n. 断肢, 烟蒂, 树桩, 残余, 存根\nvt. 连根拔除, 踩熄\n[计] 存根",toefl
stubborn,'stʌbәn,"a. 顽固的, 不听话的, 执拗的, 棘手的",gk cet6 ky toefl ielts gre
stubbornness,,n. 倔强；顽强；棘手,toefl
student,'stju:dnt,"n. 学生, 研究者, 学者",zk gk ielts
studied,'stʌdid,"a. 有计划的, 慎重的",gre
studies,,n. 研究；学习；学业（study的复数）,ielts
studio,'stju:diәu,"n. 工作室, 画室, 演播室, 电影制片厂",gk cet6 ky toefl ielts gre
study,'stʌdi,"n. 学习, 研究, 学科, 论文, 求学, 书房, 试作\nvt. 学习, 读书, 研究, 考虑, 计划\nvi. 学习, 思索",zk gk ielts
stuff,stʌf,"n. 原料, 要素, 东西, 材料, 素质, 织品, 废物, 废话\nvt. 装填\nvi. 狼吞虎咽",cet4 cet6 ky ielts
stuffy,'stʌfi,"a. 闷热的, 窒息的, 乏味的, 固步自封的, 自以为是的",cet6 toefl gre
stultify,'stʌltifai,"vt. 使显得愚笨, 使变无效",gre
stumble,'stʌmbl,"n. 绊倒, 蹒跚而行, 失足\nvt. 使绊倒, 使困惑\nvi. 绊倒, 失足, 失策, 犯错, 蹒跚, 踌躇",cet4 cet6 ky toefl ielts
stun,stʌn,"vt. 使昏迷, 使震惊, 打昏\nn. 昏迷, 猛击",cet6 ky toefl gre
stunning,'stʌniŋ,"a. 打昏迷的, 弄得人昏头昏脑的, 令人震惊的",ky toefl gre
stunt,stʌnt,"n. 特技, 绝技, 花招, 噱头, 手腕, 发育不良\nvt. 阻碍成长\nvi. 表演特技",toefl gre
stupefy,'stju:pifai,"vt. 使麻醉, 使失去知觉, 使惊呆\n[法] 使昏迷, 使失知觉, 使保若木鸡",gre
stupendous,stju:'pendәs,"a. 惊人的, 巨大的",gre
stupid,'stju:pid,"a. 愚蠢的, 麻木的",zk gk cet4 cet6 ky
stupor,'stju:pә,"n. 无感觉, 人事不省, 麻木\n[医] 木僵, 昏呆",gre
sturdy,'stә:di,"a. 强健的, 健全的\n[医] 羊晕倒病, 羊蹒跚病",cet6 ky toefl ielts gre
stutter,'stʌtә,"n. 口吃, 结结巴巴\nv. 结结巴巴地说",gre
Stygian,'stidʒiәn,"a. 冥河的, 阴森森的, 幽暗的, 不可侵犯的, 不可违背的",gre
style,stail,"n. 风格, 时尚, 文体, 风度, 字体, 类型\nvt. 称呼, (根据新款式)设计, 使合潮流\nn. 风格, 样式\n[计] 风格, 样式",gk cet4 cet6 ky ielts
styles,,n. 风格；样式；模式（style的复数形式）,ielts
stylized,,a. 程式化的；按固定格式的,toefl
stylus,'stailәs,"n. 铁笔, 尖笔, 唱针\n[计] 指示笔",gre
stymie,'staimi,"n. (喻)困难的境地\nvt. 使(球)处于困难的位置, 使为难, 使处困境, 妨碍, 阻挠, 阻碍",gre
subcommittee,'sʌbkә.miti,n. 小组委员会,ielts
subdiscipline,'sʌb'disiplin,n. 学科的分支,toefl
subdivide,'sʌbdi'vaid,"vt.vi. (把...)再分, (把...)细分\n[法] 再分, 细分",cet6 toefl
subdivision,.sʌbdi'viʒәn,"n. 细分, 分部\n[医] 再分; 亚门",toefl
subduct,,"vt. 减去, 拿掉\n[医] 下转",toefl
subdue,sәb'dju:,"vt. 使服从, 压制, 减弱, 抑制, 克制",cet6 toefl ielts gre
subdued,sәb'dju:d,"a. 屈服的, 被抑制的, 减弱的, 柔和的",gre
subject,'sʌbdʒekt,"n. 科目, 主题, 臣民, 主语, 题目, (事物的)经受者, 学科, 受治疗者, 原因, 理由\na. 服从的, 易患...的, 隶属的, 受支配的\nadv. 在...条件下\nvt. 使隶属, 使受到\n[计] 主题, 主体",gk ielts gre
subjected,,v. 使从属；受…影响；使遭受（subject的过去分词形式）,toefl
subjection,sәb'dʒekʃәn,"n. 征服, 服从, 隶属\n[法] 隶属, 服从, 屈从",toefl
subjective,sәb'dʒektiv,"a. 主观的, 个人的\n[医] 主观的, 自觉的",gk cet6 ky ielts gre
subjects,,n. 主题；被试者；学科；科目（subject的复数）,ielts
subjugate,'sʌbdʒugeit,"vt. 征服, 使服从, 抑制, 克制",gre
subjugation,.sʌbdʒu'geiʃәn,"n. 征服, 镇压, 平息\n[法] 征服, 镇压, 克制",toefl
sublimate,'sʌblimeit,"vt. 使升华, 使高尚\nvi. 升华, 纯化\na. 纯净化的, 高尚的, 理想化的\nn. 升华物",toefl gre
sublime,sә'blaim,"a. 高尚的, 壮观的, 卓越的\nv. 提高, (使)变高尚, (使)纯化, (使)升华\nn. 庄严, 崇高, 顶点",gre
subliminal,sʌb'liminl,"a. 下意识的, 潜在意识的\n[医] 阈下的, 限下的",gre
submarine,'sʌbmәri:n,"n. 潜水艇, 海底生物\na. 海中的, 生长在海中的\nvt. 用潜水艇攻击\nvi. 在下疾行, 在下滑动",cet4 cet6 ky toefl ielts
submerge,sәb'mә:dʒ,"vt. 使浸水, 使陷入, 淹没\nvi. 潜入水中",cet4 cet6 ky toefl ielts
submerged,sәb'mә:dʒd,"a. 水下的, 在水中的",toefl
submission,sәb'miʃәn,"n. 屈服, 服从, 谦恭, 呈递, 提交, 意见\n[经] 提交, 提出, 提交公断",toefl gre
submissive,sәb'misiv,"a. 服从的, 顺从的",toefl
submit,sәb'mit,"vt. 使服从, 使受到, 委托, 提交, 认为\nvi. 屈服, 服从",gk cet4 cet6 ky toefl ielts gre
subordinate,sә'bɒ:dnit,"n. 属下, 附属物\na. 下级的, 次要的, 附属的\nvt. 使居下位, 使服从",cet6 ky toefl ielts
suborn,sʌ'bɒ:n,"vt. 使作伪证, 唆使, 怂恿, 收买",gre
subpoena,sәb'pi:nә,"n. 传票\nvt. 传审, 传唤",gre
subscribe,sәb'skraib,"vt. 捐献, 签署\nvi. 赞成, 同意, 捐款, 预订, 认购\n[计] 订阅",gk cet6 ky ielts gre
subscript,'sʌbskript,"a. 下标的, 写在底下的\nn. 下标\n[计] 下标",cet6
subscription,sәb'skripʃәn,"n. 捐献, 订金, 订阅, 签署, 同意\n[化] 订购",cet6
subsection,'sʌb.sekʃәn,"n. 分部, 分区, 分支\n[经] 分部, 分段, 小小组",toefl
subsequent,'sʌbsikwәnt,"a. 后来的, 接下去的\n[经] 后来的",cet4 cet6 ky toefl ielts gre
subsequently,'sʌbsikwәntli,"adv. 后来, 随后",cet6 toefl
subside,sәb'said,"vi. 沉淀, 沉降, 平息",toefl ielts gre
subsidiary,sәb'sidiәri,"n. 子公司, 附件, 辅助者\na. 辅助的, 次要的, 津贴的",cet6 ky toefl ielts gre
subsidize,'sʌbsidaiz,"vt. 补助, 资助, 贿赂\n[经] 资助, 津贴, 给...补助金",ky toefl
subsidy,'sʌbsidi,"n. 补助金, 津贴\n[经] 补助金, 津贴, 补贴",cet4 cet6 ky toefl ielts gre
subsist,sәb'sist,"vt. 供给食物, 供养\nvi. 生存, 存在",toefl gre
subsistence,sәb'sistәns,"n. 生存, 生活\n[医] 生存",toefl gre
subspecies,'sʌb.spi:ʃi:z,n. 亚种,toefl
substance,'sʌbstәns,"n. 物质, 实质, 主旨, 资产, 本质, 牢固\n[化] 物质",cet4 cet6 ky gre
substantial,sәb'stænʃәl,"n. 重要材料(或事物), 有实际价值的东西\na. 实质上的, 物质的, 有内容的, 结实的",cet4 cet6 ky toefl ielts gre
substantially,sәb'stænʃәli,"adv. 实质上, 本质上, 大体上",cet6 toefl
substantiate,sәb'stænʃieit,"vt. 使实体化, 证实\n[经] 确证",toefl ielts gre
substantive,'sʌbstәntiv,"a. 表示实在的, 有实质的, 独立存在的, 大量的, 重大的, 坚实的, 名词的\nn. 名词性实词, 名词",toefl gre
substitute,'sʌbstitju:t,"n. 代理, 代理人, 代用品, 代替者, 代替物\nvt. 代替\nvi. 替代, 取代, 代用\na. 代替的, 代用的, 代用品的\n[计] 置换; 替代",gk cet4 cet6 ky toefl ielts gre
substratum,"'sʌb'strɑ:tәm, 'sʌb'streitәm","n. 基础, 根据, 下层, 基层, 基质, 培养基, 胶层\n[计] 基底",gre
subsume,sʌb'sju:m,"vt. 把...归入, 把...纳入, 把...列入某一类, 把...归类",gre
subterfuge,'sʌbtәfju:dʒ,"n. 遁辞, 借口, 托辞\n[法] 遁词, 托词, 藉口",gre
subterranean,.sʌbtә'reinjәn,"a. 地下的, 秘密的\nn. 地下室, 地下工作者",toefl gre
subtitle,'sʌb.taitl,n. 副标题,ielts
subtitles,,"n. 说明字幕, 印在外国影片上的对白翻译字幕, 译文对白字幕",ielts
subtle,'sʌtl,"a. 敏锐的, 精细的, 狡猾的, 稀薄的, 灵巧的, 微妙的\n[医] 锐敏的; 精细的",cet6 ky toefl ielts gre
subtract,sәb'trækt,"vt. 减去, 扣掉, 减少\nvi. 做减法\n[计] 减",cet4 cet6 ky toefl ielts gre
subtraction,sәb'trækʃәn,n. 减少\n[计] 减法,gk toefl
subtractive,sәb'træktiv,"a. 减去的, 有负号的, 负的",toefl
suburb,'sʌbә:b,"n. 市郊住宅区, 郊区, 边缘",cet4 cet6 ky toefl ielts
suburbanite,sә'bә:bәnait,n. 郊区居民,toefl
suburbanization,sә.bә:bәnai'zeiʃәn. ni'z-,"n. 市郊化, 郊区化；近郊化",toefl
subvention,sәb'venʃәn,"n. 补助金, 津贴, 援助\n[经] 补助金, 津贴",gre
subversive,sәb'vә:siv,"a. 从事颠覆的, 破坏性的\nn. 破坏分子, 颠覆分子",toefl gre
subvert,sәb'vә:t,"vt. 推翻, 颠覆, 毁灭\n[法] 颠覆, 推翻, 减亡",toefl gre
subway,'sʌbwei,"n. 地铁, 地道\nvi. 乘地铁",cet4 cet6 ky toefl
succeed,sәk'si:d,"vi. 成功, 继承, 继续\nvt. 继承, 接替",zk gk cet4 cet6 ky toefl
success,sәk'ses,"n. 成功, 成就, 胜利",zk gk cet4 cet6 ky
successful,sәk'sesful,"a. 成功的, 一帆风顺的, 顺利的\n[经] 成功的",zk gk cet4 cet6 ky toefl ielts
successfully,sәk'sesfjli,"adv. 成功, 结果良好, 有成就",cet4 cet6
succession,sәk'seʃәn,"n. 连续, 继承权, 继位, 演替, 地层次序\n[法] 继承, 继承权, 继位",cet4 cet6 ky ielts
successive,sәk'sesiv,"a. 继承的, 连续的\n[经] 接续承运人; 连续的",cet4 cet6 ky toefl
successor,sәk'sesә,"n. 继承者, 接任者\n[计] 后继",cet6 ky
succinct,sәk'siŋkt,"a. 简洁的, 紧缩的",toefl ielts gre
succor,'sʌkә,"n. 救援, 援助者\nvt. 救援, 援助",gre
succumb,sә'kʌm,"vi. 屈从, 屈服, 死",toefl ielts gre
such,sʌtʃ,"a. 如此的, 这样的",zk gk
suck,sʌk,"vt. 吸, 吮, 吸入, 吮吸, 吸收\nvi. 吸, 吸奶\nn. 吸, 吸入, 吮吸",gk cet4 cet6 ky ielts
sudden,'sʌdn,"n. 突然, 忽然\na. 突然的, 意外的, 快速的",zk gk cet4 cet6 ky
suddenly,'sʌdәnli,"adv. 突然, 意外, 忽然, 迅速, 即席作成, 即刻, 急速",cet4 cet6
sue,su:,"vt. 控告, 起诉, 请求\nvi. 提出诉讼, 提出请求",cet6 ky toefl ielts
suffer,'sʌfә,"vt. 遭受, 经历, 忍受\nvi. 受痛苦, 受损害",gk cet4 cet6 ky toefl
suffering,'sʌfәriŋ,"n. 苦难, 受苦",gk
suffice,sә'fais,"vi. 足够, 有能力\nvt. 满足",cet6 ky gre
sufficiency,sә'fiʃәnsi,"n. 充足, 充分的数量, 自负",ky
sufficient,sә'fiʃәnt,"a. 充分的, 足够的\n[法] 充分的, 足够的",cet4 cet6 ky toefl ielts gre
sufficiently,sә'fiʃәntli,"adv. 足够, 充分",cet4 cet6
suffocate,'sʌfәkeit,"vt. 使窒息, 噎住, 闷熄\nvi. 闷死, 窒息, 受阻",gre
suffrage,'sʌfridʒ,"n. 投票, 选举权, 参政权, 代祷\n[法] 选举权, 投票权, 参政权",toefl gre
suffragist,'sʌfrәdʒist,"n. 参政权扩大论者, 妇女参政权论者",gre
suffuse,sә'fju:z,"vt. 遍布, 弥漫, 充满",toefl gre
sugar,'ʃugә,"n. 糖, 糖块, 甜言蜜语\nvt. 加糖于, 使甜蜜, 粉饰, 美化\nvi. 制成糖",zk gk toefl ielts
suggest,sәg'dʒest,"vt. 提议, 建议, 促成, 暗示, 启发, 使人想起\n[法] 建议, 提出, 提议",zk gk toefl
suggestion,sә'dʒestʃәn,"n. 提议, 意见\n[医] 暗示",zk gk ielts
suggestions,,n. 民众意见箱；员工意见箱,ielts
suggestive,sә'dʒestiv,"a. 提示性的, 影射的, 暗示的\n[医] 暗示的",gre
suicide,'sjuisaid,"n. 自杀, 自杀者\nv. 自杀\na. 自杀的",cet6 ky ielts
suit,sju:t. su:t,"n. 套装, 诉讼, 请求, 起诉, 套, 组\nvt. 适合, 使适应\nvi. 合适, 相称",gk cet4 cet6 ky toefl ielts
suitable,'sju:tәbl,"a. 适当的, 相配的\n[法] 合适的, 适宜的, 适当的",gk cet4 cet6 ky toefl ielts
suitcase,'sju:tkeis,n. 手提箱,gk cet6 toefl ielts gre
suite,swi:t,"n. 随员, 套房, (一)组, (一)套, 组曲, 继之而来的事\n[电] 程序组",gk ky toefl ielts
suited,'sju:tid,a. 适合的,toefl
sulfur,'sʌlfә,"n. 硫, 硫磺\nvt. 用硫磺处理",ky toefl
sulky,'sʌlki,"a. 生气的, 阴沉的",toefl gre
sullen,'sʌlәn,"a. 愠怒的, 沉闷的, 阴沉的",cet6 toefl gre
sully,'sʌli,"vt. 玷污, 弄脏\nn. 污点, 脏污",toefl gre
sulphur,'sʌlfә,"n. 硫, 硫磺\n[化] 硫",cet4 cet6 ielts
sultry,'sʌltri,"a. 闷热的, 粗暴的, 放荡的, 激烈的",toefl gre
sum,sʌm,"n. 总数, 总和, 金额, 概要, 顶点\nvt. 总计, 概括\nvi. 合计\n[计] 系统实用程序和维护",cet4 cet6 ky toefl
summarily,'sʌmәrili,"adv. 概要地, 概略地, 立刻",gre
summarize,'sʌmәraiz,"v. 概述, 总结",cet4 cet6 ky
summary,'sʌmәri,"n. 摘要, 概要\na. 摘要的, 简略的\n[计] 摘要; 概要",gk cet4 cet6 ky ielts gre
summation,sʌ'meiʃәn,"n. 总和, 和, 合计\n[医] 总和, 总合",gre
summer,'sʌmә,"n. 夏季, 全盛时期\nvi. 避暑, 过夏天\n[计] 加法器",zk gk ielts
summit,'sʌmit,"n. 顶点, 最高阶层, 最高级会议\na. 政府首脑的, 最高级的",cet4 cet6 ky toefl ielts
summon,'sʌmәn,"vt. 召唤, 召集, 号召, 振奋, 唤起, 鼓起\n[经] 传唤, 传讯",cet6 ky toefl ielts gre
sumptuous,'sʌmptʃuәs,"a. 奢侈的, 华丽的",toefl gre
sun,sʌn,"n. 太阳, 日, 日光, 阳光\nvt. 晒\nvi. 晒太阳",zk gk
sunburn,'sʌnbә:n,"n. 日炙, 晒斑, 晒焦, 晒黑\nvt.vi. (使)晒黑, (使)晒得退色, (使)晒焦",toefl
sunburnt,'sʌnb\\\\:nt,"a. 晒黑的, 有晒斑的, 日炙的",gk
Sunday,'sʌndi,"n. 星期日\na. 星期日的, 业余的\nvi. 度星期日",zk gk ielts
sunder,'sʌndә,"v. 切开, 分离",gre
sundial,'sʌndaiәl,"n. 日规, 日晷",toefl ielts
sundry,'sʌndri,"a. 各式各样的\n[经] 杂的, 各种, 各式各样的",gre
sunflower,'sʌnflauә,n. 向日葵,toefl
sunglasses,,"n. 太阳镜, 墨镜, 太阳眼镜",gk toefl
sunlight,'sʌnlait,"n. 日光\n[医] 日光, 太阳光",gk cet4 cet6 toefl ielts
sunlit,'sʌnlit,a. 阳光照射的,toefl
sunny,'sʌni,"a. 阳光充足的, 乐观的, 快乐的, 像太阳的",zk gk
sunrise,'sʌnraiz,"n. 日出, 黎明, 拂晓",gk cet4 cet6 ky toefl
sunset,'sʌnset,"n. 日落, 晚年",gk cet4 cet6 ky toefl
sunshine,'sʌnʃain,"n. 阳光, 光明, 晴天",gk cet4 cet6 ky toefl
super,'sju:pә,"n. 跑龙套角色, 冗员, 特级品, 特大号, 管理人\na. 上等的, 特大的, 超级的, 极好的, 十分的, 过分的\nadv. 非常",gk cet4 cet6 ky
superannuated,sju:pә'rænjueitid,"a. 年老退休的, 老朽的, 体弱退休的, 领养老金的, 过时的, 太旧的, 废弃的",gre
superb,sju'pә:b,"a. 极度的, 华丽的, 极好的",gk cet6 ky toefl ielts gre
supercilious,.sju:pә'siliәs,"a. 傲慢的, 自大的, 目空一切的",gre
supercontinent,",sju:pә'kɔntinәnt",n. [地]超大陆,toefl
superficial,.sju:pә'fiʃәl,"n. 表面, 外表\na. 表面的, 肤浅的, 面积的",cet4 cet6 ky toefl ielts gre
superficiality,",sju:pәfiʃi'æliti","n. 表面性的事物, 肤浅, 浅薄",gre
superficially,,"adv. 表面, 表面性, 浅层, 不深, 表皮, (贬)肤浅, 一知半解, 浅薄, 平方, 浮面",cet6 toefl
superfluity,",sju:pә'fluiti","n. 多余, 过剩, 多余物, 过剩品, 奢侈",gre
superfluous,sju'pә:fluәs,"a. 多余的, 过剩的",ky toefl ielts gre
superheat,.sju:pә'hi:t,vt. 使过热\nn. 过热,toefl
superimpose,'sju:pәrim'pәuz,"vt. 把(一物)放在另一物的上面, 添上, 附加, 加上, 添加\n[计] , 重叠, 叠加",gre
superintend,.sju:pәrin'tend,"v. 指挥, 管理, 监督",ielts gre
superintendent,",sju:pәrin'tendәnt","n. 监督人, 主管人, 主日学校校长\n[经] 监督人, 主管人(部门)",toefl
superior,sju:'piәriә,"n. 长者, 占优势的人, 上级\na. 上级的, 出众的, 高傲的",gk cet4 cet6 ky toefl ielts
superiority,sju:.piәri'ɒriti,"n. 优越, 高傲\n[化] 优越性",cet6 ky gre
superlative,sju:'pә:lәtiv,"a. 最上的, 无比的, 过度的\nn. 最好的人(物), 最高程度, 最高级",gre
superman,'sju:pәmæn,"n. 具有超人能力的人, 超人",gk
supermarket,'sju:pәmɑ:kit,"n. 超级市场\n[经] 超级市场, 自助售货商店",zk gk ielts
supernatural,.sju:pә'nætʃәrәl,"a. 超自然的, 神奇的\n[医] 超自然的",toefl
supernova,.sju:pә'nәuvә,n. 超新星,gre
supersede,.sju:pә'si:d,"vt. 代替, 取代, 接替\n[法] 替代, 替换, 充任",toefl ielts gre
supersonic,.sju:pә'sɒnik,a. 超声波的\n[医] 超声[波]的,cet6 ky ielts
superstition,.sju:pә'stiʃәn,n. 迷信\n[法] 迷信,cet6 ky toefl ielts gre
superstitious,.sju:pә'stiʃәs,"a. 迷信的\n[法] 迷信的, 由迷信引起的",ky
superstructure,'sju:pәstrʌktʃә,"n. 上部构造, 上层建筑\n[化] 超结构",ielts
supervise,'sju:pәvaiz,"v. 监督, 管理, 指导",cet6 ky toefl ielts gre
supervision,.sju:pә'viʒәn,"n. 监督, 管理\n[经] 监督, 管理",cet6 toefl
supervisor,.sju:pә'vaizә,"n. 管理者, 监督者, 指导者, 视导员\n[计] 管理程序",toefl ielts
supine,sju:'pain,"a. 仰卧的, 掌心向上的, 懒散的\n[医] 仰卧的, 旋后的",gre
supper,'sʌpә,n. 晚餐,zk gk
supplant,sә'plɑ:nt,"vt. 排挤掉, 代替",toefl gre
supple,'sʌpl,"a. 柔软的, 逢迎的, 顺从的\nvt. 使柔软, 使顺从",toefl gre
supplement,'sʌplimәnt,"n. 补充物, 增刊, 补充, 补遗, 补编, 附录, 补角\nvt. 补充, 增补",cet4 cet6 ky toefl gre
supplementary,.sʌpli'mentәri,"a. 补足的, 补充的, 追加的\n[经] 追加的, 补充的, 增补的",cet6 toefl ielts
supplementation,",sʌplimen'teiʃәn","n. 增补, 补足, 补充",toefl
suppliant,'sʌpliәnt,"a. 恳求的, 哀求的\nn. 恳求者, 哀求者",gre
supplicant,'sʌplikәnt,"[法] 恳求者, 哀求者; 恳求, 哀求, 祈求",gre
supplicate,'sʌplikeit,"v. 恳求, 哀求, 恳请",gre
supply,sә'plai,"n. 补给, 供给, 供应品\nvt. 补给, 供给, 提供, 补充\nvi. 替代",zk gk cet4 cet6 ky ielts
support,sә'pɒ:t,"n. 支持, 支撑, 援助, 供养, 支撑物\nvt. 支援, 支撑, 帮助, 支持, 忍受, 供养, 证实\n[计] 后援; 支持",gk cet4 cet6 ky ielts
suppose,sә'pәuz,"vt. 推想, 假设, 以为, 想像, 假定\nvi. 料想",zk gk cet4 cet6 ky toefl
supposedly,sә'pәuzidli,"adv. 想象上, 看上去像, 被认为是, 恐怕, 按照推测",toefl ielts
supposition,.sʌpә'ziʃәn,"n. 想像, 推测, 推想\n[法] 假定, 推定, 推测",toefl ielts
suppress,sә'pres,"vt. 镇压, 使止住, 禁止, 抑制, 查禁\n[法] 镇压, 平定, 禁止出版",cet6 ky toefl ielts
supremacy,sju'premәsi,"n. 至高无上, 霸权地位, 优势, 至上\n[法] 至高权力, 无上权力, 霸权",toefl gre
supreme,sju'pri:m,"n. 至高, 霸权\na. 至高的, 终极的, 极端的, 最大的",gk cet4 cet6 ky toefl ielts gre
supremely,,adv. 崇高地；至上地,toefl
surcharge,'sә:tʃɑ:dʒ,"n. 装载过多, 超载, 追加罚款, 附加税\nvt. 使装载过多, 追加罚款, 收附加税",toefl ielts gre
sure,ʃuә,"a. 确信, 必然的, 必定的\nadv. 当然, 确实地, 无疑地",zk gk
surely,'ʃuәli,"adv. 的确地, 安全地\n[经] 保证, 保证人, 保证金",cet4 cet6
surface,'sә:fis,"n. 面, 表面, 水面, 外表, 平面\na. 表面的, 外观的, 肤浅的, 水面上的\nvt. 使成平面, 使浮出水面\nvi. 浮出水面, 呈现, 在地面上工作",zk gk toefl ielts
surfeit,'sә:fit,"n. 过食, 过度, 恶心\nvt. 使厌腻, 使沉溺于\nvi. 饮食过度",gre
surge,sә:dʒ,"n. 巨涌, 汹涌, 澎湃\nvi. 汹涌, 澎湃, 颠簸, 猛冲, 突然放松\nvt. 使汹涌奔腾, 急放\n[计] 电压尖峰",cet6 ky toefl ielts gre
surgeon,'sә:dʒәn,"n. 外科医生, 军医, 船医\n[医] 外科医师",gk cet4 cet6 ky toefl ielts gre
surgery,'sә:dʒәri,"n. 外科, 手术, 手术室, 换球术",cet4 cet6 ky toefl ielts
surging,'sә:dʒiŋ,v. 浪涌；冲击（surge的ing形式）,toefl
surly,'sә:li,"a. 不和蔼的, 无礼的, 板面孔的, 阴沉的, 粗暴的, 乖戾的",gre
surmise,'sә:maiz,"n. 推测, 猜测\nv. 推测, 臆测",toefl gre
surmount,sә:'maunt,"vt. 战胜, 超越, 克服",toefl ielts gre
surname,'sә:neim,"n. 姓, 别号, 绰号\nvt. 呼以姓氏, 起绰号",cet4 cet6 ky ielts
surpass,sә'pɑ:s,"vt. 超越, 凌驾, 胜过",cet6 ky toefl ielts gre
surpassingly,sə'pɑ:sɪŋlɪ,"adv. 卓越地, 超群地",toefl
surplus,'sә:plәs,"n. 剩余, 过剩, 盈余\na. 过剩的, 剩余的",gk cet4 cet6 ky toefl ielts gre
surprise,sә'praiz,"n. 惊奇, 奇袭, 诧异\nvt. 使惊奇, 撞见, 奇袭",zk gk ielts
surprising,sә'praiziŋ,a. 令人惊讶的,cet4 cet6
surprisingly,,"adv. 使人惊奇, 出人意外, 惊人, 令人惊讶",cet4 cet6
surrealism,sә'riәlizm,n. 超现实主义\n[法] 超现实主义,gre
surrender,sә'rendә,"vt. 交出, 放弃, 使投降, 让与\nvi. 投降, 自首\nn. 交出, 放弃, 投降",cet4 cet6 ky toefl ielts gre
surreptitious,.sʌrәp'tiʃәs,"a. 秘密的, 暗中的, 偷偷摸摸的\n[法] 鬼鬼祟祟的, 秘密的, 欺骗的",gre
surrogate,'sʌrәgit,"n. 替代者, 代用品\nvt. 代理, 替代",gre
surround,sә'raund,"vt. 包围, 环绕, 围绕\nn. 围绕物",gk cet4 cet6 ky
surrounding,sә'raundiŋ,n. 环境\na. 周围的,gk
surroundings,sә'rajndiŋz,"n. 环境, 周围的事物\n[化] 环境",cet4 cet6 ky ielts
surveillance,sә:'veilәns,"n. 监视, 监督\n[电] 侦测",gre
survey,sә'vei,"n. 纵览, 视察, 测量, 俯瞰, 调查\nvt. 审视, 视察, 俯瞰, 通盘考虑\nvi. 测量土地",cet4 cet6 ky toefl ielts
surveyor,sә'veiә. sә:-,n. 测量员；检验员,gre
survivability,ˌsəvɚɪvə'bɪlɪtɪ," 残存性, 生存性, 耐受性",toefl
survival,sә'vaivәl,"n. 生存, 残存, 幸存者\na. 赖以生存的",gk cet4 cet6 ky toefl ielts
survive,sә'vaiv,"vt. 比...活得长, 生存, 生还, 幸免于\nvi. 活下来, 幸存",gk cet4 cet6 ky toefl gre
survivor,sә'vaivә,"n. 生还者, 幸存者\n[法] 生还者, 生存者, 辛存者",toefl
susceptibility,sә.septә'biliti,"n. 敏感性, 感情\n[电] 磁化系数",gre
susceptible,sә'septәbl,"a. 易受影响的, 易感动的, 容许...的\n[法] 易感的, 易受影响的, 容许",cet6 ky toefl ielts gre
suspect,sә'spekt,"n. 被怀疑者, 嫌疑犯\na. 令人怀疑的, 不可信的, 可疑的\nv. 怀疑, 猜想",gk cet4 cet6 ky toefl ielts gre
suspend,sә'spend,"vt. 悬, 吊, 使悬浮, 暂停, 中止, 推迟\nvi. 暂停, 中止, 悬浮, 停止偿付债务\n[计] 暂停",cet4 cet6 ky toefl ielts gre
suspender,sә'spendә,"n. 悬挂者(物), 袜吊, 吊裤带\n[医] 悬吊带, 悬吊器",toefl
suspense,sә'spens,"n. 悬疑, 焦虑, 悬念, 悬而不决\n[经] 未定, 暂记",toefl ielts gre
suspension,sә'spenʃәn,"n. 悬挂, 暂停, 中止\n[化] 悬浮; 悬浮体; 悬浮液",gk cet6 ielts
suspicion,sә'spiʃәn,"n. 怀疑, 觉察, 嫌疑\n[法] 怀疑, 疑心, 嫌疑",cet4 cet6 ky toefl gre
suspicious,sә'spiʃәs,"a. 可疑的, 多疑的, 怀疑的\n[法] 怀疑的, 令人怀疑的, 可疑的",cet4 cet6 ky toefl ielts gre
sustain,sә'stein,"vt. 承受, 支持, 供养, 继续, 忍受, 蒙受, 证实, 准许\n[电] 持续",cet4 cet6 ky toefl ielts gre
sustained,sәs'teind,"a. 持续的, 持久不变的, 持久的, 不懈的\n[计] 持续的",toefl gre
sustenance,'sʌstinәns,"n. 生活资料, 生计, 食物, 支持\n[法] 营养物, 维持, 支持",toefl ielts gre
suture,'su:tʃә,"n. 缝合, 缝合处, 缝合线\nvt. 缝合",gre
svelte,svelt. sfelt,a. 苗条的；线条清晰的；和蔼的,gre
swagger,'swægә,"n. 大摇大摆, 吹牛, 妄自尊大, 威吓\nvi. 虚张声势吓人, 大摇大摆, 吹牛\nvt. 吓唬, 恫吓\na. 漂亮的, 时髦的",gre
swallow,'swɒlәu,"n. 燕子, 吞咽, 喉\nvt. 咽, 淹没, 吞没, 耗尽, 轻信, 忍受, 抑制\nvi. 吞下, 咽下",gk cet4 cet6 ky toefl ielts gre
swamp,swɒmp,"n. 沼泽, 进退两难的困境\nvt. 淹没, 击溃, 清除, 使陷于沼泽\nvi. 陷于沼泽, 淹没",cet4 cet6 ky toefl ielts gre
swampy,'swɒmpi,"a. 沼泽的, 沼泽多的, 湿地的, 松软的",toefl
swan,swɒn,"n. 天鹅, 天鹅星座, 有才华的诗人\nvi. 闲荡, 蜿蜒而行",cet4 cet6 ky
swank,swæŋk,"vi. 出风头, 炫耀\nn. 出风头, 炫耀, 虚张声势, 优雅",gre
swap,swɒp,"n. 以货易货\nv. 交换, 替换, 交易\n[计] 交换",gk
swarm,swɒ:m,"n. 群, 大群, 蜂群, 分蜂群\nvi. 分群, 群集, 聚集一块, 云集, 攀\nvt. 挤满, 爬, 攀",cet4 cet6 ky toefl ielts gre
swarthy,'swɒ:ði,a. 黑黝黝的,gre
sway,swei,"n. 摇摆, 影响力, 支配\nvt. 摇动, 支配, 弄歪, 使倾斜, 使动摇, 影响\nvi. 摇动, 摇摆, 倾斜, 动摇, 统治, 转向",cet4 cet6 ky toefl ielts gre
swear,swєә,"vt. 发誓, 咒骂, 使宣誓\nvi. 发誓, 诅咒\nn. 诅咒, 誓言",gk cet4 cet6 ky ielts gre
sweat,swet,"n. 汗, 汗水, 水珠, 焦急\nvi. 出汗, 渗出, 冒出水气, 结水珠, 烦恼, 懊恼\nvt. 使出汗, 流出, 榨出, 使汗流浃背",gk cet4 cet6 ky toefl
sweater,'swetә,"n. 毛衣, 毛线衫, 运动衫, 出汗者\n[化] 发汗器",zk gk cet4 cet6 ky ielts
sweep,swi:p,"n. 扫除, 打扫, 肃清, 视野, 范围, 全胜\nvt. 扫除, 掸去, 猛拉, 扫荡, 肃清, 冲走, 刮起, 环视, 掠过, 扫射\nvi. 扫, 打扫, 袭击, 席卷, 扫视, 掠过",zk gk cet4 cet6 ky toefl ielts
sweeping,'swi:piŋ,"n. 扫除, 垃圾\na. 扫荡的, 彻底的, 广泛的",toefl
sweet,swi:t,"n. 甜蜜, 糖果, 情人\na. 甜的, 芳香的, 悦耳的, 漂亮的, 和蔼的, 不咸的, 灵活的, 轻快的",zk gk
sweeten,'swi:tn,"vt. 使变甜, 加糖于, 使悦耳, 使温和, 减轻\nvi. 变甜",cet6
sweetness,'swi:tnis,"n. 甜蜜, 芳香, 美妙",cet6
swell,swel,"n. 增大, 隆起的部分, 巨浪, 肿胀\na. 优秀的, 一流的\nvi. 增大, 膨胀, 肿胀, 增强, 骄傲\nvt. 使膨胀, 使增大, 使上涨, 使骄傲",gk cet4 cet6 ky toefl ielts gre
swelling,'sweliŋ,"n. 肿胀, 肿大, 隆起部, 身上的肿胀处, 膨胀, 增大\na. 肿大的, 突起的",toefl
swelter,'sweltә,"vi. 闷热, 被暑气所苦, 汗流浃背\nvt. 使闷热, 使热得出汗\nn. 闷热",toefl
sweltering,'sweltәriŋ,"a. 闷热的, 热得难受的, 中暑的",gre
swerve,swә:v,"n. 转向, 弯曲, 背离\nvi. 突然转向, 转弯, 背离\nvt. 使突然转向, 使转弯, 使背离",ielts gre
swift,swift,"n. 褐雨燕, 快速爬行的小蜥蜴, 蝙蝠蛾, 大滚筒\na. 迅速的, 快的, 敏捷的, 立刻的\nadv. 迅速地, 敏捷地",gk cet4 cet6 ky toefl ielts gre
swiftness,'swiftnis,"n. 迅速, 快",toefl
swill,swil,"vt. 冲洗, 痛饮\nvi. 大口地喝, 冲刷\nn. 涮, 冲洗, 痛饮, 泔脚",gre
swim,swim,"n. 游泳, 漂浮, 潮流, 眩晕\nvi. 游泳, 游, 漂浮, 浸, 覆盖, 充溢, 大量拥有, 旋转, 眩晕\nvt. 游过, 使浮起",zk gk
swimming,'swimiŋ,"n. 游泳, 眩晕",zk gk ielts
swindle,swindl,"n. 骗取, 欺诈, 骗局\nv. 骗取, 诈取",gre
swine,swain,"n. 猪, 卑鄙的家伙",gre
swing,swiŋ,"n. 摇摆, 振幅, 音律, 节奏, 涨落, 秋千, 旋转, 行动自由\nvi. 摇摆, 悬挂, 旋转, 大摇大摆地走, 转向\nvt. 挥舞, 使旋转, 使转向, 悬挂, 吊运\na. 旋转的, 悬挂的, 强节奏爵士音乐的",zk gk cet4 cet6 ky toefl ielts gre
swipe,swaip,"n. 强打, 用力挥击, 尖刻的话, 碰擦, 起重杆\nvt. 强打, 用力挥击, 偷",gre
swirl,swә:l,"n. 漩涡, 涡动\nvt. 使成漩涡\nvi. 打漩, 盘绕, 眩晕",ielts gre
Swiss,swis,"n. 瑞士人, 瑞士腔调\na. 瑞士的, 瑞士风格的",gk cet4 cet6
switch,switʃ,"n. 开关, 电闸, 转换, 软枝, 鞭子, 道岔\nvt. 转变, 切换, 摆动, 转换, 使转轨\nvi. 转换, 变换, 摆动\n[计] 开关; 翻转; 转移",gk cet4 cet6 ky toefl ielts
Switzerland,'switsәlәnd,n. 瑞士,gk
sword,sɒ:d,"n. 刀, 剑, 战争, 武力, 剑状物",gk cet4 cet6 ky
sybarite,'sibәrait,"n. 爱奢侈享乐的人, 奢侈逸乐之徒, 骄奢淫逸的人",gre
sybaritic,",sibә'ritik","a. 奢侈享乐的, 耽于奢侈逸乐的, 骄奢淫逸的",gre
sycophant,'sikәfәnt,"n. 奉承者, 谄媚者, 追随者\na. 拍马的, 奉承的",gre
sydney,'sidni,n. 悉尼（澳大利亚港市）,ielts
syllable,'silәbl,n. 音节\nvt. 分成音节\n[计] 字节,toefl
syllabus,'silәbәs,"n. 摘要, 提纲, 课程表, 教学大纲\n[医] 摘要, 要目",ielts gre
symbiosis,.simbai'әusis,"n. 共栖, 共同生活\n[化] 类聚效应",toefl gre
symbiotic,.simbai'ɒtik,"a. 共栖的, 共生的\n[医] 共生的",toefl
symbol,'simbl,"n. 符号, 象征, 代号, 信条\n[计] 符号; 码元",zk gk cet4 cet6 ky toefl
symbolism,'simbәlizm,"n. 象征主义, 符号论\n[医] 象征主义",toefl
symbolize,'simblaiz,"vt. 符号化, 用符号表现\nvi. 采用象征, 使用符号",toefl ielts
symbology,sim'bɒlәdʒi,"n. 符号学, 符号使用",toefl
symmetrical,si'metrikl,"a. 对称的, 匀称的\n[医] 对称的, 均称的",cet6 toefl
symmetry,'simitri,"n. 对称, 匀称\n[化] 对称; 对称性; 对称现象",cet6 ky toefl ielts gre
sympathetic,.simpә'θetik,"a. 有同情心的, 合意的, 赞成的\nn. 交感神经, 容易感受的人",cet4 cet6 ky toefl ielts
sympathize,'simpәθaiz,"vi. 同情, 怜悯, 同意, 体谅",cet4 cet6 ky toefl
sympathy,'simpәθi,"n. 同情, 赞同, 怜悯, 慰问, 吊唁\n[医] 交感[作用], 同感[作用], 感应, 同情",gk cet4 cet6 ky toefl
symphony,'simfәni,"n. 交响乐, 交响曲",gk cet6 ky toefl ielts gre
symposium,sim'pәuziәm,"n. 讨论会, 座谈会, 专题报告会, 专题论文集",cet6 ky ielts gre
symptom,'simptәm,"n. 症状, 征候, 征兆\n[医] 症状",gk cet6 ky toefl ielts
synchronize,'siŋkrәnaiz,"vt. 使同步, 使合拍\nvi. 同时发生\n[计] 同步",ky toefl ielts
synchronous,'siŋkrәnәs,"a. 同时的, 同步的\n[计] 同步",toefl gre
syndicate,'sindikit,"n. 企业联合, 辛迪加, 财团\nv. 联合成辛迪加",ielts
syndrome,'sindrәum,"n. 并发症状, 综合征, 同时存在的事物\n[计] 校验子; 并发位",ky gre
synergic,si'nә:dʒik,"a. 协作的, 协同的\n[计] 协作的; 合作的",gre
synonym,'sinәnim,n. 同义词,toefl ielts
synonymous,si'nɒnimәs,"a. 同义词的, 同义的",toefl
synopsis,si'nɒpsis,"n. 概要, 摘要, 大意\n[化] 一览表; 提要",toefl gre
synoptic,si'nɒptik,"a. 概要的, 天气的, 对观福音书的",gre
synthesis,'sinθisis,"n. 综合, 组织, 综合体\n[化] 合成",cet6 ky toefl ielts gre
synthesize,'sinθisaiz,"v. 综合, 合成",cet6 toefl
synthesizer,'sinθisaizә,"n. 合成器, 综合者\n[计] 合成器",toefl
synthetic,sin'θetik,"n. 合成物质\na. 综合(性)的, 人造的, 合成的",cet4 cet6 ky toefl ielts
syringe,'sirindʒ,"n. 注射器, 洗涤器\nvt. 注射, 洗涤",gre
syrup,'sirәp,"n. 糖浆, 果汁\n[化] 糖浆剂",toefl
system,'sistәm,"n. 系统, 体系, 制度, 方式, 秩序, 分类原则\n[计] 系统; 体制; 体系",gk cet4 cet6 ky toefl ielts
systematic,.sisti'mætik,"a. 有系统的, 分类上的, 体系的\n[医] 系统的, 系的, 分类的",gk cet4 cet6 ky toefl ielts
systematical,",sisti'mætikәl","a. 有系统的, 成体系的, 有秩序的, 有组织的, 分类学的, 故意的, 彻底的",cet4
systematically,.sisti'mætikli,"adv. 有系统地, 有组织地, 有条理地",cet6
systematize,'sistimәtaiz,"vt. 使组织化, 使系统化, 把...分类\n[医] 系统化, 分类",toefl
systems,,"n. 体制, 体系；制度；系统（system的复数形式）",ielts
T-shirt,"'ti:,ʃә:t","n. 圆领汗衫, T恤",zk
table,'teibl,"n. 桌子, 餐桌, 工作台, 铭文, 表格, 表, 高原, 平地层\nvt. 搁置, 嵌合, 制表, 把...列入议事日程\n[计] 表格, 模拟运算表",zk gk ielts gre
tableland,'teibllænd,n. 高地,toefl
tables,,n. 桌子；附录；表格（table的复数）,ielts
tablet,'tæblit,"n. 平板, 门牌, 笔记簿, 碑, 匾, 药片\n[化] 片剂",cet4 cet6 ky ielts
tablets,'tæblɪts,n. 药片( tablet的名词复数 ); （木、竹）简; 碑; 一块肥皂,ielts
tableware,'teiblwєә,n. 餐具,toefl
taboo,tә'bu:,"n. 禁忌, 禁止接近, 禁止使用\na. 禁忌的, 忌讳的\nvt. 禁忌, 忌讳, 禁止",ky ielts gre
tabulate,'tæbjuleit,"vt. 作成表, 作成一览表, 使成平面\na. 平板状的, 平面的\n[计] 制表",cet6
tacit,'tæsit,"a. 沉默寡言的, 不苟言笑的, 缄默的",toefl ielts gre
taciturn,'tæsitә:n,"a. 沉默寡言的, 不太说话的, 无言的",gre
tack,tæk,"n. 平头钉, 大头钉, 粗缝针脚, 行动方针, 食物\nvt. 以大头针钉住, 附加",cet6 gre
tackiness,'tækinis,n. 粘着性,gre
tackle,'tækl,"n. 工具, 复滑车, 滑车, 装备, 扭倒\nvt. 固定, 处理, 抓住\nvi. 扭倒",cet6 ky toefl ielts gre
tact,tækt,"n. 机智, 手法, 老练\n[经] (自动加工线的)生产节拍",cet6 toefl gre
tactic,'tæktik,"n. 一项战术, 一条策略\na. 战术的, 顺序的, 排列的",ky ielts gre
tactics,'tæktiks,"n. 用兵学, 战术, 兵法\n[经] 战术, 策略",cet6 toefl
tactile,'tæktail,"a. 触觉的, 有触觉的\n[医] 触觉的",toefl gre
tadpole,'tædpәul,n. 蝌蚪,toefl gre
tag,tæg,"n. 标签, 附属物, 碎片, 结束语, 口头禅, 附加语, 浑名, 标记, 标记符\nvt. 附以签条, 尾随, 添饰, 起浑名, 连接\nvi. 紧紧跟随\n[计] 标记",cet4 cet6 ky toefl ielts gre
tail,teil,"n. 尾部, 后部, 辫子, 随员, 特务, 燕尾服, 踪迹, 限定继承(权)\na. 在后面的, 从后面而来的, 限定继承的, 尾部的, 后部的\nvt. 为...装尾, 附于其后, 尾随, 使搭牢, 跟踪, 监视\nvi. 跟踪, 船尾搁浅",zk gk cet4 cet6 ky toefl
tailor,'teilә,"n. 裁缝, 成衣匠\nvt. 缝制, 制作, 使适应\nvi. 做裁缝",gk cet4 cet6 ky toefl
taint,teint,"n. 污点, 耻辱, 感染\nvt. 污染, 使腐败, 沾染, 腐蚀",toefl
take,teik,"vt. 拿, 取, 抓, 带领, 获得, 就座, 接受, 吃, 吸引, 采取, 乘, 需要, 花费\nvi. 吃掉对方棋子, 抓住, 起作用, 依法获得财产\nn. 拿, 取, 收成, 奏效",zk gk ielts
taking,'teikiŋ,"n. 取得, 捕获, 进款\na. 迷人的, 可爱的, 会传染的",gre
tale,teil,"n. 故事, 谎言, 谣言, 陈述, 叙述\n[法] 虚语, 诽语, 谣言",zk gk cet4 cet6 ky toefl
talent,'tælәnt,"n. 天才, 才能, 有才干的人, 天资",gk cet4 cet6 ky toefl
talented,'tælәntid,"a. 天资高的, 有才能的",toefl ielts
talisman,'tælizmәn,"n. 护身符, 驱邪物, 法宝",gre
talk,tɒ:k,"n. 谈话, 交谈, 会谈, 讲话, 演讲, 空谈, 谣言, 方言, 语言\nvi. 讲话, 演讲, 说话, 谈话, 交流, 闲聊, 说闲话\nvt. 讲, 说, 讨论, 谈论\n[计] 对话类, 聊天",zk gk
tall,tɒ:l,"a. 高的, 长的, 夸大的\nadv. 夸大地",zk gk
tally,'tæli,"n. 符木, 记账, 得分, 比分, 计数器, 标签, 符合, 对应物\nvt. 记录, 点数, 计算, 加标签于, 使符合\nvi. 记帐, 符合, 吻合, 记分\n[计] 计数",toefl gre
talon,'tælәn,"n. 爪, 如爪的手, 魔爪, 爪饰\n[医] 磨牙低尖",gre
tambourine,.tæmbә'ri:n,n. 小手鼓,gre
tame,teim,"a. 驯服的, 柔顺的, 被开垦的, 顺从的, 乏味的, 平淡的\nvt. 驯养, 驯服, 制服, 失去锋芒\nvi. 变得驯服",cet4 cet6 ky toefl ielts gre
tamp,tæmp,"vt. 用粘土填塞, 捣固, 夯实\nn. 捣棒, 夯",gre
tamper,'tæmpә,"vi. 干预, 拨弄, 贿赂, 损害, 篡改\nvt. 篡改\nn. 捣棒, 打夯机, 填塞者",toefl ielts gre
tan,tæn,"n. 黄褐色, 鞣料, 马戏团\na. 黄褐色的, 鞣皮的\nvi. 晒成棕褐色\nvt. 把...晒黑, 鞣(革), 狠狠鞭打",cet4 cet6 ky toefl gre
tangential,tæn'dʒenʃәl,"a. 切线的, 相切的, 正切的, 离题的, 扯远的\n[医] 正切的, 切线的",gre
tangible,'tændʒәbl,"n. 可触知的东西, 有形资产\na. 可触摸的, 有实体的, 非相像的, 有形的, 明确的",toefl ielts gre
tangle,'tæŋgl,"n. 缠结, 纠结的一团, 困惑, 纠纷, 混乱\nvt. 使缠结, 缠住\nvi. 缠结, 乱作一团",cet6 ky toefl ielts gre
tango,'tæŋgәu,"n. 探戈舞, 探戈舞曲\nvi. 跳探戈舞",gre
tangy,'tæŋi,"a. 有强烈盐味的, 气味刺鼻的, 有刺激性的",gre
tank,tæŋk,"n. 槽, 箱, 柜, 罐, 池塘, 储水池, 坦克\nvt. 储于箱中",gk cet4 cet6 ky toefl
tanker,'tæŋkә,"n. 坦克手, 油船, 空中加油飞机, 运油飞机, 油槽/水槽汽车\n[化] 槽车; 油槽船",gk cet6 ky
tantalize,'tæntәlaiz,"vt. 逗弄, 使干着急",toefl gre
tantamount,'tæntәmaunt,"a. 同等的, 相等的, 相当于...的\n[法] 相等的, 相当的, 同等的",gre
tantrum,'tæntrәm,"n. 发脾气, 发怒\n[医] 暴怒, 发脾气",gre
tap,'tæp,"n. 轻打, 水龙头\nvt. 轻打, 轻敲, 敲打出, 选择, 装上嘴子, 使流出, 开发, 分接, 向...乞讨\nvi. 轻叩, 轻拍, 啪塔啪塔地走\n[计] 接头",gk cet4 cet6 ky toefl ielts
tape,teip,"n. 带子, 录音带, 磁带, 窄带, 卷尺\nvt. 以带子绑起, 测量, 录音\n[计] 带",zk gk cet4 cet6 ky toefl ielts
taper,'teipә,"n. 带子操作工, 小蜡烛, 尖细, 渐弱, 锥形, 尖塔\na. 尖细的, 分等级的\nv. (使)一头逐渐变细, (使)逐渐减少",cet6 gre
tapering,'teipәriŋ,a. 尖端细的,toefl
tapestry,'tæpistri,"n. 挂毯, 绒绣\nvt. 用挂毯装饰",toefl gre
tapeworm,'teipwә:m,n. 绦虫\n[医] 绦虫,toefl
tar,tɑ:,"n. 焦油, 柏油, 水手\nvt. 涂以焦油, 玷污, 怂恿\na. 焦油的",cet6 ky ielts
tardiness,'tɑ:dinis,"n. 慢, 缓慢, 迟延",toefl
tardy,'tɑ:di,"a. 慢的, 迟到的, 勉强的, 拖拉的, 迟的",toefl gre
tare,tєә,"n. 巢菜, 稗子, 皮重\nvt. 称皮重",gre
target,'tɑ:git,"n. 目标, 靶子, 指标\nvt. 对准, 订指标",gk cet4 cet6 ky toefl ielts
tariff,'tærif,"n. 关税, 关税表, 价格表, 收费表\nvt. 课以关税\n[计] 价目表",cet6 ky toefl ielts gre
tarnish,'tɑ:niʃ,"n. 失泽, 失泽膜, 污点\nvt. 使失去光泽, 玷污\nvi. 失去光泽, 被玷污",toefl ielts gre
tarpaulin,tɑ:'pɒ:lin,"n. 柏油帆布, 油布衣, 防水帽\n[医] 帆布",gre
tarry,'tæri,"vi. 耽搁, 逗留, 留住, 等候\nn. 逗留\na. 涂了焦油的",gre
tart,tɑ:t,"a. 酸的, 辛辣的, 尖酸的\nvt. 妖艳打扮\nn. 果馅饼, 妓女",gre
task,tɑ:sk,"n. 工作, 任务, 作业, 困难的工作\nvt. 派给...工作, 使辛劳\n[计] 任务",zk gk cet4 cet6 ky
taste,teist,"n. 味道, 品味, 味觉, 感受, 体验, 爱好, 审美, 少量\nvt. 尝, 察觉...的味道, 体会\nvi. 品尝, 察觉味道, 有某种味道",zk gk cet4 cet6 ky toefl
tasteless,'teistlis,"a. 没味道的, 无鉴赏力的",gk toefl
tasty,'teisti,"a. 好吃的, 可口的",gk toefl gre
tattered,'tætәd,"a. 破烂的, 褴褛的",gre
tatty,'tæti,"a. 穿破的, 粗糙的, 不值钱的",gre
taunt,tɒ:nt,"n. 辱骂, 嘲弄\nvt. 嘲弄, 奚落\na. 很高的",toefl
taut,tɒ:t,"a. 拉紧的, 整洁的, 紧张的",gre
tauten,'tɒ:tn,"v. 使绷紧, 拉紧",gre
tautological,",tɔ:tә'lɔdʒikәl","a. 重复的, 赘述的",gre
tavern,'tævәn,"n. 酒馆, 客栈",toefl
tawdry,'tɒ:dri,a. 廉价而俗丽的\nn. 廉价而俗丽之物,gre
tax,tæks,"n. 税, 税款, 重负, 会费\nvt. 课以税, 使负重荷, 斥责",gk cet4 cet6 ky toefl
taxation,tæk'seiʃәn,"n. 课税, 征税, 抽税, 税款, 估定的税额\n[经] 征税, 纳税, 税制",ielts
taxi,'tæksi,n. 出租车\nvi. 乘出租车\nvt. 用出租车送,zk gk ielts
taxicab,'tæksikæb,n. 出租车,toefl
taxing,'tæksiŋ,"a. 繁重的, 费力的\n[法] 征税的, 评定的负担颇重的",gre
taxonomist,tæk'sɔnәmist,n. 分类学家,gre
tea,ti:,"n. 茶, 茶叶\n[医] 茶, 茶剂, 浸剂",zk gk ielts
teach,ti:tʃ,"vt. 教, 讲授, 教导, 教育\nvi. 教书, 教学, 可以教",zk gk
teacher,'ti:tʃә,"n. 教师, 老师, 导师",zk gk ielts
teaching,'ti:tʃiŋ,"n. 教学, 学说, 教导",cet4 cet6 ielts
team,ti:m,"n. 队, 组\nvt. 把马(牛)套在同一辆车上, 把...编成一组\nvi. 驾驶卡车, 协作",zk gk cet4 cet6 ky toefl ielts
teams,,"n. 团队, 参赛队伍（team的复数形式）",ielts
teamwork,'ti:mwә:k,"n. 协同作业, 协力\n[法] 联合工作, 联合行动, 协调工作",gk
teapot,'ti:pɒt,n. 茶壶,gk toefl
tear,tiә. tєә,"n. 泪滴, 眼泪, 撕, 扯, 裂缝, 激怒, 飞奔\nvi. 流泪, 撕破, 赶快, 飞奔, 被撕破\nvt. 撕裂, 戳破, 拉掉, 撕掉, 使分裂, 使精神不安, 折磨",gk cet4 cet6 ky toefl ielts gre
tease,ti:z,"n. 揶揄, 戏弄, 逗惹\nvt. 戏弄, 取笑, 强求, 梳理, 使起毛",gk cet6 ky toefl ielts gre
technical,'teknikl,"a. 技术上的, 专门的, 工业的, 严格根据法律的\n[化] 技巧",gk cet4 cet6 ky toefl ielts
technician,tek'niʃәn,n. 技师\n[化] 技师,cet4 cet6 ky ielts
technique,tek'ni:k,"n. 技巧, 技术, 方法\n[化] 工艺方法; 技巧",gk cet4 cet6 ky ielts
techniques,,n. 方法；技巧；技术（technique的复数）,ielts
technocrat,'teknәukræt,"n. 技术专家治国论者, 技术专家统治论者",gre
technology,tek'nɒlәdʒi,"n. 技术, 工业技术, 术语\n[医] 技术学, 工艺学",zk gk cet4 cet6 ky ielts
tectonics,tek'tɒniks,"n. 构造学, 构造地质学",toefl
tedious,'ti:diәs,"a. 沉闷的, 冗长乏味的",cet4 cet6 ky toefl ielts gre
tedium,'ti:diәm,"n. 单调乏味, 沉闷",toefl gre
teem,ti:m,"vi. 充满, 充足, 倾注\nvt. 倒出",toefl ielts gre
teenager,'ti:nidʒә,n. 十三岁到十九岁的少年,gk cet4 cet6 ky
teens,ti:ns,n. 十三岁到十九岁,toefl
teeter,'ti:tә,"vi. 步履不稳地走动, 踉跄, 摇晃, 摇摆不定, 摇摇欲坠, 玩跷跷板\nn. 踉跄, 摇摆, 跷跷板",gre
teeth,ti:θ,pl. 牙齿\n[医] 牙,ielts
teetotal,ti:'tәutl,"a. 绝对戒酒的, 完全的, 绝对的\nn. 绝对戒酒主义",gre
telecommuter,.telikә'mju:tә,远程工作者,toefl
telegram,'teli^ræm,"n. 电报, 一封电报\n[计] 电报",gk cet4 cet6 ky
telegraph,'teligrɑ:f,"n. 电报, 电报机\nvi. 打电报\nvt. 打电报给, 电汇, 流露, 显示出要...的样子",gk cet4 cet6 ky toefl
telephone,'telifәun,"n. 电话, 电话机\nv. 打电话",zk gk ielts
telescope,'teliskәup,"n. 望远镜\nvi. 叠缩, 嵌进, 缩短\nvt. 使叠缩, 使缩短",gk cet4 cet6 ky toefl ielts
televise,'telivaiz,"v. 用电视播放, 播映",toefl
television,'teli.viʒәn,n. 电视\n[电] 电视,zk gk ielts
telex,'teleks,"n. 用户直通电报, 电传打字机\n[计] 电传, 用户电报",cet6 ielts
tell,tel,"vt. 告诉, 说, 吩咐, 断定, 知道\nvi. 讲述, 泄密, 告发, 表明",zk gk
telling,'teliŋ,"a. 有效的, 显著的, 显露内心活动的",ielts gre
temerity,ti'merәti,"n. 鲁莽, 蛮勇",gre
temp,temp,n. [口]临时雇员,gre
temper,'tempә,"n. (钢等的)硬度, 脾气, 心情, 中和剂, 倾向, 回火\nvt. 使回火, 锻炼, 调和, 使缓和\nvi. 回火",cet4 cet6 ky toefl ielts gre
temperament,'temprәmәnt,"n. 气质, 性格, 性情\n[医] 气质, 禀赋",cet6 ky toefl ielts
temperamental,.temprә'mentl,"a. 气质的, 性格的, 易兴奋的",ky
temperance,'tempәrәns,"n. 节欲, 戒酒, 禁酒, 节制\n[医] 节制(饮食等), 戒酒",toefl
temperate,'tempәrәt,"a. 温和的, 适度的, 有节制的, 温带的",toefl ielts
temperature,'temprәtʃә,"n. 温度, 发烧, 热度\n[化] 温度",zk gk cet4 cet6 ky toefl ielts
tempest,'tempist,"n. 暴风雨, 骚动\nvt. 使受大风暴影响, 使骚动, 使激动",gre
tempestuous,tem'pestʃuәs,"a. 有暴风雨的, 暴乱的",gre
temple,templ,"n. 圣堂, 庙宇, 教堂, 礼拜堂, 太阳穴, 鬓角\n[医] 颞颥, 颞部",gk cet4 cet6 ky toefl ielts
temples,,"n. 边撑, 伸幅器；寺庙（temple的复数形式）",ielts
tempo,'tempәu,"n. 速度, 节奏, 进行速度, (棋的)一着",cet6 ky ielts gre
temporal,'tempәrәl,"a. 时间的, 暂时的, 现世的, 世俗的, 颞的, 太阳穴的\nn. 世间万物, 教会财产",toefl gre
temporarily,'tempәrәrәli,"adv. 暂时, 一时, 临时",toefl
temporary,'tempәrәri,"a. 暂时的, 临时的\nn. 临时工, 临时雇员\n[计] 临时",gk cet4 cet6 ky toefl ielts
temporize,'tempәraiz,"vi. 随潮流, 拖延, 妥协, 调停",toefl gre
tempt,tempt,"vt. 诱惑, 引诱, 引起...的兴趣, 吸引, 冒...风险",cet4 cet6 ky toefl
temptation,temp'teiʃәn,"n. 诱惑, 诱惑物\n[法] 诱惑, 诱惑物",gk cet4 cet6 ky ielts gre
tempting,'temptiŋ,"a. 诱惑人的, 吸引人的",toefl
ten,ten,"num. 十, 十个",zk gk
tenable,'tenәbl,"a. 可守的, 站得住(脚)的, 合理的, 成立的",cet6 ielts gre
tenacious,ti'neiʃәs,"a. 紧握的, 固执的, 不屈不挠的, 黏着力强的\n[医] 坚韧的",toefl ielts gre
tenacity,ti'næsiti,"n. 固执, 不屈不挠, 顽固, 黏性, 韧性\n[机] 坚轫",gre
tenancy,'tenәnsi,"n. 租用, 租赁\n[经] 租赁, 租回",ielts
tenant,'tenәnt,"n. 承租人, 房客, 居住者\nvt. 租借\n[计] 占据者",cet4 cet6 ky toefl gre
tend,tend,"vi. 走向, 有某种的倾向, 易于, 照顾, 注意\nvt. 照料, 护理",gk cet4 cet6 ky gre
tendency,'tendәnsi,"n. 趋向, 倾向\n[医] 趋向, 趋势",gk cet4 cet6 ky toefl ielts
tendentious,ten'denʃәs,"a. 有偏见的, 有倾向的, 淘气的",gre
tender,'tendә,"a. 嫩的, 柔软的, 脆弱的, 温柔的, 亲切的, 未成熟的, 微妙的, 棘手的, 审慎的\nvt. 使变嫩, 提供, 偿还\nvi. 变柔软, 投标\nn. 照料, 看管人, 供应船, 小船, 提出, 偿付, 投标",cet4 cet6 ky toefl ielts gre
tenderness,'tendәnis,"n. 柔软, 亲切, 柔和, 敏感, 易触痛\n[医] 触痛",toefl
tendinous,'tendinәs,"a. 腱的\n[医] 腱的, 腱性的",gre
tenement,'tenimәnt,"n. 房屋, 住房, 保有物, 居所\n[经] 地产, 住屋",toefl
tenet,'tenit,"n. 信条, 教义, 宗旨, 原则",gre
tennis,'tenis,n. 网球,zk gk ielts
tenor,'tenә,"n. 稳定的进程, 思路, 要旨, 大意, 誊本, 票据的限期, 男高音\na. 男高音的",gre
tense,tens,"a. 紧张的, 拉紧的\nv. (使)紧张, (使)拉紧\nn. 时态",gk cet4 cet6 ky toefl
tensile,'tensail,"a. 可拉长的, 可伸长的, 张力的, 拉力的\n[机] 拉的",cet6 toefl gre
tension,'tenʃәn,"n. 紧张, 不安, 拉紧, 张力, 压力, 电压\nvt. 拉紧, 使紧张",gk cet4 ky toefl ielts gre
tent,tent,"n. 帐篷, 帷幕, 住处, 塞条, 塞子\nvi. 住帐蓬, 宿营, 暂时居住\nvt. 用帐篷遮盖, 使住帐篷, 用塞条嵌入",zk gk cet4 cet6 ky
tentacle,'tentәkl,"n. 触须, 触手, 触角\n[医] 触角, 触须",toefl ielts
tentative,'tentәtiv,"n. 试验\na. 试验性的, 暂时的",gk cet6 ky toefl ielts gre
tenth,tenθ,"num. 第十, 十分之一",zk
tenuous,'tenjuәs,"a. 稀薄的, 微细的, 纤细的, 脆弱的\n[医] 细薄的, 纤细的",toefl gre
tenure,'tenjuә,"n. 享有, 保有期\n[经] (财产,职位等的)占有, 占有权",gre
tepid,'tepid,"a. 微温的, 温热的, 不太热烈的\n[医] 微温的",toefl gre
term,tә:m,"n. 术语, 专有名词, 期限, 学期, 任期, 条件, 价钱, 关系, 地位, 项, 界石\nvt. 称, 呼\n[计] 检索词; 项",zk gk cet4 cet6 ky toefl ielts
terminal,'tә:minәl,"n. 终端机, 终点, 末端, 极限, 终点站\na. 终点的, 定期的, 致死的, 结尾的, 末端的, 晚期的\n[计] 终端; 终端设备",gk cet4 cet6 ky toefl ielts gre
terminate,'tә:mineit,"a. 有结尾的, (可)结束的\nvi. 结束, 终止, 满期\nvt. 使停止, 使结束, 使终止\n[计] 终止",cet6 ky toefl ielts gre
termination,.tә:mi'neiʃәn,"n. 终止, 结束, 结果, 词尾\n[化] 终止",toefl gre
terminology,.tә:mi'nɒlәdʒi,"n. 术语, 术语学\n[医] 名词学, 命名法",cet6 toefl gre
terminus,'tә:minәs,"n. 终点, 界标, 终点站\n[法] 界标, 界牌, 界石",toefl gre
termite,'tә:mait,n. 白蚁,toefl gre
terms,,"n. 条件, 条款, 费用, 价钱, 关系, 地位, 交谊\n[经] 条件",ielts
terrace,'terәs,"n. 阶地, 梯田, 房屋之平顶, 阳台, 沿岸防地, 露台\na. 叠层式的\nvt. 使成梯田, 使成有平台屋顶",cet6 toefl ielts gre
terrain,'terein,"n. 地带, 地区, 地形, 领域, 范围",cet6 toefl ielts gre
terrestrial,tә'restriәl,"n. 地球上的人\na. 地球的, 陆生的, 陆地的, 人间的",toefl ielts gre
terrible,'terәbl,"a. 可怕的, 令人恐惧的, 极坏的",zk gk cet4 cet6 ky toefl
terribly,'terәbli,"adv. 可怕地, 甚为, 非常",toefl
terrific,tә'rifik,"a. 非常好的, 极端的, 可怕的",cet4 cet6 ky toefl ielts
terrify,'terifai,"vt. 使恐惧, 恐吓",gk cet6 ky toefl ielts
terrifying,'tәrifaiiŋ,a. 令人恐惧的；骇人的；极大的,toefl
territorial,.teri'tɒ:riәl,"a. 领土的, 土地的, 地方的, 区域性的\nn. 本土自卫队队员",ielts
territory,'teritәri,"n. 领土, 领地, 版图, 地区, 活动范围\n[经] (推销员等的)推销区域",cet4 cet6 ky toefl ielts
terror,'terә,"n. 恐怖, 可怕的人\n[医] 惊吓, 惊悸",gk cet4 cet6 ky toefl ielts
terrorist,'terәrist,"n. 恐怖分子\n[法] 恐怖份子, 恐怖主义",cet6
terse,tә:s,"a. 简洁的, 扼要的",ielts gre
tertiary,'tә:ʃiәri,"a. 第三的, 第三位的, 第三产业的\nn. 第三修道会会员, 第三纪\n第三的; 三代的(指无机盐)",ielts
test,test,"n. 测试, 试验, 化验, 检验, 考验, 甲壳\nvt. 测试, 试验, 化验\nvi. 接受测验, 进行测试",zk gk cet4 cet6 ky ielts
testament,'testәmәnt,"n. 遗嘱, <<圣约书>>\n[法] 遗言, 遗嘱, 确实的证明",gre
testator,te'steitә. 'tes-,n. 立遗嘱者,gre
testify,'testifai,"v. 证明, 作证, 声明, 表明",cet6 ky toefl gre
testimony,'testimәni,"n. 证言, 证据, 声明\n[医] 证据",cet6 ky toefl ielts gre
testiness,'testinis,"n. 易怒, 暴躁",gre
testy,'testi,"a. 易怒的, 暴躁的",gre
tether,'teðә,"n. 系绳, 系链, 界限, 范围\nvt. 栓, 束缚, 限制",gre
text,tekst,"n. 文本, 正文, 课文, 主题, 圣经文句, 乐谱\n[计] 电文; 文本; 正文",zk gk ielts
textbook,'tekstbuk,n. 教科书,gk cet4 cet6 ky ielts
textile,'tekstail,"n. 纺织品, 纺织业\na. 织的, 纺织的",cet4 cet6 ky toefl ielts
texture,'tekstʃә,"n. (织物的)密度, (材料等的)结构, 纹理\n[化] 纹理",cet6 ky toefl ielts gre
textured,,a. 有...样质地的,toefl
than,ðæn,"conj. 比, 除...外\nprep. 比",zk gk
thank,θæŋk,"n. 谢意, 感谢\nvt. 谢谢, 感谢",zk gk
thankful,'θæŋkfәl,"a. 感谢的, 感激的, 欣慰的",gk
thanksgiving,'θæŋks.giviŋ,n. 感谢,cet6 ky
that,ðæt,"a. 那, 那个\nconj. 以致, 因为\npron. 那\nadv. 那么, 那样",zk gk
thatch,θætʃ,"n. 盖屋顶的茅草, 用草盖的屋顶, 浓密头发\nvt. 用茅草覆盖",toefl gre
thaw,θɒ:,"n. 融解, 融化, 解冻时期\nvt. 使融解, 使缓和\nvi. 融化, 解冻",toefl ielts gre
the,ðә,art. 那,zk gk
theater,'θiәtә,"n. 戏院, 电影院, 剧场, 全体观众, 戏剧, 戏剧效果, 阶梯式讲堂, 场所",ky toefl
theatre,,"n. 戏院, 电影院, 剧场, 全体观众, 戏剧, 戏剧效果, 阶梯式讲堂, 场所",zk gk cet4 cet6 ielts
theft,θeft,"n. 盗窃, 失窃, 盗窃罪, 赃物\n[法] 盗窃行为, 偷窃, 失窃",gk cet6 ky toefl ielts
their,ðєә,pron. 他们的,zk gk
theirs,ðєәz,pron. 他们的,zk gk
theist,'θi:ist,"n. 有神论者, 一神论者",toefl
them,ðem,"pron. 他们, 她们, 它们",zk gk
thematic,θi:'mætik,"a. 题目的, 主题的, 主旋律的",gre
theme,θi:m,"n. 主题, 话题, 题目",gk cet4 cet6 ky toefl ielts
themselves,ðәm'selvz,"pron. 他们自己, 她们自己, 它们自己",zk gk
then,ðen,"adv. 然后, 当时\nconj. 然后, 当时\nn. 那时",zk gk
theocracy,θi'ɒkrәsi,"n. 神权政治, 神权国",gre
theological,θiә'lɔdʒikәl,a. 神学上的,ky
theorem,'θiәrәm,"n. 定理, 原理\n[化] 定理",cet6
theoretical,θiә'retikәl,"a. 理论的, 理论上的, 假设的, 推理的\n[计] 理论的",gk cet4 cet6 ky toefl ielts gre
theory,'θiәri,"n. 理论, 学说, 原理, 意见, 推测\n[化] 理论",gk cet4 cet6 ky ielts
therapeutic,.θerә'pju:tik,"a. 治疗的, 有益于健康的\n[医] 治疗的; 治疗学的",toefl gre
therapist,'θerәpist,n. 治疗学家\n[医] 治疗学家,ielts
therapy,'θerәpi,"n. 治疗\n[医] 疗法, 治疗",cet6 ky toefl ielts
there,ðєә,adv. 在那里,zk gk
thereafter,.ðєәr'æftә,"adv. 其后, 从那时以后",cet6 ky toefl
thereby,'ðєәbai,adv. 因此,cet4 cet6 ky toefl ielts
therefore,'ðєәfɒ:,"adv. 因此, 所以",gk cet4 cet6 ky toefl
therein,.ðєәr'in,"adv. 在其中, 在那里, 在那一点上",cet6
thereof,.ðєәr'ɒv,"adv. 在其中, 关于..., 由此\n[法] 由是, 由此, 属于它的",cet6
thermal,'θә:ml,"a. 热的, 热量的, 温泉的\nn. 上升温暖气流",cet6 ky toefl ielts gre
thermodynamics,.θә:mәudai'næmiks,n. 热力学\n[化] 热力学,toefl
thermometer,θә'mɒmitә,"n. 温度计, 体温计\n[化] 温度计",cet4 cet6 ky toefl ielts
thermos,'θә:mәs,n. 热水瓶,gk
thesaurus,θi'sɒ:rәs,"n. 专类辞典, 宝库, 知识宝库, 叙词表, 主题词表\n[计] 同义词, 同义词典",ielts
these,ði:z,pron. 这些,zk gk
thesis,'θi:sis,"n. 论题, 论文",cet6 ky toefl ielts gre
Thespian,'θespiәn,"a. 悲剧的, 戏剧的, 悲剧性的\nn. 演员, 悲剧演员",gre
they,ðei,"pron. 他们, 它们",zk gk
thick,θik,"a. 厚的, 粗壮的, 浓的, 迟钝的, 浑浊的, 多雾的, 过分的, 口齿不清的\nadv. 厚地, 密地, 浓浓地\nn. 最浓处, 最厚处, 最密集处\n[计] 暗, 粗线",zk gk cet4 cet6 ky
thicken,'θikәn,"vi. 变浓, 变厚, 变得模糊, 变为复杂\nvt. 使变厚, 加强, 使模糊",cet6
thicket,'θikit,"n. 丛林, 草丛",gre
thickness,'θiknis,"n. 厚度, 密度, 愚钝, 含混不清\n[医] 厚度",cet4 cet6 toefl
thief,θi:f,"n. 小偷, 贼\n[化] 取样",gk cet4 cet6 ky ielts
thigh,θai,"n. 大腿, 股\n[医] 股, 大腿",cet6 ky toefl ielts
thin,θin,"a. 薄的, 细的, 瘦的, 稀疏的, 稀薄的, 淡的, 弱的, 空洞的\nvt. 使变薄, 使变细, 使稀少, 使淡\nvi. 变薄, 变细, 变少, 变淡\nadv. 薄地, 稀疏地, 微弱地\nn. 细小部分",zk gk toefl
thing,θiŋ,"n. 事物, 东西, 物, 用品, 事, 事件, 情况, 行为, 特征",zk gk
think,θiŋk,"vt. 想, 考虑, 想起, 想像, 打算, 认为\nvi. 思考, 料想\nn. 想法\na. 思想的",zk gk
thinking,'θiŋkiŋ,"n. 思考, 思想\na. 思考的, 有理性的",gk ielts
third,θә:d,"num. 第三, 三分之一\n[机] 第三; 第三的",zk gk ielts
thirdly,'θә:dli,adv. 第三,cet4 cet6
thirst,θә:st,"n. 口渴, 渴望\nvi. 口渴, 渴望",gk cet4 cet6 ky ielts
thirsty,'θә:sti,"a. 口渴的, 渴望的, 干燥的",zk gk
thirteen,'θә:'ti:n,"num. 十三, 十三个",zk gk
thirty,'θә:ti,"num. 三十, 三十个",zk gk
this,θis,"pron. 这, 本\na. 这, 本\nadv. 这么",zk gk
thorn,θɒ:n,"n. 刺, 棘, 荆棘",cet4 cet6 ky toefl ielts gre
thorny,'θɒ:ni,"a. 多刺的, 令人苦恼的",toefl gre
thorough,'θʌrә,"a. 十分的, 彻底的",gk cet4 cet6 ky toefl ielts
thoroughly,'θʌrәli,"adv. 彻底地, 绝对地, 透彻地, 详尽地, 周到地, 完全地, 完善地, 全面地",cet6 toefl
those,ðәuz,pron. 那些,zk gk
though,ðәu,"adv. 然而, 可是\nconj. 虽然, 纵然",zk gk
thought,θɒ:t,"n. 想法, 思想, 思维, 关心, 挂念\nthink的过去式和过去分词",zk gk cet4 cet6 ky toefl ielts
thoughtful,'θɒ:tful,"a. 深思的, 体贴的",cet4 cet6 ky toefl ielts
thoughtless,'θɒ:tlis,"a. 欠考虑的, 无深虑的, 轻率的",cet6
thoughts,,n. 思想；思维；想法（thought的复数）,ielts
thousand,'θauznd,"num. 千\na. 成千的, 许多的\nn. 许许多多",zk gk ielts
thousand-fold,,"adv. 千倍, 千重\na. 千倍, 千重",toefl
thousandfold,'θauznd'fәuld,"a. 千倍的\nadv. 千倍地, 成千倍",toefl
thrall,θrɒ:l,"n. 奴隶, 束缚, 奴役",toefl gre
thrash,θræʃ,"vt. 打, 使逆行, 胜过, 推敲, 鞭打\nvi. 打谷, 痛打, 剧烈扭动, 逆行\nn. 打谷, (划水)鞭状动作",cet6 gre
thread,θred,"n. 线, 丝, 纤维, 线索\nvt. 穿线于, 穿过, 通过, 用线穿成\nvi. 穿过\n[计] 线索, 线程",zk gk cet4 cet6 ky toefl gre
threadbare,'θredbeә,"a. 衣服磨薄了的, 穿旧了的, 衣着褴褛的, 俗套的, 乏味的",gre
threadlike,'θredlaik,"a. 丝状的, 像丝的, 细长的",toefl
threat,θret,"n. 恐吓, 恶兆, 威胁\n[经] 威胁",cet4 cet6 ky toefl gre
threaten,'θretn,"vt. 恐吓, 威胁, 预示...的凶兆\nvi. 威胁, 恫吓, 可能来临",cet4 cet6 ky toefl
threateningly,'θretnɪŋlɪ,"adv. 威胁地, 胁迫地, 危险地",toefl
threats,θrets,"n. 威胁, 恐吓( threat的名词复数 ); 可能造成威胁的人[事, 想法]; 恶兆, 兆头",ielts
three,θri:,"num. 三, 三个",zk gk
three-dimensional,θri:'dimenʃәnәl,"a. 三维的, 立体的, 真实的",toefl
thresh,θreʃ,"vt. 打谷, 摔打, 反复研究, 推敲\nvi. 打谷, 鞭打, 剧烈扭动",cet6 toefl gre
threshold,'θreʃәuld,"n. 门槛, 入口, 开端, 阈\n[计] 阈; 阈值",cet6 ky toefl ielts
thrift,θrift,"n. 节约, 茂盛, 海石竹",ky toefl
thriftless,'θriftlis,"a. 不节俭的, 浪费的, 无用的",ky
thrifty,'θrifti,"a. 节俭的, 兴旺的, 繁茂的",cet6 ky toefl gre
thrill,θril,"n. 震颤, 激动, 刺激性, 一阵激动\nvi. 震颤, 颤抖, 激动\nvt. 使激动, 使颤动",gk cet4 cet6 ky ielts
thriller,'θrilә,"n. 使人激动的东西, 使人毛骨悚然的东西, 使人毛骨悚然的小说",gk ielts
thrive,θraiv,"vi. 繁荣, 兴旺, 茁壮成长\n[经] 兴旺, 繁荣, 旺盛",cet4 cet6 ky toefl ielts gre
throat,θrәut,"n. 咽喉, 喉咙, 嗓音\nvt. 用喉音说, 开沟于",gk cet4 cet6 ky ielts
throes,,"n. 阵痛, 临死的苦痛, 垂死的挣扎, 剧痛, 痛苦, 苦闷, 苦难, 艰苦的奋斗",gre
throne,'θrәun,"n. 王座, 君主",cet4 cet6 ky gre
throng,θrɒ:ŋ,"n. 群, 人群, 群集, 众多\na. 拥挤的\nvi. 群集, 蜂拥\nvt. 在...群集, 使拥塞",cet4 cet6 toefl ielts gre
throttle,'θrɒtl,"n. 节流阀, 节气阀, 喉咙\nvt. 扼喉咙, 使窒息, 压制, 使节流\nvi. 窒息, 节流, 减速",toefl gre
through,θru:,"adv. 穿越, 从头至尾, 到底, 因为\nprep. 经过, 穿过\na. 对穿的, 直达的, 完结的",zk gk
throughout,θru:'aut,"adv. 到处, 贯穿全部地, 自始至终\nprep. 遍及, 在各处\n[计] 吞吐量",gk cet4 cet6 ky ielts
throw,θrәu,"vt. 投, 掷, 抛, 发射, 摔下, 匆匆穿上(或脱下), 抛弃, 摆脱\nvi. 丢, 掷, 抛\nn. 投掷, 掷骰子, 冒险",zk gk toefl
throwback,'θrәubæk,"n. 掷回, 挫折, 阻止\n[医] 返祖者, 隔代遗传者",gre
thrust,θrʌst,"n. 插, 戳, 刺, 猛推, 口头攻击, 推力\nvt. 插入, 猛推, 刺, 戳, 强加, 延伸\nvi. 插, 刺, 戳, 延伸, (用力)推",cet4 cet6 ky toefl ielts gre
thumb,θʌm,"n. 拇指\nvt. 以拇指拨弄, 笨拙地摆弄, 用拇指翻旧, 迅速翻阅, 作搭车手势",cet4 cet6 ky toefl ielts
thump,θʌmp,"n. 重打, 重击声\nv. 重打, 撞击, 痛打",toefl
thunder,'θʌndә,"n. 雷, 雷声\nvi. 打雷, 轰隆地响, 怒喝\nvt. 大声喊出, 轰隆地发出",gk cet4 cet6 ky toefl ielts
thunderstorm,'θʌndәstɒ:m,n. 雷暴雨,gk toefl
Thursday,'θә:zdi,n. 星期四,zk gk ielts
thus,ðʌs,"adv. 如此, 因此, 到如此程度\n[医] 乳香",gk cet4 cet6 ky
thwart,θwɒ:t,"a. 横放的\nvt. 反对, 阻挠, 横过\nprep. 横过\nadv. 横过",toefl gre
Tibet,ti'bet,n. 西藏,gk
tick,tik,"n. 滴答声, 一瞬间, 壁虱, 褥套, 信用, 赊欠\nvi. 滴答响, 活动\nvt. 滴答地记录, 标记号于",gk cet4 cet6 ky ielts
ticket,'tikit,"n. 票, 券, 车票, 标签, 入场券, 证明书\nvt. 加标签于, 为...购票",zk gk toefl ielts
tickets,,n. 票；罚单（ticket的复数）,ielts
tickle,'tikl,"n. 胳肢, 痒\nvt. 胳肢, 使发痒, 使快乐, 逗乐\nvi. 觉得痒, 使人痒",cet6
tickler,'tiklә,"n. 难题, 难事, 备忘录, 呵痒的人\n[经] 备忘录, 记事本, 到期票据记录簿",gre
ticklish,'tikliʃ,"a. 易倒的, 不稳定的, 难对付的, 怕痒的",gre
tide,taid,"n. 潮, 潮汐, 趋势, 潮流, 涨潮, 高潮\nvt. 使随潮漂流\nvi. 顺潮行驶",cet4 cet6 ky toefl ielts
tidy,'taidi,"n. 椅子的背罩, 装杂物的容器\na. 整齐的, 有条理的\nvt. 弄整齐, 收拾, 整理\nvi. 整理, 收拾",zk gk cet4 cet6 ky ielts gre
tie,tai,"n. 带子, 线, 鞋带, 领带, 领结, 关系, 束缚, 平局, 不分胜负\nvt. 系, 打结, 扎, 约束, 与...成平局\nvi. 结合, 打结, 不分胜负",zk gk cet4 cet6 ky
tiff,tif,"n. 一口淡酒, 小争吵, 小口角, 淡酒\nvi. 小争吵, 生气",gre
tiger,'taigә,"n. 老虎, 虎, 凶暴的人",zk gk cet4 cet6 ky
tight,tait,"a. 紧的, 密封的, 吝啬的, 严厉的\nadv. 紧紧地",gk cet4 cet6 ky toefl
tighten,'taitn,"vt. 勒紧, 使变紧\nvi. 变紧, 绷紧",cet6 ielts
tightfisted,'tait'fistid,a. 吝啬的,gre
tightly,'taitli,"adv. 紧紧地, 坚固地",cet6
tile,tail,"n. 砖瓦, 瓷砖, 瓦片\nvt. 铺以瓦, 铺以瓷砖\n[计] 平铺",cet6 ky toefl ielts
tiles,,n. 瓷砖（tile的复数形式）,ielts
till,til,"prep. 直到, 在...以前, 迄\nconj. 直到...为止\nvt. 耕种\nn. 放钱的抽屉, 备用现金, 冰碛",zk gk toefl
tilt,tilt,"n. 倾斜, 倾向, 船篷, 车篷\nvt. 使倾斜, 使倾侧, 用帆布篷遮盖\nvi. 倾斜, 翘起, 冲, 评击\n[计] 倾斜",cet6 ky toefl ielts gre
timber,'timbә,"n. 木材, 木料\nvt. 用木材建造",cet4 cet6 ky toefl ielts gre
timbre,'timbә,"n. 音色, 音质\n[医] 音色, 音品",gre
time,taim,"n. 时间, 时侯, 时机, 时期, 期限, 次数, 节拍, 暂停, 规定时间\nvt. 测定...的时间, 记录...的时间, 计时, 定时\na. 时间的, 记时的, 定时的, 定期的, 分期的\n[计] DOS内部命令:用于显示或设定系统的时间",zk gk ielts
time-consuming,"'taimkәn,sju:miŋ",a. 耗时的,toefl
timely,'taili,"a. 及时的, 适时的\nadv. 及时地",cet6 ky ielts gre
timetable,'taimteibl,n. 时间表,gk cet4 cet6 ielts
timeworn,'taimwɒ:n,"a. 陈旧的, 老朽的",gre
timid,'timid,"a. 胆小的, 羞怯的",cet4 cet6 ky toefl gre
timidity,ti'miditi,"n. 胆小, 胆怯, 羞怯",toefl ielts gre
timorous,'timәrәs,"a. 胆怯的, 胆小的, 羞怯的",gre
tin,tin,"n. 锡, 马口铁, 罐头\nvt. 在...镀锡于\na. 锡制的\n[计] tin阅读程序",gk cet4 cet6 ky toefl
tinder,'tindә,n. 火绒盒,gre
tined,taind,a. 尖端的；有齿的,gre
tinge,tindʒ,"n. 色调, 色彩, 气味, 气息\nvt. 染, 使带气息",ielts gre
tingle,'tiŋgl,"vi. 激动, 感到刺痛, 抖动\nvt. 使感刺痛\nn. 刺痛, 震颤, 耳鸣",toefl
tinker,'tiŋkә,"n. 补锅匠, 会做各种修补活计的人\nvi. 做焊锅匠, 笨拙的修补\nvt. 修补",gre
tinplate,'tinpleit,"n. 镀锡铁皮, 马口铁\n[化] 镀锡薄钢板",toefl
tint,tint,"n. 色彩, 浅色\nvt. 染色于",toefl gre
tiny,'taini,"a. 很少的, 微小的",zk gk cet4 cet6 ky toefl
tip,tip,"n. 顶, 尖端, 梢, 末端, 倾斜, 垃圾场, 小费, 轻击, 指点, 秘密消息\nvt. 装顶端, 使倾斜, 使翻倒, 泄露, 告诫, 暗示, 给...小费, 轻击\nvi. 倾斜, 翻倒, 倾覆, 踮脚走, 给小费\n[计] 终端接口处理器, 提示, 技巧",gk cet4 cet6 ky toefl
tipple,'tipl,"vt. (习惯性地)少量饮(酒)\nvi. 饮酒\nn. 酒, 含酒饮料",toefl gre
tirade,'taireid,n. 激烈的长篇演说,gre
tire,taiә,"n. 轮胎, 头饰\nvt. 使疲倦, 使厌烦, 打扮\nvi. 疲劳, 厌倦",gk cet4 cet6 ky toefl gre
tired,taiәd,"a. 疲累的, 疲乏的, 厌倦的",zk gk
tiresome,'taiәsәm,"a. 累人的, 烦人的",cet6 ky
tissue,'tiʃu:,"n. 薄的织物, 薄纱, 棉纸, 组织, 一套\n[化] 组织",gk cet4 cet6 ky toefl ielts gre
Titanic,tai'tænik,a. 四价钛的\n[化] 钛; 正钛; 四价钛,toefl gre
title,'taitl,"n. 头衔, 名称, 标题, 书名, 扉页, 权利, 资格, 冠军, 字幕\nvt. 授予头衔, 加标题于\n[计] 标题",gk cet4 cet6 ky toefl ielts
titular,'titjulә,"a. 享有所有权的, 名誉上的, 有名无实的, 有头衔的\nn. 只有称号的人",gre
to,tu:,"prep. 到, 向, 趋于\nadv. 向前",zk gk
toad,tәud,"n. 蟾蜍, 癞蛤蟆, 讨厌的家伙",cet6 toefl
toady,'tәudi,"n. 谄媚者, 马屁精\nv. 谄媚, 拍马屁",gre
toast,tәust,"n. 吐司, 烤面包, 干杯\nvt. 敬酒, 烤, 使暖和\nvi. 烤, 烘",gk cet4 cet6 ky ielts
tobacco,tә'bækәu,"n. 烟草, 香烟\n[医] 烟草",gk cet4 cet6 ky toefl
today,tә'dei,"n. 今天, 当今, 现在\nadv. 今天, 当今",zk gk
toddle,'tɒdl,"vi. 东倒西歪地走, 蹒跚学步, 溜达\nn. 东倒西歪的走路, 蹒跚",ielts
toe,tәu,"n. 足趾, 趾部, 脚趾\nvt. 以趾踏触, 用脚尖走\nvi. 动脚尖",cet4 cet6 ky toefl
toed,tәjd,"a. 有趾的, 斜着钉进去的",toefl
together,tә'geðә,"adv. 一起, 共同, 彼此",zk gk
toil,tɒil,"n. 辛苦, 苦工, 网, 罗网, 圈套\nvi. 苦干, 跋涉",ielts gre
toilet,'tɒilit,"n. 厕所, 梳妆\nvi. 梳妆, 打扮, 上厕所\nvt. 给...梳妆打扮",zk gk cet4 cet6 ky
token,'tәukәn,"n. 表征, 记号, 代币\na. 象征的, 表意的\n[计] 记号",cet6 ky ielts
Tokyo,'tәukjәu,n. 东京\n[经] 东京,gk
tolerable,'tɒlәrәbl,"a. 可容忍的, 可以的",toefl ielts
tolerance,'tɒlәrәns,"n. 宽容, 忍受, 容忍, 容许量, 公差\n[计] 允许误差",cet4 cet6 ky toefl ielts gre
tolerant,'tɒlәrәnt,"a. 宽容的, 容忍的, (对冷、热)能耐的\n[医] 能耐受的",cet6 ky toefl
tolerate,'tɒlәreit,"vt. 宽容, 容许, 有耐力",gk cet4 cet6 ky toefl
toll,tәul,"n. 通行费, 代价, 钟声\nvt. 征收, 敲钟, 鸣钟, 勾引, 引诱\nvi. 征税, 鸣钟",ky toefl ielts gre
tomato,tә'mɑ:tәu,"n. 番茄, 西红柿",zk gk cet4 cet6 ky toefl
tomb,tu:m,"n. 坟墓, 死亡\nvt. 埋葬",gk cet4 cet6 ky
tombstone,'tu:mstәun,"n. 墓石, 墓碑\n[经] 墓碑, 墓志铭",gre
tomorrow,tә'mɒ:rәu,"n. 明天, 未来\nadv. 明天, 未来地",zk gk
ton,tʌn,n. 吨\n[经] 吨,zk gk cet4 cet6 ky
tone,tәun,"n. 音调, 音质, 语调, 语气, 色调, 气氛, 状况, 思想状态\nvt. 给...定色调, 增强, 使...的声调和谐, 定音调\nvi. 颜色调和\n[计] 双音频",cet4 cet6 ky
tones,,n. 声调；基本音色（tone的复数）,ielts
tongs,tɔŋz,"n. 钳子, 夹具\n[医] 钳",gre
tongue,tʌŋ,"n. 舌, 语言能力, 讲话方式, 语言\nvt. 舔, 斥责, 发...的音\nvi. 使用舌头, 吹管乐器",zk gk cet4 cet6 ky toefl ielts
tonic,'tɒnik,"n. 补药, (音乐)主调音或基音\na. 滋补的, 声调的, 使精神振作的",ielts gre
tonight,tә'nait,"n. 今晚, 今夜\nadv. 今晚, 今夜",zk gk
tonsorial,tɒn'sɒ:riәl,"a. 理发师的, 理发的",gre
too,tu:,"adv. 也, 非常, 太",zk gk
tool,tu:l,"n. 工具, 机床, 傀儡\nvt. 用工具加工\nvi. 使用工具",zk gk cet4 cet6 ky
tools,tu:lz,"n. 工具, 工具菜单；工具箱（tool的复数形式）",ielts
tooth,tu:θ,"n. 牙齿, 齿状物, 爱好\nvt. 装以齿, 将...切成齿状\nvi. 啮合",zk gk
toothache,'tu:θeik,n. 牙痛\n[医] 牙痛,zk gk
toothbrush,'tu:θbrʌʃ,n. 牙刷,zk gk
toothed,tu:θt,"a. 有齿的, 锯齿的, 锯齿状的",toefl
toothpaste,'tu:θpeist,n. 牙膏\n[化] 牙膏,zk gk
top,tɒp,"n. 顶部, 顶端, 极点, 上面, 上部, 顶篷, 最高地位, 首位, 陀螺\na. 最高的, 顶上的, 头等的\nvt. 盖, 加以顶, 高达, 超越\nvi. 结束, 达到顶点, 高出\n[计] TOP协议",zk gk cet4 cet6 ky ielts
topic,'tɒpik,"n. 主题, 论题, 话题",gk cet4 cet6 ky toefl ielts
topics,,abbr. 总联机程序和信息控制系统（Total On-line Program and Information Control System）,ielts
topographical,",tɔpә'^ræfikәl","a. 地形的, 地形学的, 地形测量的",toefl
topography,tә'pɒgrәfi,"n. 地志, 地形学, 地势, 局部解剖学\n[医] 局部解剖, 局部记载",toefl
topple,'tɒpl,"vt. 推翻, 颠覆\nvi. 倒塌, 摇摇欲坠",gre
topsoil,'tɒpsɒil,"n. 上层土, 表层土",toefl
topsy-turvy,.tɒpsi'tә:vi,"adv. 颠倒地, 乱七八糟地\na. 颠倒的, 乱七八糟的\nn. 颠倒, 混乱\nvt. 使颠倒, 使混乱",gre
torch,tɒ:tʃ,"n. 火把, 启发之物\n[化] 火炬",cet4 cet6 ky ielts
torment,'tɒ:ment,"n. 使人痛苦的东西, 折磨者, 苦痛\nvt. 使苦恼, 纠缠, 歪曲, 拷问",cet6 ky toefl ielts gre
tornado,tɒ:'neidәu,"n. 旋风, 龙卷风, 大雷雨",toefl ielts gre
torpedo,tɒ:'pi:dәu,"n. 鱼雷, 水雷, 地雷\nvt. 用鱼雷袭击, 破坏",cet6 gre
torpid,'tɒ:pid,"a. 麻痹的, 迟缓的, 迟钝的, 蛰伏的\n[医] 迟钝的, 不活泼的, 缓慢的",toefl gre
torpor,'tɒ:pә,"n. 麻木, 无感觉, 迟钝\n[医] 迟钝, 不活泼",toefl gre
torque,tɒ:k,"n. 扭转力, 转矩, 项圈\n[化] 转矩",cet6 toefl gre
torrent,'tɒ:rәnt,"n. 奔流, 倾盆大雨, 倾注, 迸发",cet4 cet6 ky toefl ielts gre
torrential,tɒ'renʃәl,"a. 奔流的, 急流的, 猛烈的",toefl gre
torrid,'tɒ:rid,"a. 晒热的, 酷热的, 炎热的",gre
torso,'tɔ:sәu,"n. 躯干, 裸体躯干雕像\n[医] 躯干",gre
tortoise,'tɒ:tәs,"n. 龟, 行动迟缓的人",gk cet4 cet6
tortuous,'tɒ:tʃuәs,"a. 扭曲的, 弯曲的, 转弯抹角的, 欺骗的\n[医] 纡曲的, 弯曲的",toefl gre
torture,'tɒ:tʃә,"n. 拷问, 苦闷\nvt. 拷问, 曲解, 折磨, 使弯曲",cet4 cet6 ky ielts gre
toss,tɒs,"n. 投掷, 抛, 摇摆, 震荡, 掷钱币决定\nvt. 投掷, 猛抬, 摇荡, 使不安, 掷钱币决定\nvi. 被到处扔, 摇摆, 颠簸, 辗转, 掷钱币决定某事",cet4 cet6 ky ielts gre
total,'tәutl,"a. 全体的, 总的, 全然的\nvt. 计算...的总和, 共计为\nvi. 合计\nn. 总数, 全体, 合计\nadv. 统统",zk gk cet4 cet6 ky ielts
totalitarian,.tәutæli'tєәriәn,a. 极权主义的\nn. 极权主义者,gre
totality,'tәutæliti,"n. 全体, 总数, 全食",toefl
totally,'tәutli,adv. 完全地,gk
totem,'tәutәm,"n. 图腾, 标志物, 崇拜物",gre
totter,'tɒtә,"vi. 蹒跚, 动摇\nn. 蹒跚的步子",gre
touch,tʌtʃ,"n. 触觉, 碰, 触, 机灵, 轻触, 格调, 少许, 缺点, 弹力\nvt. 接触, 触摸, 触及, 使接触, 达到, 涉及, 影响到, 使轻度受害, 感动\nvi. 触摸, 接近, 涉及, 提到",zk gk cet4 cet6 ky toefl
touchable,'tʌtʃәbl,"a. 可触的, 可使感动的",cet6
touchdown,'tʌtʃdaun,"n. 触地, 触地得分, 着地",toefl
touched,tʌtʃt,"a. 精神不太正常的, 受感动的",toefl
touching,'tʌtʃiŋ,"a. 动人的, 令人同情的",toefl ielts gre
touchstone,'tʌtʃstәun,"n. 试金石, 检验标准",gre
touchy,'tʌtʃi,"a. 易怒的, 难以取悦的, 过于敏感的",toefl ielts gre
tough,tʌf,"n. 恶棍\na. 强硬的, 艰苦的, 坚固的, 坚韧的, 粗暴的, 咬不动的",gk cet4 cet6 ky toefl ielts
toupee,'tu:pei,n. 男子假发,gre
tour,tuә,"n. 旅游, 观光旅行, 任期\nvi. 旅行, 周游, 巡回\nvt. 周游, 观光, 游历, 使巡回演出",zk gk cet4 cet6 ky ielts
touring,'tuәriŋ,n. 游览\na. 游览的,ielts
tourism,'tuәrizm,"n. 观光业, 游览\n[经] 旅游业",gk ielts
tourist,'tuәrist,"n. 观光客, 旅行者\na. 旅游的",zk gk ielts
tourists,'tʊərɪsts,"n. 旅行者, 观光客( tourist的名词复数 )",ielts
tournament,'tә:nәmәnt,"n. 比赛, 竞赛, 锦标赛, 联赛",gk ky toefl ielts gre
tourniquet,'tuәniket,"n. 止血器, 压脉器\n[医] 止血带, 压脉器",gre
tours,tuәz,n. 图尔斯（姓氏）；图尔市（法国城市名）,ielts
tousle,'tauzl,"vt. 使蓬乱, 弄乱\nn. 乱发, 杂乱, 凌乱",gre
tout,taut,"vi. 招徕顾客, 兜售物品\nvt. 招徕, 刺探...情报\nn. 兜售者, 侦查者",gre
tow,tәu,"n. 拖, 拖绳, 拖轮\nvt. 拖, 拉, 牵引",cet6 ky toefl ielts
toward,tә'wɒ:d,"prep. 向, 对于, 为了\na. 即将来临的, 进行中的",zk gk cet4 ky
towards,tә'wɔ:dz,"prep. 向, 对于, 为了",cet4 cet6
towel,'tauәl,"n. 手巾, 毛巾\nv. 擦干身子",zk gk cet4 cet6 ky toefl ielts
tower,'tauә,"n. 塔, 高楼, 堡垒\nvi. 高耸, 翱翔",zk gk cet4 cet6 ky toefl ielts
towering,'tauәriŋ,"a. 高耸的, 激烈的",toefl
town,taun,"n. 城镇, 市, 镇\n[法] 城镇, 城市, 闹市",zk gk ielts
toxic,'tɒksik,"a. 有毒的, 中毒的\n[医] 中毒的, 毒物的",cet6 ky toefl ielts gre
toxin,'tɒksin,n. 毒素\n[化] 毒素,gre
toy,tɒi,"n. 玩具, 小玩艺儿, 小型的东西, 消遣\na. 供玩耍的, 作为玩具的\nvi. 玩弄, 戏弄, 调情",zk gk cet4 cet6 ky gre
toys,,n. 玩具（toy的复数）,ielts
trace,treis,"n. 痕迹, 踪迹, 微量, 迹线, 缰绳\nvt. 追踪, 回溯, 描绘\nvi. 追溯, 沿路走",cet4 cet6 ky toefl ielts
traceable,'treisәbl,"a. 可追踪的, 可描绘的\n[经] 可追溯的, 可追踪的",gre
track,træk,"n. 轨迹, 足迹, 径迹, 小道, 轨道, 磁轨, 途径\nvt. 循路而行, 追踪, 通过, 用纤拉\nvi. 追踪, 留下足迹, 沿轨道运行\n[计] 跟踪",gk cet4 cet6 ky toefl ielts gre
tract,trækt,"n. 大片土地, 地带, 小册子\n[医] 束, 道",cet6 toefl ielts gre
tractability,.træktә'biliti,"n. 驯良, 温顺, 易处理",gre
tractable,'træktәbl,"a. 驯服的, 易于管教的\n[经] 易加工的, 易处理的",toefl gre
traction,'trækʃәn,"n. 曳, 牵引, 牵引力\n[医] 牵引",toefl ielts
tractor,'træktә,"n. 牵引器, 拖拉机, 拉纸器\n[计] 进纸器",gk cet4 cet6 ky toefl ielts
trade,treid,"n. 贸易, 商业, 交易, 生意, 职业, 顾客, 信风\nvi. 进行交易, 做买卖, 经商, 对换, 购物\nvt. 用...进行交换",zk gk cet4 cet6 ky ielts
trademark,'treidmɑ:k,n. 商标\n[法] 商标,cet6 ky
trader,'treidә,"n. 商人, 商船\n[经] 交易者, 商船",cet6
tradesman,'treidzmәn,"n. 零售商, 工匠\n[经] 商人, 店主, 零售商",cet6
tradition,trә'diʃәn,"n. 传说, 传统, 交付\n[法] 传统, 惯例, 移交",gk cet4 cet6 ky
traditional,trә'diʃәnl,"a. 传统的, 惯例的\n[经] 传统的, 惯例的",zk gk cet4 cet6 ielts
traditionally,,adv. 传统上；传说上；习惯上,toefl
traduce,trә'dju:s,"vt. 诽谤, 中伤, 背叛\n[法] 诽谤, 中伤, 诋毁",toefl gre
traffic,'træfik,"n. 交通, 通行, 运输, 交通量, 贸易, 交易, 交往, 通信量\nvi. 交易, 做买卖\nvt. 用...作交换\n[计] 通信量, 传输量",zk gk cet4 cet6 ky toefl ielts
tragedy,'trædʒidi,"n. 悲剧, 惨案, 悲剧作品\n[法] 惨事, 灾难, 不辛",cet4 cet6 ky toefl ielts gre
tragic,'trædʒik,"a. 悲惨的, 悲剧的",cet6 ky
trail,treil,"n. 踪迹, 痕迹, 一串, 尾部, 小径, 持枪姿势\nvt. 拖, 尾随, 追踪, 落后于, 开出路\nvi. 拖曳, 垂下, 落后, 飘出, 蔓生",cet4 cet6 ky toefl ielts
train,trein,"n. 火车, 列车, 行列, 长队, 一连串的后果, 顺序\nvt. 训练, 教育, 对准\nvi. 受训练, 锻炼",zk gk ielts
trainer,'treinә,"n. 训练员, 驯马师\n[电] 列车器",gk
training,'treiniŋ,"n. 训练, 培养\n[医] 训练",zk gk cet4 cet6 ky ielts
trainload,'treinlәud,"n. 装载量, 列车载重",toefl
trains,,n. 火车；行列（train的复数形式）,ielts
trait,treit,"n. 特征, 特性, 一笔, 少许",cet6 ky toefl ielts gre
traitor,'treitә,"n. 叛逆者, 叛国者\n[法] 叛徒, 叛逆, 背信者",cet4 cet6 ky toefl ielts gre
trajectory,trә'dʒektri,"n. 轨道, 弹道, 轨线\n[化] 轨道",gre
tram,træm,"n. 电车轨道, 煤车, 纬纱, 纬丝\nvt. 用煤车运载\nvi. 乘电车",gk cet4 cet6 ky
trammel,'træml,"n. 鱼网, 拘束, 束缚\nvt. 拘束, 束缚",gre
tramp,træmp,"n. 坚实(或沉重)的脚步声, 流浪者\nvi. 践踏, 重步行走, 步行, 流浪\nvt. 走过, 踩",cet4 cet6 ky ielts gre
trample,'træmpl,"n. 践踏(声), 蹂躏\nv. 践踏, 无视",cet6 toefl ielts gre
trance,træns,"n. 昏睡状态, 恍惚, 着迷\nvt. 使恍惚, 使发呆",gre
tranquil,'træŋkwil,a. 安静的,cet6 toefl
tranquility,.træŋ'kwiliti,n. 宁静,toefl ielts gre
transact,træn'sækt,"vt. 办理, 处理\nvi. 作交易, 谈判",toefl
transaction,træn'sækʃәn,"n. 交易, 办理, 学报, 和解协议\n[计] 事务处理",cet6 ky toefl ielts gre
transcend,træn'send,"vt. 超越, 胜过",cet6 ky toefl ielts gre
transcendent,træn'sendәnt,"a. 卓越的, 出类拔萃的, 超常的\nn. 卓越的人, 超绝物",ky gre
transcendental,.trænsen'dentl,"a. 卓越的, 超凡的, 先验的",ky gre
transcontinental,'trænzkɔnti'nentәl,"a. 横贯大陆的, 大陆那边的",toefl
transcribe,træn'skraib,"vt. 抄写, 译, 意译, 录制, 改编\n[计] 转录",gre
transcript,'trænskript,"n. 抄本, 副本, 成绩单\n[法] 法院文本, 官方记录, 记录的副本",toefl ielts
transfer,træns'fә:,"n. 迁移, 移动, 传递, 转让, 转移, 过户, 汇兑, 换车\nvt. 使转移, 调转, 调任, 改变, 传递, 转让\nvi. 转移, 转学, 转职, 换车\n[计] 传送",cet4 cet6 ky toefl ielts gre
transfigure,træns'figә,"vt. 使变形, 使改观, 美化",gre
transfix,træns'fiks,"vt. 刺穿, 使呆住, 使固定\n[医] 贯穿, 刺通",toefl
transform,træns'fɒ:m,"vt. 使转换, 改变, 改造, 使...变形\nvi. 改变, 转化, 变换\n[计] 变换",gk cet4 cet6 ky toefl ielts
transformation,.trænsfә'meiʃәn,"n. 变形, 变质, 变化, 改革, 变换\n[化] 转化; 变换",cet4 cet6 toefl
transformer,træns'fɒ:mә,"n. 变压器, 促使变化的人\n[化] 变压器",cet4 cet6
transfuse,træns'fju:z,"vt. 输血, 充满\n[医] 输血, 输液",ielts gre
transgress,træns'gres,"vt. 违反, 犯罪, 侵犯\nvi. 越界, 违法",ielts gre
transgression,træns'greʃәn,"n. 违反, 犯罪\n[医] 亲和转移",gre
transience,'trænziәns,"n. 顷刻, 无常, 短暂",gre
transient,'trænziәnt,"n. 瞬, 短期居留者, 过境鸟, 瞬变现象\na. 短暂的, 易变的, 瞬变的, 路过的\n[计] 瞬变过程; 过渡过程; 过渡的; 瞬变的; 瞬时峰值电压",cet6 ky toefl gre
transistor,træn'zistә,n. 晶体管\n[化] 晶体管,cet4 cet6 ky ielts
transit,'trænsit,"n. 经过, 通行, 运输, 运输线, 转变\nvt. 运送, 使通过, 经过\nvi. 通过",cet6 toefl ielts
transition,træn'ziʃәn,"n. 转变, 转换, 变迁, 过渡时期, 临时转调\n[化] 跃迁",cet6 ky toefl ielts gre
transitory,'trænsitәri,"a. 暂时的, 短暂的, 昙花一现的\n[法] 临时性诉讼, 可选择管辖区的诉讼; 临时的, 过渡的",toefl gre
translate,træns'leit,"vt. 翻译, 解释, 转化, 转变为, 调动\nvi. 翻译, 被译\n[计] 转换",zk gk cet4 cet6 ky
translation,træns'leiʃәn,"n. 翻译, 译文, 转化, 调任, 平移, 转译\n[计] 转换",gk cet4 cet6 ky toefl
translator,træn'leitә,n. 翻译者\n[计] 翻译程序; 翻译器,gk
translucent,træns'lu:snt,"a. 半透明的, 透明的",toefl ielts gre
transmission,træns'miʃәn,"n. 传输, 传送, 变速器\n[计] 传输",cet4 cet6 ky toefl ielts
transmit,træns'mit,"vt. 传输, 传染, 传达, 遗传, 发射, 传播\nvi. 发射信号, 留传下来\n[计] 传送",cet4 cet6 ky toefl gre
transmitter,træns'mitә,"n. 传送者, 传达人, (疾病的)传播者\n[计] 发散机; 发送器",toefl
transmute,træns'mju:t,"vt. 使变形, 使变质\nvi. 变形, 变质",toefl gre
transparent,træns'pærәnt,"a. 透明的, 显然的, 清晰的\n[计] 透明",gk cet4 cet6 ky toefl ielts gre
transpire,træn'spaiә,"vt. 使蒸发, 使排出\nvi. 蒸发, 散发, 泄露",toefl
transplant,træns'plɑ:nt,"vt. 使移居, 移植, 使迁移\nvi. 移居, 耐移植\nn. 移居者, 移植",cet4 cet6 ky toefl ielts
transplantation,trænsplɑ:n'teiʃәn,"n. 移植, 移民, 移植术\n[医] 移植术",gre
transport,træns'pɒ:t,"n. 运输, 运输工具, 激动, 狂喜, 流放犯\nvt. 传送, 运输, 流放\n[计] 传送",gk cet4 cet6 ky ielts gre
transportation,.trænspә'teiʃәn,"n. 运输, 输送, 交通车辆\n[经] 运转, 运输, 运输费",cet4 cet6 ielts
transpose,træns'pәuz,"vt. 调换, 颠倒顺序, 移项\nvi. 互换位置\n[计] 转置",gre
transverse,træns'vә:s,"n. 横断物\na. 横的, 横向的",cet6
trap,træp,"n. 圈套, 陷阱, 诡计, 存水弯\nvi. 设圈套, 设陷阱\nvt. 诱捕, 诱骗, 抓住, 使受限制\n[计] 俘获; 陷井",gk cet4 cet6 ky toefl ielts
trapeze,trә'pi:z,n. 吊秋千,gre
trapper,'træpә,"n. 设陷阱捕兽者, 设陷阱猎兽者, 看门工",toefl
trash,træʃ,"n. 垃圾, 废物\nvt. 丢弃",ky toefl
trauma,'trɒ:mә,"n. 外伤, 损伤\n[医] 创伤, 外伤",ielts
travel,'trævl,"n. 旅行, 游历, 行进\nvi. 旅行, 行进, 移动, 被传播\nvt. 旅行, 通过, 使移动",zk gk ielts
traveler,'trævlә,"n. 旅行者, 游客, 旅客, 旅行推销员, 活动起重架, 行车, 临时记帐单",gk
travelers,,n. 旅行者；旅客（traveler的复数形式）,ielts
traveling,'trævliŋ,"a. 旅行的, 旅行用的, 移动的",ielts
traverse,'trævә:s,"n. 越过, 横贯, 横断物, 屏障, 否认, 反驳\nvt. 横过, 穿过, 经过, 详细研究, 反对, 在...来回移动\nvi. 横越, 横断, 旋转, 来回移动\na. 横亘的, 横贯的",cet6 toefl ielts gre
travesty,'trævisti,"n. 拙劣的模仿作品, 嘲弄, 滑稽模仿\nvt. 滑稽地模仿, 歪曲",toefl gre
trawl,trɒ:l,n. 拖网\nv. 用拖网捕鱼,gre
tray,trei,"n. 托盘, 公文盘, 满盘, 发射箱\n[化] 淋盘",cet4 cet6 ky toefl
treacherous,'tretʃәrәs,"a. 不可信任的, 危险的, 背叛的, 不可靠的\n[法] 奸诈的, 背叛的, 背信弃义的",toefl gre
treachery,'tretʃәri,"n. 背叛, 变节\n[法] 背叛, 变节, 背信弃义",gre
tread,tred,"n. 踏, 步态, 梯级, 交尾, 鞋底\nvi. 踏, 行走, 交尾\nvt. 踩, 踏, 践踏, 跳(舞)",cet6 toefl gre
treadmill,'tredmil,"n. 踏车, 令人厌倦的工作\n[法] 踏车",toefl
treason,'tri:zn,"n. 叛逆, 不忠, 叛国罪\n[法] 叛逆, 通敌, 叛国罪",cet4 cet6 ky toefl gre
treasure,'treʒә,"n. 宝物, 财富\nvt. 珍爱, 重视, 秘藏",zk gk cet4 cet6 ky toefl
treasurer,'treʒәrә,"n. 会计, 出纳员, 司库\n[经] 司库, 财务主任, 财政大臣",cet6 gre
treat,tri:t,"n. 宴请, 款待\nvt. 视为, 对待, 论述, 治疗, 款待\nvi. 讨论, 谈判, 作东",gk cet4 cet6 ky toefl
treatise,'tri:tis,"n. 论文, 专著",ielts gre
treatment,'tri:tmәnt,"n. 治疗, 待遇, 处理\n[医] 疗法, 治疗; 处理",zk gk cet4 cet6 toefl ielts
treaty,'tri:ti,"n. 条约, 谈判\n[经] 协议, 协定, 协商",cet4 cet6 ky ielts gre
treble,'trebl,"n. 最高声部, 三倍\na. 三倍的, 最高声部的\nvt. 使增为三倍\nvi. 成为三倍",ielts
tree,tri:,"n. 树, 木料, 树状物\nvt. 把...赶上树\n[计] 树; DOS外部命令:显示指定磁盘驱动器的目录结构",zk gk ielts
trees,,n. 树木；乔木；树状结构（tree的复数）,ielts
trek,trek,"vi. 牛拉货车, 艰苦跋涉\nn. 牛车旅行, 艰苦跋涉",ielts gre
tremble,'trembl,"n. 战栗, 颤抖\nvi. 战栗, 忧虑, 摇晃",gk cet4 cet6 ky toefl ielts
tremendous,tri'mendәs,"a. 巨大的, 非常的, 可怕的",cet4 cet6 ky toefl ielts gre
tremendously,trə'mendəslɪ,adv. 极大地; 极端地; 极其; 非常,cet6
tremor,'tremә,"n. 震动, 颤动\n[医] 震颤",toefl gre
tremulous,'tremjulәs,"a. 发抖的, 战栗的, 胆小的\n[医] 震颤的",gre
trench,trentʃ,"n. 渠, 沟渠, 战壕\nvt. 在...开沟, 挖战壕于, 用战壕围住\nvi. 挖战壕, 开沟",cet6 ky toefl ielts gre
trenchant,'trentʃәnt,"a. 锐利的, 尖锐的, 有力的, 鲜明的, 清晰的",gre
trend,trend,"n. 趋势, 倾向, 走向\nvi. 倾向, 转向\n[计] 趋势",gk cet4 cet6 ky toefl ielts gre
trends,,"n. 动态, 趋势",ielts
trepidation,.trepi'deiʃәn,"n. 恐惧, 惊惶, 忧虑\n[医] 震颤, 抖颤; 悸惧",toefl gre
trespass,'trespәs,"n. 擅自进入, 非法侵入, 侵害\nvi. 侵害, 侵入, 打扰, 冒犯",toefl ielts gre
trespasser,'trespәsә,"n. 侵害者, 违反者, 侵入者",toefl
tresses,,"n. 女子的长发, 长而未束的女人头发",gre
trial,'traiәl,"n. 审判, 试验, 艰苦, 麻烦事, 考验\na. 审讯的, 试验性的",gk cet4 cet6 ky toefl ielts
triangle,'traiæŋgl,"n. 三角形, 三个一组, 三角关系\n[医] 三角, 三角形",gk cet4 cet6 ky toefl ielts
triangular,trai'æŋgjulә,"a. 三角形的, 三人间的\n[医] 三角的, 三角形的",cet6
tribal,traibl,"a. 部落的, 宗族的",toefl
tribe,traib,"n. 宗族, 部落, 一群人\n[医] 族(生物分类)",cet4 cet6 ky toefl ielts
tribulation,.tribju'leiʃәn,"n. 苦难, 困苦, 苦难的缘由",toefl gre
tribunal,trai'bju:nl,"n. 法庭, 法官席, 裁决\n[法] 法庭, 裁判所, 裁判",gre
tributary,'tribjutәri,"a. 支流的, 纳贡的, 从属的, 辅助的\nn. 支流, 纳贡者, 属国",toefl ielts gre
tribute,'tribju:t,"n. 贡物, 礼物, 颂辞",cet6 ky toefl gre
tributes,t'rɪbju:ts,n. （尤指旧时一国向他国交纳的）贡品( tribute的名词复数 ); （良好效果或影响的）体现; （尤指对死者的）致敬; 称赞,ielts
trick,trik,"n. 诡计, 欺诈, 谋略, 恶作剧, 习惯, 决窍\nvt. 愚弄, 欺骗, 装饰\nvi. 哄骗, 戏弄\na. 有决窍的, 特技的, 欺诈的, 漂亮的, 靠不住的",gk cet4 cet6 ky toefl ielts
trickery,'trikәri,"n. 欺骗, 欺诈, 诡计\n[法] 诡计, 奸计, 诈骗",gre
trickle,'trikl,"n. 滴, 细流\nvi. 滴, 细细地流\nvt. 使滴, 使小量流动\n[计] 信息透露",toefl ielts gre
Trident,'traidnt,"n. 三齿鱼叉, 三叉戟, 三叉线\na. 三叉的, 三齿的",gre
trifle,'traifl,"n. 琐事, 少量\nvt. 浪费\nvi. 开玩笑, 翻弄, 虚度光阴",cet4 cet6 ky ielts gre
trifling,'traifliŋ,"a. 没什么价值的, 微不足道的, 轻浮的",toefl
trigger,'trigә,"n. 触发器, 扳机\nvt. 触发, 发射, 引起\nvi. 松开扳柄\n[计] 切换开关",cet6 ky toefl ielts gre
trillion,'triljәn,n. 大量\n[经] 兆,toefl
trilogy,'trilәdʒi,"n. 三部剧, 三部曲\n[医] 三联, 三联症",toefl gre
trim,trim,"n. 整齐, 情形, 修剪\na. 整齐的\nvt. 使整齐, 整理, 修剪\nvi. 调整, 见风使舵\n[计] 库存管理检查规则程序",cet4 cet6 ky toefl ielts gre
trinity,'triniti,"n. 三人一组, 三个一组的东西, 三位一体",ielts
trinket,'triŋkit,"n. 小件饰物, 无价值的琐碎东西, 小玩意儿",gre
trio,'tri:әu,n. 三重唱,gre
trip,trip,"n. 旅行, 绊倒, 摔倒, 失足, 差错, 旅程\nvt. 使跌倒, 使犯错, 使失败\nvi. 轻快地走, 绊倒, 失误, 犯错, 结巴, 旅行, 远足",zk gk toefl ielts
triple,'tripl,"n. 三倍数, 三个一组\na. 三倍的\nvt. 使增至三倍\nvi. 增至三倍",cet6 ky ielts
tripod,'traipɒd,"n. 三脚桌, 三脚架\n[医] 三脚架, 三脚台",gre
trite,trait,"a. 老一套的, 陈腐的, 用坏的",gre
triumph,'traiәmf,"n. 凯旋, 胜利, 欢欣\nvi. 得胜, 成功",cet4 cet6 ky toefl ielts gre
triumphant,trai'ʌmfәnt,"a. 得胜的, 得意洋洋的",cet6
trivia,'triviә,n. 琐事,gre
trivial,'tiviәl,"a. 琐碎的, 不重要的, 轻微的, 平常的",cet6 ky toefl ielts gre
trolley,'trɒli,"n. 电车, 手推车, 台车\nvt. 用手推车运\nvi. 乘电车",cet6 ky toefl ielts
troop,tru:p,"n. 军队, 一群, 一队\nvi. 群集, 结队, 成群而行",gk cet4 cet6 ky toefl
trophy,'trәufi,"n. 战利品, 奖品\nvt. 用战利品装饰",gre
tropic,'trɒpik,n. 回归线,cet6 ky ielts
tropical,'trɒpikl,"a. 热带的, 热情的\n[医] 热带的",cet4 cet6 ky toefl
tropics,,n. 热带地区,toefl
trot,trɒt,"n. 快步\nvi. 快步走, 小跑\nvt. 使小跑, 策马小跑",cet6 toefl
trouble,'trʌbl,"n. 烦恼, 麻烦, 困难, 动乱, 故障\nvt. 困扰, 麻烦, 使烦恼, 折磨\nvi. 烦恼, 费心",zk gk toefl ielts
troublesome,'trʌblsәm,"a. 麻烦的, 令人讨厌的",gk cet4 cet6 ky toefl
troubling,,n. 浊度；浑浊度,toefl
trough,trɒ:f,"n. 槽, 水槽, 饲料槽\n[化] 料槽",toefl
troupe,tru:p,"n. 团, 班, 一伙\nvi. 巡回演出",ky toefl ielts gre
trousers,'trauzәz,"pl. 裤子, 长裤",zk gk cet4 cet6 ky ielts
trove,trәuv,"n. 发现物, 收藏品\n[法] 发现物, 收藏物",toefl
trowel,'trauәl,"n. 泥铲, 泥刀\nvt. 用泥铲涂",gre
truancy,'tru:әnsi,"n. 玩忽职守, 旷课\n[法] 旷学, 旷职, 玩忽职守",gre
truant,'tru:әnt,"n. 懒惰的人, 玩忽职守者, 旷课者\na. 偷懒的, 旷课的, 游荡的\nvi. 偷懒, 旷课",ielts gre
truce,tru:s,"n. 停战, 休战\nvi. 停战, 休止\nvt. 以休战结束",ielts gre
truck,trʌk,"n. 卡车, 货车, 对...进行交易, 来往, 实物工资, (供应市场的)蔬菜, 废物, 废话\nvt. 对...进行交易, 交往, 以卡车运输\nvi. 驾驶卡车, 以物易物",zk gk cet4 cet6 ky
truculent,'trʌkjulәnt,"a. 野蛮的, 粗暴的, 致命的, 好斗的",gre
trudge,trʌdʒ,"n. 沉重的步伐, 长途跋涉\nvi. 步履艰难地走, 蹒跚地走\nvt. 跋涉",toefl gre
true,tru:,"a. 真实的, 正确的, 忠诚的, 可靠的, 纯粹的, 正式的\nn. 真实, 准确\nadv. 真实地, 准确地",zk gk
truism,'tru:izm,"n. 自明之理, 众所周知, 老生常谈\n[法] 老生常谈, 陈词滥调",gre
truly,'tru:li,"adv. 真实地, 不假",gk cet4 cet6
trumpery,'trʌmpәri,"n. 华而不实的东西, 中看不中用的东西, 废物, 废话\na. 虚有其表的, 浅薄的, 无用的",gre
trumpet,'trʌmpit,"n. 喇叭, 小号, 喇叭声\nvi. 吹喇叭\nvt. 用喇叭吹出, 吹嘘",cet4 cet6 ky toefl ielts gre
trumpeter,'trʌmpitә,"n. 小号吹奏者, 号兵, 吹鼓手",toefl
truncate,'trʌŋkeit,"vt. 切去头端, 缩短, 截棱, 使成平面\na. 切去了头的, 缩短了的",gre
trunk,trʌŋk,"n. 树干, 干线, 躯干, 主干, 象鼻, 箱子\nvt. 把...放入旅行箱内\na. 树干的, 躯干的, 干线的, 箱形的\n[计] 中继线; 母线",gk cet4 cet6 ky toefl ielts gre
truss,trʌs,"vt. 捆绑\nn. 捆, 束",gre
trust,trʌst,"n. 信任, 信赖, 相信, 受托, 职责, 信心, 托拉斯\na. 信托的, 托拉斯的\nvt. 信赖, 信任, 相信, 盼望, 赊卖给\nvi. 相信, 信赖, 依靠\n[计] 委托, 信任",zk gk cet4 cet6 ky
trustworthy,'trʌst.wә:ði,"a. 可信赖的\n[法] 可信任的, 可靠的, 可信赖的",toefl ielts gre
truth,tru:θ,"n. 事实, 实情\n[法] 真实, 真相, 事实",zk gk cet4 cet6 ky toefl
try,trai,"n. 尝试, 试验, 审理, 审判\nvt. 试, 尝试, 试验, 考验, 审问, 提炼\nvi. 尝试, 试图",zk gk
trying,'traiiŋ,"a. 难受的, 难堪的\n[法] 裁决, 审判, 审理; 使人痛苦的, 难堪的, 难处的",toefl
tub,tʌb,"n. 桶, 浴盆\nvt. 装入桶, 洗澡\nvi. 洗盆浴, 被放在桶里洗",cet4 cet6 ky toefl
tube,tju:b,"n. 管, 软管, 隧道\nvt. 把...装管, 使通过管子\n[计] 管子",gk cet4 cet6 ky toefl ielts
tuber,'tju:bә,"n. 块茎, 突起, 结节\n[医] 结节; 块茎(植物)",gre
tuberculosis,"tju,bә:kju'lәusis",n. 肺结核\n[医] 顿挫性结核,cet6
tuck,tʌk,"n. 缝褶, 活力, 鼓声, 船尾突出部, 食品\nvt. 打褶, 卷起, 挤进, 塞, 收藏\nvi. 缝褶裥, 缩拢",cet4 cet6 ky ielts
Tuesday,'tju:zdi,n. 星期二,zk gk ielts
tug,tʌg,"n. 用力拉, 拖曳, 苦干, 挣扎, 绳索\nv. 用力拉",cet6 ky toefl ielts
tuition,tju:'iʃәn,"n. 学费, 讲授",cet4 cet6 ky toefl ielts
tulip,'tju:lip,n. 郁金香,cet6
tumble,tʌmbl,"n. 跌倒, 摔跤, 翻斤斗\nvi. 翻倒, 摔倒, 倒塌, 滚动, 翻斤斗, 仓促地行动\nvt. 使摔倒, 使滚翻, 弄乱",cet4 cet6 ky toefl ielts
tumid,'tju:mid,"a. 肿胀的, 肿大的\n[医] 肿胀的",toefl gre
tumour,'tju:mә,"n. 瘤, 肿块",ky ielts
tumult,'tju:mʌlt,"n. 骚动, 吵闹, 混乱\n[法] 骚乱, 骚动, 暴乱",toefl ielts gre
tuna,'tju:nә,"n. 金枪鱼, 金枪鱼肉",cet6
tundra,'tʌndrә,"n. 苔原, 冻原",toefl gre
tune,tju:n,"n. 歌曲, 主旋律, 心情, 声调, 和谐, 一致, 语调, 程度\nvt. 为...调音, 调整, 调谐, 使一致\nvi. 协调, 调谐",gk cet4 cet6 ky toefl ielts
tunnel,'tʌnl,"n. 隧道, 地下道\nvi. 挖隧道\nvt. 掘隧道于",cet4 cet6 ky toefl ielts
tunnels,ˈtʌnəlz,"n. 隧道, 地道( tunnel的名词复数 ); （动物栖息的）穴",ielts
turbine,'tә:bain,n. 涡轮机\n[化] 涡轮机,cet4 cet6 ky
turbulence,'tә:bjulәns,"n. 混乱, 动荡, 骚乱, 紊流\n[化] 湍流; 紊流",toefl
turbulent,'tә:bjulәnt,"a. 狂暴的, 骚乱的, 紊乱的",cet4 cet6 ky toefl ielts gre
turf,tә:f,"n. 草皮, 泥炭, 跑马场\nvt. 覆草皮于",ielts
turgid,'tә:dʒid,"a. 肿的, 浮夸的\n[医] 充满的, 胀满的",gre
turkey,'tә:ki,"n. 火鸡, 无用的家伙, 土耳其",gk cet4 cet6 ky
turmoil,'tә:mɒil,"n. 骚动, 混乱",cet6 toefl ielts gre
turn,tә:n,"n. 转弯, 转动, 旋转, 翻转, 一圈, 顺次, 改动, 变化, 性格, 特色, 形状, 转折\nvt. 使旋转, 转弯, 转动, 使转向, 驱赶, 阻挡, 兑换, 改写, 使作对, 绕过, 使流通\nvi. 转动, 转弯, 转向, 翻转, 回转, 改变, 转身, 变成, 变质, 晕眩, 易脱手",zk gk
turncoat,'tә:nkәut,"n. 背叛者, 变节者\n[法] 脱党者, 变节者, 判徒",gre
turning,'tә:niŋ,"n. 旋转, 转弯处, 车削工作\n[化] 车削",cet4 cet6 ielts
turnip,'tә:nip,"n. 芜菁, 芜菁甘蓝\n[医] 芜菁, 萝卜",cet4 cet6
turnover,'tә:n.әuvә,"n. 翻倒, 翻转, 半圆酥饼, 营业额, 流通, 周转\na. 可翻转的",cet6 ky ielts
turnpike,,"n. 收税栅, 收税路, 收税高速公路, 公路, 大道",toefl
turpitude,'tә:pitju:d,"n. 卑鄙行为, 卑鄙\n[法] 邪恶, 可耻行为, 卑鄙",gre
turquoise,'tә:kwɒiz,"n. 绿松石, 绿松石色",toefl gre
turret,'tʌrit,"n. 塔楼, 角楼, 攻城用仰冲车\n[机] 转塔, 多角刀架",gre
turtle,'tә:tl,n. 海龟,cet6 toefl
tusk,tʌsk,"n. 长牙, 獠牙, 尖物\nvt. 以长牙刺戳, 以长牙掘",gre
tussle,'tʌsl,"n. 扭打, 争斗, 论争\nvi. 扭打, 打斗",gre
tutelage,'tju:tilidʒ,"n. 守护, 监护, 指导\n[法] 监护, 保护, 指导",gre
tutor,'tju:tә,"n. 家庭教师, 导师, 助教, 监护人\nvt. 当...的教师, 教, 指导, 约束, 克制\nvi. 当家庭教师, 受家庭教师的指导",gk cet4 cet6 ky toefl ielts gre
tutorial,tju:'tɒ:riәl,"n. 个别指导, 论文, 学习指南, 指导手册\na. 个别指导的, 家庭教师的, 辅导的\n[计] 教程",toefl ielts
tuxedo,tʌk'si:dәu,"n. 无尾礼服, 男小礼服",gre
TV,'ti:'vi:,"电视\n[计] 电视, 转移向量",zk gk ky ielts
twaddle,'twɒdl,"n. 废话, 蠢话\nvi. 讲废话",gre
tweezers,'twi:zәz,n. 镊子,ielts
twelfth,twelfθ,"num. 第十二, 十二分之一",zk gk
twelve,twelv,"num. 十二, 十二个",zk gk
twentieth,'twentiiθ,"num. 第二十, 二十分之一",zk gk
twenty,'twenti,"num. 二十, 二十个",zk gk
twice,twais,"adv. 两次, 两倍",zk gk
twig,twig,"n. 小枝, 细枝\nv. 懂得, 了解",toefl ielts gre
twilight,'twailait,"n. 暮光, 曙光, 黎明, 黄昏, 微光, 朦胧状态\na. 微明的",cet6 ielts
twin,twin,"n. 双胞胎中一人, 一对非常相像的人(或物)中的一个\na. 双胞胎的, 成对的, 孪生的\nvi. 生双胞胎, 成对\nvt. 怀(双胞胎), 使成对",gk cet4 cet6 ky
twine,twain,"n. 合股线, 麻线, 搓\nv. 搓, (使)交织, 编饰, (使)缠绕",toefl
twinge,twindʒ,"n. 一阵一阵痛, 刺痛, 剧痛\nvt. 使一阵一阵痛, 使刺痛",gre
twinkle,'twiŋkl,"n. 闪烁, 闪耀, 瞬息\nvi. 闪烁\nvt. 使闪耀",cet4 cet6 ky ielts
twist,twist,"n. 一扭, 扭曲, 曲折, 歪曲, 螺旋状, 新手法\nvt. 拧, 扭, 捻, 编织, 使扭转, 缠绕, 盘绕, 歪曲, 使转动, 使苦恼, 使混乱, 使旋转\nvi. 转向, 弯曲, 缠绕, 扭动, 呈螺旋形",gk cet4 cet6 ky toefl ielts
two,tu:,"num. 二, 二个",zk gk
tycoon,tai'ku:n,"n. 企业界大亨, 将军\n[经] 企业界巨头, 企业家",toefl gre
type,taip,"n. 类型, 样式, 典型, 榜样, 标志, 符号, 型, 式\nvi. 打字\nvt. 作为代表, 测定类型, 用打字机打\n[计] 类型; 键入; DOS内部命令:在屏幕上显示指定文件的内容",gk cet4 cet6 ky ielts
types,,v. 打字（type的第三人称单数形式）,ielts
typewriter,'taip.raitә,n. 打字机,gk cet4 cet6 ky
typhoon,tai'fu:n,n. 台风,gk cet4 cet6 ky ielts gre
typical,'tipikl,"a. 典型的, 象征性的\n[医] 典型的",gk cet4 cet6 ky toefl ielts
typify,'tipifai,"vt. 代表, 象征, 为...之典型",toefl
typist,'taipist,n. 打字员,gk cet4 cet6 ky
typo,'taipәu,"n. 排印(或打字)错误, 印刷工, 排字工",gre
typographical,",taipә'^ræfikәl","a. 印刷上的, 活版印刷的\n[计] 印刷的",gre
tyrannical,tai'rænikl,"a. 暴虐的, 暴君的, 残暴的",toefl ielts
tyranny,'tirәni,"n. 专制, 暴政\n[法] 苛政, 暴政, 专横",cet6 gre
tyrant,'taiәrәnt,"n. 暴君\n[法] 专制君主, 暴君, 压制他人者",cet6 gre
tyre,'taiә,n. 轮胎\nvt. 装轮胎于,gk cet4 cet6 ielts
tyro,'tairәu,"n. 初学者, 生手, 新手",gre
ubiquitous,ju:'bikwitәs,"a. 无所不在的, 到处存在的, 普遍存在的",gre
ugly,'ʌgli,"a. 丑陋的, 邪恶的, 险恶的, 不祥的\nn. 丑陋的人(或物)",zk gk cet4 cet6 ky ielts gre
ulcer,'ʌlsә,"n. 溃疡, 腐烂物\n[医] 溃疡",gre
ulcerate,'ʌlsәreit,"vt. 使溃疡, 使腐败\nvi. 溃烂, 腐败",gre
ulterior,ʌl'tiәriә,"a. 隐秘不明的, 在特定界限以外的, 将来的, 隐蔽的\n[法] 进一步的, 日后的, 将来的",gre
ultimate,'ʌltimit,"n. 终极, 根本, 顶点, 基本原则\na. 终极的, 根本的, 极限的, 最远的, 最后的, 最大的",cet4 cet6 ky toefl gre
ultimately,'ʌltimәtli,"adv. 最后, 最终\n[法] 最后, 终究, 总之",cet4 cet6 ielts
ultimatum,.ʌlti'meitәm,"n. 最后通牒, 基本原理\n[法] 最后通牒, 哀的美敦书, 最后结论",toefl ielts
ultramundane,'ʌltrә'mʌndein,"a. 世界之外的, 太阳系外的, 超俗的, 非现世的",gre
ultrasonic,.ʌltrә'sɒnik,n. 超声波\na. 超音速的,cet6 toefl
ultrasonics,,n. 超声学\n[医] 超声学,toefl
ultraviolet,.ʌltrә'vaiәlit,a. 紫外线的\n[化] 紫外线的; 紫外线,cet6 ky toefl ielts
umbrage,'ʌmbridʒ,"n. 不快, 生气, 阴影, 树荫, 怀疑等模糊感觉",gre
umbrella,ʌm'brelә,"n. 伞, 雨伞, 保护伞\na. 伞的, 包罗万象的\nvt. 用伞遮掩",zk gk
umpire,'ʌmpaiә,"n. 裁判员, 仲裁人\nvt. 对...进行仲裁, 当...的裁判\nvi. 当裁判",gre
unable,ʌn'eibl,"a. 不能的, 不会的\n[法] 无能力的, 无资格的, 没有办法的",gk cet4 cet6
unadorned,'ʌnә'dɔ:nd,"a. 无装饰的, 未装饰的, 不加渲染的, 朴素的",toefl
unaffected,.ʌnә'fektid,"a. 不矫揉造作的, 自然的, 未受影响的, 未被感动的\n[经] 不受影响的",gre
unaided,.ʌn'eidid,"a. 无助的, 未受协助的",toefl
unanimity,.ju:nә'nimiti,"n. 无异议, 同意, (全体)一致\n[法] 全体一致, 一致同意, 合意",toefl
unanimous,ju:'nænimәs,"a. 意见一致的, 无异议的",cet6 ky toefl ielts gre
unassuming,'ʌnә'sju:miŋ,"a. 谦逊的, 不装腔作势的",gre
unavoidable,.ʌnә'vɒidәbl,"a. 不可避免的, 不得已的, 不能作废的\n[医] 难免的",cet6
unbearable,.ʌn'bєәrәbl,"a. 无法忍受的, 承受不住的",gk cet4 cet6 toefl
unbecoming,.ʌnbi'kʌmiŋ,"a. 不适合的, 不合体的, 不相配的",toefl gre
unbelievable,.ʌnbi'li:vәbl,a. 难以置信的,gk
unbend,.ʌn'bend,"vt. 把...弄直, 使...伸直, 放松, 使松弛, 解开\nvi. 变直, 松弛",gre
unbiased,.ʌn'baiәst,"a. 没有偏见的\n[法] 无偏见的, 大公无私的, 公平的",toefl
unbidden,.ʌn'bidn,"a. 未奉命的, 未受指使的, 自发的, 未受邀请的",gre
unblemished,.ʌn'blemiʃt,"a. 无瑕疵的, 无缺点的, 无污点的, 清白的",toefl
unbridgeable,.ʌn'bridʒәbl,"a. 不能架桥的, 不能逾越的",toefl
unbridled,.ʌn'braidld,"a. 无缰辔的, 不受控制的, 无拘束的",toefl gre
unbroken,'ʌn'brәukәn,"a. 未破损的, 未被征服的, 未打垮的, 不屈服的, 不涣散的, 整齐的, 未中断的\n[法] 未被阻断的, 未破损的, 完好的",toefl
uncanny,.ʌn'kæni,"a. 怪诞的, 可怕的, 离奇的, 神秘的",toefl gre
uncertain,.ʌn'sә:tn,"a. 不确定的, 无常的, 不确信的, 不可预测的\n[法] 不确定的, 未定的, 不确信的",gk cet4 cet6
uncharted,.ʌn'tʃɑ:tid,"a. 图上未标明的, 未知的\n[法] 无人探险过的, 未知的, 海图上未载明的",toefl
uncle,ʌŋkl,"n. 叔父, 伯父, 姨丈",zk gk
uncomfortable,.ʌn'kʌmfәtәbl,"a. 不舒服的, 不自在的, 不安的",gk cet4 cet6 ielts
uncommitted,'ʌnkә'mitid,"a. 未遂的, 不受约束的, 独立于...的, 自由的, 不负义务的, 未被监禁的\n[经] 不受约束的",gre
unconditional,.ʌnkәn'diʃәnl,"a. 无条件的, 无限制的, 绝对的\n[经] 无条件的, 无保留的",gk ielts
unconscionable,.ʌn'kɒnʃәnәbl,"a. 不受良心支配的, 不合理的, 过度的",gre
unconscious,.ʌn'kɒnʃәs,"a. 未意识到的, 无意识的, 无知觉的\n[医] 人事不省的, 神志丧失的; 无意识的",gk cet4 cet6 toefl ielts gre
unconventional,.ʌnkәn'venʃәnl,"a. 不依惯例的, 非传统的, 非常规的",cet6 toefl
unconvincing,ʌnkәn'vinsiŋ,a. 不足以令人相信的,toefl ielts
uncooperative,'ʌnkәu'ɔpәrәtiv,"a. 不合作的, 不配合的, 执拗的",gre
uncouth,.ʌn'ku:θ,"a. 笨拙的, 粗野的, 荒凉的",toefl gre
uncover,.ʌn'kʌvә,"vt. 揭露, 揭开, 暴露, 脱帽致敬\nvi. 脱帽致敬, 揭去盖子",cet4 cet6 ky toefl
unctuous,'ʌŋktjuәs,"a. 油的, 油质的, 油腻的, 虚情假意的\n[医] 油滑的, 油样的",gre
undaunted,.ʌn'dɒ:ntid,"a. 大无畏的, 勇敢的",toefl
under,'ʌndә,"prep. 在...之下, 低于\na. 下面的, 从属的\nadv. 在下面",zk gk
underbid,.ʌndә'bid,"vt. 出较低的价钱, 出价低于(他人)\nvi. 喊价过低, 叫牌过低",gre
undercut,'ʌndәkʌt,"n. 底切, 牛腰部下侧嫩肉, 下口, 下旋削球\nvt. 廉价出售, 底切, 雕出, 下旋削球\nvi. 切除底部",gre
underdeveloped,.ʌndәdi'velәpt,"a. 开发不充分的, 不发达的, 发育不全的",toefl
underdog,.ʌndә'dɒg,"n. 斗败了的狗, 失败者, 受害者\n[法] 受压迫者, 在不健全的社会的受害者",gre
underestimate,.ʌndәr'estimeit,"n. 低估\nvt. 低估, 看轻",cet6 ky toefl ielts
underestimated,",ʌndə'estimeitid","v. 对…估计不足, 低估( underestimate的过去式和过去分词 ); 对…认识不足（或重视不够）, 低估, 轻视",gre
undergird,'ʌndә'^ә:d,"vt. 从底层加固, 支持, 加强",gre
undergo,.ʌndә'gәu,"vt. 遭受, 经历, 忍受\n[法] 经受, 经历, 忍受",cet4 cet6 ky toefl ielts
undergraduate,.ʌndә'grædjuit,"n. 大学本科生, 大学肄业生\na. 大学生的",cet4 cet6 ky toefl ielts
underground,'ʌndәgraund,"n. 地下, 地铁, 地道, 秘密活动\na. 地下的, 秘密的\nadv. 在地下, 秘密地",zk gk toefl ielts
underhanded,'ʌndә'hændid,"a. 人手不足的, 秘密的, 卑劣的",gre
underlie,.ʌndә'lai,"vt. 位于...之下, 成为...的基础",ky toefl
underline,'ʌndәlain,"vt. 在...下面划线, 作...的衬里, 强调\nn. 下划线, 图下说明文字\n[计] 加下划线; 下划线",gk cet4 cet6 ky ielts
underling,'ʌndәliŋ,"n. 部下, 下手, 下属",gre
underlying,.ʌndә'laiiŋ,"a. 在下面的\n[经] 优先的, 基础的, 放在下面的",cet6 ky toefl ielts gre
undermine,.ʌndә'main,"vt. 在...下面挖, 渐渐破坏, 暗地里破坏\n[法] 暗中破坏, 以阴谋中伤伤害",cet6 ky toefl ielts gre
underneath,.ʌndә'ni:θ,adv. 在下面\nprep. 在...的下面,cet4 cet6 ky toefl ielts
underplay,.ʌndә'plei,"vt. 表演不充分, 扣着大牌不出而出小牌, 对...轻描淡写\nvi. 表演角色不充分\nn. 秘密行动, 不充分的表演",gre
underrate,.ʌndә'reit,"vt. 低估, 对...估计过低, 看轻",gre
underscore,.ʌndә'skɒ:,vt. 划线于...下\nn. (表强调的)下划线\n[计] 底线,toefl gre
understand,.ʌndә'stænd,"vt. 理解, 了解, 领会, 听说, 懂\nvi. 懂得, 认为",zk gk toefl
understanding,.ʌndә'stændiŋ,"n. 理解, 谅解\n[法] 协商, 协议, 谅解",gk cet4 cet6 ky ielts
understate,.ʌndә'steit,"v. 不完全地陈述, 保守地说, 有意轻描淡写",gre
understated,.ʌndә'steitid,a. 轻描淡写的；低调的；朴素的；不夸张的,gre
understatement,ʌndә'steitmәnt,"n. 软弱无力的陈述, 克制的说法\n[经] 少报",gre
understudy,'ʌndәstʌdi,"n. 预备演员, 替角\nvt. 通过观察掌握某工作, 通过实习掌握某工作\nvt.vi. 练习当替角",gre
undertake,.ʌndә'teik,"vt. 试图, 从事, 保证, 承担, 同意, 接受\n[化] 承包; 承担",gk cet4 cet6 ky toefl ielts
undertaking,.ʌndә'teikiŋ,"n. 事业, 企业, 保证\n[经] 企业, 事业, 承担",cet4 cet6 toefl
underutilized,ˌʌndəˈju:təlaɪzd,a. 未充分利用的,gre
underwater,'ʌndә'wɒ:tә,a. 在水中的\nadv. 在水下,toefl
underwear,'ʌndәwєә,n. 内衣,gk cet6
underwrite,'ʌndәrait,"vt. 签名于下, 给...保险\nvi. 经营保险业",ielts gre
undeserved,.ʌndi'zә:vd,"a. (赏、罚等)不该受的, 不应得的",toefl gre
undesirable,.ʌndi'zaiәrәbl,"a. 不受欢迎的, 不合乎社会道德标准的\n[法] 不受欢迎的人, 不良份子, 不法份子",cet6 ky gre
undifferentiated,"'ʌn,difә'renʃieitid","a. 无差别的, 一致的, 尚未显出差别的",toefl
undirected,.ʌndi'rektid,"a. 未受指导的, 无姓名和地址的",gre
undisputable,",ʌndis'pju:tәbl","a. 无可置否的, 无疑问的",gre
undistorted,'ʌndis'tɔ:tid,"a. 未失真的, 不偏激的",toefl
undisturbed,.ʌndi'stә:bd,"a. 未被扰乱的, 安静的, 镇定的",toefl
undivided,.ʌndi'vaidid,"a. 未分开的, 专一的, (组织等)未分裂的\n[法] 不可分割的, 完整的, 未分割的",gk
undo,.ʌn'du:,"vt. 解开, 取消, 破坏, 毁灭, 扰乱\nvi. 松开\n[计] 撤消",gk cet4 cet6 ky toefl ielts
undoubtedly,ʌn'dajtidli,"adv. 无疑, 必定, 确实地",cet4 cet6 ky toefl ielts
undue,.ʌn'dju:,"a. 不适当的, 过度的, 未到期的\n[经] 未到(支付)期的",ielts
undulate,'ʌndjuleit,"a. 波动的, 起伏的\nvi. 波动, 起伏, 呈波浪形\nvt. 使起伏, 使波动",gre
unearth,.ʌn'ә:θ,"vt. 发掘, 掘出, 从洞中赶出, 揭露, 发现",toefl gre
unearthly,.ʌn'ә:θli,"a. 非世间的, 神秘的, 怪异的",gre
uneasy,.ʌn'i:zi,"a. 心神不安的, 不自在的, 不稳定的, 不舒服的",cet4 cet6 ky ielts
unemployed,.ʌnim'plɒid,"a. 失业的, 未被利用的\n[经] 没有被雇用的, 失业的, 没有被利用的",toefl
unemployment,.ʌnim'plɒimәnt,"n. 失业, 失业人数\n[经] 失业",gk cet6 ky ielts
unenlightened,.ʌnin'laitnd,"a. 愚昧无知的, 未受启发的",gre
uneven,.ʌn'i:vәn,"a. 不平坦的, 不均等的, 奇数的",ielts
unevenly,,adv. 不平坦地；不均衡地；不平行地,toefl
unexceptionable,.ʌnik'sepʃәnәbl,"a. 无懈可击的, 极好的, 完美无缺的",gre
unexceptional,'ʌnik'sepʃәnl,"a. 非例外的, 平常的, 不特别的, 不容许有例外的",gre
unexpected,.ʌnik'spektid,"a. 料想不到的, 突然的, 意外的\n[法] 不能预料的, 意外的",cet4 cet6 ky
unexplored,'ʌniks'plɔ:d,a. 未勘查过的,toefl
unfailing,.ʌn'feiliŋ,a. 可靠的；经久不衰的；无穷尽的,gre
unfair,.ʌn'fєә,"a. 不公平的, 不正直的, 不正当的\n[法] 不正直的, 不公平的, 偏颇的",gk cet4 cet6 toefl ielts
unfasten,.ʌn'fɑ:sn,"vt. 解开, 放松",gre
unfavorable,.ʌn'feivәrәbl,"a. 不宜的, 不顺利的, 反对的\n[法] 不利的, 有害的, 不吉祥的",toefl
unfeigned,.ʌn'feind,"a. 非假装的, 真实的, 诚实的",gre
unfertilized,'ʌn'fә:tilaizd,a. 未施肥的,toefl
unfit,.ʌn'fit,"a. 不适当的, 不胜任的, 不健康的\nvt. 使不相宜, 使不合格",gk cet6
unflappable,.ʌn'flæpәbl,"a. 不慌张的, 镇定的",gre
unfold,.ʌn'fәuld,"vt. 展开, 打开, 披露, 开展, 挑明\nvi. 伸展, 开花, 呈现",gk cet6 ky toefl ielts gre
unfortunate,.ʌn'fɒ:tʃәnit,"a. 不幸的, 不合适的, 不吉利的",gk cet4 cet6
unfortunately,ʌn'fɔ:tjjnәtli,"adv. 恐怕, 不幸的是",gk cet4 cet6 ky toefl
unfounded,'ʌn'faundid,"a. 没有事实根据的, 没有理由的, 虚幻的, 未建立的\n[法] 无根据的, 无稽的, 没有理的",gre
ungainly,.ʌn'geinli,"a. 难看的, 不优雅的, 粗陋的",ielts gre
ungrudging,'ʌn'^rʌdʒiŋ,"a. 不吝惜的, 慷慨的, 自愿的, 由衷的\n[法] 出自内心的, 自愿的, 情愿的",gre
unguarded,.ʌn'gɑ:did,"a. 没有防卫的, 不留神的, 不小心的, 大意的",gre
unguent,'ʌŋgwәnt,"n. 软膏, 药膏, 润滑油\n[医] 软膏",gre
unhappy,.ʌn'hæpi,"a. 不快乐的, 不幸的, 不适当的",gk cet4 cet6
unhealthy,.ʌn'helθi,a. 不健康的,gk ielts
unicorn,'ju:nikɔ:n,n. 似马的独角兽\n[医] 单角的,gre
unidimensional,'ju:nidi'menʃәnl,[计] 一维的,gre
unification,.ju:nifi'keiʃәn,"n. 统一, 联合, 一致\n[医] 连结; 统一",gre
uniform,'ju:nifɒ:m,"n. 制服\na. 统一的, 一律的, 始终如一的",gk cet4 cet6 ky toefl ielts gre
uniformity,.ju:ni'fɒ:mәti,"n. 无差异, 同样, 划一, 一致\n[医] 均匀性",toefl
uniformly,'ju:nifɔ:mli,"adv. 一样, 一致, 相同, 一直不变, 一贯, 始终如一, 均质, 一律, 均匀\n[计] 均匀地",cet6
unify,'ju:nifai,"v. 统一, 使成一体",cet6 ky toefl ielts gre
unilateral,.ju:ni'lætәrәl,"a. 单方面的, 单边的, 片面的\n[医] 单侧的, 一侧的",ielts gre
unimaginable,.ʌni'mædʒinәbl,"a. 不能想象的, 不可思议的",toefl
unimpassioned,'ʌnim'pæʃәnd,"a. 没有热情的, 不动感情的",gre
unimpeachable,.ʌnim'pi:tʃәbl,"a. 无懈可击的, 无可指责的, 无过失的",gre
unimportant,.ʌnim'pɒ:tnt,a. 不重要的,gk
uninhabited,'ʌnin'hæbitid,"a. 无人居住的, 杳无人迹的",toefl
uninitiated,ˌʌnɪˈnɪʃieɪtɪd,"a. 外行的, 缺少经验的",gre
union,'ju:njәn,"n. 联盟, 联合, 结合, 工会\n[化] 联合; 联管节; 活接头",gk cet4 cet6 ky toefl ielts
unique,ju:'ni:k,"a. 独一无二的, 独特的, 稀罕的",gk cet4 cet6 ky toefl ielts gre
uniqueness,ju:'ni:knis,[计] 唯一性,toefl
unison,'ju:nisn,"n. 调和, 和谐, 一致, 齐唱, 齐奏\na. 共同做的, 同声的",gre
unit,'ju:nit,"n. 单位, 分队, 部队, 单元, 部件, 装置\na. 单位的, 单元的\n[计] 单元常数; 部件",zk gk cet4 cet6 ky
unite,ju:'nait,"vi. 联合, 接合, 混合\nvt. 使联合, 统一, 使粘合, 使结合",gk cet4 cet6 ky
united,ju:'naitid,"a. 联合的, 团结的, 一致的, 和睦的\n[法] 联合的, 统一的, 一致的",ielts
unity,'ju:niti,"n. 一致, 联合, 单一(性), 个体\n[经] 统一",cet4 cet6 ky toefl
universal,.ju:ni'vә:sl,"a. 全世界的, 普遍的, 宇宙的, 通用的\nn. 一般概念",gk cet4 cet6 ky toefl ielts
universally,ju:ni'v\\\\:sәli,"adv. 宇宙, 全世界, 普遍, 一般, 普通, 全体, 一致, 通用, 万能, 广用, 广泛",cet6
universe,'ju:nivә:s,"n. 宇宙, 星系, (思想等)范围",gk cet4 cet6 ky toefl
universities,ˌjuːnɪˈvɜː(r)sətiz,n. 大学( university的名词复数 ),ielts
university,.ju:ni'vә:siti,n. 大学,zk gk cet4 cet6 ky
univocal,ju:'nivәkl,"a. 单一意思的, 意义明确的",gre
unjust,.ʌn'dʒʌst,"a. 不公平的\n[法] 不公正的人; 不公正的, 不公平的, 不合理的",cet4 cet6
unjustified,,"[计] 未经调整的, 未对齐的",gre
unjustly,ˌʌn'dʒʌstlɪ,"adv. 不义地, 不法地",gre
unkempt,'ʌnkempt,"a. 蓬乱的, 未被照管好的",gre
unkind,.ʌn'kaind,"a. 不仁慈的, 不亲切的",cet4 cet6
unknown,.ʌn'nәun,"a. 不知道的, 未知的, 陌生的\nn. 未知物, 未知数",gk cet4 cet6
unleash,.ʌn'li:ʃ,"vt. 解开...的皮带, 发出, 发动",gre
unless,.ʌn'les,conj. 除非\nprep. 除...之外,zk gk cet4 cet6 ky toefl
unlike,.ʌn'laik,"a. 不像的, 不同的\nprep. 不像, 和...不同",gk cet4 cet6 ky
unlikely,.ʌn'laikli,a. 不太可能的,cet4 cet6 ky toefl ielts
unlimited,.ʌn'limitid,"a. 无限的, 不受限制的, 无条件的\n[经] 无限的, 不定的",cet6
unload,.ʌn'lәud,"vi. 卸货\nvt. 从...卸下, 摆脱...之负担, 倾销, 卸(货)\n[计] 卸载",cet4 cet6 ky toefl
unlock,.ʌn'lɒk,"vt. 开...的锁, 开启, 表露, 放出\nvi. 被开启, 揭开, 解放\n[计] 解出锁定",cet6
unlucky,.ʌn'lʌki,"a. 不吉利的, 不祥的, 不幸的",cet4 cet6
unmarried,.ʌn'mærid,"a. 未婚的, 单身的\n[法] 未婚的, 独身的",gk
unmatched,.ʌn'mætʃt,"a. 无比的, 无匹敌的, 不相配的\n[化] 不匹配的",toefl
unmitigated,.ʌn'mitigeitid,"a. 未缓和的, 未减轻的, 全然的\n[法] 全然的, 绝对的, 未减轻的",gre
unmoved,.ʌn'mu:vd,"a. 没有动过的, 不动摇的, 坚决的, 冷静的",gre
unnecessary,.ʌn'nesәsәri,a. 不必要的,cet4 cet6
unnoticed,'ʌn'nәutist,"a. 不被注意的, 被忽视的\n[法] 未被注意的, 未被顾及的:不瞩目的",gre
unobstructed,'ʌnәb'strʌktid,"a. 没有障碍的, 没有阻挡的",toefl
unobtrusive,.ʌnәb'tru:siv,"a. 不唐突的, 不引人注目的, 谦虚的",gre
unorthodox,.ʌn'ɒ:θәdɒks,"a. 非正统的, 异教的",cet6
unpack,.ʌn'pæk,"vt. 从包裹中取出, 卸下, 打开\nvi. 打开包裹\n[计] 拆开",toefl
unpaid,.ʌn'peid,"a. 未付款的, 不支薪水的\n[经] 未付的, 未缴纳的",cet6
unpalatable,.ʌn'pælәtәbl,"a. 不可口的, 味道差的, 不好吃的",toefl gre
unparalleled,.ʌn'pærәleld,"a. 无比的, 无双的, 空前的",toefl
unpleasant,.ʌn'pleznt,"a. 使人不愉快的, 使人厌恶的, 煞风景的",gk cet4 cet6
unprecedented,.ʌn'presidentid,"a. 空前的\n[经] 空前的, 无前例的",cet6 toefl gre
unpredictable,.ʌnpri'diktәbl,a. 不可预知的,toefl
unpremeditated,.ʌnpri'mediteitid,"a. 未经事先考虑的, 无预谋的, 偶然的\n[法] 非故意的, 无预谋的, 无准备的",gre
unprepossessing,ʌnpri:pә'zesiŋ,"a. 不讨人喜欢的, 不吸引人的",gre
unpretentious,ʌnpri'tenʃәs,"a. 不铺张的, 不炫耀的, 不装模作样的, 不招摇的, 谦逊的, 质朴的",gre
unprincipled,.ʌn'prinsipld,"a. 不讲道德的, 不正直的",gre
unproductive,.ʌnprә'dʌktiv,"a. 不生产的, 无出产的, 不毛的\n[经] 非生意性的, 浪费的",gre
unpromising,'ʌn'prɔmisiŋ,"a. 没有希望的, 没有前途的, 结果未必良好的",toefl
unprovoked,.ʌnprә'vәukt,"a. 未受挑衅的, 无正当理由的\n[法] 无正当理由的, 无缘无故的, 未受刺激的",gre
unqualified,.ʌn'kwɒlifaid,"a. 不合格的, 无资格的, 不胜任的\n[经] 无条件的, 不合格的, 无资格的",gre
unquestionably,,"adv. 毫无疑问, 不成问题, 无可非议, 确实",toefl
unquestioning,ʌn'kwestʃәniŋ,"a. 不提出疑问的, 不提出质询的, 不犹豫的\n[法] 不问是非的, 盲目的",toefl
unravel,.ʌn'rævl,"vt. 阐明, 解决, 解开\nvi. 散开",toefl ielts gre
unreasonable,.ʌn'ri:znәbl,"a. 不合理的, 过度的, 不切实际的\n[法] 不讲道理的, 非理智的, 不合理的",cet6
unregenerate,ʌnri'dʒenәrәt,"a. 灵魂未得再生的, 不悔改的, 怙恶不悛的, 顽固不化的",gre
unregulated,,a. 未经调节的；未校准的,gre
unreliable,.ʌnri'laiәbl,"a. 不可靠的\n[法] 不可靠的, 靠不住的",cet6 ielts
unremitting,.ʌnri'mitiŋ,"a. 不懈的, 不断的, 坚忍的, 持续的\n[经] 不间断的, 持续的",gre
unrepentant,'ʌnri'pentәnt,"a. 不改悔的, 不悔悟的, 顽固不化的\n[法] 毫不悔改的",gre
unrequited,.ʌnri'kwaitid,"a. 无报答的, 没有受到报复的\n[法] 无报酬的, 得不到报答的, 无报复的",gre
unreserved,.ʌnri'zә:vd,"a. 不隐瞒的, 坦白的",gre
unrest,.ʌn'rest,"n. 不安的状态, 动荡的局面\n[医] 不安",gk ielts
unrestrained,.ʌnri'streind,"a. 未克制的, 无限制的, 放纵的\n[法] 无拘束的, 无限制的:自由的, 过度的",toefl
unrestricted,.ʌnri'striktid,a. 无限制的,toefl
unruly,.ʌn'ru:li,"a. 难控制的, 无法无天的, 任性的",toefl
unsafe,.ʌn'seif,"a. 不安全的, 不安稳的, 危险的\n[经] 不安全",gk
unsatisfactory,'ʌn.sætis'fæktәri,a. 不令人满意的,cet4 cet6 toefl
unscathed,.ʌn'skeiðd,"a. 没有受伤的, 未受损伤的",gre
unscented,ʌn'sentid,a. 无香味的；无气味的,gre
unscrupulous,.ʌn'skru:pjulәs,"a. 无道德原则的, 不审慎的, 肆无忌惮的",toefl gre
unscrupulously,ʌn'skru:pjələslɪ,"adv. 不客气地, 无道德原则地",toefl
unscrupulousness,,n. 狂妄；不择手段,gre
unseasonably,ˌʌn'siːzənəbli,adv. 反季节地；不合季节地,toefl
unseemly,.ʌn'si:mli,"a. 不合适的, 不适宜的, 不得体的",toefl gre
unselfish,.ʌn'selfiʃ,"a. 不自私的, 无我的, 不谋私利的",toefl
unsettle,.ʌn'setl,"vt. 使移动, 搅乱, 使动摇, 使不安宁\nvi. 动荡不定, 离开固定位置",gre
unsettling,'ʌn'setliŋ,"a. 扰乱的, 使人不安的",gre
unsocial,'ʌn'sәuʃәl,"a. 非社会的, 厌恶社交的, 不喜交际的, 孤僻的",ielts
unsophisticated,.ʌnsә'fistikeitid,"a. 不懂世故的, 单纯的, 不精细的, 纯洁的",toefl
unsound,.ʌn'saund,"a. 不健全的, 有病的, 腐烂的, 谬误的, 不牢靠的\n[医] 不健康的, 不健全的, 有病的",gre
unspoiled,ʌn'spɔild,a. 未损坏的；未宠坏的,toefl gre
unspotted,.ʌn'spɒtid,"a. 无斑点的, 无污点的, 无瑕疵的",gre
unstable,.ʌn'steibl,a. 不稳定的,cet4 cet6 toefl
unstinting,'ʌn'stintiŋ,"a. 无限制的, 慷慨的",gre
unsubstantiated,'ʌnsәb'stænʃieitid,"[法] 未经证实的, 不能肯定的",toefl gre
unsuccessful,.ʌnsәk'sesful,a. 不成功的,gk
unsuitable,.ʌn'sju:tәbl,"a. 不适合的\n[法] 不适合的, 不适当的",cet4 cet6
untamed,.ʌn'teimd,"a. 未经驯服的, 不能抑制的, 难控驭的",toefl
untapped,.ʌn'tæpt,"a. 塞子未开的, 未利用的",toefl gre
unthreatening,ʌnθ'retnɪŋ, 不威胁的,gre
untie,.ʌn'tai,vt. 解开\nvi. 松开,cet6
until,әn'til,"prep. 直到, 在...以前\nconj. 直到...时, 在...以前",zk gk
untimely,.ʌn'taimli,"a. 不到时候的, 不合时令的, 不适时的",gre
untold,'ʌn'tәuld,"a. 未说过的, 未透露的, 未加叙述的, 数不清的, 无限的, 不可计量的, 无数的\n[法] 未说明的, 未方露的, 未说出的",ielts gre
untouched,.ʌn'tʌtʃt,"a. 未触摸过的, 未改变的, 未受影响的",toefl
untoward,ʌn'tәuәd,"a. 事与愿违的, 麻烦的, 困难的, 不幸的",gre
untrue,.ʌn'tru:,"a. 不真实的, 不正确的, 不忠实的\n[法] 虚伪的, 不真实的, 不正确的",gk
untutored,.ʌn'tju:tәd,"a. 未受教育的, 粗野的, 天真的",gre
unusual,.ʌn'ju:ʒu:l,"a. 不寻常的, 罕见的, 与众不同的",gk cet4 cet6 ky ielts
unusually,ʌn'ju:ʒәli,"adv. 不寻常地, 异乎寻常地, (非正式)非常",cet4 cet6
unveil,.ʌn'veil,"vt. 揭开, 揭幕, 除去...的面纱\nvi. 显露, 除去面纱",toefl
unwarranted,.ʌn'wɒrәntid,"a. 未获保证的, 无保证的, 未经授权的",gre
unwieldy,.ʌn'wi:ldi,"a. 难处理的, 笨大难使用的, 笨拙的",toefl gre
unwilling,.ʌn'wiliŋ,"a. 不愿意的, 勉强的\n[法] 不愿意的, 勉强的, 不服从的",gk cet4 cet6
unwitting,.ʌn'witiŋ,"a. 不知情的, 没有意识到的, 不知不觉的",gre
unwonted,.ʌn'wʌntid,"a. 不习惯的, 不寻常的, 非惯常的",gre
unworldly,'ʌn'wә:ldli,"a. 非现世的, 非尘世的, 超自然的, 精神上的, 超凡的, 出世的, 天真的",gre
up,ʌp,"a. 向上的, 起床的, 涨的\nadv. 向上, 上涨\nprep. 在...上面, 向...的较高处",zk gk
up-to-date,'ʌptә'deit,"a. 直到现在的, 最近的, 现代化的\n[化] 最新的",cet4 cet6 ielts
upbraid,ʌp'breid,"vt. 谴责, 责骂, 申斥",toefl gre
update,ʌp'deit,"vt. 更新, 使现代化\nn. 更新\n[计] 更新",cet6 ky ielts
upfront,ˌʌpˈfrʌnt,"a. 正直的, 坦率的; 最前面的, 首要的; 在前面的; 预先的\nadv. 在最前面; 提前支付（工资）",gre
upgrade,'ʌpgreid,"n. 上坡, 升级, 上升\nadv. 往上\nvt. 使升级, 提升, 改良品种\nvi. 升级\n[计] 升级",cet6 ky toefl gre
upheaval,ʌp'hi:vl,"n. 举起, 隆起, 大变动, 剧变",toefl gre
uphold,ʌp'hәuld,"vt. 支撑, 赞成, 鼓励, 举起, 坚持\n[法] 确认, 赞成, 支持",cet6 ky toefl ielts gre
upkeep,'ʌpki:p,"n. 维持, 维修费\n[经] 维修费, 养护费, 保养",ielts
upland,'ʌplәnd,"n. 山地, 高地, 高原\na. 高地的, 山地的",toefl
upon,ә'pɒn,"prep. 在...之上, 迫近, 紧接着",zk gk cet4 cet6 ky
upper,'ʌpә,"a. 上面的, 较高的, 上级的, 上院的, 穿在外面的, 北部的, 地表的, 后期的\nn. 鞋帮, 上齿",gk cet4 cet6 ky
upright,'ʌprait,"a. 正直的, 诚实的, 公正的, 垂直的, 竖式的\n[化] 立杆",cet4 cet6 ky toefl ielts gre
uprising,'ʌpraiziŋ,"n. 起义, 升起\n[法] 起义, 暴动",toefl ielts
uproar,'ʌprɒ:,"n. 骚动, 喧嚣",cet6 ky toefl gre
uproarious,ʌp'rɒ:riәs,"a. 喧嚣的, 热闹的, 骚动的",gre
uproot,ʌp'ru:t,"vt. 连根拔起, 根除",toefl
upscale,'ʌpskeil,a. 迎合高层次消费者的；质优价高的,toefl
upset,ʌp'set,"a. 弄翻的, 混乱的, 心烦的\nvt. 弄翻, 颠覆, 推翻, 打乱, 使不适, 使心烦\nvi. 翻倒",gk cet4 cet6 ky toefl ielts
upside-down,'ʌpsaid'daun,"a. 颠倒的, 乱七八糟的",cet4 cet6 toefl
upstage,'ʌp'steidʒ,"a. 在舞台后部的, 傲慢的, 自负的\nadv. 在舞台后方\nvt. 抢戏",gre
upstairs,'ʌp'stєәz,"a. 楼上的\nadv. 在楼上, 向楼上, 处于更高地位\nn. 楼层",zk gk cet4 cet6 ky
upstart,'ʌpstɑ:t,"n. 新贵, 暴发户, 自命不凡者\na. 暴富的",gre
upsurge,'ʌpsә:dʒ,"vi. 高涨, 涌起\nn. 增长, 高潮",gre
upswing,'ʌpswiŋ,"n. 回升时期, 上升, 向上摆动, 跃进\n[经] 上升, 向上摆动",gre
uptight,'ʌp'tait,"a. 紧张的, 拮据的, 心情焦躁的",gre
uptodate,,"a. 直到现代的, 现时的, 最新式的",cet4
upward,'ʌpwәd,a. 向上的\nadv. 以上,gk cet4 cet6 ky
upwards,'ʌpwәdz,"adv. 以上, 向上",cet4 cet6
uranium,ju'reiniәm,n. 铀\n[化] 铀U,cet6
urban,'ә:bәn,"a. 都市的, 住在都市的, 习惯于都市的\n[法] 城市的, 都市的, 市区的",gk cet4 cet6 ky toefl
urbane,ә:'bein,a. 彬彬有礼的,toefl
urbanism,'ә:bәnizm,"n. 城市居民的生活方式, 城市化",toefl
urbanite,'ә:bәnait,n. 城市居民,toefl
urbanization,.ә:bәnai'zeiʃәn,"n. 都市化\n[医] 都市化, 人口城市集中",toefl
urbanize,'ә:bәnaiz,"vt. 使都市化, 使成都市式, 使文雅",toefl
urchin,'ә:tʃin,"n. 淘气鬼, 顽童",ielts gre
urge,ә:dʒ,"n. 冲动, 推动力, 迫切的要求\nvt. 驱策, 力劝, 竭力主张, 推动\nvi. 强烈要求",gk cet4 cet6 ky toefl
urgency,'ә:dʒәnsi,"n. 紧急, 催促\n[法] 紧急, 迫切, 紧急之事",toefl
urgent,'ә:dʒәnt,"a. 紧急的, 急迫的, 催逼的\n[经] 紧急的, 急迫的",gk cet4 cet6 ky toefl gre
ursine,'ә:sain,"a. 熊的, 像熊的",gre
us,ʌs,pron. 我们\n[经] 美国,zk
usage,'ju:sidʒ,"n. 用法, 使用, 习惯, 惯用法, 习惯法\n[经] 使用情况, 使用用途, 惯例",cet4 cet6 ky ielts
use,ju:s,"n. 使用, 习惯, 使用价值, 用法, 使用权\nvt. 使用, 利用, 运用, 耗费\nvi. 惯常",zk gk
used,'ju:st,"a. 使用过的, 二手的, 习惯的",zk cet4 cet6 ky
useful,'ju:sful,"a. 有用的, 有益的\n[机] 有用的, 有效的",zk gk cet4 cet6 ky ielts
useless,'ju:slis,"a. 无用的, 无效的, 无益的\n[机] 无用, 无价值, 无效",gk cet4 cet6 toefl ielts
user,'ju:zә,n. 使用者\n[计] 用户,gk cet4 cet6
usher,'ʌʃә,"n. 引座员, 招待员\nvt. 引导, 招待\nvi. 作招待员",toefl
usual,'ju:ʒuәl,"a. 平常的, 通常的",zk gk cet4 cet6 ky ielts
usually,'ju:ʒuәli,"adv. 通常, 大抵",gk
usurp,ju:'zә:p,"vt. 篡夺, 侵占, 夺取\nvi. 篡夺, 侵占",gre
usury,'ju:ʒuri,"n. 高利贷\n[经] 高利贷, 高利",gre
utensil,ju:'tensl,"n. 器皿, 用具",cet6 toefl gre
utensils,ju:'tensɪlz,"n. 器具, 用具, 器皿( utensil的名词复数 ); 器物",ielts
utilitarian,.ju:tili'tєәriәn,"a. 有效用的, 实利主义的, 功利主义的\nn. 功利主义者",toefl gre
utility,ju:'tiliti,"n. 功用, 有用之物, 实用, 公用事业, 实用程序\na. 实用的, 有多种用途的\n[计] 实用程序, 工具",cet4 cet6 toefl ielts
utilization,.ju:tilai'zeiʃәn,n. 利用\n[医] 利用,cet6 toefl
utilize,'ju:tilaiz,vt. 利用,cet4 cet6 ky toefl gre
utmost,'ʌtmәust,"n. 极限, 最大限度, 极度\na. 极度的, 最远的",cet4 cet6 ky ielts
Utopia,ju:'tәupiә,"n. 乌托邦, 理想国",gre
Utopian,ju:'tәupiәn,"a. 乌托邦的, 空想社会主义的\nn. 理想社会主义者",toefl gre
utter,'ʌtә,"a. 全然的, 绝对的, 完全的\nvt. 发出声音, 做声, 发表, 发射, 流通",cet4 cet6 ky toefl gre
utterance,'ʌtәrәns,"n. 发声, 言辞, 表达, 说话的方式, 死\n[医] 发言, 言语, 语调",toefl
utterly,'ʌtәli,"adv. 完全地, 全然, 绝对",toefl ielts
uxorious,ʌk'sɒ:riәs,"a. 溺爱妻子的, 一味顺从妻子的, 怕老婆的\n[法] 对妻子过分宠爱的, 怕老婆的",gre
vacancies,,n. 空缺额；缺位（vacancy复数）,ielts
vacancy,'veikәnsi,"n. 空, 空白, 空缺, 空虚, 空闲\n[化] 空位",toefl ielts
vacant,'veikәnt,"a. 空的, 空白的, 空虚的, 空闲的, 茫然的, 空缺的\n[法] 空的, 空虚的, 闲暇的",gk cet4 cet6 ky toefl
vacate,vә'keit,"vt.vi. 使空出, 搬出, 腾出, 不再使用/居住, 解除(职位), 撤离(阵地), 辞职, 退位\nvt. 取消, 使作废",toefl
vacation,vei'keiʃәn,"n. 假期, 休假\n[法] 假期, 停审期, 休庭期",zk gk cet4 cet6 ky toefl ielts
vaccinate,'væksineit,v. 预防接种,cet6 toefl gre
vaccine,'væksi:n,"n. 牛痘苗, 疫苗\na. 疫苗的, 牛痘的",toefl ielts gre
vacillate,'væsileit,"vi. 游移不定, 踌躇, 犹豫, 摇摆",gre
vacillation,.væsi'leiʃәn,"n. 游移不定, 踌躇, 不果断",toefl
vacuous,'vækjuәs,"a. 空的, 空虚的, 没有思想的",gre
vacuum,''vækjuәm,"n. 真空, 空间, 真空吸尘器\na. 真空的, 产生真空的, 利用真空的\nvt. 用吸尘器打扫",cet4 cet6 ky toefl ielts
vagabond,'vægәbɒnd,"n. 流浪者, 浪子, 流氓\nvi. 到处流浪\na. 流浪的, 漂泊的, 浪荡的, 流浪者的",gre
vagary,'veigәri,"n. 狂想, 奇特行为, 奇想",gre
vagrancy,'veigrәnsi,"n. 漂泊, 流浪, 神思恍惚\n[法] 流氓, 无赖",gre
vagrant,'veigrәnt,"n. 流浪汉, 漂泊者, 无赖\na. 漂泊的, 流浪的, 游荡的",gre
vague,veig,"a. 含糊的, 不清楚的, 茫然的",gk cet4 cet6 ky toefl gre
vain,vein,"a. 无价值的, 徒然的, 空虚的, 自负的, 愚蠢的",gk cet4 cet6 ky ielts gre
valediction,.væli'dikʃәn,"n. 告别, 告别辞",gre
valedictory,.væli'diktәri,a. 告别的\nn. 告别辞,gre
valetudinarian,"'væli,tju:di'neәriәn","a. 有病的, 虚弱的, 过分担心健康的\nn. 病弱的人, 过分担心健康的人",gre
valiant,'væljәnt,a. 英勇的\nn. 勇敢的人,toefl gre
valid,'vælid,"a. 有确实根据的, 有法律效力的, 正当的, 正确的\n[经] 有效的",gk cet4 cet6 ky toefl
validate,'vælideit,"vt. 使有效, 使生效, 确认, 证实, 验证\n[计] 验证",toefl gre
validity,vә'liditi,"n. 有效性, 正确性\n[计] 有效性",cet6 toefl ielts
valley,'væli,"n. 山谷, 溪谷, 流域, 凹地\n[医] 谷",gk cet4 cet6 ky ielts
valor,'vælә,"n. 英勇, 刚勇, 勇猛",toefl gre
valorous,'vælәrәs,"a. 勇敢的, 勇武的, 刚勇的",gre
valuable,'væljuәbl,"a. 有价值的, 贵重的, 宝贵的, 可估价的\n[经] 有价值的, 可估价的, 贵重的",gk cet4 cet6 ky
valuation,.vælju'eiʃәn,"n. 评价, 估价, 价值判断\n[经] 估价, 计价, 评价",ielts
value,'vælju:,"n. 价值, 价格, 购买力, 评价, 估价, 计算结果\nvt. 评价, 估价, 重视\n[计] 计算结果",zk gk cet4 cet6 ky ielts
valve,vælv,"n. 活瓣, 阀, 活门\nv. 装阀, 用阀调节",cet6 ky toefl ielts gre
vampire,'væmpaiә,n. 吸血鬼\n[医] 吸血蝙蝠,gre
van,væn,"n. 货车, 篷车, 先锋, 前驱, 前卫\nvt. 用货车搬运\n[计] 增值网",cet4 cet6 ky
vandalism,'vændәlizm,"n. 故意毁坏文物的行为, 破坏他人财产的行为",gre
vandalize,'vændәlaiz,"vt. 肆意破坏\n[法] 摧残文化, 破坏财产",gre
vanguard,'vængɑ:d,"n. 前锋, 先锋, 先驱",gre
vanilla,vә'nilә,"n. 香草, 香子兰",gk gre
vanish,'væniʃ,"vi. 消失, 不见, 成为零",cet4 cet6 ky toefl ielts
vanity,'væniti,"n. 虚荣心, 虚无, 自负, 空虚, 时髦的小摆饰",cet4 cet6 ky toefl ielts gre
vanquish,'væŋkwiʃ,"vt. 打败, 征服, 克服\n[法] 征服, 战胜, 击败",toefl ielts gre
vantage,'væntidʒ,"n. 优势, 有利情况",toefl gre
vapid,'væpid,"a. 乏味的, 走了气味的, 无生气的, 无趣味的",gre
vapor,'veipә,"n. 汽, 蒸气\nvi. 蒸发\nvt. 使蒸发",toefl
vaporization,.veipәrai'zeiʃәn,"n. 蒸发, 汽化\n[化] 汽化",toefl gre
vaporize,'veipәraiz,v. (使)蒸发,toefl gre
vaporous,'veipәrәs,"a. 雾的, 蒸气的, 雾状的, 多蒸气的, 有雾的, 无实际内容的, 空想的, 浮夸的",gre
vapour,'veipә,"n. 汽, 蒸气\nvi. 蒸发, 吹牛\nvt. 使蒸发, 使汽化",cet4 cet6 ky
variability,.vєәriә'biliti,"n. 易变, 变化性, 变异性\n[化] 可变性; 变异性",toefl
variable,'vєәriәbl,"n. 易变的事物, 变数, 可变物, 变量\na. 可变的, 不定的, 易变的, 变量的\n[计] 变量",cet4 cet6 ky toefl ielts
variance,'vєәriәns,"n. 不一致, 变化, 变异, 分歧, 不和\n[化] 方差; 变种",toefl gre
variant,'vєәriәnt,"n. 变体, 异体\na. 不同的, 有差别的\n[计] 变体型",toefl ielts
variation,.vєәri'eiʃәn,"n. 变更, 变化, 变种, 变奏\n[医] 变异, 变易; 变度",cet4 cet6 ky toefl ielts
varied,'vєәrid,"a. 不同的, 杂色的, 各式各样的\n[法] 不同的, 种种的, 变化的",toefl ielts
variegate,'vєәrigeit,"vt. 使成斑驳, 使多样化",gre
variegation,.vєәri'geiʃәn,"n. 斑驳, 彩色, 杂色, 多种多样",gre
variety,vә'raiәti,"n. 多样, 种类, 变种, 杂耍\n[化] 变种",gk cet4 cet6 ky toefl ielts
various,'vєәriәs,"a. 不同的, 各种的, 多方面的, 许多的, 个别的, 杂色的\n[法] 不同的, 种种的, 各式各样的",gk cet4 cet6 ky toefl ielts
varnish,'vɑ:niʃ,"n. 清漆, 虚饰, 光泽的表面\nvt. 粉饰, 涂清漆于, 装饰, 使有光泽",toefl gre
vary,'vєәri,"vt. 改变, 使多样化\nvi. 变化, 有不同, 违反",cet4 cet6 ky toefl ielts
vascular,'væskjulә,"a. 血管的, 维管的\n[医] 血管的, 脉管的",gre
vase,veis,"n. 花瓶, 瓶",gk cet4 cet6 ky
vast,vɑ:st,"a. 巨大的, 广大的, 非常的, 大量的",gk cet4 cet6 ky toefl
vastness,'vɑ:stnis,"n. 巨大, 广大, 广漠",toefl
vault,vɒ:lt,"n. 拱顶, 窖, 地下室, 撑竿跳, 穹窿\nvt. 做成圆拱形, 撑竿跳过\nvi. 成穹状弯曲, 跳跃",cet6 toefl gre
vaulted,'vɒ:ltid,"a. 有拱顶的, 圆顶的, 拱形的",toefl
vaunting,'vɒ:ntiŋ,"a. 自吹自擂的, 吹嘘的, 傲慢的",gre
vcd,,[电] 可变电容二极体的简写,zk gk
veal,vi:l,n. 小牛肉\nvt. 宰小牛,gk
vector,'vektә,"n. 矢量, 传病媒介\nvt. (用无线电)导引, 给...导航\n[计] 矢量; 向量",cet6
veer,viә,vi. 转向\nvt. 使转向\nn. 转向,toefl gre
vegetable,'vedʒәtәbl,"n. 蔬菜, 植物, 无精打采之人\na. 蔬菜的, 植物的",zk gk toefl ielts
vegetarian,.vedʒi'tєәriәn,"n. 素食者, 食草动物\na. 素食的",ky toefl ielts
vegetate,'vedʒiteit,"vi. 植物似地生长, 过呆板单调的生活, 无所事事地生活, (赘疣)生长, 长大",gre
vegetation,.vedʒi'teiʃәn,"n. 植物\n[医] 贽生物, 贽疣, 增殖体; 生长, 增殖",cet6 ky toefl ielts
vehement,'vi:imәnt,"a. 热烈的, 激烈的",toefl ielts
vehicle,'vi:ikl,"n. 交通工具, 车辆, 传播媒介\n[化] 载体; 运载体; 漆料",zk gk cet4 cet6 ky toefl ielts gre
veil,veil,"n. 面纱, 面罩, 借口, 幕, 帐, 遮蔽物\nvt. 戴面纱, 隐藏, 遮蔽, 掩饰\nvi. 蒙上面纱",cet4 cet6 ky toefl ielts gre
vein,vein,"n. 血管, 静脉, 纹理, 气质, 情绪\nvt. 使有脉络, 像脉络般分布于",cet6 ky toefl ielts
veining,'veiniŋ,"n. 脉纹的形成, 脉纹的排列\n[机] 铸模龟裂",toefl
velocity,vi'lɒsәti,"n. 速度, 迅速\n[化] 速度",cet4 cet6 ky toefl ielts gre
velvet,'velvit,n. 天鹅绒\na. 天鹅绒的,cet4 cet6 ky ielts
venal,'vi:nl,"a. 可收买的, 贪污的, 用金钱买得的\n[经] 贪污的",gre
vendetta,ven'detә,"n. 族间仇杀, 世仇, 宿怨\n[法] 血仇, 近亲复仇, 世仇",gre
vendor,'vendә,"n. 小贩, 卖主, 自动售货机\n[计] 计算机销售商",gre
veneer,vә'niә,"n. 饰面薄板, 饰面, 外表\nvt. 镶饰, 胶合, 虚饰",gre
venerable,'venәrәbl,"a. 庄严的, 值得尊敬的",toefl
venerate,'venәreit,"vt. 尊敬, 崇敬, 崇拜",toefl ielts gre
veneration,.venә'reiʃәn,"n. 尊敬, 崇敬, 崇拜",toefl
vengeance,'vendʒәns,"n. 复仇, 报仇\n[法] 报仇, 复仇",cet6 ielts gre
vengeful,'vendʒful,"a. 复仇心重的, 报复的",gre
venial,'vi:njәl,"a. 可原谅的, 可宽恕的, 轻微的\n[法] 可宽恕的, 可原谅的, 轻微的",gre
venom,'venәm,"n. 毒液, 恶意\nvt. 放毒, 使有毒",toefl gre
venomous,'venәmәs,"a. 有毒的, 恶毒的, 分泌毒液的, 有毒腺的\n[医] 毒的, 有毒的",toefl
vent,vent,"n. 排气口, 出口, 通风孔, 发泄\nvt. 发泄, 排出, 给...开孔",cet6 toefl ielts gre
ventilate,'ventileit,"vt. 使空气流通, 使通风, 公开讨论, 公开\n[医] 通风, 换气",cet6 ky toefl ielts gre
ventilation,.venti'leiʃәn,"n. 通风, 空气流通, 公开讨论\n[医] 通风, 换气",toefl
ventral,'ventrәl,"a. 腹的, 腹部的, 腹面的\nn. 腹鳍",gre
ventriloquist,ven'trilәkwist,n. 口技艺人,gre
venture,'ventʃә,"n. 冒险, 风险\nvt. 敢于, 冒...的危险\nvi. 冒险",cet4 cet6 ky toefl ielts
venturesome,'ventʃәsәm,"a. 冒险的, 好冒险的, 不顾一切的",toefl
venue,'venju:,"n. 犯罪地点, 审判地, 发生地点",toefl
Venus,'vi:nәs,"n. 维纳斯(爱与美的女神), 金星",cet6
veracious,vә'reiʃәs,"a. 说实话的, 诚实的, 老实的, 真实的",gre
veracity,vә'ræsiti,"n. 说话老实, 老实, 诚实",toefl gre
verb,vә:b,n. 动词\n[计] 动词,cet4 cet6 ky
verbal,'vә:bl,"a. 用言辞的, 言语的, 口头的, 逐字的, 动词的\n[医] 言语的, 口述的",cet6 ky toefl ielts gre
verbatim,vә:'beitim,"a. 逐字的, 照字面的\nadv. 逐字地",gre
verbiage,'vә:biidʒ,"n. 罗嗦, 冗词, 措辞",gre
verbose,vә'bәus,"a. 用字多的, 冗长的, 累赘的\n[计] 详述",gre
verdant,'vә:dnt,"a. 翠绿的, 青翠的, 无经验的, 不老练的",gre
verdict,'vә:dikt,"n. 裁决, 判决, 判断性意见, 定论, 结论\n[法] 定论, 判断, 意见",cet6 ky toefl ielts gre
verdigris,'vә:digri:s,n. 铜绿\n[化] 铜绿; 碱式碳酸铜,gre
verge,vә:dʒ,"n. 边缘, 边界, 起始点\nvi. 处在边缘, 接近, 下沉, 趋向",cet6 ky ielts gre
verified,'verifaid,"a. 已查清的, 已证实的",gre
verify,'verifai,"vt. 证明, 查证, 证实, 检验, 校验\n[计] 校验, 检验; DOS内部命令:设定写入磁盘时是否验证写入的正确性",cet4 cet6 ky toefl gre
verisimilar,.veri'similә,"a. 好像真实的\n[法] 貌似真的, 似乎是真的, 很可能的",gre
veritable,'veritәbl,"a. 名副其实的, 真实的, 确实的, 真的",gre
vermin,'vә:min,"n. 害虫, 歹徒\n[医] 虫, 体外寄生虫(如蚤、臭虫、蚤等)",gre
vernacular,vә'nækjulә,"n. 本地话, 方言\na. 地方的, 用本地语写成的",gre
vernal,'vә:nl,"a. 春天的, 和煦的, 青春的",gre
versatile,'vә:sәtail,"a. 多才多艺的, 万用的, 万向的",cet6 ky toefl ielts gre
verse,vә:s,"n. 诗, 韵文, 诗句\nvt. 用诗表达\nvi. 作诗",cet6 ky toefl gre
versed,vә:st,"a. 熟练的, 精通的",ielts
versemonger,'vә:smʌŋgә,n. 拙劣诗人,gre
version,'vә:ʒәn,"n. 一种描述, 版本, 译文\n[计] 版本",gk cet4 cet6 ky toefl ielts
versus,'vә:sәs,"prep. 对...\n[法] 诉, 对, 相形",cet6 ky ielts
vertebrate,'vә:tibreit,"n. 脊椎动物\na. 有椎骨的, 有脊椎的",toefl
vertex,'vә:teks,"n. 顶点, 最高点, 头顶, 天顶\n[计] 顶点",gre
vertical,'vә:tikl,"a. 垂直的, 直立的\n[医] 垂直的, 顶的, 头顶的",gk cet4 cet6 ky toefl ielts gre
vertigo,'vә:tigәu,"n. 眩晕, 迷惘\n[医] 眩晕",toefl gre
verve,vә:v,"n. 热情, 气魄, 神韵, 活力",gre
very,'veri,"a. 真正的, 恰好的, 十足的, 特有的\nadv. 非常, 完全",zk gk
vessel,'vesl,"n. 船, 容器, 脉管\n[医] 管, 脉管, (容)器",cet4 cet6 ky toefl ielts gre
vest,vest,"n. 背心, 汗背心\nvt. 使穿衣服, 授予\nvi. 穿衣服, 归属",gk cet4 cet6 ky
vestige,'vestidʒ,"n. 遗迹, 痕迹, 残余, 丝毫, 退化的器官\n[医] 遗迹, 剩件, 剩余",toefl gre
vestigial,ves'tidʒiәl,"a. 残留的, 遗留的, 退化的\n[医] 遗迹的, 剩余的",gre
vestment,'vestmәnt,"n. 衣服, 衣裳, 礼服, 法衣, 祭服",gre
vesture,'vestʃә,"n. 衣服, 衣裳, 覆盖物\nvt. 给穿衣服",gre
veteran,'vetәrәn,"n. 老手, 退伍军人, 老兵, 老树\na. 老兵的, 老练的, 经验丰富的",cet4 cet6 ky toefl ielts gre
veterinarian,.vetәri'nєәriәn,n. 兽医\n[医] 兽医,ielts
veterinary,'vetәrinәri,a. 兽医的\nn. 兽医,gre
veto,'vi:tәu,"n. 否决权\nvt. 否决, 禁止",cet6 ky toefl ielts gre
vex,veks,"vt. 使烦恼, 使苦恼\nvi. 烦恼",cet4 cet6 toefl ielts gre
vexation,vek'seiʃәn,"n. 恼怒, 烦恼, 令人恼火的事情\n[法] 招人烦恼的事物, 烦恼, 苦闷",gre
via,vaiә,"prep. 经由, 经过, 通过\n[医] 病毒灭活剂",gk cet4 cet6 ky toefl ielts
viability,.vaiә'biliti,"n. 生存能力, 发育能力\n[医] [生]活[能]力, 生机",toefl gre
viable,'vaiәbl,"a. 能养活的, 能生长发育的\n[医] 有活力的, 有生机的",toefl ielts gre
viaduct,'vaiәdʌkt,n. 高架桥,gre
viands,'vaɪəndz,"n. 食物, 粮食",gre
vibrancy,'vaibrәnsi,"n. 振动, 振响, 活力",gre
vibrant,'vaibrәnt,"a. 振动的, 战栗的, 响亮的, 活跃的",toefl gre
vibrate,'vaibreit,"vi. 振动, 颤动, 激动, 摇摆, 踌躇\nvt. 使颤动, 使振动, 使摆动",cet4 cet6 ky toefl ielts gre
vibration,vai'breiʃәn,"n. 振动, 颤动\n[化] 振动",cet4 cet6 toefl
vicar,'vikә,"n. 教区牧师, 教堂主持, 代理人\n[法] 代表, 代理牧师, 代理主教",gre
vicarious,vai'kєәriәs,"a. 代理的, 代用的, 替代的\n[医] 替代的, 错位的",gre
vice,vais,"n. 恶习, 恶行, 罪恶, 堕落, 缺陷, 恶癖, 老虎钳\nvt. 钳住\nprep. 代替",gk cet4 cet6 ky ielts
vicinity,vi'siniti,"n. 附近, 邻近, 附近地区, 近处\n[法] 附近, 邻近, 附近地区",cet6 ky toefl ielts gre
vicious,'viʃәs,"a. 邪恶的, 堕落的, 品性不端的, 恶毒的, 恶性的, 有错误的\n[医] 缺点的, 恶的",cet6 ky ielts gre
vicissitude,vi'sisitju:d,"n. 变化无常, 变迁, 荣枯, 盛衰",gre
vicissitudinous,vi.sisi'tju:dinәs,"a. 世事变化的, 变迁的, 有盛衰的",gre
victim,'viktim,"n. 受害人, 牺牲者, 牺牲品\n[法] 受害人, 被害人, 遭难者",gk cet4 cet6 ky
victimize,'viktimaiz,"vt. 使牺牲, 使受害\n[法] 使受害, 使作牺牲, 欺骗",gre
victor,'viktә,n. 胜利者\na. 胜利的,toefl
victorious,vik'tɔ:riәs,"a. 胜利的, 得胜的, 战胜的",cet4 cet6 toefl
victory,'viktәri,"n. 胜利, 战胜, 克服",zk gk cet4 cet6 ky toefl
video,'vidiәu,"n. 影像, 电视\na. 图像的, 电视的",zk gk cet4 cet6 ky ielts
videocassette,ˌvɪdɪəʊkə'set,n. 盒式录像带,toefl
videophone,'vidiәu'fәun,n. 电视电话,gk
videos,,n. 视频文件；影像资料（video的复数）,ielts
videotape,,n. 录相磁带\nvt. 把电视节目录在录像磁带上,cet4 ielts
vie,vai,"vi. 争, 竞争, 争胜\nvt. 提出...来竞争, 以...作较量",toefl gre
view,vju:,"n. 视野, 风景, 见解, 视力, 观看, 视图, 指望, 意图, 印象\nvt. 看, 考虑, 视察, 查看, 估量\n[计] 视图",gk cet4 cet6 ky ielts
viewer,'vju:ә,"n. 观察者, 看电视者, 视察员, 观察器\n[化] 指示器",gk
viewpoint,'vju:pɒint,n. 观点,cet4 cet6 ky
vigilance,'vidʒilәns,"n. 警戒, 警觉, 失眠症\n[医] 不眠症, 警醒症",toefl
vigilant,'vidʒilәnt,"a. 警觉的, 警戒的, 警惕的\n[法] 警醒的, 警戒的, 注意的",toefl ielts gre
vigor,'vigә,"n. 精力, 活力",cet6 ky toefl
vigorous,'vigәrәs,"a. 精力充沛的, 元气旺盛的, 茁壮的, 有力的",cet4 cet6 ky toefl ielts gre
vigour,'vigә,"n. 精力, 活力, 力量, 效力, 气势",cet6
vile,vail,"a. 恶劣的, 肮脏的, 低廉的, 卑鄙的\n[法] 极坏的, 恶劣的, 卑鄙的",gre
vilify,'vilifai,"vt. 诽谤, 贬低\n[法] 诋毁, 中伤, 诽谤",gre
villa,'vilә,n. 别墅,cet6
village,'vilidʒ,"n. 村庄\na. 乡村的, 村庄的",zk gk ielts
villager,'vilidʒә,n. 村民,gk
villainous,'vilәnәs,"a. 坏人似的, 恶棍的, 罪恶的, 极坏的\n[法] 歹徒的:邪恶的, 恶的",gre
vim,vim,"n. 精力, 生气, 精神",gre
vindicate,'vindikeit,"vt. 辩护, 证明...无辜, 维护\n[法] 辩护, 辩解, 辩明",toefl ielts gre
vindication,.vindi'keiʃәn,"n. 辩护, 证明无辜, 辩明\n[法] 辩明, 辩白, 辩护",gre
vindictive,vin'diktiv,"a. 有报仇心的, 怀恨的, 惩罚的\n[法] 报复的, 有报仇心的, 复仇的",gre
vine,vain,"n. 藤本植物, 葡萄, 藤, 蔓\nvi. 形成藤蔓",cet4 cet6 toefl
vinegar,'vinigә,"n. 醋, 尖酸刻薄\nvt. 加醋于",gk cet4 cet6 ky toefl
vintner,'vintnә,n. 酒商,gre
violate,'vaiәleit,"vt. 违犯, 亵渎, 违反, 侵犯, 妨碍\n[经] 违犯, 违反",gk cet6 ky toefl ielts gre
violation,.vaiә'leiʃәn,"n. 违反, 违背, 妨碍\n[法] 违犯, 违背, 违反",cet6 toefl
violence,'vaiәlәns,"n. 猛烈, 暴力, 暴虐, 暴行\n[法] 暴行, 暴力, 暴乱",gk cet4 cet6 ky toefl
violent,'vaiәlәnt,"a. 暴力的, 猛烈的, 激烈的, 极端的, 凶暴的",gk cet4 cet6 ky toefl ielts
violently,'vaiәlәntli,"adv. 猛烈地, 激烈地, 极端地",cet6
violet,'vaiәlit,"n. 堇菜, 紫罗兰\na. 堇菜科的, 紫罗兰色的",cet4 cet6 ky gre
violin,.vaiә'lin,n. 小提琴,zk gk cet4 cet6 ky
violinist,.vaiә'linist,"n. 小提琴演奏者, 小提琴家",gk
virago,vi'rɑ:gәu,"n. 泼妇, 悍妇",gre
viral,'vairәl,"a. 病毒的, 病毒引起的\n[医] 病毒的",toefl gre
virgin,'vә:dʒin,"n. 处女\na. 处女的, 贞洁的, 纯洁的, 初始的, 纯的",cet6 ky
virile,'virail,"a. 男性的\n[医] 男性的, 有男性征的",gre
virility,vi'riliti,"n. 成年, 男性生殖力, 男子气概, 精力充沛, 雄浑, 刚强有力\n[医] 男性, 有男性征",gre
virtual,'vә:tʃuәl,"a. 实际上起作用的, 虚的, 实质的, 有效的, 事实上生效的\n[计] 虚拟",cet4 cet6 ky toefl ielts gre
virtually,'vә:tʃuәli,adv. 事实上,cet4 cet6 ky toefl ielts
virtue,'vә:tju:,"n. 德行, 美德, 优点, 功效, 效力\n[法] 美德, 贞操, 优点",gk cet4 cet6 ky toefl
virtuosity,.vә:tju'ɒsiti,"n. 精湛技巧, 对古董等的爱好",ky gre
virtuoso,.vә:tju'әuzәu,n. 艺术品鉴赏家,gre
virtuous,'vә:tʃuәs,"a. 品德高尚的, 公正的, 贞洁的, 有效力的",toefl ielts gre
virulent,'virjulәnt,"a. 剧毒的, 致命的, 刻毒的, 恶毒的, 恶性的, 有病毒的, 过强的\n[医] 有毒力的, 毒性的",gre
virus,'vaiәrәs,"n. 病毒, 滤过性病毒, 毒害\n[化] 病毒",gk cet4 cet6 ky toefl ielts gre
visa,'vi:zә,n. 签证\nvt. 签发,gk cet6 ky ielts
visage,'vizidʒ,"n. 脸, 面貌, 容貌",gre
visas,ˈvi:zəz,n. 签证( visa的名词复数 ),ielts
visceral,'visәrәl,a. 内脏的\n[医] 内脏的,gre
viscid,'visid,"a. 粘的, 胶粘的, 粘质的\n[医] 粘的",gre
viscosity,vis'kɒsiti,"n. 粘稠, 粘性\n[化] 内摩擦; 粘度",toefl
viscous,'viskәs,"a. 粘的, 粘性的\n[医] 粘的",cet6 toefl gre
visibility,.vizi'biliti,"n. 可见性, 能见度, 能见距离\n[计] 可见性",toefl
visible,'vizәbl,"a. 看得见的, 明显的, 显然的\nn. 可见物",cet4 cet6 ky ielts
vision,'viʒәn,"n. 视觉, 眼光, 视力, 幻想\nvt. 梦见, 想象, 显示",cet4 cet6 ky toefl
visionary,'viʒәnәri,"a. 幻像的, 幻想的, 梦想的\nn. 有眼力的人, 空想家, 梦想者",gre
visit,'vizit,"n. 拜访, 访问, 游览, 视察\nvt. 拜访, 访问, 参观, 视察, 降临\nvi. 访问, 参观, 闲谈",zk gk
visitor,'vizitә,"n. 参观者, 游客, 访客\n[法] 视察人, 检视人, 检查员",zk gk cet4 cet6 ky
visitors,,"n. 访问者, 游客（visitor 复数）",ielts
vista,'vistә,"n. 远景, 展望, 回想",toefl gre
visual,'viʒuәl,"a. 视觉的\n[医] 视觉的, 视力的, 视觉性记忆优势者",gk cet4 cet6 ky toefl ielts
visualize,'viʒuәlaiz,"vt. 使看得见, 使具体化, 想象, 设想\nvi. 想象, 显形",cet6 ielts
vital,'vaitl,"a. 生命的, 重要的, 充满活力的, 生死攸关的, 致命的\n[医] 生命的, 生活的, 生活上必需的, 紧要的",gk cet4 cet6 ky toefl ielts gre
vitalism,'vaitlizm,"n. 生机论, 活力论\n[医] 生机论, 生活力说",toefl
vitalist,'vaitlist,"n. 生机论者, 活力论者\n[医] 生机论者, 生活力说者",toefl
vitality,vai'tæliti,"n. 活力, 生命力\n[医] 生机, 活力, 生活",toefl
vitalize,'vaitlaiz,"vt. 赋予生命, 给予活力, 使有生气\n[医] 使有生机, 活力化",gre
vitally,'vaitli,"adv. 与生命有关地, 致命地, 紧要地",cet4
vitamin,'vaitәmin,n. 维生素\n[化] 维生素,cet4 cet6 ky
vitamine,"'vitәmin, -mi:n; 'vai-","n. 维生素, 维他命",cet6
vitiate,'viʃieit,"vt. 使变质, 污染, 使堕落, 败坏, 使失效\n[法] 败坏, 污损, 污染",gre
vitreous,'vitriәs,"a. 玻璃的, 玻璃似的, 玻璃体的\n[医] 玻璃体, 玻璃状的, 透明的",gre
vitrify,'vitrifai,vt.vi. (使)玻璃化,gre
vitriolic,.vitri'ɒlik,"a. 硫酸的, 像硫酸的, 语言刻薄的",gre
vituperate,vi'tju:pәreit,"vt. 辱骂, 责骂\n[法] 责骂, 辱骂, 谩骂",gre
vituperative,vi'tju:pәreitiv,"a. 责骂的, 叱责的",gre
vivacious,vi'veiʃәs,"a. 活泼的, 快活的, 多年生的",gre
vivacity,vi'væsiti,"n. 快活, 活泼, 精神充沛",toefl
vivid,'vivid,"a. 生动的, 鲜明的, 鲜艳的, 活泼的, 逼真的, 清晰的",gk cet4 cet6 ky toefl ielts gre
vividly,,"adv. 鲜艳, 强烈, 明亮, 鲜明, 活泼, 有生气, 生动, 清晰, 逼真",cet6
vocabulary,vә'kæbjulәri,"n. 词汇(量), 词汇表\n[计] 词表",gk cet4 cet6 ky ielts
vocal,'vәukl,"a. 嗓音的, 声音的, 有声的, 歌唱的\nn. 元音, 声乐作品",cet6 ky toefl
vocalist,'vәukәlist,"n. 声乐家, 歌手",gre
vocation,vәu'keiʃәn,"n. 职业, 天命, 天职, 才能, 行业\n[法] 行业, 职业, 职业上的才能",cet6 ky toefl ielts gre
vocational,vәu'keiʃәnl,"a. 职业的\n[法] 职业上的, 天职的",cet6 toefl ielts
vogue,vәug,"n. 时尚, 时髦, 流行\na. 流行的, 时髦的",toefl ielts gre
voice,vɒis,"n. 声音, 嗓音, 嗓子, 愿望, 发言权, 表达, 喉舌, 语态\nvt. 表达, 吐露, 调音",zk gk cet4 cet6 ky
void,vɒid,"n. 空虚, 空间, 空白, 空隙, 空虚感\na. 空的, 无效的, 无人的, 没有的, 无用的\n[计] 脱墨; 空白点",cet6 ky toefl ielts gre
volatile,'vɒlәtail,"a. 挥发性的, 可变的, 不稳定的, 飞行的, 轻快的, 爆炸性的\nn. 有翅动物, 挥发物\n[计] 易失的",toefl ielts gre
volcanic,vɒl'kænik,"a. 火山的, 猛烈的\nn. 火山岩",toefl
volcano,vɒl'keinәu,n. 火山,gk cet4 cet6 ky toefl ielts
volition,vәu'liʃәn,"n. 行使意志, 意志力, 决定",gre
volley,'vɒli,"n. 群射, 齐发, 迸发\nvt. 群射, 齐发, 截击\nvi. 进行群射, 齐鸣",gre
volleyball,'vɒlibɒ:l,n. 排球,zk gk cet4 cet6 ky
volt,vәult,n. 伏特\n[化] 伏特,cet4 cet6 ky toefl
voltage,'vәultidʒ,"n. 电压, 伏特数\n[化] 电压",cet4 cet6 ky toefl ielts
voluble,'vɒljubl,"a. 流利的, 健谈的, 易旋转的, 缠绕的",gre
volume,'vɒljum,"n. 册, 卷, 体积, 容量, 大量, 许多, 份量, 音量\nvi. 成团卷起\nvt. 把...收集成卷\na. 大量的\n[计] 卷",cet4 cet6 ky toefl ielts
voluminous,vә'lju:minәs,"a. 卷数多的, 大部头的, 著书多的, 长篇的, 庞大的, 很多的, 盘绕的",gre
voluntary,'vɒlәntәri,"a. 自动的, 自愿的, 故意的, 志愿的, 自发的\nn. 自愿行动, 志愿者, 自由调",gk cet4 cet6 ky toefl ielts
volunteer,.vɒlәn'tiә,n. 志愿者\na. 志愿的\nv. 自愿,gk cet4 cet6 ky toefl ielts
volunteers,ˌvɔlənˈtiəz,"n. 义务工作者( volunteer的名词复数 ); 志愿者; 自告奋勇者; 主动做某事的人\nv. 自动提供, 自愿效劳( volunteer的第三人称单数 ); 主动建议（或告诉）; （未经当事人同意）举荐; 自愿参军, 当志愿兵",ielts
voluptuous,vә'lʌptjәs,"a. 骄奢淫逸的, 贪图酒色的, 妖娆的, 肉欲的, 激起情欲的, 色情的",gre
vomit,'vɒmit,"vt. 吐出, 呕吐\nvi. 呕吐\nn. 呕吐, 呕吐物, 催吐剂",ielts gre
voracious,vә'reiʃәs,"a. 贪吃的, 狼吞虎咽的, 贪婪的",toefl gre
voracity,vә'ræsiti,"n. 贪食, 贪婪",gre
votary,'vәutәri,"n. (天主教)立誓献身者, 崇拜者, 支持者, 信徒",gre
vote,vәut,"n. 投票, 选举, 选票, 表决, 选举权, 得票数\nvi. 投票, 选举\nvt. 投票选举, 投票决定, 公认, 使投票",gk cet4 cet6 ky toefl
voter,'vәutә,"n. 选民, 投票人\n[法] 选民, 选举人, 投票人",toefl
vouch,vautʃ,"vi. 担保, 保证, 证明, 确定地说\nvt. 担保, 证明, 断定, 传唤...出庭作证",gre
voucher,'vautʃә,"n. 证人, 保证人, 证明者, 凭证, 凭单\nvt. 证实...的可靠性",ielts
vow,vau,"n. 誓约, 誓言, 许愿\nvi. 起誓, 发誓, 郑重宣言\nvt. 立誓, 起誓要, 郑重地宣布",cet6 ielts
vowel,'vauәl,n. 元音\na. 元音的,cet6 ky toefl
voyage,'vɒiidʒ,"n. 航行, 航海, 航程, 旅行, 航空\nvi. 航海, 航行\nvt. 航行越过, 飞过",gk cet4 cet6 ky toefl
vulgar,'vʌlgә,"a. 粗俗的, 庸俗的, 普通的, 通俗的, 方言的\n[法] 庸俗的, 卑下的, 粗俗的",cet6 ky toefl ielts gre
vulgarity,vʌl'gæriti,"n. 粗俗, 粗鄙, 粗话\n[法] 粗鄙, 粗野行为",toefl
vulnerable,'vʌlnәrәbl,"a. 易受伤害的, 有弱点的, 易受影响的, 脆弱的, 成局的\n[医] 易损的",cet6 ky toefl ielts gre
vulpine,'vʌlpain,"a. 狐狸的, 狐狸似的, 诡计多端的",gre
vulture,'vʌltʃә,"n. 秃鹫, 贪婪的人\n[法] 贪婪而残酷者, 劫掠成性者",gre
vying,'vaiiŋ,a. 竞争的\nvie的现在分词,gre
waddle,'wɔdl,"vi. 摇摇摆摆地走, 蹒跚而行\nn. 蹒跚",gre
wade,weid,"vi. 跋涉\nvt. 涉水\nn. 跋涉, 浅滩",cet6 toefl gre
waffle,'wɒfl,"vi. 胡扯, 闲聊\nn. 华夫饼干, 胡扯\n[计] Waffle程序",gre
waft,wɑ:ft,"vt. 随风传送, 使飘荡\nvi. 飘荡\nn. 吹拂, 飘荡",gre
wag,wæg,"vt. 摇摆, 摇动, 饶舌\nvi. 摆动, 喋喋不休\nn. 摇摆, 爱说笑打趣的人",gk cet6 toefl gre
wage,weidʒ,"n. 工资, 报应, 报偿\nvt. 开展, 进行\nvi. 进行",gk cet4 cet6 ky toefl gre
wager,'weidʒә,"n. 赌注, 赌博, 赌物\nvt. 下赌注, 向...保证\nvi. 打赌",ielts
waggish,'wægiʃ,"a. 爱开玩笑的, 诙谐的",gre
waggon,,"n. 运货车, 四轮运货马车, (英)铁路货车, 流动服务车, 小型客车, 囚车, 童车",cet4 cet6 ielts
wagon,'wægәn,"n. 四轮马车, 货车\n[法] 囚车, 马车, 运货车",cet4 ky toefl
wail,weil,"n. 恸哭, 哀号, 嚎啕, 呼啸(声)\nvi. 恸哭, 呼啸, 悲叹, 哀号, 嚎啕",toefl ielts gre
waist,weist,"n. 腰部, 腰\n[医] 腰",gk cet4 cet6 ky toefl
wait,weit,"n. 等待, 等候\nvt. 等候, 期待, 延缓, 伺候, 推迟\nvi. 等, 等候, 耽搁, 伺候用餐\n[计] 等待",zk gk
waiter,'weitә,n. 侍者,gk cet4 cet6 ky ielts
waitress,'weitris,"n. 女侍者, 女服务员",gk cet6 ky ielts
waive,weiv,"vt. 不坚持要求, 放弃, 推迟考虑, 丢弃\n[经] 放弃权利, 免除, 弃权人",toefl gre
wake,weik,"vt. 叫醒, 激发\nvi. 醒来, 醒着, 觉醒, 活跃起来\nn. 守侯, 守夜, 尾迹, 痕迹",zk gk
waken,'weikn,"vt. 唤醒, 使觉醒, 激发\nvi. 觉醒, 醒来",cet4 cet6 ky
walk,wɒ:k,"n. 走, 散步, 步行, 行走的路程, 竞走, 散步场所\nvi. 走路, 步行, 处世\nvt. 走过, 遛, 使走, 护送...走",zk gk
walking,'wɒ:kiŋ,"n. 步行, 步态\na. 步行的, 步行用的",ielts
walkman,,n. 随身听（商标名称）,gk
walkout,'wɒ:kaut,"n. 罢工, 退席, 恋爱关系\n[经] 罢工",toefl
wall,wɒ:l,"n. 墙, 墙壁, 垣, 内壁, 分界物, 屏障\na. 墙的\nvt. 给...建墙, 禁闭, 用墙围住\n[计] 背景墙",zk gk ielts
wallet,'wɒlit,"n. 皮夹\n[法] 皮包, 皮夹, 钱袋",gk cet4 cet6 ky
wallop,'wɒlәp,"vi. 乱窜, 猛冲\nvt. 猛击, 击溃\nn. 重击, 冲击力, 快感",gre
wallow,'wɒlәu,"vi. 打滚, 沉迷, 颠簸\nn. 打滚, 泥坑, 堕落",gre
walls,,n. 墙壁；墙体（wall的复数）,ielts
walnut,'wɒ:lnәt,n. 胡桃\n[机] 胡桃木,gk cet6 toefl
walrus,'wɒ:lrәs,n. 海象,gre
wan,wɒn,"a. 苍白的, 无血色的, 病态的, 暗淡的\nv. (使)变苍白\n[计] 广域网",toefl gre
wand,wɒnd,"n. 棒, 棍, 杖",toefl
wander,'wɒndә,"vi. 游荡, 漫步, 徘徊, 迷路, 离题, 蜿蜒\nvt. 在...漫游",gk cet4 cet6 ky toefl ielts
wanderlust,'wɒndәlʌst,"n. 漫游癖, 流浪癖",gre
wane,wein,"n. 减少, 衰微, 败落, 亏缺, 月亏\nvi. 变小, 亏缺, 衰落, 消逝, 退潮",toefl ielts gre
wangle,'wæŋgl,"vi. 设法脱身, 用诡计获得\nvt. 用计获得, 扭身挤出, 哄骗, 伪造\nn. 欺诈行为, 哄骗, 假造",gre
want,wɒnt,"n. 需要的东西, 缺乏, 贫困, 需要\nvt. 要, 希望, 应该, 缺少\nvi. 生活困苦, 需要, 缺少",zk gk gre
wanton,'wɒntәn,"n. 荡妇, 水性杨花的女人\na. 恶意的, 不负责任的, 无节制的, 嬉戏的, 繁茂的, 淫荡的\nvi. 变化无常, 嬉戏, 闲荡, 放肆\nvt. 挥霍",gre
war,wɒ:,"n. 战争, 战争状态, 战术, 军事, 冲突, 斗争, 竞争\nvi. 进行战争, 作战, 打仗, 战斗\na. 战争的, 战时用的",zk gk cet4 cet6 ky
warble,'wɒ:bl,"n. 用颤音唱的歌, 鸟啭, 颤声\nv. 鸟鸣, 用柔和的颤声唱",gre
ward,wɒ:d,"n. 病房, 守卫, 保卫, 保护, 监护, 牢房, 行政区, 锁孔内的榫舌\nvt. 使入病房, 守护, 保卫",gk cet6 ky toefl ielts
warden,'wɒ:dn,"n. 典狱官, 渔猎法监督官, 看守人\n[法] 看守人, 监护人, 管理员",ielts gre
wardrobe,'wɒ:drәub,"n. 衣橱, 衣室, 全部衣服",cet6 ky ielts gre
ware,wєә,"n. 物品, 器具, 货物, 商品, 陶器\nvt. 留心, 小心\na. 知道的, 意识到的, 留神的",cet6 toefl
warehouse,'wєәhaus,"n. 仓库, 货栈, 大商店\nvt. 储入仓库",gk cet6 ky toefl ielts gre
warfare,'wɒ:fєә,"n. 战争, 战斗, 交战, 斗争, 竞争\n[法] 战事, 作战, 交战",cet6 ky toefl
warm,wɒ:m,"a. 暖和的, 暖的, 温暖的, 热烈的, 兴奋的, 激烈的, 多情的, 色情的\nvt. 使温暖, 弄热, 使兴奋, 使充满仇恨\nvi. 变暖和, 变温暖, 取暖, 激动, 同情, 爱好\nn. 暖, 保暖物",zk gk ielts
warming,'wɔ:miŋ,"n. 暖和, 加温, 暖热, 温暖, (非正式)打, 鞭打",ielts
warmonger,'wɒ:.mʌŋgә,n. 战争贩子\n[法] 战争贩子,gre
warmth,wɒ:mθ,"n. 温暖, 温情, 暖和, 激动, 生气",gk cet4 cet6 ky
warn,wɒ:n,"vt. 警告, 提醒, 通知\nvi. 发出警告",zk cet4 cet6 ky toefl
warning,'wɒ:niŋ,"n. 警告, 预告, 预兆, 通知\n[法] 警告, 警戒, 预告; 警告的, 注意的",gk cet6
warp,wɒ:p,"n. 变形, 弯曲, 歪曲, 乖僻, 偏差, 偏见\nvt. 使变形, 弄歪, 使翘曲, 使不正常, 歪曲, 使有偏见\nvi. 变弯, 变歪",toefl gre
warrant,'wɒ:rәnt,"n. 授权, 正当理由, 根据, 证明, 批准, 凭证, 令状, 委任状\nvt. 授权给, 保证, 担保, 批准, 使有正当理由",cet6 ky toefl gre
warrantable,'wɒ:rәntәbl,"a. 可保证的, 可担保的, 可证明为正当的\n[法] 可保证的, 可承认的, 正当的",toefl
warranted,,a. 担保的；保证的,gre
warranty,'wɒ:rәnti,"n. 正当理由, 授权, 担保, 保证, 根据\n[经] 保单, 担保书, 保证书",toefl ielts gre
warrior,'wɒ:riә,"n. 战士, 勇士, 武士, 鼓吹战争的人, 战斗, 尚武",toefl
wary,'wєәri,"a. 谨慎的, 小心的, 机警的, 周到的, 唯恐的",toefl ielts gre
wash,wɒʃ,"n. 洗, 洗涤, 冲洗, 洗的衣服, 冲积物, 洼地\nvt. 洗, 洗涤, 洗清, 用水冲洗, 流过, 弄湿, 粉刷, 镀金属薄层于\nvi. 洗涤, 洗澡, 被冲蚀, 漂浮",zk gk
washing,'wɒʃiŋ,"n. 洗涤, 浸, 洗涤物\n[机] 涂浆, 洗涤",ielts
washroom,'wɒʃrum,n. 盥洗室,gk
wasp,wɒsp,"n. 黄蜂, 胡蜂, 易怒的人, 刻毒的人\n[医] 胡蜂, 黄蜂",cet6
waspish,'wɒspiʃ,"a. 如黄蜂的, 腰细的, 易怒的",gre
waste,weist,"n. 浪费, 废物, 损耗, 消耗, 荒地, 垃圾, 地面风化物\na. 废弃的, 荒芜的, 多余的\nvt. 浪费, 消耗, 使荒芜\nvi. 浪费, 消耗, 变消瘦",zk gk cet4 cet6 ky ielts gre
wasteful,'weistful,"a. 浪费的, 不经济的",cet6
wastrel,'weistrәl,"n. 浪费者, 饭桶, 浪子, 废品, 流浪者",gre
watch,wɒtʃ,"n. 观察, 手表, 看守, 守护, 监视, 值班人\nvt. 看, 注视, 照顾, 看守, 守护, 监视\nvi. 观看, 注视, 守侯",zk gk toefl
watchdog,'wɒtʃdɒg,"n. 看门狗, 监察人\n[化] 监控设备; 监视器",ielts
watchful,'wɒtʃful,"a. 注意的, 警戒的, 警醒的, (时间)醒着换过的",cet6
water,'wɒ:tә,"n. 水, 雨水, 海水, 水位, 水面, 流水\nvt. 给...浇水, 供以水, 注入水, 使湿\nvi. 流泪, 流口水, 加水\na. 水的, 水上的, 水生的, 含水的",zk gk ielts
water-clock,'wɔ:tərkl'ɒk,"n. 水钟, 滴漏",ielts
water-proof,,"[医] 防水的, 不透水的",ielts
water-skiing,,n. 滑水,ielts
watercourse,'wɒtәkɒ:s,"n. 水道, 河道\n[法] 水流权, 河流, 水路",toefl
waterfall,'wɒtәfɒ:l,n. 瀑布,cet4 cet6 ky ielts
watermelon,'wɒtә.melәn,n. 西瓜,zk gk
waterproof,'wɒtәpru:f,"n. 防水材料\na. 不透水的, 防水的\nvt. 使防水",cet4 cet6 ky toefl
watershed,'wɒtәʃed,"n. 流域, 分水岭\n[医] 分水界, 分水岭",gre
watertight,'wɒtәtait,"a. 不透水的, 不漏水的, 无懈可击的\n[化] 不透水的; 不漏水的",cet6
watery,'wɒ:tәri,"a. 水的, 湿的, 平淡的, 稀薄的, 水淋淋的",cet6
watt,wɒt,n. 瓦(特)\n[化] 瓦; 瓦特,cet6 ky
wave,weiv,"n. 波, 波浪, 波动, 起伏, 高潮, 潮涌, 挥手致意, (气压)突变\nvi. 波动, 飘动, 挥手示意, 起伏\nvt. 使波动, 使飘扬, 挥舞, 使成波浪形",gk cet4 cet6 ky ielts
wavelength,'weivleŋθ,n. 波长\n[化] 波长,cet4 cet6
waver,'weivә,"n. 动摇, 踌躇, 挥动者\nvi. 摇摆, 颤抖, 摆动, 摇曳, 犹豫",cet6 toefl ielts gre
wavy,'weivi,"a. 有波浪的, 多浪的, 波浪状的, 波动的, 不稳定的",toefl
wax,wæks,"n. 蜡, 蜡状物, 一阵发怒, 增加, (月亮)渐盈\nvi. 变大, 增大, 月亮渐满\nvt. 上蜡于",gk cet4 cet6 ky toefl ielts gre
waxy,'wæksi,"a. 蜡制的, 像蜡的, 蜡色的, 苍白的, 生气的, 柔软的, 光滑的\n[医] 蜡状的, 蜡的",toefl
way,wei,"n. 路, 路线, 路途, 方法, 道路, 情形, 规模, 习惯, 行业, 方面\nadv. 远远地, 非常",zk gk toefl
waylay,wei'lei,"vt. 伏击, 埋伏\n[法] 挡路抢劫, 挡路, 挡截",gre
wayside,'weisaid,n. 路旁\na. 路旁的,gk
we,wi:,pron. 我们,zk gk
weak,wi:k,"a. 不牢固的, 弱的, 虚弱的, 软弱的, 无力的, 无权力的, (论据等)不充分的\n[经] 疲软的",zk gk cet4 cet6 ky
weaken,'wi:kәn,"vt. 削弱, 减弱, 使虚弱\nvi. 变弱, 变软弱",cet4 cet6
weakness,'wi:knis,"n. 虚弱, 薄弱, 弱点\n[经] 欲振乏力",gk cet4 cet6
wealth,welθ,"n. 财富, 资源, 财产, 丰富, 富裕, 大量\n[经] 财富",zk gk cet4 cet6 ky ielts
wealthy,'welθi,"a. 富有的, 丰裕的, 充分的",gk cet4 cet6 ky
wean,wi:n,"vt. 使断奶, 使丢弃, 使断念\nn. 小儿",gre
weapon,'wepәn,"n. 武器, 兵器\nvt. 武装",cet4 cet6 ky toefl ielts
wear,wєә,"n. 穿着, 戴, 使用, 耗损, 服装, 耐久性\nvt. 穿着, 戴, 留(须、发等), 呈现, 磨损, 磨成, 耗损, 使疲乏, 消磨\nvi. 磨损, 变旧, 耐久, 渐变, 渐渐消失",zk gk toefl ielts
weariness,'wiәrinis,"n. 疲倦, 厌倦, 疲劳",toefl
wearisome,'wiәrisәm,"a. 使疲倦的, 使厌倦的, 乏味的",gre
weary,'wiәri,"a. 疲倦的, 萎靡的, 厌倦的, 厌烦的\nvt. 使疲倦, 使厌烦\nvi. 疲乏, 生厌, 不耐烦",cet4 cet6 ky toefl ielts gre
weasel,'wi:zl,"n. 鼬鼠, 狡猾的人, 告密者, 狡辩之辞\nvi. 躲避, 告密",gre
weather,'weðә,"n. 天气, 气象, 处境\na. 迎风的\nvt. 使受风吹雨打, 侵蚀, 使风化, 经受住\nvi. 风化, 受侵蚀, 经受风雨",zk gk toefl ielts gre
weathering,'weðәriŋ,"n. 泻水坡, 风化\n[化] 天然时效",toefl
weatherman,'weðәmæn,n. 气象员；天气预报员,gk
weave,wi:v,"n. 编法, 织法, 编织式样\nvt. 编织, 组合, 编排, 使迂回前进\nvi. 纺织, 迂回行进",cet4 cet6 ky toefl ielts
weaver,'wi:vә,"n. 织布者, 织工",cet6 toefl
weaverbird,'wi:vәbә:d,n. 织布鸟,toefl
web,web,"n. 网, 蛛丝, 蹼, 织物, 圈套, 卷筒纸\nvi. 结网, 形成网\nvt. 织蜘蛛网于, 使落入圈套",gk cet6 ky ielts
website,,n. 网站（全球资讯网的主机站）,zk gk ielts
wed,wed,"vt. 与...结婚, 使结合\nvi. 结婚",toefl
wedding,'wediŋ,"n. 婚礼, 结婚, 结婚周年纪念日, 结合\n[法] 结婚, 婚礼, 结婚纪念日",gk cet4 cet6 ky toefl ielts
wedge,wedʒ,"n. 楔子, 楔形物, 起因, 导致分裂的东西\nvt. 楔住, 挤进, 楔入\nvi. 楔入, 挤进",cet6 ky ielts
wedge-shaped,'wedʒʃeipt,a. 楔形的\n[化] 楔形,toefl
Wednesday,'wenzdi,n. 星期三,zk gk ielts
weed,wi:d,"n. 杂草, 野草\nvi. 除草\nvt. 除...的草, 剔除",gk cet4 cet6 ky toefl ielts gre
weeds,wi:dz,n. 丧服,ielts
week,wi:k,"n. 星期, 周",zk gk
weekday,'wi:kdei,"n. 周日, 平日\n[计] 工作日",zk gk cet4 cet6 ky
weekdays,,"adv. 在每个周日, 在平时每天",ielts
weekend,'wi:kend,"n. 周末, 周末休假",zk gk ielts
weekends,,adv. 在每周末,ielts
weekly,'wi:kli,"n. 周刊, 周报\na. 每周的, 一周一次的, 周刊的\nadv. 每周, 一周一次",gk cet4 cet6 ky ielts
weep,wi:p,"n. 哭, 哭泣\nvi. 哭泣, 流泪, 哀悼, 滴落\nvt. 哭着使..., 悲叹, 滴下",gk cet4 cet6 ky toefl
weigh,wei,"vt. 称...重量, 衡量, 把...压弯, 考虑, 权衡, 起锚\nvi. 称分量, 有意义, 重压, 起锚\nn. 过秤, 称分量",zk gk cet4 cet6 ky
weight,weit,"n. 重, 重量, 体重, 砝码, 重大, 影响, 力量\nvt. 加重量于, 压迫, 使加权, 称重量\n[计] 粗细",zk gk ielts
weird,wiәd,"a. 怪异的, 超自然的, 不可思议的\nn. 命运, 预言, 符咒",ky toefl ielts gre
welcome,'welkәm,"n. 欢迎, 欢迎词\na. 受欢迎的, 可随意的, 可喜的\nvt. 欢迎, 接待\ninterj. 欢迎",zk gk
weld,weld,"n. 焊接处, 焊接\nvt. 焊接, 使密接, 使结合, 使成整体\nvi. 焊牢",cet4 cet6 ky toefl ielts gre
welfare,'welfєә,"n. 福利, 安宁, 幸福, 福利事业\na. 福利的",gk cet4 cet6 ky toefl ielts
well,wel,"n. 井, 泉水, 源泉, 好\nv. 涌出\na. 健康的, 良好的, 适宜的, 恰当的\nadv. 很好地, 适当地, 好意地, 很, 完全\ninterj. 好啦",zk gk toefl
well-being,'welbiiŋ,"a. 安宁的, 康乐的",toefl
well-groomed,,"a. 穿得考究的, 十分整洁的, 穿着考究的",gre
well-known,,"a. 众所周知的, 有名的",cet4 cet6
Welsh,welʃ,"a. 威尔士的\nn. 威尔士人\nvi. 赖赌帐, 逃避责任",gre
welter,'weltә,"vi. 翻滚, 滚动, 沉溺, 浸湿, 起伏\nn. 翻滚, 汹涌, 混乱, 起伏, 重量级骑手",gre
west,west,"n. 西方, 西部\na. 西方的, 向西的\nadv. 向西, 自西方, 在西方",zk gk ielts
western,'westәn,"n. 西方人, 西部片, 西部小说\na. 向西方的, 来自西方的, 西方的, 西洋的, 西部的",zk gk ielts
westerner,,"n. 西方人, 西洋人",gk ielts
westward,'westwәd,n. 朝西的方向\na. 向西的\nadv. 向西的,cet4 cet6
westwards,'westwәdz,adv. 向西,gk
wet,wet,"n. 湿气, 潮湿, 水分, 雨天\na. 湿的, 潮的, 搞错的, 下雨的, 反对禁酒的\nvi. 变湿\nvt. 使...湿",zk gk
wetland,'wetlænd,"n. 湿地, 沼泽地\n[经] 湿地",ielts
whale,hweil,"n. 鲸\nvi. 捕鲸\nvt. 使惨败, 猛揍",zk gk cet4 cet6 ky toefl
whales,hweilz,"n. 鲸, 鲸鱼( whale的名词复数 )",ielts
wharf,hwɒ:f,"n. 码头\nvt. 卸在码头上, 靠码头\nvi. 靠码头, 入坞",cet6
what,hwɒt,"pron. 什么\ninterj. 怎么, 多么\na. 什么的\nadv. 到什么程度",zk gk
whatever,hwɒt'evә,pron. 无论什么,zk gk cet4 cet6 ky ielts
whatsoever,.hwɒtsәu'evә,pron. 无论什么,cet4 ky
wheat,hwi:t,n. 小麦,zk gk cet4 cet6 ky toefl
wheedle,'hwi:dl,"vt. 以甜言蜜语诱惑, 用甜言蜜语骗\nvi. 用甜言蜜语哄骗",toefl gre
wheel,hwi:l,"n. 轮子, 车轮, 轮, 方向盘, 旋转, 机构, 重要人物\nvt. 使旋转, 转动, 使转向\nvi. 旋转, 转弯, 盘旋",zk gk cet4 cet6 ky ielts
wheels,'hwi:ls,n. 旋转；车轮（wheel的复数）,ielts
whelm,'hwelm,"vt. 用...覆盖, 压倒, 淹没\nvi. 覆盖, 淹没",gre
whelp,hwelp,n. 小狗\nv. 下崽,gre
when,hwen,"conj. 当...的时候\nadv. 何时, 什么时候\npron. 什么时侯\nn. 时间",zk gk
whenever,hwen'evә,"conj. 每当\nadv. 不论何时, 每逢",zk gk cet4 cet6 ky
where,hwєә,adv. 在哪里\npron. 哪里\nn. 地点,zk gk
whereas,hwєәr'æz,"conj. 然而, 鉴于\n[法] 考虑到, 鉴于, 就...而论",cet4 cet6 ky toefl ielts
whereby,(h)weә'bai,"adv. 靠什么, 如何, 为何, 靠那个, 因此, 由此\n[法] 因此, 由是",cet6 ielts
wherever,hwєәr'evә,adv. 无论哪里,gk cet4 cet6 ky
whet,hwet,"n. 磨, 开胃小吃\nvt. 磨, 磨快, 刺激, 促进",gre
whether,'hweðә,"conj. 是否, 不论\npron. 两个中的哪一个",zk gk
which,hwitʃ,"pron. 哪一个, 那一个",zk gk
whichever,hwitʃ'evә,"pron. 无论那一个, 任何一个",gk cet4 cet6 ky
whiff,hwif,"n. 一吹, 一吸, 一阵, 一点点, 一口烟\nvi. 轻轻地吹, 喷气, 三击不中出局, 垂钓\nvt. 吹送, 喷出, 吸, 使三击不中出局",gre
while,hwail,"n. 一会儿, (一段)时间\nconj. 当...的时候, 虽然\nvt. 消磨",zk gk
whilst,wailst,"conj. 当...的时候, 和...同时, 虽然, 只要, 然而, 而, 尽管",cet4 cet6 ielts
whim,hwim,"n. 一时的兴致, 冲动, 怪念头, 绞盘",toefl gre
whimsical,'hwimzikl,"a. 怪念头多的, 反复无常的, 古怪的, 异想天开的",gre
whimsy,'hwimzi,"n. 怪念头, 离奇的东西, 反复无常, 绞盘",gre
whine,hwain,"n. 哀叫声, 嘎嘎声, 哀鸣\nvi. 哭诉, 嘎嘎响, 发呜呜声\nvt. 哀诉",gre
whip,hwip,"n. 鞭子, 抽打, 车夫, 搅拌器\nvt. 鞭打, 搅拌, 煽动, 召集, 仓促制成\nvi. 拍击, 急走, 抽打",cet4 cet6 ky ielts
whir,hwә:,"n. 呼呼声, 飕飕声\nvi. 作呼呼声, 发飕飕声\nvt. 使呼呼响",toefl
whirl,hwә:l,"n. 回旋, 旋转, 急走, 眩晕\nvt. 使旋转, 使回旋, 卷走\nvi. 回旋, 旋转, 急走, 发晕",cet4 cet6 ky ielts
whirlpool,'hwә:lpu:l,"n. 漩涡, 涡流\n[化] 涡流",gre
whisker,'hwiskә,"n. 腮须, 胡须, 一丝儿\n[化] 晶须",cet6
whisky,'hwiski,"n. 威士忌酒, 轻便马车\n[化] 威士忌酒",cet4 cet6 ky
whisper,'hwispә,"n. 耳语, 密谈, 谣传, 沙沙声\nvi. 耳语, 密谈, 沙沙地响\nvt. 低声说",gk cet4 cet6 ky gre
whistle,'hwisl,"n. 口哨, 汽笛, 啸啸声, 口哨声\nvi. 吹口哨, 鸣汽笛, 发嘘嘘声\nvt. 用口哨或吹哨传意, 用口哨演奏",gk cet4 cet6 ky ielts gre
whit,hwit,"n. 些微, 一点点",toefl gre
white,hwait,"n. 白色, 洁白, 眼白, 白种人, 蛋白\na. 白色的, 纯洁的, 白种的, 苍白的, 空白的, 幸运的",zk gk
whitewash,'hwaitwɒʃ,"n. 白色涂料, 粉饰, 得零分的惨败",cet4 cet6 ky
whittle,'hwitl,"vt. 逐渐削薄, 削整, 削弱, 削减\nvi. 削木头\nn. 大刀, 屠刀",toefl gre
who,hu:,pron. 谁,zk gk
whoever,hu'evә,"pron. 任何人, 无论谁",cet4 cet6 ky
whole,hәul,"n. 全部, 全体, 整体, 完全之体系\na. 所有的, 完整的, 完全的, 纯粹的",zk gk cet4 cet6 ky
wholesale,'hәulseil,"n. 批发\na. 批发的, 大规模的\nadv. 大规模, 照批发方式\nvi. 经营批发业, 批发\nvt. 批发",toefl ielts
wholesaler,'hәulseilә,n. 批发商\n[经] 批发商,toefl
wholesome,'hәulsәm,"a. 有益健康的, 合乎卫生的, 健全的, 有益的, 有生气的, 审慎的",cet6 ky toefl ielts gre
wholly,'hәuli,"adv. 完全地, 整个, 统统, 全部\n[法] 完全地, 统统地",cet4 cet6 ky
whom,hu:m,pron. 谁,zk gk
whose,hu:z,pron. 谁的,zk gk
why,hwai,"adv. 为什么\nn. 原因, 理由",zk gk
wick,wik,"n. 灯芯, 油绳",gre
wicked,'wikid,"a. 坏的, 邪恶的, 缺德的, 刻毒的, 恶劣的, 淘气的",cet4 cet6 ky ielts gre
wide,waid,"a. 宽的, 广阔的, 普遍的, 宽阔的, 广泛的, 一般的\nadv. 广阔地, 遍及各处地, 广泛地\nn. 大千世界",zk gk ielts
widely,'waidli,adv. 广泛地,cet4 cet6
widen,'waidn,"vt. 弄宽, 加宽, 扩大\nvi. 变宽, 扩大",cet4 cet6
widespread,'waidspred,"a. 充分伸展的, 广布的, 普及的, 流传广的",gk cet4 cet6 ky toefl
widow,'widәu,"n. 寡妇, 孀妇\nvt. 使成寡妇",cet4 cet6 ky toefl
width,widθ,"n. 宽度, 宽广, 广博\n[医] 宽度",cet4 cet6 ky ielts
wield,wi:ld,"vt. 挥舞, 运用",cet6 toefl ielts gre
wife,waif,"n. 妻子, 太太, 夫人\n[法] 妻子, 已婚妇女",zk gk
wig,wig,"n. 假发, 斥责\nvt. 给...戴假发, 激怒, 使发狂\nvi. 激动, 发狂",gre
wiggle,'wigl,"v. 扭动着行进, 摆动\nn. 扭动, 摆动",gre
wild,waild,"n. 荒野, 荒地\na. 野性的, 野蛮的, 野生的, 失控的, 任性的, 杂乱的, 轻率的, 狂热的, 疯狂的\nadv. 狂暴地, 失控地",gk cet4 cet6 ky
wilderness,'wildәnis,"n. 荒野, 荒地, 大量",ielts
wildlife,'waildlaif,n. 野生动植物,gk toefl ielts
wile,wail,"n. 诡计, 狡猾\nvt. 引诱, 诱骗, 消遣",gre
wilful,'wilful,"a. 任性的, 固执的, 故意的, 存心的\n[法] 有意的, 故意的, 任性的",cet6
will,wil,"n. 意志, 决心, 意愿, 意向, 干劲, 遗嘱\nvt. 用意志的力量驱使, 决意, 愿意, 立遗嘱\nvi. 下决心, 愿意\naux. 将, 愿意, 必须",zk gk
willful,'wilful,"a. 任性的, 故意的, 有意的",gre
willing,'wiliŋ,"a. 乐意的, 自愿的, 甘愿的",gk cet4 cet6 ky
willingly,'wiliŋli,"adv. 自动地, 欣然地",gk
willingness,,"n. 乐意, 心甘情愿, 愿意",gk
willow,'wilәu,"n. 柳树, 柳木制品\na. 柳树的, 柳木制的",cet6 toefl ielts gre
willowy,'wilәji,"a. 柳树多的, 易弯的, 苗条的, 优雅的",gre
wilt,wilt,"v. (使)枯萎, (使)衰弱, (使)畏缩\nn. 枯萎, 衰弱, 憔悴",gre
wily,'waili,"a. 使用计谋的, 有诡计的, 狡猾的",gre
win,win,"vt. 赢得, 打胜, 成功\nvi. 获胜, 达到, 影响\nn. 胜利, 赢, 收益",zk gk cet4 cet6 ky
wince,wins,"n. 畏缩, 退避\nvi. 畏缩, 退缩, 退避",gre
wind,wind,"n. 风, 气息, 气味, 呼吸, 风声, 趋势, 空谈, 卷绕, 弯曲\nvt. 使通风, 嗅出, 使喘气, 吹号角, 上发条, 缠绕, 包, 绞起, 吊起, 使弯曲, 使迂回\nvi. 嗅出猎物, 吹响号角, 卷曲, 蜿蜒, 迂回, 缠绕",zk gk ielts
windbag,'windbæg,"n. 空话连篇的人, 风囊",gre
windbreaker,'wind.breikә,"n. 防风林, 防风茄克衫, 风衣",gk
windfall,'windfɒ:l,"n. 被风吹落的果子, 横财\n[经] 意外损失",gre
winding,'waindiŋ,"n. 绕, 卷, 弯曲, 线圈\na. 蜿蜒的, 卷绕的, 弯曲的",cet6 gre
windmill,'windmil,n. 风车,cet6
window,'windәu,"n. 窗户, 窗子, 窗口\nvt. 给...开窗\n[计] 窗口",zk gk ielts
windswept,'windswept,"a. 风刮的, 被风吹扫的, 暴露在风中的",toefl
windy,'windi,"a. 多风的, 风强的, 腹胀的, 吹牛的",zk gk cet6 gre
wine,wain,"n. 葡萄酒, 果酒, 暗红色\nv. (请)喝酒",zk gk cet4 cet6 ky
wing,wiŋ,"n. 翅膀, 翼, 机翼, 派别\nvt. 给...装上翼, 飞过, 使飞, 空运, 增加...速度\nvi. 飞行",zk gk cet4 cet6 ky ielts
wingspan,'wiŋspæn,n. 翼展,toefl
wink,wiŋk,"n. 眨眼, 使眼色, 瞬间\nvi. 眨眼, 使眼色, 闪烁\nvt. 眨",cet6 ky gre
winkle,'wiŋkl,"n. 滨螺, 食用螺\nvt. 剔出, 逐出\nvi. 闪耀",gre
winner,'winә,"n. 胜利者, 优胜者\n[法] 取胜者",zk gk cet4 cet6
winnow,'winәu,"vt. 簸, 扬(谷), 吹掉, 把挑出来, 精选\nvi. 扬谷, 分出好坏, 飞翔\nn. 扬谷, 扬谷器",gre
winsome,'winsәm,"a. 引人注目的, 迷人的, 可爱的",gre
winter,'wintә,"n. 冬季, 萧条期, 衰退期\na. 冬天的\nvt. 使度过冬天\nvi. 过冬",zk gk
wipe,waip,"n. 擦拭, 用力打, 凸轮\nvt. 擦, 揩, 消灭, 涂上, 拭去\nvi. 擦, 打",gk cet4 cet6 ky
wire,'waiә,"n. 电线, 电报, 电信, 铁丝网, 金属丝\nvt. 用金属丝捆扎, 拍电报\nvi. 打电报",gk cet4 cet6 ky
wireless,'waiәlis,"n. 无线电\na. 无线的, 无线电的",cet4 cet6
wiretap,'waiәtæp,v. 搭线窃听\nn. 窃听,gre
wisdom,'wizdәm,"n. 智慧, 明智行为, 学识, 名言, 贤人",gk cet4 cet6 ky ielts
wise,waiz,"a. 明智的, 慎虑的, 聪明的, 博学的, 狡猾的, 机灵的\nvi. 知道\nvt. 教导, 告诉, 劝导\nn. 方法, 方式\n[计] 教育信息系统",zk gk cet4 cet6 ky ielts
wish,wiʃ,"n. 希望, 愿望, 祝愿, 命令, 请求\nvt. 愿, 想要, 希望, 祝愿\nvi. 希望",zk gk
wispy,'wispi,"a. 小束状的, 细微的, 飘渺的",toefl
wistful,'wistful,"a. 渴望的, 想望的",toefl gre
wit,wit,"n. 机智, 智力, 头脑, 理智, 妙语, 机智的人",cet4 cet6 ky toefl ielts gre
witch,witʃ,"n. 巫婆, 女巫\nvt. 施巫术, 迷惑",ky gre
with,wið,"prep. 和...在一起, 以, 由于",zk gk
withdraw,wið'drɒ:,"vt. 撤回, 取回, 撤消, 使撤退, 拉开, 移开\nvi. 撤退, 离开",gk cet4 cet6 ky toefl ielts gre
withdrawal,wið'drɒ:l,"n. 提款, 撤退, 退回, 撤消, 退隐, 戒毒过程\n[医] 戒除, 脱瘾",toefl
wither,'wiðә,"vt. 使凋谢, 使消亡, 使畏缩\nvi. 枯萎, 衰退",cet6 toefl ielts gre
withhold,wið'hәuld,"vt. 使停止, 扣留, 保留, 拒给\nvi. 克制, 忍住",cet6 ky ielts gre
within,wi'ðin,"n. 内部, 里头\nadv. 在内部, 在内心里\nprep. 在...之内",gk cet4 cet6 ky
without,wi'ðaut,"prep. 没有, 不, 在...之外\nadv. 在外面, 户外\nn. 外面, 外部",zk gk
withstand,wið'stænd,"vt. 抵住, 顶住, 经得起",cet4 cet6 ky toefl ielts gre
witness,'witnis,"n. 证人, 目击者, 证据, 证词\nvt. 目击, 作证, 证明, 表明\nvi. 作证人, 作为证据",gk cet4 cet6 ky toefl ielts gre
witticism,'witisizm,"n. 妙语, 俏皮话",gre
witty,'witi,"a. 富于机智的, 诙谐的",cet6 toefl
wizardry,'wizәdri,n. 巫术,gre
wizen,'wizn,"vt.vi. (使)枯萎, (使)雕谢",gre
wizened,'wiznd,"a. 干枯的, 枯萎的, 干瘪的, 消瘦的",gre
wobble,'wɒbl,"n. 摆动, 摇晃, 不稳定, 抖动\nvi. 摇晃, 摇摆, 游移不定\nvt. 使摇摆, 使颤动",gre
woe,wәu,"n. 悲哀, 悲痛, 苦痛",cet6 gre
wolf,wulf,"n. 狼, 残忍贪婪之人, 极度穷困\nvt. 狼吞虎咽, 大吃",zk gk cet4 cet6 ky
wollongong,"'wjlәn^ɔŋ, -^ɔ:ŋ",伍伦贡[澳大利亚东南部港市],ielts
woman,'wumәn,"n. 女人, 妇女, 女仆\na. 女用的, 女性的, 妇女的\nvt. 贬称...为女人, 使成女人腔",zk gk
wonder,'wʌndә,"n. 奇迹, 惊奇, 惊愕\nvt. 惊奇, 想知道\nvi. 惊讶, 怀疑",zk gk cet4 cet6 ky toefl
wonderful,'wʌndәful,"a. 令人惊奇的, 奇妙的, 极好的",zk gk cet4 cet6 ky
wont,wɒnt,"n. 习惯\na. 惯常的, 易于...的\nvi. 习惯\nvt. 使习惯于",gre
woo,wu:,"vt. 追求, 向...求爱, 恳求\nvi. 求爱, 央求",gk gre
wood,wud,"n. 木材, 木制品\nvt. 植林于, 给...添加木柴\nvi. 收集木材",zk gk cet4 cet6 ky ielts
woodcut,'wudkʌt,"n. 木刻, 木刻印版",gre
wooden,'wudn,"a. 木制的, 呆笨的, 木然的",gk cet4 cet6 ky
woodpecker,'wudpekә,n. 啄木鸟,cet6
woods,wjdz,"n. 森林, 树林",toefl ielts
wool,wul,"n. 羊毛, 毛织物, 毛线, 绒线\n[医] 羊毛, 绒毛, 棉[花]",cet4 cet6 ky toefl
woolen,'wulin,"n. 毛制品\na. 羊毛的, 羊毛制的, 毛织的",toefl
woollen,'wulin,n. 毛织品\na. 羊毛制的,gk cet4 cet6
woolly,'wuli,"a. 羊毛制的, 模糊的, 似羊毛的, 蓬乱的",toefl
word,wә:d,"n. 话, 消息, 词, 诺言, 命令\nvt. 用言辞表达\n[计] 字",zk gk
wording,'wә:diŋ,"n. 用词, 措词",ielts
words,,n. 言语；话语；字（word的复数）,ielts
work,wә:k,"n. 工作, 劳动, 职业, 行为, 功, 作品, 成果, 产品, 工程\nvi. 工作, 劳动, 做, 运转, 起作用, 被加工\nvt. 使工作, 使转动, 开动, 使用, 经营, 使逐渐变得, 造成",zk gk
workday,,"n. 工作日, (一天的)工作时数\n[机] 工作天",gk
worker,'wә:kә,"n. 工人, 劳动者\n[经] 工人, 劳工, 劳动者",zk gk ielts
workforce,,"n. 劳动力；工人总数, 职工总数",gk
working,'wә:kiŋ,"n. 工作, 运转, 劳动\na. 工作的, 劳动的, 经营的, 抽搐的, 运转的",ielts
workload,'wә:klәud,n. 工作量\n[化] 工作量,toefl ielts
workman,'wә:kmәn,"n. 工人, 工匠, 男工",cet4 cet6
workmate,,"n. 共同工作者, 同事",gk
workpiece,'wә:kpi:s,n. 工件,cet6
workplace,,"n. 工作场所, 工厂, 车间",gk
works,,"n. 工程, 工厂, 工事, 活动部件, 机件, 著作, 作品, 善行, 德行\n[机] 工厂, 工场",gk
workshop,'wә:kʃɒp,"n. 工场, 车间, 研讨会\n[计] 讨论会; 专题研究组",cet4 cet6 ky ielts
workshops,ˈwə:kʃɔps,n. 专题讨论会( workshop的名词复数 ); 车间; 工作坊; 研究会,ielts
world,wә:ld,"n. 世界, 地球, 宇宙, 万物, 世人, 人间, 领域, 世事, 世故, 社会生活, 大量\n[法] 世界, 地球, 世人",zk gk ielts
world-wide,,a. 遍及全世界的,cet4 cet6
worldly,'wә:ldli,"a. 世间的, 世俗的, 世上的",toefl
worldwide,'wә:ldwaid,a. 全世界的,gk cet4 ky toefl
worm,wә:m,"n. 虫, 蠕虫, 小人物, 螺纹, 蜗杆\nvi. 蠕行, 慢慢前进\nvt. 使蠕行, 慢慢地走, 除虫\n[计] 蠕虫病毒",gk cet4 cet6 ky toefl
worn,wɒ:n,"a. 用旧的, 穿旧的\nwear的过去分词",gk
worried,'wʌrid,"a. 担心的, 闷闷不乐的",gk
worry,'wʌri,"n. 担心, 烦恼, 忧虑, 苦恼, 撕咬\nvt. 使烦恼, 使焦虑, 使苦恼, 困扰, 折磨, 撕咬\nvi. 烦恼, 担心, 撕咬",zk gk
worse,wә:s,"n. 更坏的事, 更恶劣的事, 败局\na. 更坏的, 更恶劣的\nadv. 更坏地, 更恶劣地",gk cet4 cet6 ky
worship,'wә:ʃip,"n. 崇拜, 礼拜, 尊敬\nvi. 参加礼拜\nvt. 崇拜, 尊敬",cet4 cet6 ky ielts gre
worst,wә:st,"n. 最坏, 最坏的时候\na. 最坏的, 最恶劣的, 最不利的\nadv. 最坏, 最糟",gk cet4 cet6 ky
worth,wә:θ,"n. 价值, 财产\na. 值...的, 值得的",zk gk
worthless,'wә:θlis,"a. 无价值的, 无益的, 无足轻重的\n[法] 无价值的, 无用的",gk cet4 cet6
worthwhile,'wә:θ'hwail,"a. 值得花时间的, 值得做的, 有真实价值的",gk cet4 cet6 ky ielts
worthy,'wә:ði,"n. 杰出人物\na. 有价值的, 可敬的, 值得的",gk cet4 cet6 ky toefl
would,wud,"aux. 将, 愿意",zk gk
wound,wu:nd,"n. 创伤, 伤口, 伤疤, 伤害, 痛苦\nvt. 伤害, 损害, 使受伤\nvi. 打伤, 伤害\nwind的过去式和过去分词",zk gk cet4 cet6 ky
wounded,,"a. 受伤的\n[法] 受伤者; 受伤的, 受了损害的",gk
wraith,reiθ,"n. 生魂, 幻影, 幽灵",gre
wrangle,'ræŋgl,"vi. 争论, 口角\nvt. 辩驳, 放牧\nn. 口角, 吵嘴",gre
wrangler,'ræŋglә,"n. 口角者, 争论者, 牧人",toefl gre
wrap,ræp,"n. 外套, 围巾, 包裹物, 限制, 约束, 秘密, 换行\nvt. 包装, 卷, 缠绕, 包, 裹, 覆盖, 遮蔽, 隐藏, 掩护\nvi. 缠绕, 穿外衣, 包起来\n[计] 换行",cet4 cet6 ky toefl ielts
wrath,rɒ:θ,"n. 愤怒, 激怒, 愤怒的举动, (自然现象等)严酷",cet6 toefl gre
wreak,ri:k,"vt. 发泄(怒火), 报仇\n[法] 报仇, 报复, 施",gre
wreath,ri:θ,"n. 花圈, 花环, 圈状物\n[医] 花冠, 花冠体(细胞核分裂的一时期)",cet4 cet6 ky
wreathe,ri:ð,"vt. 作成花圈, 环绕, 盘绕, 使笼罩\nvi. 扭曲, 成圈, 缭绕",ielts gre
wreck,rek,"n. 失事, 残骸, 破坏\nvt. 使失事, 拆毁, 破坏\nvi. (船)失事, 营救失事船只",cet4 cet6 ky toefl ielts
wreckage,'rekidʒ,"n. 残骸, 失事, 破坏\n[经] (船双等的)失事遭难",cet4 gre
wren,ren,n. 鹪鹩,toefl
wrench,'rentʃ,"n. 扳钳, 扳手, 扭伤, 歪曲, 痛苦\nvt. 猛扭, 扭伤, 曲解, 折磨\nvi. 猛扭, 猛绞",cet6 ky ielts gre
wrestle,'resl,"n. 摔跤, 角力, 扭斗\nvi. 摔跤, 搏斗, 斗争, 斟酌\nvt. 与(对手)摔跤",gk cet6 ielts
wrestling,'resliŋ,n. 摔跤,toefl
wretched,'retʃid,"a. 可怜的, 不幸的, 卑鄙的",cet6 ky ielts gre
wright,rait,"n. 制作者, 工人",toefl
wring,riŋ,"n. 扭绞, 拧, 挤\nvt. 拧, 绞, 扭, 勒索, 折磨, 使痛苦\nvi. 蠕动, 扭动, 绞, 扭, 感到痛苦",cet6 toefl
wrinkle,'riŋkl,"n. 皱纹, 妙计, 方法, 技巧\nvi. 起皱\nvt. 使起皱纹",gk cet6 ky toefl ielts gre
wrist,rist,"n. 手腕, 腕关节\n[医] 腕",gk cet4 cet6 ky toefl gre
wristwatch,'ristwɒtʃ,n. 手表,toefl
writ,rit,"n. 令状, 文书, 文件, 书面命令\n[经] 法院命令",gre
write,rait,"vt. 书写, 著述, 写, 写满, 写信给\nvi. 写, 写字, 写信, 写作, 作曲\n[计] 书写器",zk gk
writer,'raitә,"n. 作家, 撰稿者, 抄写员\n[化] 记录器",cet4 cet6 ielts
writing,'raitiŋ,"n. 书写, 著作, 笔迹, 作品\n[医] 书写",gk cet4 cet6 ky ielts
wrong,rɒŋ,"a. 错误的, 不正当的, 失常的\nadv. 错误地",zk gk
wrought,rɒ:t,"a. 制成的, 精细的\nwork的过去式和过去分词",toefl ielts gre
wry,rai,"a. 扭歪的, 歪曲的, 歪斜的\nv. 扭曲, 扭歪",toefl gre
x-ray,'eks'rei,"a. X射线的\nvt. 用X光检查, 照X光\nvi. 使用X光",zk cet4 ielts
xenophobe,'zenәfәub,"n. 畏惧和憎恨外国人的人\n[法] 仇视外国人, 恐惧外国人者, 害怕生人者",gre
xenophobia,",zenә'fәubiә","n. 无端畏惧和憎恨外国人/陌生人, 对外国人的畏惧和憎恨\n[医] 生客恐怖",gre
xerophyte,'ziәrәufait,n. 旱生植物,gre
xerox,'ziәrɒks,v. 静电复印,cet6 ky
yacht,jɒt,"n. 快艇, 游艇\nvi. 驾游艇, 乘游艇",cet6 gre
yard,jɑ:d,"n. 码, 庭院, 工场\n[化] 堆置场",zk gk cet4 cet6 ky ielts
yardstick,'jɑ:dstik,"n. 码尺, 计算标准, 准绳\n[法] 尺度, 衡量标准, 任何评判或比较的标准",toefl
yarn,jɑ:n,"n. 纱, 纱线, 故事\n[化] 纱",toefl ielts gre
yaw,jɒ:,"vi. (船)偏荡, 偏航\nn. 偏航, 偏荡, 摇首",gre
yawn,jɒ:n,"n. 哈欠\nvi. 打哈欠, 裂开\nvt. 打着哈欠说",gk cet4 cet6 ky toefl ielts gre
year,jiә,"n. 年, 年度, 年龄\n[经] 年度",zk gk
yearly,'jiәli,"a. 每年的, 一年一度的\nadv. 一年一次, 每年",cet4 cet6 ky
yearn,jә:n,"vi. 渴望, 想念, 怀念, 同情",cet6 toefl ielts gre
yeast,ji:st,n. 酵母\n[化] 酵母,cet6 gre
yell,jel,"vi. 叫喊, 大叫, (齐声)呐喊欢呼\nvt. 喊叫着说\nn. 叫声, 喊声, 呐喊",gk cet4 cet6 ky toefl
yellow,'jelәu,n. 黄色\na. 黄色的,zk gk ielts
yelp,jelp,"n. 尖声急叫, 狺吠, 叫喊声\nvi. 尖声急叫, 叫吠, 叫喊\nvt. 叫喊着说",toefl
yen,jen,"n. 日元(日本货币单位), 渴望, 嗜好\nvi. 渴望",toefl ielts
yeoman,'jәumәn,"n. 自由民, 自耕农\n[法] 小地主, 自耕农, 自由民",gre
yes,jes,"adv. 是\nn. 是, 同意\nv. 同意",zk gk
yesterday,'jestәdi,n. 昨天\nadv. 昨天,zk gk
yet,jet,"adv. 还, 尚, 仍然, 已经, 然而\nconj. 然而",zk gk
yield,ji:ld,"n. 生产量, 投资收益\nvt. 出产, 给予, 让出, 放弃, 使屈服\nvi. 出产, 屈服, 投降, 倒塌",cet4 cet6 ky toefl ielts
yielding,'ji:ldiŋ,"a. 生产的, 屈从的, 柔顺的, 易弯曲的\n[化] 屈服",cet6 gre
yoga,'jәugә,n. 瑜珈,ielts
yoghurt,'jәugә:t,"n. 酸乳, 酸奶",gk
yoke,jәuk,"n. 轭, 牛轭, 束缚\nvt. 给...上轭, 连接, 结合, 使匹配\nvi. 结合, 匹配\n[计] 磁轭; 磁头组; 偏转线圈",cet6 ielts gre
yokel,'jәukәl,"n. (贬)乡巴佬, 土包子, 乡下佬",gre
yolk,jәuk,"n. 蛋黄, 卵黄\n[医] 卵黄, 羊毛脂",cet6 toefl
york,jɔ:k,n. 约克郡；约克王朝,ielts
you,ju:,"pron. 你, 你们",zk gk
young,jʌŋ,"a. 年轻的, 无经验的, 朝气蓬勃的\nn. 青年们, 幼小动物, 崽",zk gk
youngster,'jʌŋstә,"n. 小孩, 年轻人, 少年\n[法] 儿童, 少年, 青年",cet4 cet6 ky toefl ielts
your,juә,"pron. 你的, 你们的",zk gk
yours,juәz,"pron. 你的(东西), 你们的(东西)",zk gk
yourself,juә'self,pron. 你自己,zk gk
yourselves,"jɔ:'selvz,jjә-,jә-",pron. 你们自己,zk gk
youth,ju:θ,"n. 年轻, 青年时代, 青年们, 青春\n[法] 青年, 青年时期, 青春时期",gk cet4 cet6 ky ielts
youthful,'ju:θful,"a. 年轻的, 青年的\n[法] 青年的, 年轻的",cet4 cet6
yummy,'jʌmi,"a. 美味的, 可口的, 赏心悦目的, 愉快的",gk
zeal,zi:l,"n. 热心, 热衷, 热诚",cet4 cet6 ky toefl
zealot,'zelәt,"n. 热心者, 狂热者, 犹太教狂热信徒\n[法] 狂热分子, 激烈分子",toefl
zealotry,'zelәtri,"n. 过度热心, 狂热, 狂热行为",gre
zealous,'zelәs,"a. 热衷的, 热诚的, 热心的, 热情的",cet4 cet6 toefl
zebra,'zi:brә,n. 斑马,zk gk cet4 cet6 ky
zenith,'zeniθ. 'zi:-,n. 顶点；最高点；顶峰,toefl gre
zephyr,'zefә,"n. 西风, 和风, 徐风",gre
zero,'ziәrәu,"n. 零, 零点, 零度, 无, 乌有, 最低点\na. 零的, 没有的\nvt. 调零, 对(炮火等)作协调校正\n[计] 零",zk gk ielts
zest,zest,"n. 兴趣, 热情, 风味, 热心\nvt. 给...调味",toefl ielts gre
zesty,'zesti,"a. 强烈的兴趣, 热心, 热忱, 热情, 滋味, 风趣, 香味, 风味\nvt. 给...加香味, 给...调味, 给...添风趣, 给...增兴趣",gre
zigzag,'zigzæg,"n. 曲折线条, Z字形道路\na. 之字形的, 曲折的, 锯齿形的\nadv. 之字形地, 曲折地, 成锯齿形地\nvt. 使成之字形, 使曲折进行\nvi. 成之字形, 弯曲地走路",ky toefl gre
zinc,ziŋk,n. 锌\nvt. 镀锌于,cet6 ky toefl
zip,zip,"n. 尖啸声, 拉链, 活力\nvt. 给...以速度, 使增加活力, 拉(拉链)\nvi. 有力而迅速地行动, 嘘嘘地响, 拉拉链",gk ky
zipper,'zipә,n. 拉链,gk
zone,zәun,"n. 地带, 带, 地区\nvt. 环绕, 使分成地带\nvi. 分成区\n[计] 卡片顶部的三行区; 区; 区域",gk cet4 cet6 ky toefl gre
zoo,zu:,n. 动物园,zk gk ielts
zoology,zәu'ɒlәdʒi,"n. 动物学, 动物区系\n[医] 动物学",ielts
zoom,zu:m,"n. 急速上升, 变焦摄影, 嗡嗡声\nvi. 猛增, 急速上升, 摄象机移动\nvt. 使摄象机移动\n[计] 缩放",gk ky
